timestamp, name, memory.total [MiB], memory.used [MiB], utilization.gpu [%], utilization.memory [%], power.draw [W], power.limit [W], clocks.gr [MHz], clocks.mem [MHz], temperature.gpu [C]
2026/09/16 19:14:38.500, NVIDIA GeForce RTX 4070 SUPER, 12282, 5723, 0, 0, 9.01, 180.00, 210, 405, 38
2026/09/16 19:14:38.704, NVIDIA GeForce RTX 4070 SUPER, 12282, 5723, 0, 0, 9.01, 180.00, 210, 405, 38
2026/09/16 19:14:38.904, NVIDIA GeForce RTX 4070 SUPER, 12282, 5723, 0, 0, 9.01, 180.00, 210, 405, 38
2026/09/16 19:14:39.105, NVIDIA GeForce RTX 4070 SUPER, 12282, 5723, 0, 0, 9.01, 180.00, 210, 405, 38
2026/09/16 19:14:39.305, NVIDIA GeForce RTX 4070 SUPER, 12282, 5723, 0, 0, 9.04, 180.00, 210, 405, 38
2026/09/16 19:14:39.506, NVIDIA GeForce RTX 4070 SUPER, 12282, 5723, 0, 0, 9.04, 180.00, 210, 405, 38
2026/09/16 19:14:39.706, NVIDIA GeForce RTX 4070 SUPER, 12282, 5723, 0, 0, 9.04, 180.00, 210, 405, 38
2026/09/16 19:14:39.906, NVIDIA GeForce RTX 4070 SUPER, 12282, 5723, 0, 0, 9.04, 180.00, 210, 405, 38
2026/09/16 19:14:40.107, NVIDIA GeForce RTX 4070 SUPER, 12282, 5723, 0, 0, 9.04, 180.00, 210, 405, 38
2026/09/16 19:14:40.307, NVIDIA GeForce RTX 4070 SUPER, 12282, 5723, 0, 0, 9.08, 180.00, 210, 405, 38
2026/09/16 19:14:40.508, NVIDIA GeForce RTX 4070 SUPER, 12282, 5723, 0, 0, 9.08, 180.00, 210, 405, 38
2026/09/16 19:14:40.708, NVIDIA GeForce RTX 4070 SUPER, 12282, 5723, 0, 0, 9.08, 180.00, 210, 405, 38
2026/09/16 19:14:40.909, NVIDIA GeForce RTX 4070 SUPER, 12282, 5723, 0, 0, 9.08, 180.00, 210, 405, 38
2026/09/16 19:14:41.110, NVIDIA GeForce RTX 4070 SUPER, 12282, 5723, 0, 0, 9.08, 180.00, 210, 405, 38
2026/09/16 19:14:41.310, NVIDIA GeForce RTX 4070 SUPER, 12282, 5723, 0, 0, 9.10, 180.00, 210, 405, 38
2026/09/16 19:14:41.511, NVIDIA GeForce RTX 4070 SUPER, 12282, 5723, 0, 0, 9.10, 180.00, 210, 405, 38
2026/09/16 19:14:41.711, NVIDIA GeForce RTX 4070 SUPER, 12282, 5723, 0, 0, 9.10, 180.00, 210, 405, 38
2026/09/16 19:14:41.912, NVIDIA GeForce RTX 4070 SUPER, 12282, 5723, 0, 0, 9.10, 180.00, 210, 405, 38
2026/09/16 19:14:42.112, NVIDIA GeForce RTX 4070 SUPER, 12282, 5723, 0, 0, 9.10, 180.00, 210, 405, 38
2026/09/16 19:14:42.313, NVIDIA GeForce RTX 4070 SUPER, 12282, 5723, 0, 0, 9.10, 180.00, 210, 405, 38
2026/09/16 19:14:42.513, NVIDIA GeForce RTX 4070 SUPER, 12282, 5723, 0, 0, 9.10, 180.00, 210, 405, 38
2026/09/16 19:14:42.714, NVIDIA GeForce RTX 4070 SUPER, 12282, 5723, 0, 0, 9.10, 180.00, 210, 405, 38
2026/09/16 19:14:42.914, NVIDIA GeForce RTX 4070 SUPER, 12282, 5723, 0, 0, 9.10, 180.00, 210, 405, 38
2026/09/16 19:14:43.114, NVIDIA GeForce RTX 4070 SUPER, 12282, 5723, 0, 0, 9.10, 180.00, 210, 405, 38
2026/09/16 19:14:43.315, NVIDIA GeForce RTX 4070 SUPER, 12282, 5723, 0, 0, 9.15, 180.00, 210, 405, 38
2026/09/16 19:14:43.515, NVIDIA GeForce RTX 4070 SUPER, 12282, 5723, 0, 0, 9.15, 180.00, 210, 405, 38
2026/09/16 19:14:43.716, NVIDIA GeForce RTX 4070 SUPER, 12282, 5723, 0, 0, 9.15, 180.00, 210, 405, 38
2026/09/16 19:14:43.916, NVIDIA GeForce RTX 4070 SUPER, 12282, 5723, 0, 0, 9.15, 180.00, 210, 405, 38
2026/09/16 19:14:44.116, NVIDIA GeForce RTX 4070 SUPER, 12282, 5723, 0, 0, 9.15, 180.00, 210, 405, 38
2026/09/16 19:14:44.317, NVIDIA GeForce RTX 4070 SUPER, 12282, 5723, 0, 0, 9.05, 180.00, 210, 405, 38
2026/09/16 19:14:44.517, NVIDIA GeForce RTX 4070 SUPER, 12282, 5723, 0, 0, 9.05, 180.00, 210, 405, 38
2026/09/16 19:14:44.718, NVIDIA GeForce RTX 4070 SUPER, 12282, 5723, 0, 0, 9.05, 180.00, 210, 405, 38
2026/09/16 19:14:44.918, NVIDIA GeForce RTX 4070 SUPER, 12282, 5723, 0, 0, 9.05, 180.00, 210, 405, 38
2026/09/16 19:14:45.119, NVIDIA GeForce RTX 4070 SUPER, 12282, 5723, 0, 0, 9.05, 180.00, 210, 405, 38
2026/09/16 19:14:45.319, NVIDIA GeForce RTX 4070 SUPER, 12282, 5723, 0, 0, 9.05, 180.00, 210, 405, 38
2026/09/16 19:14:45.520, NVIDIA GeForce RTX 4070 SUPER, 12282, 5723, 0, 0, 9.05, 180.00, 210, 405, 38
2026/09/16 19:14:45.720, NVIDIA GeForce RTX 4070 SUPER, 12282, 5723, 0, 0, 9.05, 180.00, 210, 405, 38
2026/09/16 19:14:45.920, NVIDIA GeForce RTX 4070 SUPER, 12282, 5723, 0, 0, 9.05, 180.00, 210, 405, 38
2026/09/16 19:14:46.121, NVIDIA GeForce RTX 4070 SUPER, 12282, 5723, 0, 0, 9.05, 180.00, 210, 405, 38
2026/09/16 19:14:46.321, NVIDIA GeForce RTX 4070 SUPER, 12282, 5723, 0, 0, 9.16, 180.00, 210, 405, 38
2026/09/16 19:14:46.521, NVIDIA GeForce RTX 4070 SUPER, 12282, 5723, 0, 0, 9.16, 180.00, 210, 405, 38
2026/09/16 19:14:46.722, NVIDIA GeForce RTX 4070 SUPER, 12282, 5723, 0, 0, 12.55, 180.00, 2505, 10251, 38
2026/09/16 19:14:46.922, NVIDIA GeForce RTX 4070 SUPER, 12282, 5723, 0, 0, 12.55, 180.00, 2505, 10251, 38
2026/09/16 19:14:47.123, NVIDIA GeForce RTX 4070 SUPER, 12282, 5723, 0, 0, 12.55, 180.00, 2505, 10251, 38
2026/09/16 19:14:47.323, NVIDIA GeForce RTX 4070 SUPER, 12282, 5723, 0, 0, 20.98, 180.00, 2505, 10251, 39
2026/09/16 19:14:47.524, NVIDIA GeForce RTX 4070 SUPER, 12282, 6143, 0, 0, 20.98, 180.00, 2505, 10251, 39
2026/09/16 19:14:47.724, NVIDIA GeForce RTX 4070 SUPER, 12282, 6255, 100, 33, 66.01, 180.00, 2685, 10251, 49
2026/09/16 19:14:47.924, NVIDIA GeForce RTX 4070 SUPER, 12282, 6255, 100, 33, 66.01, 180.00, 2685, 10251, 49
2026/09/16 19:14:48.125, NVIDIA GeForce RTX 4070 SUPER, 12282, 6273, 100, 33, 66.01, 180.00, 2685, 10251, 49
2026/09/16 19:14:48.325, NVIDIA GeForce RTX 4070 SUPER, 12282, 6273, 100, 39, 145.21, 180.00, 2625, 10251, 53
2026/09/16 19:14:48.526, NVIDIA GeForce RTX 4070 SUPER, 12282, 6273, 100, 39, 145.21, 180.00, 2625, 10251, 53
2026/09/16 19:14:48.726, NVIDIA GeForce RTX 4070 SUPER, 12282, 6273, 99, 9, 182.24, 180.00, 2340, 10251, 56
2026/09/16 19:14:48.927, NVIDIA GeForce RTX 4070 SUPER, 12282, 6273, 99, 9, 182.24, 180.00, 2340, 10251, 56
2026/09/16 19:14:49.127, NVIDIA GeForce RTX 4070 SUPER, 12282, 6273, 99, 9, 182.24, 180.00, 2340, 10251, 56
2026/09/16 19:14:49.328, NVIDIA GeForce RTX 4070 SUPER, 12282, 6273, 100, 6, 180.02, 180.00, 2130, 10251, 57
2026/09/16 19:14:49.528, NVIDIA GeForce RTX 4070 SUPER, 12282, 6273, 100, 6, 180.02, 180.00, 2130, 10251, 57
2026/09/16 19:14:49.728, NVIDIA GeForce RTX 4070 SUPER, 12282, 6273, 0, 0, 135.64, 180.00, 2790, 10251, 44
2026/09/16 19:14:49.929, NVIDIA GeForce RTX 4070 SUPER, 12282, 6273, 0, 0, 135.64, 180.00, 2790, 10251, 44
2026/09/16 19:14:50.129, NVIDIA GeForce RTX 4070 SUPER, 12282, 6273, 0, 0, 135.64, 180.00, 2790, 10251, 44
2026/09/16 19:14:50.330, NVIDIA GeForce RTX 4070 SUPER, 12282, 6273, 100, 10, 123.09, 180.00, 2115, 10251, 58
2026/09/16 19:14:50.530, NVIDIA GeForce RTX 4070 SUPER, 12282, 6273, 100, 10, 123.09, 180.00, 2115, 10251, 58
2026/09/16 19:14:50.731, NVIDIA GeForce RTX 4070 SUPER, 12282, 6273, 0, 0, 123.16, 180.00, 2790, 10251, 45
2026/09/16 19:14:50.931, NVIDIA GeForce RTX 4070 SUPER, 12282, 6273, 0, 0, 123.16, 180.00, 2790, 10251, 45
2026/09/16 19:14:51.131, NVIDIA GeForce RTX 4070 SUPER, 12282, 6273, 0, 0, 123.16, 180.00, 2790, 10251, 45
2026/09/16 19:14:51.332, NVIDIA GeForce RTX 4070 SUPER, 12282, 6273, 0, 0, 91.52, 180.00, 2805, 10251, 43
2026/09/16 19:14:51.532, NVIDIA GeForce RTX 4070 SUPER, 12282, 6273, 0, 0, 91.52, 180.00, 2805, 10251, 43
2026/09/16 19:14:51.733, NVIDIA GeForce RTX 4070 SUPER, 12282, 6273, 100, 34, 71.36, 180.00, 2685, 10251, 53
2026/09/16 19:14:51.933, NVIDIA GeForce RTX 4070 SUPER, 12282, 6273, 100, 34, 71.36, 180.00, 2685, 10251, 53
2026/09/16 19:14:52.133, NVIDIA GeForce RTX 4070 SUPER, 12282, 6273, 100, 34, 71.36, 180.00, 2685, 10251, 53
2026/09/16 19:14:52.334, NVIDIA GeForce RTX 4070 SUPER, 12282, 6273, 0, 0, 120.17, 180.00, 2790, 10251, 47
2026/09/16 19:14:52.534, NVIDIA GeForce RTX 4070 SUPER, 12282, 6273, 0, 0, 120.17, 180.00, 2790, 10251, 47
2026/09/16 19:14:52.734, NVIDIA GeForce RTX 4070 SUPER, 12282, 6273, 0, 0, 101.75, 180.00, 2805, 10251, 43
2026/09/16 19:14:52.935, NVIDIA GeForce RTX 4070 SUPER, 12282, 6273, 0, 0, 101.75, 180.00, 2805, 10251, 43
2026/09/16 19:14:53.135, NVIDIA GeForce RTX 4070 SUPER, 12282, 6273, 0, 0, 101.75, 180.00, 2805, 10251, 43
2026/09/16 19:14:53.335, NVIDIA GeForce RTX 4070 SUPER, 12282, 6273, 100, 39, 58.94, 180.00, 2625, 10251, 53
2026/09/16 19:14:53.536, NVIDIA GeForce RTX 4070 SUPER, 12282, 6273, 100, 39, 58.94, 180.00, 2625, 10251, 53
2026/09/16 19:14:53.736, NVIDIA GeForce RTX 4070 SUPER, 12282, 6273, 79, 15, 121.27, 180.00, 2520, 10251, 58
2026/09/16 19:14:53.937, NVIDIA GeForce RTX 4070 SUPER, 12282, 6273, 79, 15, 121.27, 180.00, 2520, 10251, 58
2026/09/16 19:14:54.137, NVIDIA GeForce RTX 4070 SUPER, 12282, 6273, 79, 15, 121.27, 180.00, 2520, 10251, 58
2026/09/16 19:14:54.337, NVIDIA GeForce RTX 4070 SUPER, 12282, 6273, 0, 0, 115.06, 180.00, 2805, 10251, 44
2026/09/16 19:14:54.538, NVIDIA GeForce RTX 4070 SUPER, 12282, 6273, 0, 0, 115.06, 180.00, 2805, 10251, 44
2026/09/16 19:14:54.738, NVIDIA GeForce RTX 4070 SUPER, 12282, 6273, 43, 18, 50.00, 180.00, 2625, 10251, 53
2026/09/16 19:14:54.939, NVIDIA GeForce RTX 4070 SUPER, 12282, 6273, 43, 18, 50.00, 180.00, 2625, 10251, 53
2026/09/16 19:14:55.139, NVIDIA GeForce RTX 4070 SUPER, 12282, 6273, 43, 18, 50.00, 180.00, 2625, 10251, 53
2026/09/16 19:14:55.339, NVIDIA GeForce RTX 4070 SUPER, 12282, 6273, 100, 6, 113.91, 180.00, 2130, 10251, 58
2026/09/16 19:14:55.540, NVIDIA GeForce RTX 4070 SUPER, 12282, 6273, 100, 6, 113.91, 180.00, 2130, 10251, 58
2026/09/16 19:14:55.740, NVIDIA GeForce RTX 4070 SUPER, 12282, 6273, 0, 0, 119.74, 180.00, 2535, 10251, 44
2026/09/16 19:14:55.940, NVIDIA GeForce RTX 4070 SUPER, 12282, 6273, 0, 0, 119.74, 180.00, 2535, 10251, 44
2026/09/16 19:14:56.141, NVIDIA GeForce RTX 4070 SUPER, 12282, 6273, 0, 0, 119.74, 180.00, 2535, 10251, 44
2026/09/16 19:14:56.341, NVIDIA GeForce RTX 4070 SUPER, 12282, 6273, 0, 0, 53.99, 180.00, 2535, 10251, 43
2026/09/16 19:14:56.541, NVIDIA GeForce RTX 4070 SUPER, 12282, 6273, 0, 0, 53.99, 180.00, 2535, 10251, 43
2026/09/16 19:14:56.742, NVIDIA GeForce RTX 4070 SUPER, 12282, 6273, 0, 0, 53.99, 180.00, 2535, 10251, 43
2026/09/16 19:14:56.942, NVIDIA GeForce RTX 4070 SUPER, 12282, 6273, 0, 0, 53.99, 180.00, 2535, 10251, 43
2026/09/16 19:14:57.143, NVIDIA GeForce RTX 4070 SUPER, 12282, 6273, 0, 0, 53.99, 180.00, 2535, 10251, 43
2026/09/16 19:14:57.343, NVIDIA GeForce RTX 4070 SUPER, 12282, 6273, 0, 0, 28.83, 180.00, 2535, 10251, 42
2026/09/16 19:14:57.543, NVIDIA GeForce RTX 4070 SUPER, 12282, 6273, 0, 0, 28.83, 180.00, 2535, 10251, 42
2026/09/16 19:14:57.744, NVIDIA GeForce RTX 4070 SUPER, 12282, 6273, 0, 0, 28.83, 180.00, 2505, 10251, 42
2026/09/16 19:14:57.944, NVIDIA GeForce RTX 4070 SUPER, 12282, 6273, 0, 0, 28.83, 180.00, 2505, 10251, 42
2026/09/16 19:14:58.144, NVIDIA GeForce RTX 4070 SUPER, 12282, 6273, 0, 0, 28.83, 180.00, 2505, 10251, 42
2026/09/16 19:14:58.345, NVIDIA GeForce RTX 4070 SUPER, 12282, 6273, 0, 0, 28.30, 180.00, 2505, 10251, 42
2026/09/16 19:14:58.545, NVIDIA GeForce RTX 4070 SUPER, 12282, 6273, 0, 0, 28.30, 180.00, 2505, 10251, 42
2026/09/16 19:14:58.746, NVIDIA GeForce RTX 4070 SUPER, 12282, 6273, 0, 0, 28.30, 180.00, 2505, 10251, 42
2026/09/16 19:14:58.946, NVIDIA GeForce RTX 4070 SUPER, 12282, 6273, 0, 0, 28.30, 180.00, 2505, 10251, 42
2026/09/16 19:14:59.147, NVIDIA GeForce RTX 4070 SUPER, 12282, 6273, 0, 0, 28.30, 180.00, 2505, 10251, 42
2026/09/16 19:14:59.347, NVIDIA GeForce RTX 4070 SUPER, 12282, 6273, 0, 0, 27.63, 180.00, 2505, 10251, 42
2026/09/16 19:14:59.547, NVIDIA GeForce RTX 4070 SUPER, 12282, 6273, 0, 0, 27.63, 180.00, 2505, 10251, 42
2026/09/16 19:14:59.748, NVIDIA GeForce RTX 4070 SUPER, 12282, 6273, 0, 0, 27.63, 180.00, 2505, 10251, 42
2026/09/16 19:14:59.948, NVIDIA GeForce RTX 4070 SUPER, 12282, 6273, 0, 0, 27.63, 180.00, 2505, 10251, 42
2026/09/16 19:15:00.148, NVIDIA GeForce RTX 4070 SUPER, 12282, 6273, 0, 0, 27.63, 180.00, 2505, 10251, 42
2026/09/16 19:15:00.349, NVIDIA GeForce RTX 4070 SUPER, 12282, 6273, 0, 0, 27.53, 180.00, 2505, 10251, 42
2026/09/16 19:15:00.549, NVIDIA GeForce RTX 4070 SUPER, 12282, 6273, 0, 0, 27.53, 180.00, 2505, 10251, 42
2026/09/16 19:15:00.750, NVIDIA GeForce RTX 4070 SUPER, 12282, 6273, 0, 0, 27.53, 180.00, 2505, 10251, 42
2026/09/16 19:15:00.950, NVIDIA GeForce RTX 4070 SUPER, 12282, 6273, 0, 0, 27.53, 180.00, 2505, 10251, 42
2026/09/16 19:15:01.150, NVIDIA GeForce RTX 4070 SUPER, 12282, 6273, 0, 0, 27.53, 180.00, 2505, 10251, 42
2026/09/16 19:15:01.350, NVIDIA GeForce RTX 4070 SUPER, 12282, 6273, 0, 0, 27.67, 180.00, 2505, 10251, 41
2026/09/16 19:15:01.551, NVIDIA GeForce RTX 4070 SUPER, 12282, 6273, 0, 0, 27.67, 180.00, 2505, 10251, 41
2026/09/16 19:15:01.751, NVIDIA GeForce RTX 4070 SUPER, 12282, 6273, 0, 0, 27.67, 180.00, 2505, 10251, 41
2026/09/16 19:15:01.951, NVIDIA GeForce RTX 4070 SUPER, 12282, 6273, 0, 0, 27.67, 180.00, 2505, 10251, 41
2026/09/16 19:15:02.152, NVIDIA GeForce RTX 4070 SUPER, 12282, 6273, 0, 0, 27.67, 180.00, 2505, 10251, 41
2026/09/16 19:15:02.352, NVIDIA GeForce RTX 4070 SUPER, 12282, 6273, 0, 0, 27.63, 180.00, 2505, 10251, 41
2026/09/16 19:15:02.552, NVIDIA GeForce RTX 4070 SUPER, 12282, 6273, 0, 0, 27.63, 180.00, 2505, 10251, 41
2026/09/16 19:15:02.753, NVIDIA GeForce RTX 4070 SUPER, 12282, 6273, 0, 0, 27.63, 180.00, 2505, 10251, 41
2026/09/16 19:15:02.953, NVIDIA GeForce RTX 4070 SUPER, 12282, 6273, 0, 0, 27.63, 180.00, 2505, 10251, 41
2026/09/16 19:15:03.153, NVIDIA GeForce RTX 4070 SUPER, 12282, 6273, 0, 0, 27.63, 180.00, 2505, 10251, 41
2026/09/16 19:15:03.354, NVIDIA GeForce RTX 4070 SUPER, 12282, 6273, 0, 0, 27.53, 180.00, 2505, 10251, 41
2026/09/16 19:15:03.554, NVIDIA GeForce RTX 4070 SUPER, 12282, 6273, 0, 0, 27.53, 180.00, 2505, 10251, 41
2026/09/16 19:15:03.755, NVIDIA GeForce RTX 4070 SUPER, 12282, 6273, 0, 0, 27.53, 180.00, 2505, 10251, 41
2026/09/16 19:15:03.955, NVIDIA GeForce RTX 4070 SUPER, 12282, 6273, 0, 0, 27.53, 180.00, 2505, 10251, 41
2026/09/16 19:15:04.155, NVIDIA GeForce RTX 4070 SUPER, 12282, 6273, 0, 0, 27.53, 180.00, 2505, 10251, 41
2026/09/16 19:15:04.356, NVIDIA GeForce RTX 4070 SUPER, 12282, 6273, 0, 0, 27.42, 180.00, 2505, 10251, 41
2026/09/16 19:15:04.556, NVIDIA GeForce RTX 4070 SUPER, 12282, 6273, 0, 0, 27.42, 180.00, 2505, 10251, 41
2026/09/16 19:15:04.757, NVIDIA GeForce RTX 4070 SUPER, 12282, 6273, 0, 0, 27.42, 180.00, 2505, 10251, 41
2026/09/16 19:15:04.957, NVIDIA GeForce RTX 4070 SUPER, 12282, 6273, 0, 0, 27.42, 180.00, 2505, 10251, 41
2026/09/16 19:15:05.157, NVIDIA GeForce RTX 4070 SUPER, 12282, 6273, 0, 0, 27.39, 180.00, 2505, 10251, 41
2026/09/16 19:15:05.358, NVIDIA GeForce RTX 4070 SUPER, 12282, 6273, 0, 0, 27.39, 180.00, 2505, 10251, 41
2026/09/16 19:15:05.558, NVIDIA GeForce RTX 4070 SUPER, 12282, 6273, 0, 0, 27.39, 180.00, 2505, 10251, 41
2026/09/16 19:15:05.758, NVIDIA GeForce RTX 4070 SUPER, 12282, 6273, 0, 0, 27.39, 180.00, 2505, 10251, 41
2026/09/16 19:15:05.959, NVIDIA GeForce RTX 4070 SUPER, 12282, 6273, 0, 0, 27.39, 180.00, 2505, 10251, 41
2026/09/16 19:15:06.159, NVIDIA GeForce RTX 4070 SUPER, 12282, 6273, 0, 0, 27.48, 180.00, 2505, 10251, 41
2026/09/16 19:15:06.360, NVIDIA GeForce RTX 4070 SUPER, 12282, 6273, 0, 0, 27.48, 180.00, 2505, 10251, 41
2026/09/16 19:15:06.560, NVIDIA GeForce RTX 4070 SUPER, 12282, 6273, 0, 0, 27.48, 180.00, 2505, 10251, 41
2026/09/16 19:15:06.760, NVIDIA GeForce RTX 4070 SUPER, 12282, 6273, 0, 0, 27.48, 180.00, 2505, 10251, 41
2026/09/16 19:15:06.961, NVIDIA GeForce RTX 4070 SUPER, 12282, 6273, 0, 0, 27.48, 180.00, 2505, 10251, 41
2026/09/16 19:15:07.161, NVIDIA GeForce RTX 4070 SUPER, 12282, 6273, 0, 0, 27.50, 180.00, 2505, 10251, 41
2026/09/16 19:15:07.361, NVIDIA GeForce RTX 4070 SUPER, 12282, 6273, 0, 0, 27.50, 180.00, 2505, 10251, 41
2026/09/16 19:15:07.562, NVIDIA GeForce RTX 4070 SUPER, 12282, 6273, 0, 0, 27.50, 180.00, 2505, 10251, 41
2026/09/16 19:15:07.762, NVIDIA GeForce RTX 4070 SUPER, 12282, 6273, 0, 0, 27.50, 180.00, 2505, 10251, 41
2026/09/16 19:15:07.962, NVIDIA GeForce RTX 4070 SUPER, 12282, 6273, 0, 0, 27.50, 180.00, 2505, 10251, 41
2026/09/16 19:15:08.163, NVIDIA GeForce RTX 4070 SUPER, 12282, 6273, 0, 0, 27.43, 180.00, 2505, 10251, 41
2026/09/16 19:15:08.363, NVIDIA GeForce RTX 4070 SUPER, 12282, 6273, 0, 0, 27.43, 180.00, 2505, 10251, 41
2026/09/16 19:15:08.564, NVIDIA GeForce RTX 4070 SUPER, 12282, 6273, 0, 0, 27.43, 180.00, 2505, 10251, 41
2026/09/16 19:15:08.764, NVIDIA GeForce RTX 4070 SUPER, 12282, 6273, 0, 0, 27.43, 180.00, 2505, 10251, 41
2026/09/16 19:15:08.965, NVIDIA GeForce RTX 4070 SUPER, 12282, 6273, 0, 0, 27.43, 180.00, 2505, 10251, 41
2026/09/16 19:15:09.165, NVIDIA GeForce RTX 4070 SUPER, 12282, 6273, 0, 0, 27.42, 180.00, 2505, 10251, 41
2026/09/16 19:15:09.365, NVIDIA GeForce RTX 4070 SUPER, 12282, 6273, 0, 0, 27.42, 180.00, 2505, 10251, 41
2026/09/16 19:15:09.566, NVIDIA GeForce RTX 4070 SUPER, 12282, 6273, 0, 0, 27.42, 180.00, 2505, 10251, 41
2026/09/16 19:15:09.766, NVIDIA GeForce RTX 4070 SUPER, 12282, 6273, 0, 0, 27.42, 180.00, 2505, 10251, 41
2026/09/16 19:15:09.966, NVIDIA GeForce RTX 4070 SUPER, 12282, 6273, 0, 0, 27.42, 180.00, 2505, 10251, 41
2026/09/16 19:15:10.167, NVIDIA GeForce RTX 4070 SUPER, 12282, 6273, 0, 0, 27.50, 180.00, 2505, 10251, 41
2026/09/16 19:15:10.367, NVIDIA GeForce RTX 4070 SUPER, 12282, 6273, 0, 0, 27.50, 180.00, 2505, 10251, 41
2026/09/16 19:15:10.567, NVIDIA GeForce RTX 4070 SUPER, 12282, 6273, 0, 0, 27.50, 180.00, 2505, 10251, 41
2026/09/16 19:15:10.768, NVIDIA GeForce RTX 4070 SUPER, 12282, 6273, 0, 0, 27.50, 180.00, 2505, 10251, 41
2026/09/16 19:15:10.968, NVIDIA GeForce RTX 4070 SUPER, 12282, 6273, 0, 0, 27.50, 180.00, 2505, 10251, 41
2026/09/16 19:15:11.168, NVIDIA GeForce RTX 4070 SUPER, 12282, 6273, 0, 0, 27.53, 180.00, 2505, 10251, 41
2026/09/16 19:15:11.369, NVIDIA GeForce RTX 4070 SUPER, 12282, 6273, 0, 0, 27.53, 180.00, 2505, 10251, 41
2026/09/16 19:15:11.569, NVIDIA GeForce RTX 4070 SUPER, 12282, 6273, 0, 0, 27.53, 180.00, 2505, 10251, 41
2026/09/16 19:15:11.770, NVIDIA GeForce RTX 4070 SUPER, 12282, 6273, 0, 0, 27.53, 180.00, 2505, 10251, 41
2026/09/16 19:15:11.970, NVIDIA GeForce RTX 4070 SUPER, 12282, 6273, 0, 0, 27.53, 180.00, 2505, 10251, 41
2026/09/16 19:15:12.170, NVIDIA GeForce RTX 4070 SUPER, 12282, 6273, 0, 0, 24.88, 180.00, 2505, 10251, 41
2026/09/16 19:15:12.371, NVIDIA GeForce RTX 4070 SUPER, 12282, 6273, 0, 0, 24.88, 180.00, 2505, 10251, 41
2026/09/16 19:15:12.571, NVIDIA GeForce RTX 4070 SUPER, 12282, 6273, 0, 0, 24.88, 180.00, 2505, 10251, 41
2026/09/16 19:15:12.771, NVIDIA GeForce RTX 4070 SUPER, 12282, 6273, 0, 0, 24.88, 180.00, 435, 810, 41
2026/09/16 19:15:12.972, NVIDIA GeForce RTX 4070 SUPER, 12282, 6273, 0, 0, 24.88, 180.00, 435, 810, 41
2026/09/16 19:15:13.172, NVIDIA GeForce RTX 4070 SUPER, 12282, 6273, 0, 0, 16.86, 180.00, 435, 810, 40
2026/09/16 19:15:13.373, NVIDIA GeForce RTX 4070 SUPER, 12282, 6273, 0, 0, 16.86, 180.00, 435, 810, 40
2026/09/16 19:15:13.573, NVIDIA GeForce RTX 4070 SUPER, 12282, 6273, 0, 0, 16.86, 180.00, 435, 810, 40
2026/09/16 19:15:13.774, NVIDIA GeForce RTX 4070 SUPER, 12282, 6273, 0, 0, 16.86, 180.00, 270, 405, 40
2026/09/16 19:15:13.974, NVIDIA GeForce RTX 4070 SUPER, 12282, 6273, 0, 0, 16.86, 180.00, 270, 405, 40
2026/09/16 19:15:14.174, NVIDIA GeForce RTX 4070 SUPER, 12282, 6273, 0, 0, 10.23, 180.00, 270, 405, 40
2026/09/16 19:15:14.375, NVIDIA GeForce RTX 4070 SUPER, 12282, 6273, 0, 0, 10.23, 180.00, 270, 405, 40
2026/09/16 19:15:14.575, NVIDIA GeForce RTX 4070 SUPER, 12282, 6273, 0, 0, 10.23, 180.00, 270, 405, 40
2026/09/16 19:15:14.776, NVIDIA GeForce RTX 4070 SUPER, 12282, 6273, 0, 0, 10.23, 180.00, 210, 405, 40
2026/09/16 19:15:14.976, NVIDIA GeForce RTX 4070 SUPER, 12282, 6273, 0, 0, 10.23, 180.00, 210, 405, 40
2026/09/16 19:15:15.177, NVIDIA GeForce RTX 4070 SUPER, 12282, 6273, 0, 0, 8.94, 180.00, 210, 405, 40
2026/09/16 19:15:15.377, NVIDIA GeForce RTX 4070 SUPER, 12282, 6273, 0, 0, 8.94, 180.00, 210, 405, 40
2026/09/16 19:15:15.577, NVIDIA GeForce RTX 4070 SUPER, 12282, 6273, 0, 0, 8.94, 180.00, 210, 405, 40
2026/09/16 19:15:15.778, NVIDIA GeForce RTX 4070 SUPER, 12282, 6273, 0, 0, 12.54, 180.00, 2505, 10251, 41
2026/09/16 19:15:15.978, NVIDIA GeForce RTX 4070 SUPER, 12282, 6273, 0, 0, 12.54, 180.00, 2505, 10251, 41
2026/09/16 19:15:16.178, NVIDIA GeForce RTX 4070 SUPER, 12282, 6273, 0, 0, 16.33, 180.00, 2505, 10251, 41
2026/09/16 19:15:16.379, NVIDIA GeForce RTX 4070 SUPER, 12282, 6273, 0, 0, 16.33, 180.00, 2505, 10251, 41
2026/09/16 19:15:16.579, NVIDIA GeForce RTX 4070 SUPER, 12282, 6143, 0, 0, 16.33, 180.00, 2505, 10251, 41
2026/09/16 19:15:16.780, NVIDIA GeForce RTX 4070 SUPER, 12282, 6255, 100, 39, 53.13, 180.00, 2625, 10251, 52
2026/09/16 19:15:16.980, NVIDIA GeForce RTX 4070 SUPER, 12282, 6255, 100, 39, 53.13, 180.00, 2625, 10251, 52
2026/09/16 19:15:17.181, NVIDIA GeForce RTX 4070 SUPER, 12282, 6173, 89, 23, 129.53, 180.00, 2730, 10251, 54
2026/09/16 19:15:17.381, NVIDIA GeForce RTX 4070 SUPER, 12282, 6173, 89, 23, 129.53, 180.00, 2730, 10251, 54
2026/09/16 19:15:17.581, NVIDIA GeForce RTX 4070 SUPER, 12282, 6257, 89, 23, 129.53, 180.00, 2730, 10251, 54
2026/09/16 19:15:17.782, NVIDIA GeForce RTX 4070 SUPER, 12282, 6257, 98, 10, 178.45, 180.00, 2085, 10251, 58
2026/09/16 19:15:17.982, NVIDIA GeForce RTX 4070 SUPER, 12282, 6257, 98, 10, 178.45, 180.00, 2085, 10251, 58
2026/09/16 19:15:18.183, NVIDIA GeForce RTX 4070 SUPER, 12282, 6257, 100, 7, 173.40, 180.00, 2100, 10251, 58
2026/09/16 19:15:18.383, NVIDIA GeForce RTX 4070 SUPER, 12282, 6303, 100, 7, 173.40, 180.00, 2100, 10251, 58
2026/09/16 19:15:18.584, NVIDIA GeForce RTX 4070 SUPER, 12282, 6305, 100, 7, 173.40, 180.00, 2100, 10251, 58
2026/09/16 19:15:18.784, NVIDIA GeForce RTX 4070 SUPER, 12282, 6305, 100, 31, 174.37, 180.00, 2655, 10251, 57
2026/09/16 19:15:18.985, NVIDIA GeForce RTX 4070 SUPER, 12282, 6305, 100, 31, 174.37, 180.00, 2655, 10251, 57
2026/09/16 19:15:19.186, NVIDIA GeForce RTX 4070 SUPER, 12282, 6305, 100, 8, 178.39, 180.00, 2340, 10251, 56
2026/09/16 19:15:19.386, NVIDIA GeForce RTX 4070 SUPER, 12282, 6305, 100, 8, 178.39, 180.00, 2340, 10251, 56
2026/09/16 19:15:19.587, NVIDIA GeForce RTX 4070 SUPER, 12282, 6305, 100, 8, 178.39, 180.00, 2340, 10251, 56
2026/09/16 19:15:19.787, NVIDIA GeForce RTX 4070 SUPER, 12282, 6305, 91, 22, 175.20, 180.00, 2670, 10251, 56
2026/09/16 19:15:19.988, NVIDIA GeForce RTX 4070 SUPER, 12282, 6305, 91, 22, 175.20, 180.00, 2670, 10251, 56
2026/09/16 19:15:20.188, NVIDIA GeForce RTX 4070 SUPER, 12282, 6305, 100, 8, 173.69, 180.00, 2100, 10251, 60
2026/09/16 19:15:20.388, NVIDIA GeForce RTX 4070 SUPER, 12282, 6305, 100, 8, 173.69, 180.00, 2100, 10251, 60
2026/09/16 19:15:20.589, NVIDIA GeForce RTX 4070 SUPER, 12282, 6305, 100, 8, 173.69, 180.00, 2100, 10251, 60
2026/09/16 19:15:20.789, NVIDIA GeForce RTX 4070 SUPER, 12282, 6305, 100, 8, 176.14, 180.00, 1995, 10251, 60
2026/09/16 19:15:20.990, NVIDIA GeForce RTX 4070 SUPER, 12282, 6305, 100, 8, 176.14, 180.00, 1995, 10251, 60
2026/09/16 19:15:21.190, NVIDIA GeForce RTX 4070 SUPER, 12282, 6305, 100, 31, 176.16, 180.00, 2655, 10251, 59
2026/09/16 19:15:21.390, NVIDIA GeForce RTX 4070 SUPER, 12282, 6305, 100, 31, 176.16, 180.00, 2655, 10251, 59
2026/09/16 19:15:21.591, NVIDIA GeForce RTX 4070 SUPER, 12282, 6305, 100, 31, 176.16, 180.00, 2655, 10251, 59
2026/09/16 19:15:21.791, NVIDIA GeForce RTX 4070 SUPER, 12282, 6305, 99, 13, 177.90, 180.00, 2295, 10251, 56
2026/09/16 19:15:21.992, NVIDIA GeForce RTX 4070 SUPER, 12282, 6305, 99, 13, 177.90, 180.00, 2295, 10251, 56
2026/09/16 19:15:22.192, NVIDIA GeForce RTX 4070 SUPER, 12282, 6305, 93, 26, 176.66, 180.00, 2640, 10251, 59
2026/09/16 19:15:22.393, NVIDIA GeForce RTX 4070 SUPER, 12282, 6305, 93, 26, 176.66, 180.00, 2640, 10251, 59
2026/09/16 19:15:22.593, NVIDIA GeForce RTX 4070 SUPER, 12282, 6305, 93, 26, 176.66, 180.00, 2640, 10251, 59
2026/09/16 19:15:22.793, NVIDIA GeForce RTX 4070 SUPER, 12282, 6305, 100, 7, 176.56, 180.00, 2055, 10251, 62
2026/09/16 19:15:22.994, NVIDIA GeForce RTX 4070 SUPER, 12282, 6305, 100, 7, 176.56, 180.00, 2055, 10251, 62
2026/09/16 19:15:23.202, NVIDIA GeForce RTX 4070 SUPER, 12282, 6305, 100, 6, 176.56, 180.00, 2055, 10251, 61
2026/09/16 19:15:23.402, NVIDIA GeForce RTX 4070 SUPER, 12282, 6305, 100, 6, 176.56, 180.00, 2055, 10251, 61
2026/09/16 19:15:23.603, NVIDIA GeForce RTX 4070 SUPER, 12282, 6305, 100, 6, 176.56, 180.00, 2055, 10251, 61
2026/09/16 19:15:23.803, NVIDIA GeForce RTX 4070 SUPER, 12282, 6305, 100, 25, 178.13, 180.00, 2025, 10251, 62
2026/09/16 19:15:24.004, NVIDIA GeForce RTX 4070 SUPER, 12282, 6305, 100, 25, 178.13, 180.00, 2025, 10251, 62
2026/09/16 19:15:24.204, NVIDIA GeForce RTX 4070 SUPER, 12282, 6305, 100, 39, 173.51, 180.00, 2610, 10251, 60
2026/09/16 19:15:24.405, NVIDIA GeForce RTX 4070 SUPER, 12282, 6305, 100, 39, 173.51, 180.00, 2610, 10251, 60
2026/09/16 19:15:24.605, NVIDIA GeForce RTX 4070 SUPER, 12282, 6305, 100, 39, 173.51, 180.00, 2610, 10251, 60
2026/09/16 19:15:24.806, NVIDIA GeForce RTX 4070 SUPER, 12282, 6305, 99, 14, 178.74, 180.00, 2445, 10251, 53
2026/09/16 19:15:25.006, NVIDIA GeForce RTX 4070 SUPER, 12282, 6305, 99, 14, 178.74, 180.00, 2445, 10251, 53
2026/09/16 19:15:25.207, NVIDIA GeForce RTX 4070 SUPER, 12282, 6305, 100, 38, 144.23, 180.00, 2625, 10251, 59
2026/09/16 19:15:25.407, NVIDIA GeForce RTX 4070 SUPER, 12282, 6305, 100, 38, 144.23, 180.00, 2625, 10251, 59
2026/09/16 19:15:25.607, NVIDIA GeForce RTX 4070 SUPER, 12282, 6305, 100, 38, 144.23, 180.00, 2625, 10251, 59
2026/09/16 19:15:25.808, NVIDIA GeForce RTX 4070 SUPER, 12282, 6305, 4, 2, 134.95, 180.00, 2790, 10251, 51
2026/09/16 19:15:26.008, NVIDIA GeForce RTX 4070 SUPER, 12282, 6305, 4, 2, 134.95, 180.00, 2790, 10251, 51
2026/09/16 19:15:26.208, NVIDIA GeForce RTX 4070 SUPER, 12282, 6305, 0, 0, 109.23, 180.00, 2790, 10251, 48
2026/09/16 19:15:26.409, NVIDIA GeForce RTX 4070 SUPER, 12282, 6305, 0, 0, 109.23, 180.00, 2790, 10251, 48
2026/09/16 19:15:26.609, NVIDIA GeForce RTX 4070 SUPER, 12282, 6305, 0, 0, 109.23, 180.00, 2790, 10251, 48
2026/09/16 19:15:26.810, NVIDIA GeForce RTX 4070 SUPER, 12282, 6305, 0, 0, 54.56, 180.00, 2790, 10251, 47
2026/09/16 19:15:27.010, NVIDIA GeForce RTX 4070 SUPER, 12282, 6305, 0, 0, 54.56, 180.00, 2790, 10251, 47
2026/09/16 19:15:27.210, NVIDIA GeForce RTX 4070 SUPER, 12282, 6305, 0, 0, 54.56, 180.00, 2790, 10251, 47
2026/09/16 19:15:27.411, NVIDIA GeForce RTX 4070 SUPER, 12282, 6305, 0, 0, 54.56, 180.00, 2790, 10251, 47
2026/09/16 19:15:27.611, NVIDIA GeForce RTX 4070 SUPER, 12282, 6305, 0, 0, 54.56, 180.00, 2790, 10251, 47
2026/09/16 19:15:27.811, NVIDIA GeForce RTX 4070 SUPER, 12282, 6305, 0, 0, 38.86, 180.00, 2505, 10251, 46
2026/09/16 19:15:28.012, NVIDIA GeForce RTX 4070 SUPER, 12282, 6305, 0, 0, 38.86, 180.00, 2505, 10251, 46
2026/09/16 19:15:28.212, NVIDIA GeForce RTX 4070 SUPER, 12282, 6305, 0, 0, 38.86, 180.00, 2505, 10251, 46
2026/09/16 19:15:28.412, NVIDIA GeForce RTX 4070 SUPER, 12282, 6305, 0, 0, 38.86, 180.00, 2505, 10251, 46
2026/09/16 19:15:28.613, NVIDIA GeForce RTX 4070 SUPER, 12282, 6305, 0, 0, 38.86, 180.00, 2505, 10251, 46
2026/09/16 19:15:28.813, NVIDIA GeForce RTX 4070 SUPER, 12282, 6305, 0, 0, 33.56, 180.00, 2505, 10251, 45
2026/09/16 19:15:29.014, NVIDIA GeForce RTX 4070 SUPER, 12282, 6305, 0, 0, 33.56, 180.00, 2505, 10251, 45
2026/09/16 19:15:29.214, NVIDIA GeForce RTX 4070 SUPER, 12282, 6305, 0, 0, 33.56, 180.00, 2505, 10251, 45
2026/09/16 19:15:29.415, NVIDIA GeForce RTX 4070 SUPER, 12282, 6305, 0, 0, 33.56, 180.00, 2505, 10251, 45
2026/09/16 19:15:29.615, NVIDIA GeForce RTX 4070 SUPER, 12282, 6305, 0, 0, 33.56, 180.00, 2505, 10251, 45
2026/09/16 19:15:29.815, NVIDIA GeForce RTX 4070 SUPER, 12282, 6305, 0, 0, 28.39, 180.00, 2505, 10251, 45
2026/09/16 19:15:30.016, NVIDIA GeForce RTX 4070 SUPER, 12282, 6305, 0, 0, 28.39, 180.00, 2505, 10251, 45
2026/09/16 19:15:30.216, NVIDIA GeForce RTX 4070 SUPER, 12282, 6305, 0, 0, 28.39, 180.00, 2505, 10251, 45
2026/09/16 19:15:30.416, NVIDIA GeForce RTX 4070 SUPER, 12282, 6305, 0, 0, 28.39, 180.00, 2505, 10251, 45
2026/09/16 19:15:30.617, NVIDIA GeForce RTX 4070 SUPER, 12282, 6305, 0, 0, 28.39, 180.00, 2505, 10251, 45
2026/09/16 19:15:30.817, NVIDIA GeForce RTX 4070 SUPER, 12282, 6305, 0, 0, 28.00, 180.00, 2505, 10251, 45
2026/09/16 19:15:31.017, NVIDIA GeForce RTX 4070 SUPER, 12282, 6305, 0, 0, 28.00, 180.00, 2505, 10251, 45
2026/09/16 19:15:31.218, NVIDIA GeForce RTX 4070 SUPER, 12282, 6305, 0, 0, 28.00, 180.00, 2505, 10251, 45
2026/09/16 19:15:31.418, NVIDIA GeForce RTX 4070 SUPER, 12282, 6305, 0, 0, 28.00, 180.00, 2505, 10251, 45
2026/09/16 19:15:31.619, NVIDIA GeForce RTX 4070 SUPER, 12282, 6305, 0, 0, 28.00, 180.00, 2505, 10251, 45
2026/09/16 19:15:31.819, NVIDIA GeForce RTX 4070 SUPER, 12282, 6305, 0, 0, 27.93, 180.00, 2505, 10251, 44
2026/09/16 19:15:32.019, NVIDIA GeForce RTX 4070 SUPER, 12282, 6305, 0, 0, 27.93, 180.00, 2505, 10251, 44
2026/09/16 19:15:32.220, NVIDIA GeForce RTX 4070 SUPER, 12282, 6305, 0, 0, 27.93, 180.00, 2505, 10251, 44
2026/09/16 19:15:32.420, NVIDIA GeForce RTX 4070 SUPER, 12282, 6305, 0, 0, 27.93, 180.00, 2505, 10251, 44
2026/09/16 19:15:32.620, NVIDIA GeForce RTX 4070 SUPER, 12282, 6305, 0, 0, 27.93, 180.00, 2505, 10251, 44
2026/09/16 19:15:32.821, NVIDIA GeForce RTX 4070 SUPER, 12282, 6305, 0, 0, 28.01, 180.00, 2505, 10251, 44
2026/09/16 19:15:33.021, NVIDIA GeForce RTX 4070 SUPER, 12282, 6305, 0, 0, 28.01, 180.00, 2505, 10251, 44
2026/09/16 19:15:33.221, NVIDIA GeForce RTX 4070 SUPER, 12282, 6305, 0, 0, 28.01, 180.00, 2505, 10251, 44
2026/09/16 19:15:33.422, NVIDIA GeForce RTX 4070 SUPER, 12282, 6305, 0, 0, 28.01, 180.00, 2505, 10251, 44
2026/09/16 19:15:33.622, NVIDIA GeForce RTX 4070 SUPER, 12282, 6305, 0, 0, 28.01, 180.00, 2505, 10251, 44
2026/09/16 19:15:33.823, NVIDIA GeForce RTX 4070 SUPER, 12282, 6305, 0, 0, 27.90, 180.00, 2505, 10251, 44
2026/09/16 19:15:34.023, NVIDIA GeForce RTX 4070 SUPER, 12282, 6305, 0, 0, 27.90, 180.00, 2505, 10251, 44
2026/09/16 19:15:34.223, NVIDIA GeForce RTX 4070 SUPER, 12282, 6305, 0, 0, 27.90, 180.00, 2505, 10251, 44
2026/09/16 19:15:34.424, NVIDIA GeForce RTX 4070 SUPER, 12282, 6305, 0, 0, 27.90, 180.00, 2505, 10251, 44
2026/09/16 19:15:34.624, NVIDIA GeForce RTX 4070 SUPER, 12282, 6305, 0, 0, 27.90, 180.00, 2505, 10251, 44
2026/09/16 19:15:34.824, NVIDIA GeForce RTX 4070 SUPER, 12282, 6305, 0, 0, 27.77, 180.00, 2505, 10251, 44
2026/09/16 19:15:35.025, NVIDIA GeForce RTX 4070 SUPER, 12282, 6305, 0, 0, 27.77, 180.00, 2505, 10251, 44
2026/09/16 19:15:35.225, NVIDIA GeForce RTX 4070 SUPER, 12282, 6305, 0, 0, 27.77, 180.00, 2505, 10251, 44
2026/09/16 19:15:35.425, NVIDIA GeForce RTX 4070 SUPER, 12282, 6305, 0, 0, 27.77, 180.00, 2505, 10251, 44
2026/09/16 19:15:35.626, NVIDIA GeForce RTX 4070 SUPER, 12282, 6305, 0, 0, 27.77, 180.00, 2505, 10251, 44
2026/09/16 19:15:35.826, NVIDIA GeForce RTX 4070 SUPER, 12282, 6305, 0, 0, 27.84, 180.00, 2505, 10251, 43
2026/09/16 19:15:36.026, NVIDIA GeForce RTX 4070 SUPER, 12282, 6305, 0, 0, 27.84, 180.00, 2505, 10251, 43
2026/09/16 19:15:36.227, NVIDIA GeForce RTX 4070 SUPER, 12282, 6305, 0, 0, 27.84, 180.00, 2505, 10251, 43
2026/09/16 19:15:36.427, NVIDIA GeForce RTX 4070 SUPER, 12282, 6305, 0, 0, 27.84, 180.00, 2505, 10251, 43
2026/09/16 19:15:36.627, NVIDIA GeForce RTX 4070 SUPER, 12282, 6305, 0, 0, 27.84, 180.00, 2505, 10251, 43
2026/09/16 19:15:36.828, NVIDIA GeForce RTX 4070 SUPER, 12282, 6305, 0, 0, 27.93, 180.00, 2505, 10251, 43
2026/09/16 19:15:37.028, NVIDIA GeForce RTX 4070 SUPER, 12282, 6305, 0, 0, 27.93, 180.00, 2505, 10251, 43
2026/09/16 19:15:37.229, NVIDIA GeForce RTX 4070 SUPER, 12282, 6305, 0, 0, 27.93, 180.00, 2505, 10251, 43
2026/09/16 19:15:37.429, NVIDIA GeForce RTX 4070 SUPER, 12282, 6305, 0, 0, 27.93, 180.00, 2505, 10251, 43
2026/09/16 19:15:37.629, NVIDIA GeForce RTX 4070 SUPER, 12282, 6305, 0, 0, 27.93, 180.00, 2505, 10251, 43
2026/09/16 19:15:37.830, NVIDIA GeForce RTX 4070 SUPER, 12282, 6305, 0, 0, 27.84, 180.00, 2505, 10251, 43
2026/09/16 19:15:38.030, NVIDIA GeForce RTX 4070 SUPER, 12282, 6305, 0, 0, 27.84, 180.00, 2505, 10251, 43
2026/09/16 19:15:38.231, NVIDIA GeForce RTX 4070 SUPER, 12282, 6305, 0, 0, 27.84, 180.00, 2505, 10251, 43
2026/09/16 19:15:38.431, NVIDIA GeForce RTX 4070 SUPER, 12282, 6305, 0, 0, 27.84, 180.00, 2505, 10251, 43
2026/09/16 19:15:38.632, NVIDIA GeForce RTX 4070 SUPER, 12282, 6305, 0, 0, 27.84, 180.00, 2505, 10251, 43
2026/09/16 19:15:38.832, NVIDIA GeForce RTX 4070 SUPER, 12282, 6305, 0, 0, 27.71, 180.00, 2505, 10251, 43
2026/09/16 19:15:39.032, NVIDIA GeForce RTX 4070 SUPER, 12282, 6305, 0, 0, 27.71, 180.00, 2505, 10251, 43
2026/09/16 19:15:39.233, NVIDIA GeForce RTX 4070 SUPER, 12282, 6305, 0, 0, 27.71, 180.00, 2505, 10251, 43
2026/09/16 19:15:39.433, NVIDIA GeForce RTX 4070 SUPER, 12282, 6305, 0, 0, 27.71, 180.00, 2505, 10251, 43
2026/09/16 19:15:39.634, NVIDIA GeForce RTX 4070 SUPER, 12282, 6305, 0, 0, 27.71, 180.00, 2505, 10251, 43
2026/09/16 19:15:39.834, NVIDIA GeForce RTX 4070 SUPER, 12282, 6305, 0, 0, 27.86, 180.00, 2505, 10251, 43
2026/09/16 19:15:40.034, NVIDIA GeForce RTX 4070 SUPER, 12282, 6305, 0, 0, 27.86, 180.00, 2505, 10251, 43
2026/09/16 19:15:40.235, NVIDIA GeForce RTX 4070 SUPER, 12282, 6305, 0, 0, 27.86, 180.00, 2505, 10251, 43
2026/09/16 19:15:40.435, NVIDIA GeForce RTX 4070 SUPER, 12282, 6305, 0, 0, 27.86, 180.00, 2505, 10251, 43
2026/09/16 19:15:40.635, NVIDIA GeForce RTX 4070 SUPER, 12282, 6305, 0, 0, 27.86, 180.00, 2505, 10251, 43
2026/09/16 19:15:40.836, NVIDIA GeForce RTX 4070 SUPER, 12282, 6305, 0, 0, 27.94, 180.00, 2505, 10251, 42
2026/09/16 19:15:41.036, NVIDIA GeForce RTX 4070 SUPER, 12282, 6305, 0, 0, 27.94, 180.00, 2505, 10251, 42
2026/09/16 19:15:41.236, NVIDIA GeForce RTX 4070 SUPER, 12282, 6305, 0, 0, 27.94, 180.00, 2505, 10251, 42
2026/09/16 19:15:41.437, NVIDIA GeForce RTX 4070 SUPER, 12282, 6305, 0, 0, 27.94, 180.00, 2505, 10251, 42
2026/09/16 19:15:41.637, NVIDIA GeForce RTX 4070 SUPER, 12282, 6305, 0, 0, 27.94, 180.00, 2505, 10251, 42
2026/09/16 19:15:41.837, NVIDIA GeForce RTX 4070 SUPER, 12282, 6305, 0, 0, 27.98, 180.00, 2505, 10251, 42
2026/09/16 19:15:42.038, NVIDIA GeForce RTX 4070 SUPER, 12282, 6305, 0, 0, 27.98, 180.00, 2505, 10251, 42
2026/09/16 19:15:42.238, NVIDIA GeForce RTX 4070 SUPER, 12282, 6305, 0, 0, 27.98, 180.00, 2505, 10251, 42
2026/09/16 19:15:42.439, NVIDIA GeForce RTX 4070 SUPER, 12282, 6305, 0, 0, 27.98, 180.00, 2505, 10251, 42
2026/09/16 19:15:42.639, NVIDIA GeForce RTX 4070 SUPER, 12282, 6305, 0, 0, 27.98, 180.00, 2505, 10251, 42
2026/09/16 19:15:42.840, NVIDIA GeForce RTX 4070 SUPER, 12282, 6305, 0, 0, 27.93, 180.00, 2505, 10251, 42
2026/09/16 19:15:43.040, NVIDIA GeForce RTX 4070 SUPER, 12282, 6305, 0, 0, 27.93, 180.00, 2505, 10251, 42
2026/09/16 19:15:43.241, NVIDIA GeForce RTX 4070 SUPER, 12282, 6305, 0, 0, 27.93, 180.00, 2505, 10251, 42
2026/09/16 19:15:43.441, NVIDIA GeForce RTX 4070 SUPER, 12282, 6305, 0, 0, 27.93, 180.00, 2505, 10251, 42
2026/09/16 19:15:43.641, NVIDIA GeForce RTX 4070 SUPER, 12282, 6305, 0, 0, 27.93, 180.00, 2505, 10251, 42
2026/09/16 19:15:43.842, NVIDIA GeForce RTX 4070 SUPER, 12282, 6305, 0, 0, 21.80, 180.00, 390, 810, 41
2026/09/16 19:15:44.042, NVIDIA GeForce RTX 4070 SUPER, 12282, 6305, 0, 0, 21.80, 180.00, 390, 810, 41
2026/09/16 19:15:44.243, NVIDIA GeForce RTX 4070 SUPER, 12282, 6305, 0, 0, 21.80, 180.00, 390, 810, 41
2026/09/16 19:15:44.443, NVIDIA GeForce RTX 4070 SUPER, 12282, 6305, 0, 0, 21.80, 180.00, 390, 810, 41
2026/09/16 19:15:44.643, NVIDIA GeForce RTX 4070 SUPER, 12282, 6305, 0, 0, 21.80, 180.00, 390, 810, 41
2026/09/16 19:15:44.844, NVIDIA GeForce RTX 4070 SUPER, 12282, 6305, 0, 0, 10.42, 180.00, 255, 405, 41
2026/09/16 19:15:45.044, NVIDIA GeForce RTX 4070 SUPER, 12282, 6305, 0, 0, 10.42, 180.00, 255, 405, 41
2026/09/16 19:15:45.245, NVIDIA GeForce RTX 4070 SUPER, 12282, 6305, 0, 0, 10.42, 180.00, 255, 405, 41
2026/09/16 19:15:45.445, NVIDIA GeForce RTX 4070 SUPER, 12282, 6305, 0, 0, 10.42, 180.00, 255, 405, 41
2026/09/16 19:15:45.646, NVIDIA GeForce RTX 4070 SUPER, 12282, 6305, 0, 0, 10.42, 180.00, 255, 405, 41
2026/09/16 19:15:45.846, NVIDIA GeForce RTX 4070 SUPER, 12282, 6305, 0, 0, 9.84, 180.00, 210, 405, 40
2026/09/16 19:15:46.047, NVIDIA GeForce RTX 4070 SUPER, 12282, 6305, 0, 0, 9.84, 180.00, 210, 405, 40
2026/09/16 19:15:46.247, NVIDIA GeForce RTX 4070 SUPER, 12282, 6305, 0, 0, 9.84, 180.00, 210, 405, 40
2026/09/16 19:15:46.447, NVIDIA GeForce RTX 4070 SUPER, 12282, 6305, 0, 0, 9.84, 180.00, 210, 405, 40
2026/09/16 19:15:46.648, NVIDIA GeForce RTX 4070 SUPER, 12282, 6305, 0, 0, 9.84, 180.00, 210, 405, 40
2026/09/16 19:15:46.848, NVIDIA GeForce RTX 4070 SUPER, 12282, 6305, 0, 0, 9.17, 180.00, 210, 405, 40
2026/09/16 19:15:47.049, NVIDIA GeForce RTX 4070 SUPER, 12282, 6305, 0, 0, 9.17, 180.00, 210, 405, 40
2026/09/16 19:15:47.249, NVIDIA GeForce RTX 4070 SUPER, 12282, 6305, 0, 0, 9.17, 180.00, 210, 405, 40
2026/09/16 19:15:47.450, NVIDIA GeForce RTX 4070 SUPER, 12282, 6305, 0, 0, 9.17, 180.00, 210, 405, 40
2026/09/16 19:15:47.650, NVIDIA GeForce RTX 4070 SUPER, 12282, 6305, 0, 0, 9.17, 180.00, 210, 405, 40
2026/09/16 19:15:47.851, NVIDIA GeForce RTX 4070 SUPER, 12282, 6305, 0, 0, 9.14, 180.00, 210, 405, 40
2026/09/16 19:15:48.052, NVIDIA GeForce RTX 4070 SUPER, 12282, 6305, 0, 0, 9.14, 180.00, 210, 405, 40
2026/09/16 19:15:48.252, NVIDIA GeForce RTX 4070 SUPER, 12282, 6305, 0, 0, 9.14, 180.00, 210, 405, 40
2026/09/16 19:15:48.453, NVIDIA GeForce RTX 4070 SUPER, 12282, 6305, 0, 0, 9.14, 180.00, 210, 405, 40
2026/09/16 19:15:48.653, NVIDIA GeForce RTX 4070 SUPER, 12282, 6305, 0, 0, 9.14, 180.00, 210, 405, 40
2026/09/16 19:15:48.853, NVIDIA GeForce RTX 4070 SUPER, 12282, 6305, 0, 0, 9.07, 180.00, 210, 405, 40
2026/09/16 19:15:49.054, NVIDIA GeForce RTX 4070 SUPER, 12282, 6305, 0, 0, 9.07, 180.00, 210, 405, 40
2026/09/16 19:15:49.254, NVIDIA GeForce RTX 4070 SUPER, 12282, 6305, 0, 0, 9.07, 180.00, 210, 405, 40
2026/09/16 19:15:49.455, NVIDIA GeForce RTX 4070 SUPER, 12282, 6305, 0, 0, 9.07, 180.00, 210, 405, 40
2026/09/16 19:15:49.655, NVIDIA GeForce RTX 4070 SUPER, 12282, 6305, 0, 0, 9.07, 180.00, 210, 405, 40
2026/09/16 19:15:49.856, NVIDIA GeForce RTX 4070 SUPER, 12282, 6305, 0, 0, 8.98, 180.00, 210, 405, 40
2026/09/16 19:15:50.056, NVIDIA GeForce RTX 4070 SUPER, 12282, 6305, 0, 0, 8.98, 180.00, 210, 405, 40
2026/09/16 19:15:50.257, NVIDIA GeForce RTX 4070 SUPER, 12282, 6305, 0, 0, 8.98, 180.00, 210, 405, 40
2026/09/16 19:15:50.457, NVIDIA GeForce RTX 4070 SUPER, 12282, 6305, 0, 0, 8.98, 180.00, 210, 405, 40
2026/09/16 19:15:50.658, NVIDIA GeForce RTX 4070 SUPER, 12282, 6305, 0, 0, 8.98, 180.00, 210, 405, 40
2026/09/16 19:15:50.858, NVIDIA GeForce RTX 4070 SUPER, 12282, 6305, 0, 0, 10.16, 180.00, 2505, 10251, 40
2026/09/16 19:15:51.058, NVIDIA GeForce RTX 4070 SUPER, 12282, 6305, 0, 0, 10.16, 180.00, 2505, 10251, 40
2026/09/16 19:15:51.259, NVIDIA GeForce RTX 4070 SUPER, 12282, 6305, 0, 0, 15.55, 180.00, 2505, 10251, 41
2026/09/16 19:15:51.459, NVIDIA GeForce RTX 4070 SUPER, 12282, 6305, 0, 0, 15.55, 180.00, 2505, 10251, 41
2026/09/16 19:15:51.659, NVIDIA GeForce RTX 4070 SUPER, 12282, 5971, 0, 0, 26.98, 180.00, 2505, 10251, 41
2026/09/16 19:15:51.860, NVIDIA GeForce RTX 4070 SUPER, 12282, 6251, 0, 0, 26.98, 180.00, 2505, 10251, 41
2026/09/16 19:15:52.060, NVIDIA GeForce RTX 4070 SUPER, 12282, 6251, 0, 0, 26.98, 180.00, 2505, 10251, 41
2026/09/16 19:15:52.261, NVIDIA GeForce RTX 4070 SUPER, 12282, 6251, 100, 31, 82.36, 180.00, 2640, 10251, 55
2026/09/16 19:15:52.461, NVIDIA GeForce RTX 4070 SUPER, 12282, 6283, 100, 31, 82.36, 180.00, 2640, 10251, 55
2026/09/16 19:15:52.662, NVIDIA GeForce RTX 4070 SUPER, 12282, 6283, 100, 7, 154.17, 180.00, 2130, 10251, 58
2026/09/16 19:15:52.862, NVIDIA GeForce RTX 4070 SUPER, 12282, 6283, 100, 7, 154.17, 180.00, 2130, 10251, 58
2026/09/16 19:15:53.062, NVIDIA GeForce RTX 4070 SUPER, 12282, 6283, 100, 7, 154.17, 180.00, 2130, 10251, 58
2026/09/16 19:15:53.263, NVIDIA GeForce RTX 4070 SUPER, 12282, 6283, 100, 5, 178.98, 180.00, 2295, 10251, 55
2026/09/16 19:15:53.463, NVIDIA GeForce RTX 4070 SUPER, 12282, 6283, 100, 5, 178.98, 180.00, 2295, 10251, 55
2026/09/16 19:15:53.664, NVIDIA GeForce RTX 4070 SUPER, 12282, 6283, 79, 19, 169.18, 180.00, 2745, 10251, 55
2026/09/16 19:15:53.864, NVIDIA GeForce RTX 4070 SUPER, 12282, 6283, 79, 19, 169.18, 180.00, 2745, 10251, 55
2026/09/16 19:15:54.064, NVIDIA GeForce RTX 4070 SUPER, 12282, 6283, 79, 19, 169.18, 180.00, 2745, 10251, 55
2026/09/16 19:15:54.265, NVIDIA GeForce RTX 4070 SUPER, 12282, 6283, 100, 31, 172.53, 180.00, 2625, 10251, 58
2026/09/16 19:15:54.465, NVIDIA GeForce RTX 4070 SUPER, 12282, 6283, 100, 31, 172.53, 180.00, 2625, 10251, 58
2026/09/16 19:15:54.666, NVIDIA GeForce RTX 4070 SUPER, 12282, 6283, 97, 24, 179.28, 180.00, 2220, 10251, 61
2026/09/16 19:15:54.866, NVIDIA GeForce RTX 4070 SUPER, 12282, 6283, 97, 24, 179.28, 180.00, 2220, 10251, 61
2026/09/16 19:15:55.067, NVIDIA GeForce RTX 4070 SUPER, 12282, 6283, 97, 24, 179.28, 180.00, 2220, 10251, 61
2026/09/16 19:15:55.267, NVIDIA GeForce RTX 4070 SUPER, 12282, 6283, 100, 9, 176.49, 180.00, 2130, 10251, 60
2026/09/16 19:15:55.467, NVIDIA GeForce RTX 4070 SUPER, 12282, 6283, 100, 9, 176.49, 180.00, 2130, 10251, 60
2026/09/16 19:15:55.668, NVIDIA GeForce RTX 4070 SUPER, 12282, 6283, 100, 31, 169.74, 180.00, 2625, 10251, 58
2026/09/16 19:15:55.868, NVIDIA GeForce RTX 4070 SUPER, 12282, 6283, 100, 31, 169.74, 180.00, 2625, 10251, 58
2026/09/16 19:15:56.069, NVIDIA GeForce RTX 4070 SUPER, 12282, 6283, 100, 31, 169.74, 180.00, 2625, 10251, 58
2026/09/16 19:15:56.269, NVIDIA GeForce RTX 4070 SUPER, 12282, 6283, 100, 8, 177.49, 180.00, 2130, 10251, 61
2026/09/16 19:15:56.470, NVIDIA GeForce RTX 4070 SUPER, 12282, 6283, 100, 8, 177.49, 180.00, 2130, 10251, 61
2026/09/16 19:15:56.670, NVIDIA GeForce RTX 4070 SUPER, 12282, 6283, 100, 8, 179.42, 180.00, 2115, 10251, 61
2026/09/16 19:15:56.870, NVIDIA GeForce RTX 4070 SUPER, 12282, 6283, 100, 8, 179.42, 180.00, 2115, 10251, 61
2026/09/16 19:15:57.071, NVIDIA GeForce RTX 4070 SUPER, 12282, 6283, 100, 8, 179.42, 180.00, 2115, 10251, 61
2026/09/16 19:15:57.271, NVIDIA GeForce RTX 4070 SUPER, 12282, 6283, 100, 7, 179.05, 180.00, 2100, 10251, 61
2026/09/16 19:15:57.471, NVIDIA GeForce RTX 4070 SUPER, 12282, 6283, 100, 7, 179.05, 180.00, 2100, 10251, 61
2026/09/16 19:15:57.672, NVIDIA GeForce RTX 4070 SUPER, 12282, 6283, 100, 31, 174.96, 180.00, 2625, 10251, 59
2026/09/16 19:15:57.872, NVIDIA GeForce RTX 4070 SUPER, 12282, 6283, 100, 31, 174.96, 180.00, 2625, 10251, 59
2026/09/16 19:15:58.073, NVIDIA GeForce RTX 4070 SUPER, 12282, 6283, 100, 31, 174.96, 180.00, 2625, 10251, 59
2026/09/16 19:15:58.273, NVIDIA GeForce RTX 4070 SUPER, 12282, 6283, 100, 6, 178.54, 180.00, 1965, 10251, 62
2026/09/16 19:15:58.474, NVIDIA GeForce RTX 4070 SUPER, 12282, 6283, 100, 6, 178.54, 180.00, 1965, 10251, 62
2026/09/16 19:15:58.674, NVIDIA GeForce RTX 4070 SUPER, 12282, 6283, 98, 13, 178.61, 180.00, 2505, 10251, 58
2026/09/16 19:15:58.874, NVIDIA GeForce RTX 4070 SUPER, 12282, 6283, 98, 13, 178.61, 180.00, 2505, 10251, 58
2026/09/16 19:15:59.075, NVIDIA GeForce RTX 4070 SUPER, 12282, 6283, 98, 13, 178.61, 180.00, 2505, 10251, 58
2026/09/16 19:15:59.275, NVIDIA GeForce RTX 4070 SUPER, 12282, 6283, 87, 27, 170.46, 180.00, 2640, 10251, 59
2026/09/16 19:15:59.476, NVIDIA GeForce RTX 4070 SUPER, 12282, 6283, 87, 27, 170.46, 180.00, 2640, 10251, 59
2026/09/16 19:15:59.676, NVIDIA GeForce RTX 4070 SUPER, 12282, 6283, 100, 31, 174.73, 180.00, 2625, 10251, 60
2026/09/16 19:15:59.877, NVIDIA GeForce RTX 4070 SUPER, 12282, 6283, 100, 31, 174.73, 180.00, 2625, 10251, 60
2026/09/16 19:16:00.077, NVIDIA GeForce RTX 4070 SUPER, 12282, 6283, 100, 31, 174.73, 180.00, 2625, 10251, 60
2026/09/16 19:16:00.277, NVIDIA GeForce RTX 4070 SUPER, 12282, 6283, 99, 18, 174.10, 180.00, 2055, 10251, 64
2026/09/16 19:16:00.478, NVIDIA GeForce RTX 4070 SUPER, 12282, 6283, 99, 18, 174.10, 180.00, 2055, 10251, 64
2026/09/16 19:16:00.679, NVIDIA GeForce RTX 4070 SUPER, 12282, 6283, 100, 7, 179.75, 180.00, 2100, 10251, 62
2026/09/16 19:16:00.879, NVIDIA GeForce RTX 4070 SUPER, 12282, 6283, 100, 7, 179.75, 180.00, 2100, 10251, 62
2026/09/16 19:16:01.080, NVIDIA GeForce RTX 4070 SUPER, 12282, 6283, 100, 7, 179.75, 180.00, 2100, 10251, 62
2026/09/16 19:16:01.280, NVIDIA GeForce RTX 4070 SUPER, 12282, 6283, 100, 31, 174.27, 180.00, 2625, 10251, 60
2026/09/16 19:16:01.481, NVIDIA GeForce RTX 4070 SUPER, 12282, 6283, 100, 31, 174.27, 180.00, 2625, 10251, 60
2026/09/16 19:16:01.681, NVIDIA GeForce RTX 4070 SUPER, 12282, 6283, 100, 7, 180.53, 180.00, 2145, 10251, 63
2026/09/16 19:16:01.881, NVIDIA GeForce RTX 4070 SUPER, 12282, 6283, 100, 7, 180.53, 180.00, 2145, 10251, 63
2026/09/16 19:16:02.082, NVIDIA GeForce RTX 4070 SUPER, 12282, 6283, 100, 7, 180.53, 180.00, 2145, 10251, 63
2026/09/16 19:16:02.282, NVIDIA GeForce RTX 4070 SUPER, 12282, 6283, 100, 7, 179.83, 180.00, 2070, 10251, 63
2026/09/16 19:16:02.483, NVIDIA GeForce RTX 4070 SUPER, 12282, 6283, 100, 7, 179.83, 180.00, 2070, 10251, 63
2026/09/16 19:16:02.683, NVIDIA GeForce RTX 4070 SUPER, 12282, 6283, 100, 6, 177.52, 180.00, 2100, 10251, 63
2026/09/16 19:16:02.883, NVIDIA GeForce RTX 4070 SUPER, 12282, 6283, 100, 6, 177.52, 180.00, 2100, 10251, 63
2026/09/16 19:16:03.084, NVIDIA GeForce RTX 4070 SUPER, 12282, 6283, 100, 6, 177.52, 180.00, 2100, 10251, 63
2026/09/16 19:16:03.284, NVIDIA GeForce RTX 4070 SUPER, 12282, 6283, 100, 31, 174.74, 180.00, 2625, 10251, 61
2026/09/16 19:16:03.485, NVIDIA GeForce RTX 4070 SUPER, 12282, 6283, 100, 31, 174.74, 180.00, 2625, 10251, 61
2026/09/16 19:16:03.685, NVIDIA GeForce RTX 4070 SUPER, 12282, 6283, 100, 6, 177.76, 180.00, 2220, 10251, 60
2026/09/16 19:16:03.886, NVIDIA GeForce RTX 4070 SUPER, 12282, 6283, 100, 6, 177.76, 180.00, 2220, 10251, 60
2026/09/16 19:16:04.086, NVIDIA GeForce RTX 4070 SUPER, 12282, 6283, 100, 6, 177.76, 180.00, 2220, 10251, 60
2026/09/16 19:16:04.287, NVIDIA GeForce RTX 4070 SUPER, 12282, 6283, 98, 19, 177.28, 180.00, 2640, 10251, 59
2026/09/16 19:16:04.487, NVIDIA GeForce RTX 4070 SUPER, 12282, 6283, 98, 19, 177.28, 180.00, 2640, 10251, 59
2026/09/16 19:16:04.687, NVIDIA GeForce RTX 4070 SUPER, 12282, 6283, 3, 1, 164.09, 180.00, 2790, 10251, 52
2026/09/16 19:16:04.888, NVIDIA GeForce RTX 4070 SUPER, 12282, 6283, 3, 1, 164.09, 180.00, 2790, 10251, 52
2026/09/16 19:16:05.088, NVIDIA GeForce RTX 4070 SUPER, 12282, 6283, 3, 1, 164.09, 180.00, 2790, 10251, 52
2026/09/16 19:16:05.289, NVIDIA GeForce RTX 4070 SUPER, 12282, 6283, 0, 0, 97.83, 180.00, 2790, 10251, 49
2026/09/16 19:16:05.489, NVIDIA GeForce RTX 4070 SUPER, 12282, 6283, 0, 0, 97.83, 180.00, 2790, 10251, 49
2026/09/16 19:16:05.689, NVIDIA GeForce RTX 4070 SUPER, 12282, 6283, 0, 0, 52.57, 180.00, 2790, 10251, 48
2026/09/16 19:16:05.890, NVIDIA GeForce RTX 4070 SUPER, 12282, 6283, 0, 0, 52.57, 180.00, 2790, 10251, 48
2026/09/16 19:16:06.090, NVIDIA GeForce RTX 4070 SUPER, 12282, 6283, 0, 0, 52.57, 180.00, 2790, 10251, 48
2026/09/16 19:16:06.290, NVIDIA GeForce RTX 4070 SUPER, 12282, 6283, 0, 0, 52.57, 180.00, 2790, 10251, 48
2026/09/16 19:16:06.491, NVIDIA GeForce RTX 4070 SUPER, 12282, 6283, 0, 0, 52.57, 180.00, 2790, 10251, 48
2026/09/16 19:16:06.691, NVIDIA GeForce RTX 4070 SUPER, 12282, 6283, 0, 0, 38.92, 180.00, 2505, 10251, 47
2026/09/16 19:16:06.891, NVIDIA GeForce RTX 4070 SUPER, 12282, 6283, 0, 0, 38.92, 180.00, 2505, 10251, 47
2026/09/16 19:16:07.092, NVIDIA GeForce RTX 4070 SUPER, 12282, 6283, 0, 0, 38.92, 180.00, 2505, 10251, 47
2026/09/16 19:16:07.292, NVIDIA GeForce RTX 4070 SUPER, 12282, 6283, 0, 0, 38.92, 180.00, 2505, 10251, 47
2026/09/16 19:16:07.493, NVIDIA GeForce RTX 4070 SUPER, 12282, 6283, 0, 0, 38.92, 180.00, 2505, 10251, 47
2026/09/16 19:16:07.693, NVIDIA GeForce RTX 4070 SUPER, 12282, 6283, 0, 0, 33.75, 180.00, 2505, 10251, 46
2026/09/16 19:16:07.893, NVIDIA GeForce RTX 4070 SUPER, 12282, 6283, 0, 0, 33.75, 180.00, 2505, 10251, 46
2026/09/16 19:16:08.094, NVIDIA GeForce RTX 4070 SUPER, 12282, 6283, 0, 0, 33.75, 180.00, 2505, 10251, 46
2026/09/16 19:16:08.294, NVIDIA GeForce RTX 4070 SUPER, 12282, 6283, 0, 0, 33.75, 180.00, 2505, 10251, 46
2026/09/16 19:16:08.494, NVIDIA GeForce RTX 4070 SUPER, 12282, 6283, 0, 0, 33.75, 180.00, 2505, 10251, 46
2026/09/16 19:16:08.695, NVIDIA GeForce RTX 4070 SUPER, 12282, 6283, 0, 0, 28.47, 180.00, 2505, 10251, 46
2026/09/16 19:16:08.895, NVIDIA GeForce RTX 4070 SUPER, 12282, 6283, 0, 0, 28.47, 180.00, 2505, 10251, 46
2026/09/16 19:16:09.096, NVIDIA GeForce RTX 4070 SUPER, 12282, 6283, 0, 0, 28.47, 180.00, 2505, 10251, 46
2026/09/16 19:16:09.296, NVIDIA GeForce RTX 4070 SUPER, 12282, 6283, 0, 0, 28.47, 180.00, 2505, 10251, 46
2026/09/16 19:16:09.496, NVIDIA GeForce RTX 4070 SUPER, 12282, 6283, 0, 0, 28.47, 180.00, 2505, 10251, 46
2026/09/16 19:16:09.697, NVIDIA GeForce RTX 4070 SUPER, 12282, 6283, 0, 0, 28.28, 180.00, 2505, 10251, 45
2026/09/16 19:16:09.897, NVIDIA GeForce RTX 4070 SUPER, 12282, 6283, 0, 0, 28.28, 180.00, 2505, 10251, 45
2026/09/16 19:16:10.097, NVIDIA GeForce RTX 4070 SUPER, 12282, 6283, 0, 0, 28.28, 180.00, 2505, 10251, 45
2026/09/16 19:16:10.298, NVIDIA GeForce RTX 4070 SUPER, 12282, 6283, 0, 0, 28.28, 180.00, 2505, 10251, 45
2026/09/16 19:16:10.498, NVIDIA GeForce RTX 4070 SUPER, 12282, 6283, 0, 0, 28.28, 180.00, 2505, 10251, 45
2026/09/16 19:16:10.698, NVIDIA GeForce RTX 4070 SUPER, 12282, 6283, 0, 0, 28.39, 180.00, 2505, 10251, 45
2026/09/16 19:16:10.899, NVIDIA GeForce RTX 4070 SUPER, 12282, 6283, 0, 0, 28.39, 180.00, 2505, 10251, 45
2026/09/16 19:16:11.099, NVIDIA GeForce RTX 4070 SUPER, 12282, 6283, 0, 0, 28.39, 180.00, 2505, 10251, 45
2026/09/16 19:16:11.300, NVIDIA GeForce RTX 4070 SUPER, 12282, 6283, 0, 0, 28.39, 180.00, 2505, 10251, 45
2026/09/16 19:16:11.500, NVIDIA GeForce RTX 4070 SUPER, 12282, 6283, 0, 0, 28.39, 180.00, 2505, 10251, 45
2026/09/16 19:16:11.700, NVIDIA GeForce RTX 4070 SUPER, 12282, 6283, 0, 0, 28.43, 180.00, 2505, 10251, 45
2026/09/16 19:16:11.901, NVIDIA GeForce RTX 4070 SUPER, 12282, 6283, 0, 0, 28.43, 180.00, 2505, 10251, 45
2026/09/16 19:16:12.101, NVIDIA GeForce RTX 4070 SUPER, 12282, 6283, 0, 0, 28.43, 180.00, 2505, 10251, 45
2026/09/16 19:16:12.302, NVIDIA GeForce RTX 4070 SUPER, 12282, 6283, 0, 0, 28.43, 180.00, 2505, 10251, 45
2026/09/16 19:16:12.502, NVIDIA GeForce RTX 4070 SUPER, 12282, 6283, 0, 0, 28.43, 180.00, 2505, 10251, 45
2026/09/16 19:16:12.702, NVIDIA GeForce RTX 4070 SUPER, 12282, 6283, 0, 0, 28.49, 180.00, 2505, 10251, 44
2026/09/16 19:16:12.903, NVIDIA GeForce RTX 4070 SUPER, 12282, 6283, 0, 0, 28.49, 180.00, 2505, 10251, 44
2026/09/16 19:16:13.103, NVIDIA GeForce RTX 4070 SUPER, 12282, 6283, 0, 0, 28.49, 180.00, 2505, 10251, 44
2026/09/16 19:16:13.303, NVIDIA GeForce RTX 4070 SUPER, 12282, 6283, 0, 0, 28.49, 180.00, 2505, 10251, 44
2026/09/16 19:16:13.504, NVIDIA GeForce RTX 4070 SUPER, 12282, 6283, 0, 0, 28.49, 180.00, 2505, 10251, 44
2026/09/16 19:16:13.704, NVIDIA GeForce RTX 4070 SUPER, 12282, 6283, 0, 0, 28.50, 180.00, 2505, 10251, 44
2026/09/16 19:16:13.904, NVIDIA GeForce RTX 4070 SUPER, 12282, 6283, 0, 0, 28.50, 180.00, 2505, 10251, 44
2026/09/16 19:16:14.105, NVIDIA GeForce RTX 4070 SUPER, 12282, 6283, 0, 0, 28.50, 180.00, 2505, 10251, 44
2026/09/16 19:16:14.305, NVIDIA GeForce RTX 4070 SUPER, 12282, 6283, 0, 0, 28.50, 180.00, 2505, 10251, 44
2026/09/16 19:16:14.506, NVIDIA GeForce RTX 4070 SUPER, 12282, 6283, 0, 0, 28.50, 180.00, 2505, 10251, 44
2026/09/16 19:16:14.706, NVIDIA GeForce RTX 4070 SUPER, 12282, 6283, 0, 0, 28.41, 180.00, 2505, 10251, 44
2026/09/16 19:16:14.906, NVIDIA GeForce RTX 4070 SUPER, 12282, 6283, 0, 0, 28.41, 180.00, 2505, 10251, 44
2026/09/16 19:16:15.107, NVIDIA GeForce RTX 4070 SUPER, 12282, 6283, 0, 0, 28.41, 180.00, 2505, 10251, 44
2026/09/16 19:16:15.307, NVIDIA GeForce RTX 4070 SUPER, 12282, 6283, 0, 0, 28.41, 180.00, 2505, 10251, 44
2026/09/16 19:16:15.508, NVIDIA GeForce RTX 4070 SUPER, 12282, 6283, 0, 0, 28.41, 180.00, 2505, 10251, 44
2026/09/16 19:16:15.708, NVIDIA GeForce RTX 4070 SUPER, 12282, 6283, 0, 0, 28.18, 180.00, 2505, 10251, 44
2026/09/16 19:16:15.909, NVIDIA GeForce RTX 4070 SUPER, 12282, 6283, 0, 0, 28.18, 180.00, 2505, 10251, 44
2026/09/16 19:16:16.109, NVIDIA GeForce RTX 4070 SUPER, 12282, 6283, 0, 0, 28.18, 180.00, 2505, 10251, 44
2026/09/16 19:16:16.309, NVIDIA GeForce RTX 4070 SUPER, 12282, 6283, 0, 0, 28.18, 180.00, 2505, 10251, 44
2026/09/16 19:16:16.510, NVIDIA GeForce RTX 4070 SUPER, 12282, 6283, 0, 0, 28.18, 180.00, 2505, 10251, 44
2026/09/16 19:16:16.710, NVIDIA GeForce RTX 4070 SUPER, 12282, 6283, 0, 0, 28.10, 180.00, 2505, 10251, 43
2026/09/16 19:16:16.910, NVIDIA GeForce RTX 4070 SUPER, 12282, 6283, 0, 0, 28.10, 180.00, 2505, 10251, 43
2026/09/16 19:16:17.111, NVIDIA GeForce RTX 4070 SUPER, 12282, 6283, 0, 0, 28.10, 180.00, 2505, 10251, 43
2026/09/16 19:16:17.311, NVIDIA GeForce RTX 4070 SUPER, 12282, 6283, 0, 0, 28.10, 180.00, 2505, 10251, 43
2026/09/16 19:16:17.512, NVIDIA GeForce RTX 4070 SUPER, 12282, 6283, 0, 0, 28.10, 180.00, 2505, 10251, 43
2026/09/16 19:16:17.712, NVIDIA GeForce RTX 4070 SUPER, 12282, 6283, 0, 0, 28.15, 180.00, 2505, 10251, 43
2026/09/16 19:16:17.912, NVIDIA GeForce RTX 4070 SUPER, 12282, 6283, 0, 0, 28.15, 180.00, 2505, 10251, 43
2026/09/16 19:16:18.113, NVIDIA GeForce RTX 4070 SUPER, 12282, 6283, 0, 0, 28.15, 180.00, 2505, 10251, 43
2026/09/16 19:16:18.313, NVIDIA GeForce RTX 4070 SUPER, 12282, 6283, 0, 0, 28.15, 180.00, 2505, 10251, 43
2026/09/16 19:16:18.513, NVIDIA GeForce RTX 4070 SUPER, 12282, 6283, 0, 0, 28.15, 180.00, 2505, 10251, 43
2026/09/16 19:16:18.714, NVIDIA GeForce RTX 4070 SUPER, 12282, 6283, 0, 0, 28.19, 180.00, 2505, 10251, 43
2026/09/16 19:16:18.914, NVIDIA GeForce RTX 4070 SUPER, 12282, 6283, 0, 0, 28.19, 180.00, 2505, 10251, 43
2026/09/16 19:16:19.115, NVIDIA GeForce RTX 4070 SUPER, 12282, 6283, 0, 0, 28.19, 180.00, 2505, 10251, 43
2026/09/16 19:16:19.315, NVIDIA GeForce RTX 4070 SUPER, 12282, 6283, 0, 0, 28.19, 180.00, 2505, 10251, 43
2026/09/16 19:16:19.515, NVIDIA GeForce RTX 4070 SUPER, 12282, 6283, 0, 0, 28.19, 180.00, 2505, 10251, 43
2026/09/16 19:16:19.716, NVIDIA GeForce RTX 4070 SUPER, 12282, 6283, 0, 0, 28.19, 180.00, 2505, 10251, 43
2026/09/16 19:16:19.916, NVIDIA GeForce RTX 4070 SUPER, 12282, 6283, 0, 0, 28.19, 180.00, 2505, 10251, 43
2026/09/16 19:16:20.117, NVIDIA GeForce RTX 4070 SUPER, 12282, 6283, 0, 0, 28.19, 180.00, 2505, 10251, 43
2026/09/16 19:16:20.317, NVIDIA GeForce RTX 4070 SUPER, 12282, 6283, 0, 0, 28.19, 180.00, 2505, 10251, 43
2026/09/16 19:16:20.518, NVIDIA GeForce RTX 4070 SUPER, 12282, 6283, 0, 0, 28.19, 180.00, 2505, 10251, 43
2026/09/16 19:16:20.718, NVIDIA GeForce RTX 4070 SUPER, 12282, 6283, 0, 0, 28.17, 180.00, 2505, 10251, 43
2026/09/16 19:16:20.918, NVIDIA GeForce RTX 4070 SUPER, 12282, 6283, 0, 0, 28.17, 180.00, 2505, 10251, 43
2026/09/16 19:16:21.119, NVIDIA GeForce RTX 4070 SUPER, 12282, 6283, 0, 0, 28.17, 180.00, 2505, 10251, 43
2026/09/16 19:16:21.319, NVIDIA GeForce RTX 4070 SUPER, 12282, 6283, 0, 0, 28.17, 180.00, 2505, 10251, 43
2026/09/16 19:16:21.520, NVIDIA GeForce RTX 4070 SUPER, 12282, 6283, 0, 0, 28.17, 180.00, 2505, 10251, 43
2026/09/16 19:16:21.720, NVIDIA GeForce RTX 4070 SUPER, 12282, 6283, 0, 0, 22.17, 180.00, 405, 810, 42
2026/09/16 19:16:21.920, NVIDIA GeForce RTX 4070 SUPER, 12282, 6283, 0, 0, 22.17, 180.00, 405, 810, 42
2026/09/16 19:16:22.121, NVIDIA GeForce RTX 4070 SUPER, 12282, 6283, 0, 0, 22.17, 180.00, 405, 810, 42
2026/09/16 19:16:22.321, NVIDIA GeForce RTX 4070 SUPER, 12282, 6283, 0, 0, 22.17, 180.00, 405, 810, 42
2026/09/16 19:16:22.522, NVIDIA GeForce RTX 4070 SUPER, 12282, 6283, 0, 0, 22.17, 180.00, 405, 810, 42
2026/09/16 19:16:22.722, NVIDIA GeForce RTX 4070 SUPER, 12282, 6283, 0, 0, 13.34, 180.00, 255, 405, 41
2026/09/16 19:16:22.923, NVIDIA GeForce RTX 4070 SUPER, 12282, 6283, 0, 0, 13.34, 180.00, 255, 405, 41
2026/09/16 19:16:23.123, NVIDIA GeForce RTX 4070 SUPER, 12282, 6283, 0, 0, 13.34, 180.00, 255, 405, 41
2026/09/16 19:16:23.323, NVIDIA GeForce RTX 4070 SUPER, 12282, 6283, 0, 0, 13.34, 180.00, 255, 405, 41
2026/09/16 19:16:23.524, NVIDIA GeForce RTX 4070 SUPER, 12282, 6283, 0, 0, 13.34, 180.00, 255, 405, 41
2026/09/16 19:16:23.724, NVIDIA GeForce RTX 4070 SUPER, 12282, 6283, 0, 0, 10.02, 180.00, 210, 405, 41
2026/09/16 19:16:23.925, NVIDIA GeForce RTX 4070 SUPER, 12282, 6283, 0, 0, 10.02, 180.00, 210, 405, 41
2026/09/16 19:16:24.125, NVIDIA GeForce RTX 4070 SUPER, 12282, 6283, 0, 0, 10.02, 180.00, 210, 405, 41
2026/09/16 19:16:24.326, NVIDIA GeForce RTX 4070 SUPER, 12282, 6283, 0, 0, 10.02, 180.00, 210, 405, 41
2026/09/16 19:16:24.527, NVIDIA GeForce RTX 4070 SUPER, 12282, 6283, 0, 0, 10.02, 180.00, 210, 405, 41
2026/09/16 19:16:24.727, NVIDIA GeForce RTX 4070 SUPER, 12282, 6283, 0, 0, 8.98, 180.00, 210, 405, 41
2026/09/16 19:16:24.928, NVIDIA GeForce RTX 4070 SUPER, 12282, 6283, 0, 0, 8.98, 180.00, 210, 405, 41
2026/09/16 19:16:25.128, NVIDIA GeForce RTX 4070 SUPER, 12282, 6283, 0, 0, 8.98, 180.00, 210, 405, 41
2026/09/16 19:16:25.328, NVIDIA GeForce RTX 4070 SUPER, 12282, 6283, 0, 0, 8.98, 180.00, 210, 405, 41
2026/09/16 19:16:25.529, NVIDIA GeForce RTX 4070 SUPER, 12282, 6283, 0, 0, 8.98, 180.00, 210, 405, 41
2026/09/16 19:16:25.729, NVIDIA GeForce RTX 4070 SUPER, 12282, 6283, 0, 0, 9.07, 180.00, 210, 405, 40
2026/09/16 19:16:25.930, NVIDIA GeForce RTX 4070 SUPER, 12282, 6283, 0, 0, 9.07, 180.00, 210, 405, 40
2026/09/16 19:16:26.130, NVIDIA GeForce RTX 4070 SUPER, 12282, 6283, 0, 0, 9.07, 180.00, 210, 405, 40
2026/09/16 19:16:26.331, NVIDIA GeForce RTX 4070 SUPER, 12282, 6283, 0, 0, 9.07, 180.00, 210, 405, 40
2026/09/16 19:16:26.531, NVIDIA GeForce RTX 4070 SUPER, 12282, 6283, 0, 0, 9.07, 180.00, 210, 405, 40
2026/09/16 19:16:26.732, NVIDIA GeForce RTX 4070 SUPER, 12282, 6283, 0, 0, 9.16, 180.00, 210, 405, 40
2026/09/16 19:16:26.932, NVIDIA GeForce RTX 4070 SUPER, 12282, 6283, 0, 0, 9.16, 180.00, 210, 405, 40
2026/09/16 19:16:27.133, NVIDIA GeForce RTX 4070 SUPER, 12282, 6283, 0, 0, 9.16, 180.00, 210, 405, 40
2026/09/16 19:16:27.333, NVIDIA GeForce RTX 4070 SUPER, 12282, 6283, 0, 0, 9.16, 180.00, 210, 405, 40
2026/09/16 19:16:27.534, NVIDIA GeForce RTX 4070 SUPER, 12282, 6283, 0, 0, 9.16, 180.00, 210, 405, 40
2026/09/16 19:16:27.734, NVIDIA GeForce RTX 4070 SUPER, 12282, 6283, 0, 0, 9.21, 180.00, 210, 405, 40
2026/09/16 19:16:27.935, NVIDIA GeForce RTX 4070 SUPER, 12282, 6283, 0, 0, 9.21, 180.00, 210, 405, 40
2026/09/16 19:16:28.135, NVIDIA GeForce RTX 4070 SUPER, 12282, 6283, 0, 0, 9.21, 180.00, 210, 405, 40
2026/09/16 19:16:28.336, NVIDIA GeForce RTX 4070 SUPER, 12282, 6283, 0, 0, 9.21, 180.00, 210, 405, 40
2026/09/16 19:16:28.536, NVIDIA GeForce RTX 4070 SUPER, 12282, 6283, 0, 0, 9.21, 180.00, 210, 405, 40
2026/09/16 19:16:28.737, NVIDIA GeForce RTX 4070 SUPER, 12282, 6283, 0, 0, 9.27, 180.00, 210, 405, 40
2026/09/16 19:16:28.937, NVIDIA GeForce RTX 4070 SUPER, 12282, 6283, 0, 0, 9.27, 180.00, 210, 405, 40
2026/09/16 19:16:29.138, NVIDIA GeForce RTX 4070 SUPER, 12282, 6283, 0, 0, 9.27, 180.00, 210, 405, 40
2026/09/16 19:16:29.338, NVIDIA GeForce RTX 4070 SUPER, 12282, 6283, 0, 0, 9.27, 180.00, 210, 405, 40
2026/09/16 19:16:29.538, NVIDIA GeForce RTX 4070 SUPER, 12282, 6283, 0, 0, 9.27, 180.00, 210, 405, 40
2026/09/16 19:16:29.739, NVIDIA GeForce RTX 4070 SUPER, 12282, 6283, 0, 0, 9.20, 180.00, 210, 405, 40
2026/09/16 19:16:29.939, NVIDIA GeForce RTX 4070 SUPER, 12282, 6283, 0, 0, 9.20, 180.00, 210, 405, 40
2026/09/16 19:16:30.140, NVIDIA GeForce RTX 4070 SUPER, 12282, 6283, 0, 0, 9.20, 180.00, 210, 405, 40
2026/09/16 19:16:30.341, NVIDIA GeForce RTX 4070 SUPER, 12282, 6283, 0, 0, 9.20, 180.00, 210, 405, 40
2026/09/16 19:16:30.541, NVIDIA GeForce RTX 4070 SUPER, 12282, 6283, 0, 0, 9.20, 180.00, 210, 405, 40
2026/09/16 19:16:30.742, NVIDIA GeForce RTX 4070 SUPER, 12282, 6283, 0, 0, 9.15, 180.00, 210, 405, 40
2026/09/16 19:16:30.942, NVIDIA GeForce RTX 4070 SUPER, 12282, 6283, 0, 0, 9.15, 180.00, 210, 405, 40
2026/09/16 19:16:31.143, NVIDIA GeForce RTX 4070 SUPER, 12282, 6283, 0, 0, 9.15, 180.00, 210, 405, 40
2026/09/16 19:16:31.343, NVIDIA GeForce RTX 4070 SUPER, 12282, 6283, 0, 0, 9.15, 180.00, 210, 405, 40
2026/09/16 19:16:31.544, NVIDIA GeForce RTX 4070 SUPER, 12282, 6283, 0, 0, 9.15, 180.00, 210, 405, 40
2026/09/16 19:16:31.744, NVIDIA GeForce RTX 4070 SUPER, 12282, 6283, 0, 0, 9.17, 180.00, 210, 405, 40
2026/09/16 19:16:31.944, NVIDIA GeForce RTX 4070 SUPER, 12282, 6283, 0, 0, 9.17, 180.00, 210, 405, 40
2026/09/16 19:16:32.145, NVIDIA GeForce RTX 4070 SUPER, 12282, 6283, 0, 0, 9.17, 180.00, 210, 405, 40
2026/09/16 19:16:32.345, NVIDIA GeForce RTX 4070 SUPER, 12282, 6283, 0, 0, 9.17, 180.00, 210, 405, 40
2026/09/16 19:16:32.546, NVIDIA GeForce RTX 4070 SUPER, 12282, 6283, 0, 0, 9.17, 180.00, 210, 405, 40
2026/09/16 19:16:32.746, NVIDIA GeForce RTX 4070 SUPER, 12282, 6283, 0, 0, 9.19, 180.00, 210, 405, 40
2026/09/16 19:16:32.947, NVIDIA GeForce RTX 4070 SUPER, 12282, 6283, 0, 0, 9.19, 180.00, 210, 405, 40
2026/09/16 19:16:33.147, NVIDIA GeForce RTX 4070 SUPER, 12282, 6283, 0, 0, 9.19, 180.00, 210, 405, 40
2026/09/16 19:16:33.347, NVIDIA GeForce RTX 4070 SUPER, 12282, 6283, 0, 0, 9.19, 180.00, 210, 405, 40
2026/09/16 19:16:33.548, NVIDIA GeForce RTX 4070 SUPER, 12282, 6283, 0, 0, 9.19, 180.00, 210, 405, 40
2026/09/16 19:16:33.748, NVIDIA GeForce RTX 4070 SUPER, 12282, 6283, 0, 0, 9.19, 180.00, 210, 405, 40
2026/09/16 19:16:33.949, NVIDIA GeForce RTX 4070 SUPER, 12282, 6283, 0, 0, 9.19, 180.00, 210, 405, 40
2026/09/16 19:16:34.149, NVIDIA GeForce RTX 4070 SUPER, 12282, 6283, 0, 0, 9.19, 180.00, 210, 405, 40
2026/09/16 19:16:34.349, NVIDIA GeForce RTX 4070 SUPER, 12282, 6283, 0, 0, 9.19, 180.00, 210, 405, 40
2026/09/16 19:16:34.550, NVIDIA GeForce RTX 4070 SUPER, 12282, 6283, 0, 0, 9.19, 180.00, 210, 405, 40
2026/09/16 19:16:34.750, NVIDIA GeForce RTX 4070 SUPER, 12282, 6283, 0, 0, 9.25, 180.00, 210, 405, 40
2026/09/16 19:16:34.951, NVIDIA GeForce RTX 4070 SUPER, 12282, 6283, 0, 0, 9.25, 180.00, 210, 405, 40
2026/09/16 19:16:35.151, NVIDIA GeForce RTX 4070 SUPER, 12282, 6283, 0, 0, 9.25, 180.00, 210, 405, 40
2026/09/16 19:16:35.352, NVIDIA GeForce RTX 4070 SUPER, 12282, 6283, 0, 0, 9.25, 180.00, 210, 405, 40
2026/09/16 19:16:35.552, NVIDIA GeForce RTX 4070 SUPER, 12282, 6283, 0, 0, 9.25, 180.00, 210, 405, 40
2026/09/16 19:16:35.753, NVIDIA GeForce RTX 4070 SUPER, 12282, 6283, 0, 0, 9.31, 180.00, 210, 405, 40
2026/09/16 19:16:35.953, NVIDIA GeForce RTX 4070 SUPER, 12282, 6283, 0, 0, 9.31, 180.00, 210, 405, 40
2026/09/16 19:16:36.154, NVIDIA GeForce RTX 4070 SUPER, 12282, 6283, 0, 0, 9.31, 180.00, 210, 405, 40
2026/09/16 19:16:36.354, NVIDIA GeForce RTX 4070 SUPER, 12282, 6283, 0, 0, 9.31, 180.00, 210, 405, 40
2026/09/16 19:16:36.555, NVIDIA GeForce RTX 4070 SUPER, 12282, 6283, 0, 0, 9.31, 180.00, 210, 405, 40
2026/09/16 19:16:36.756, NVIDIA GeForce RTX 4070 SUPER, 12282, 6283, 0, 0, 9.27, 180.00, 210, 405, 40
2026/09/16 19:16:36.956, NVIDIA GeForce RTX 4070 SUPER, 12282, 6283, 0, 0, 9.27, 180.00, 210, 405, 40
2026/09/16 19:16:37.157, NVIDIA GeForce RTX 4070 SUPER, 12282, 6283, 0, 0, 9.27, 180.00, 210, 405, 40
2026/09/16 19:16:37.357, NVIDIA GeForce RTX 4070 SUPER, 12282, 6283, 0, 0, 9.27, 180.00, 210, 405, 40
2026/09/16 19:16:37.558, NVIDIA GeForce RTX 4070 SUPER, 12282, 6283, 0, 0, 9.27, 180.00, 210, 405, 40
2026/09/16 19:16:37.758, NVIDIA GeForce RTX 4070 SUPER, 12282, 6283, 0, 0, 9.22, 180.00, 210, 405, 40
2026/09/16 19:16:37.959, NVIDIA GeForce RTX 4070 SUPER, 12282, 6283, 0, 0, 9.22, 180.00, 210, 405, 40
2026/09/16 19:16:38.159, NVIDIA GeForce RTX 4070 SUPER, 12282, 6283, 0, 0, 9.22, 180.00, 210, 405, 40
2026/09/16 19:16:38.360, NVIDIA GeForce RTX 4070 SUPER, 12282, 6283, 0, 0, 9.22, 180.00, 210, 405, 40
2026/09/16 19:16:38.560, NVIDIA GeForce RTX 4070 SUPER, 12282, 6283, 0, 0, 9.22, 180.00, 210, 405, 40
2026/09/16 19:16:38.761, NVIDIA GeForce RTX 4070 SUPER, 12282, 6283, 0, 0, 9.18, 180.00, 210, 405, 40
2026/09/16 19:16:38.961, NVIDIA GeForce RTX 4070 SUPER, 12282, 6283, 0, 0, 9.18, 180.00, 210, 405, 40
2026/09/16 19:16:39.162, NVIDIA GeForce RTX 4070 SUPER, 12282, 6283, 0, 0, 9.18, 180.00, 210, 405, 40
2026/09/16 19:16:39.362, NVIDIA GeForce RTX 4070 SUPER, 12282, 6283, 0, 0, 9.18, 180.00, 210, 405, 40
2026/09/16 19:16:39.562, NVIDIA GeForce RTX 4070 SUPER, 12282, 6283, 0, 0, 9.18, 180.00, 210, 405, 40
2026/09/16 19:16:39.763, NVIDIA GeForce RTX 4070 SUPER, 12282, 6283, 0, 0, 9.17, 180.00, 210, 405, 40
2026/09/16 19:16:39.963, NVIDIA GeForce RTX 4070 SUPER, 12282, 6283, 0, 0, 9.17, 180.00, 210, 405, 40
2026/09/16 19:16:40.164, NVIDIA GeForce RTX 4070 SUPER, 12282, 6283, 0, 0, 9.17, 180.00, 210, 405, 40
2026/09/16 19:16:40.364, NVIDIA GeForce RTX 4070 SUPER, 12282, 6283, 0, 0, 9.17, 180.00, 210, 405, 40
2026/09/16 19:16:40.565, NVIDIA GeForce RTX 4070 SUPER, 12282, 6283, 0, 0, 9.17, 180.00, 210, 405, 40
2026/09/16 19:16:40.765, NVIDIA GeForce RTX 4070 SUPER, 12282, 6283, 0, 0, 9.17, 180.00, 210, 405, 40
2026/09/16 19:16:40.965, NVIDIA GeForce RTX 4070 SUPER, 12282, 6283, 0, 0, 9.17, 180.00, 210, 405, 40
2026/09/16 19:16:41.166, NVIDIA GeForce RTX 4070 SUPER, 12282, 6283, 0, 0, 16.30, 180.00, 2505, 10251, 40
2026/09/16 19:16:41.366, NVIDIA GeForce RTX 4070 SUPER, 12282, 6283, 0, 0, 16.30, 180.00, 2505, 10251, 40
2026/09/16 19:16:41.566, NVIDIA GeForce RTX 4070 SUPER, 12282, 6283, 0, 0, 16.30, 180.00, 2505, 10251, 40
2026/09/16 19:16:41.767, NVIDIA GeForce RTX 4070 SUPER, 12282, 6143, 0, 0, 27.61, 180.00, 2505, 10251, 41
2026/09/16 19:16:41.967, NVIDIA GeForce RTX 4070 SUPER, 12282, 6255, 0, 0, 27.61, 180.00, 2505, 10251, 41
2026/09/16 19:16:42.168, NVIDIA GeForce RTX 4070 SUPER, 12282, 6255, 100, 7, 86.57, 180.00, 2130, 10251, 57
2026/09/16 19:16:42.368, NVIDIA GeForce RTX 4070 SUPER, 12282, 5973, 100, 7, 86.57, 180.00, 2130, 10251, 57
2026/09/16 19:16:42.569, NVIDIA GeForce RTX 4070 SUPER, 12282, 6261, 100, 7, 86.57, 180.00, 2130, 10251, 57
2026/09/16 19:16:42.769, NVIDIA GeForce RTX 4070 SUPER, 12282, 6261, 100, 34, 152.54, 180.00, 2625, 10251, 56
2026/09/16 19:16:42.970, NVIDIA GeForce RTX 4070 SUPER, 12282, 6261, 100, 34, 152.54, 180.00, 2625, 10251, 56
2026/09/16 19:16:43.170, NVIDIA GeForce RTX 4070 SUPER, 12282, 6267, 100, 34, 178.16, 180.00, 2640, 10251, 57
2026/09/16 19:16:43.370, NVIDIA GeForce RTX 4070 SUPER, 12282, 6267, 100, 34, 178.16, 180.00, 2640, 10251, 57
2026/09/16 19:16:43.571, NVIDIA GeForce RTX 4070 SUPER, 12282, 6267, 100, 34, 178.16, 180.00, 2640, 10251, 57
2026/09/16 19:16:43.771, NVIDIA GeForce RTX 4070 SUPER, 12282, 6267, 98, 19, 176.67, 180.00, 2655, 10251, 55
2026/09/16 19:16:43.972, NVIDIA GeForce RTX 4070 SUPER, 12282, 6267, 98, 19, 176.67, 180.00, 2655, 10251, 55
2026/09/16 19:16:44.172, NVIDIA GeForce RTX 4070 SUPER, 12282, 6267, 99, 14, 180.94, 180.00, 2100, 10251, 60
2026/09/16 19:16:44.372, NVIDIA GeForce RTX 4070 SUPER, 12282, 6267, 99, 14, 180.94, 180.00, 2100, 10251, 60
2026/09/16 19:16:44.573, NVIDIA GeForce RTX 4070 SUPER, 12282, 6267, 99, 14, 180.94, 180.00, 2100, 10251, 60
2026/09/16 19:16:44.773, NVIDIA GeForce RTX 4070 SUPER, 12282, 6267, 100, 7, 181.76, 180.00, 2055, 10251, 59
2026/09/16 19:16:44.974, NVIDIA GeForce RTX 4070 SUPER, 12282, 6267, 100, 7, 181.76, 180.00, 2055, 10251, 59
2026/09/16 19:16:45.174, NVIDIA GeForce RTX 4070 SUPER, 12282, 6267, 100, 34, 178.13, 180.00, 2625, 10251, 58
2026/09/16 19:16:45.375, NVIDIA GeForce RTX 4070 SUPER, 12282, 6267, 100, 34, 178.13, 180.00, 2625, 10251, 58
2026/09/16 19:16:45.575, NVIDIA GeForce RTX 4070 SUPER, 12282, 6267, 100, 34, 178.13, 180.00, 2625, 10251, 58
2026/09/16 19:16:45.775, NVIDIA GeForce RTX 4070 SUPER, 12282, 6267, 100, 31, 174.12, 180.00, 2070, 10251, 61
2026/09/16 19:16:45.976, NVIDIA GeForce RTX 4070 SUPER, 12282, 6267, 100, 31, 174.12, 180.00, 2070, 10251, 61
2026/09/16 19:16:46.176, NVIDIA GeForce RTX 4070 SUPER, 12282, 6267, 99, 15, 179.37, 180.00, 2160, 10251, 60
2026/09/16 19:16:46.376, NVIDIA GeForce RTX 4070 SUPER, 12282, 6267, 99, 15, 179.37, 180.00, 2160, 10251, 60
2026/09/16 19:16:46.577, NVIDIA GeForce RTX 4070 SUPER, 12282, 6267, 99, 15, 179.37, 180.00, 2160, 10251, 60
2026/09/16 19:16:46.777, NVIDIA GeForce RTX 4070 SUPER, 12282, 6267, 100, 7, 178.81, 180.00, 2145, 10251, 61
2026/09/16 19:16:46.978, NVIDIA GeForce RTX 4070 SUPER, 12282, 6267, 100, 7, 178.81, 180.00, 2145, 10251, 61
2026/09/16 19:16:47.178, NVIDIA GeForce RTX 4070 SUPER, 12282, 6267, 100, 7, 179.89, 180.00, 2130, 10251, 61
2026/09/16 19:16:47.378, NVIDIA GeForce RTX 4070 SUPER, 12282, 6267, 100, 7, 179.89, 180.00, 2130, 10251, 61
2026/09/16 19:16:47.579, NVIDIA GeForce RTX 4070 SUPER, 12282, 6267, 100, 7, 179.89, 180.00, 2130, 10251, 61
2026/09/16 19:16:47.779, NVIDIA GeForce RTX 4070 SUPER, 12282, 6267, 100, 34, 177.38, 180.00, 2625, 10251, 59
2026/09/16 19:16:47.980, NVIDIA GeForce RTX 4070 SUPER, 12282, 6267, 100, 34, 177.38, 180.00, 2625, 10251, 59
2026/09/16 19:16:48.180, NVIDIA GeForce RTX 4070 SUPER, 12282, 6267, 100, 12, 181.21, 180.00, 1965, 10251, 61
2026/09/16 19:16:48.381, NVIDIA GeForce RTX 4070 SUPER, 12282, 6267, 100, 12, 181.21, 180.00, 1965, 10251, 61
2026/09/16 19:16:48.581, NVIDIA GeForce RTX 4070 SUPER, 12282, 6267, 100, 12, 181.21, 180.00, 1965, 10251, 61
2026/09/16 19:16:48.782, NVIDIA GeForce RTX 4070 SUPER, 12282, 6267, 100, 6, 179.39, 180.00, 2040, 10251, 60
2026/09/16 19:16:48.982, NVIDIA GeForce RTX 4070 SUPER, 12282, 6267, 100, 6, 179.39, 180.00, 2040, 10251, 60
2026/09/16 19:16:49.182, NVIDIA GeForce RTX 4070 SUPER, 12282, 6267, 100, 6, 177.93, 180.00, 2115, 10251, 62
2026/09/16 19:16:49.383, NVIDIA GeForce RTX 4070 SUPER, 12282, 6267, 100, 6, 177.93, 180.00, 2115, 10251, 62
2026/09/16 19:16:49.583, NVIDIA GeForce RTX 4070 SUPER, 12282, 6267, 100, 6, 177.93, 180.00, 2115, 10251, 62
2026/09/16 19:16:49.784, NVIDIA GeForce RTX 4070 SUPER, 12282, 6267, 100, 6, 178.77, 180.00, 2010, 10251, 61
2026/09/16 19:16:49.984, NVIDIA GeForce RTX 4070 SUPER, 12282, 6267, 100, 6, 178.77, 180.00, 2010, 10251, 61
2026/09/16 19:16:50.185, NVIDIA GeForce RTX 4070 SUPER, 12282, 6267, 100, 34, 176.94, 180.00, 2610, 10251, 60
2026/09/16 19:16:50.385, NVIDIA GeForce RTX 4070 SUPER, 12282, 6267, 100, 34, 176.94, 180.00, 2610, 10251, 60
2026/09/16 19:16:50.586, NVIDIA GeForce RTX 4070 SUPER, 12282, 6267, 100, 34, 176.94, 180.00, 2610, 10251, 60
2026/09/16 19:16:50.786, NVIDIA GeForce RTX 4070 SUPER, 12282, 6267, 100, 8, 181.14, 180.00, 1980, 10251, 62
2026/09/16 19:16:50.986, NVIDIA GeForce RTX 4070 SUPER, 12282, 6267, 100, 8, 181.14, 180.00, 1980, 10251, 62
2026/09/16 19:16:51.187, NVIDIA GeForce RTX 4070 SUPER, 12282, 6267, 100, 6, 180.15, 180.00, 2115, 10251, 62
2026/09/16 19:16:51.387, NVIDIA GeForce RTX 4070 SUPER, 12282, 6267, 100, 6, 180.15, 180.00, 2115, 10251, 62
2026/09/16 19:16:51.587, NVIDIA GeForce RTX 4070 SUPER, 12282, 6267, 100, 6, 180.15, 180.00, 2115, 10251, 62
2026/09/16 19:16:51.788, NVIDIA GeForce RTX 4070 SUPER, 12282, 6267, 100, 7, 177.23, 180.00, 2115, 10251, 62
2026/09/16 19:16:51.988, NVIDIA GeForce RTX 4070 SUPER, 12282, 6267, 100, 7, 177.23, 180.00, 2115, 10251, 62
2026/09/16 19:16:52.189, NVIDIA GeForce RTX 4070 SUPER, 12282, 6267, 100, 6, 176.58, 180.00, 2610, 10251, 59
2026/09/16 19:16:52.389, NVIDIA GeForce RTX 4070 SUPER, 12282, 6267, 100, 6, 176.58, 180.00, 2610, 10251, 59
2026/09/16 19:16:52.590, NVIDIA GeForce RTX 4070 SUPER, 12282, 6267, 100, 6, 176.58, 180.00, 2610, 10251, 59
2026/09/16 19:16:52.790, NVIDIA GeForce RTX 4070 SUPER, 12282, 6267, 100, 34, 175.98, 180.00, 2610, 10251, 61
2026/09/16 19:16:52.991, NVIDIA GeForce RTX 4070 SUPER, 12282, 6267, 100, 34, 175.98, 180.00, 2610, 10251, 61
2026/09/16 19:16:53.191, NVIDIA GeForce RTX 4070 SUPER, 12282, 6267, 100, 6, 182.49, 180.00, 1980, 10251, 62
2026/09/16 19:16:53.391, NVIDIA GeForce RTX 4070 SUPER, 12282, 6267, 100, 6, 182.49, 180.00, 1980, 10251, 62
2026/09/16 19:16:53.592, NVIDIA GeForce RTX 4070 SUPER, 12282, 6267, 100, 6, 182.49, 180.00, 1980, 10251, 62
2026/09/16 19:16:53.792, NVIDIA GeForce RTX 4070 SUPER, 12282, 6267, 100, 7, 183.20, 180.00, 1965, 10251, 62
2026/09/16 19:16:53.993, NVIDIA GeForce RTX 4070 SUPER, 12282, 6267, 100, 7, 183.20, 180.00, 1965, 10251, 62
2026/09/16 19:16:54.193, NVIDIA GeForce RTX 4070 SUPER, 12282, 6267, 100, 6, 176.56, 180.00, 2490, 10251, 59
2026/09/16 19:16:54.393, NVIDIA GeForce RTX 4070 SUPER, 12282, 6267, 100, 6, 176.56, 180.00, 2490, 10251, 59
2026/09/16 19:16:54.594, NVIDIA GeForce RTX 4070 SUPER, 12282, 6267, 100, 6, 176.56, 180.00, 2490, 10251, 59
2026/09/16 19:16:54.795, NVIDIA GeForce RTX 4070 SUPER, 12282, 6267, 89, 17, 173.61, 180.00, 2610, 10251, 61
2026/09/16 19:16:54.995, NVIDIA GeForce RTX 4070 SUPER, 12282, 6267, 89, 17, 173.61, 180.00, 2610, 10251, 61
2026/09/16 19:16:55.196, NVIDIA GeForce RTX 4070 SUPER, 12282, 6267, 100, 34, 176.73, 180.00, 2610, 10251, 61
2026/09/16 19:16:55.396, NVIDIA GeForce RTX 4070 SUPER, 12282, 6267, 100, 34, 176.73, 180.00, 2610, 10251, 61
2026/09/16 19:16:55.596, NVIDIA GeForce RTX 4070 SUPER, 12282, 6267, 100, 34, 176.73, 180.00, 2610, 10251, 61
2026/09/16 19:16:55.797, NVIDIA GeForce RTX 4070 SUPER, 12282, 6267, 100, 6, 178.52, 180.00, 1965, 10251, 62
2026/09/16 19:16:55.997, NVIDIA GeForce RTX 4070 SUPER, 12282, 6267, 100, 6, 178.52, 180.00, 1965, 10251, 62
2026/09/16 19:16:56.198, NVIDIA GeForce RTX 4070 SUPER, 12282, 6267, 100, 6, 179.57, 180.00, 2460, 10251, 60
2026/09/16 19:16:56.398, NVIDIA GeForce RTX 4070 SUPER, 12282, 6267, 100, 6, 179.57, 180.00, 2460, 10251, 60
2026/09/16 19:16:56.599, NVIDIA GeForce RTX 4070 SUPER, 12282, 6267, 100, 6, 179.57, 180.00, 2460, 10251, 60
2026/09/16 19:16:56.799, NVIDIA GeForce RTX 4070 SUPER, 12282, 6267, 98, 19, 174.48, 180.00, 2670, 10251, 60
2026/09/16 19:16:57.000, NVIDIA GeForce RTX 4070 SUPER, 12282, 6267, 98, 19, 174.48, 180.00, 2670, 10251, 60
2026/09/16 19:16:57.200, NVIDIA GeForce RTX 4070 SUPER, 12282, 6267, 88, 29, 171.97, 180.00, 2625, 10251, 62
2026/09/16 19:16:57.401, NVIDIA GeForce RTX 4070 SUPER, 12282, 6267, 88, 29, 171.97, 180.00, 2625, 10251, 62
2026/09/16 19:16:57.601, NVIDIA GeForce RTX 4070 SUPER, 12282, 6267, 88, 29, 171.97, 180.00, 2625, 10251, 62
2026/09/16 19:16:57.801, NVIDIA GeForce RTX 4070 SUPER, 12282, 6267, 100, 27, 174.15, 180.00, 2670, 10251, 66
2026/09/16 19:16:58.002, NVIDIA GeForce RTX 4070 SUPER, 12282, 6267, 100, 27, 174.15, 180.00, 2670, 10251, 66
2026/09/16 19:16:58.202, NVIDIA GeForce RTX 4070 SUPER, 12282, 6267, 100, 10, 177.98, 180.00, 2025, 10251, 64
2026/09/16 19:16:58.403, NVIDIA GeForce RTX 4070 SUPER, 12282, 6267, 100, 10, 177.98, 180.00, 2025, 10251, 64
2026/09/16 19:16:58.603, NVIDIA GeForce RTX 4070 SUPER, 12282, 6267, 100, 10, 177.98, 180.00, 2025, 10251, 64
2026/09/16 19:16:58.804, NVIDIA GeForce RTX 4070 SUPER, 12282, 6267, 100, 7, 180.73, 180.00, 2085, 10251, 64
2026/09/16 19:16:59.004, NVIDIA GeForce RTX 4070 SUPER, 12282, 6267, 100, 7, 180.73, 180.00, 2085, 10251, 64
2026/09/16 19:16:59.205, NVIDIA GeForce RTX 4070 SUPER, 12282, 6267, 0, 0, 145.86, 180.00, 2790, 10251, 51
2026/09/16 19:16:59.405, NVIDIA GeForce RTX 4070 SUPER, 12282, 6267, 0, 0, 145.86, 180.00, 2790, 10251, 51
2026/09/16 19:16:59.605, NVIDIA GeForce RTX 4070 SUPER, 12282, 6267, 0, 0, 145.86, 180.00, 2790, 10251, 51
2026/09/16 19:16:59.806, NVIDIA GeForce RTX 4070 SUPER, 12282, 6267, 0, 0, 80.88, 180.00, 2790, 10251, 49
2026/09/16 19:17:00.006, NVIDIA GeForce RTX 4070 SUPER, 12282, 6267, 0, 0, 80.88, 180.00, 2790, 10251, 49
2026/09/16 19:17:00.206, NVIDIA GeForce RTX 4070 SUPER, 12282, 6267, 0, 0, 56.36, 180.00, 2790, 10251, 49
2026/09/16 19:17:00.407, NVIDIA GeForce RTX 4070 SUPER, 12282, 6267, 0, 0, 56.36, 180.00, 2790, 10251, 49
2026/09/16 19:17:00.607, NVIDIA GeForce RTX 4070 SUPER, 12282, 6267, 0, 0, 56.36, 180.00, 2790, 10251, 49
2026/09/16 19:17:00.807, NVIDIA GeForce RTX 4070 SUPER, 12282, 6267, 0, 0, 56.36, 180.00, 2790, 10251, 49
2026/09/16 19:17:01.008, NVIDIA GeForce RTX 4070 SUPER, 12282, 6267, 0, 0, 56.36, 180.00, 2790, 10251, 49
2026/09/16 19:17:01.208, NVIDIA GeForce RTX 4070 SUPER, 12282, 6267, 0, 0, 39.88, 180.00, 2505, 10251, 48
2026/09/16 19:17:01.408, NVIDIA GeForce RTX 4070 SUPER, 12282, 6267, 0, 0, 39.88, 180.00, 2505, 10251, 48
2026/09/16 19:17:01.609, NVIDIA GeForce RTX 4070 SUPER, 12282, 6267, 0, 0, 39.88, 180.00, 2505, 10251, 48
2026/09/16 19:17:01.809, NVIDIA GeForce RTX 4070 SUPER, 12282, 6267, 0, 0, 39.88, 180.00, 2505, 10251, 48
2026/09/16 19:17:02.009, NVIDIA GeForce RTX 4070 SUPER, 12282, 6267, 0, 0, 39.88, 180.00, 2505, 10251, 48
2026/09/16 19:17:02.210, NVIDIA GeForce RTX 4070 SUPER, 12282, 6267, 0, 0, 34.26, 180.00, 2505, 10251, 47
2026/09/16 19:17:02.410, NVIDIA GeForce RTX 4070 SUPER, 12282, 6267, 0, 0, 34.26, 180.00, 2505, 10251, 47
2026/09/16 19:17:02.610, NVIDIA GeForce RTX 4070 SUPER, 12282, 6267, 0, 0, 34.26, 180.00, 2505, 10251, 47
2026/09/16 19:17:02.811, NVIDIA GeForce RTX 4070 SUPER, 12282, 6267, 0, 0, 34.26, 180.00, 2505, 10251, 47
2026/09/16 19:17:03.011, NVIDIA GeForce RTX 4070 SUPER, 12282, 6267, 0, 0, 34.26, 180.00, 2505, 10251, 47
2026/09/16 19:17:03.211, NVIDIA GeForce RTX 4070 SUPER, 12282, 6267, 0, 0, 28.78, 180.00, 2505, 10251, 46
2026/09/16 19:17:03.412, NVIDIA GeForce RTX 4070 SUPER, 12282, 6267, 0, 0, 28.78, 180.00, 2505, 10251, 46
2026/09/16 19:17:03.612, NVIDIA GeForce RTX 4070 SUPER, 12282, 6267, 0, 0, 28.78, 180.00, 2505, 10251, 46
2026/09/16 19:17:03.813, NVIDIA GeForce RTX 4070 SUPER, 12282, 6267, 0, 0, 28.78, 180.00, 2505, 10251, 46
2026/09/16 19:17:04.013, NVIDIA GeForce RTX 4070 SUPER, 12282, 6267, 0, 0, 28.78, 180.00, 2505, 10251, 46
2026/09/16 19:17:04.214, NVIDIA GeForce RTX 4070 SUPER, 12282, 6267, 0, 0, 28.78, 180.00, 2505, 10251, 46
2026/09/16 19:17:04.414, NVIDIA GeForce RTX 4070 SUPER, 12282, 6267, 0, 0, 28.78, 180.00, 2505, 10251, 46
2026/09/16 19:17:04.615, NVIDIA GeForce RTX 4070 SUPER, 12282, 6267, 0, 0, 28.78, 180.00, 2505, 10251, 46
2026/09/16 19:17:04.815, NVIDIA GeForce RTX 4070 SUPER, 12282, 6267, 0, 0, 28.78, 180.00, 2505, 10251, 46
2026/09/16 19:17:05.016, NVIDIA GeForce RTX 4070 SUPER, 12282, 6267, 0, 0, 28.78, 180.00, 2505, 10251, 46
2026/09/16 19:17:05.216, NVIDIA GeForce RTX 4070 SUPER, 12282, 6267, 0, 0, 28.69, 180.00, 2505, 10251, 45
2026/09/16 19:17:05.417, NVIDIA GeForce RTX 4070 SUPER, 12282, 6267, 0, 0, 28.69, 180.00, 2505, 10251, 45
2026/09/16 19:17:05.617, NVIDIA GeForce RTX 4070 SUPER, 12282, 6267, 0, 0, 28.69, 180.00, 2505, 10251, 45
2026/09/16 19:17:05.817, NVIDIA GeForce RTX 4070 SUPER, 12282, 6267, 0, 0, 28.69, 180.00, 2505, 10251, 45
2026/09/16 19:17:06.017, NVIDIA GeForce RTX 4070 SUPER, 12282, 6267, 0, 0, 28.69, 180.00, 2505, 10251, 45
2026/09/16 19:17:06.218, NVIDIA GeForce RTX 4070 SUPER, 12282, 6267, 0, 0, 28.47, 180.00, 2505, 10251, 45
2026/09/16 19:17:06.418, NVIDIA GeForce RTX 4070 SUPER, 12282, 6267, 0, 0, 28.47, 180.00, 2505, 10251, 45
2026/09/16 19:17:06.618, NVIDIA GeForce RTX 4070 SUPER, 12282, 6267, 0, 0, 28.47, 180.00, 2505, 10251, 45
2026/09/16 19:17:06.819, NVIDIA GeForce RTX 4070 SUPER, 12282, 6267, 0, 0, 28.47, 180.00, 2505, 10251, 45
2026/09/16 19:17:07.019, NVIDIA GeForce RTX 4070 SUPER, 12282, 6267, 0, 0, 28.47, 180.00, 2505, 10251, 45
2026/09/16 19:17:07.220, NVIDIA GeForce RTX 4070 SUPER, 12282, 6267, 0, 0, 28.29, 180.00, 2505, 10251, 45
2026/09/16 19:17:07.420, NVIDIA GeForce RTX 4070 SUPER, 12282, 6267, 0, 0, 28.29, 180.00, 2505, 10251, 45
2026/09/16 19:17:07.620, NVIDIA GeForce RTX 4070 SUPER, 12282, 6267, 0, 0, 28.29, 180.00, 2505, 10251, 45
2026/09/16 19:17:07.821, NVIDIA GeForce RTX 4070 SUPER, 12282, 6267, 0, 0, 28.29, 180.00, 2505, 10251, 45
2026/09/16 19:17:08.021, NVIDIA GeForce RTX 4070 SUPER, 12282, 6267, 0, 0, 28.29, 180.00, 2505, 10251, 45
2026/09/16 19:17:08.222, NVIDIA GeForce RTX 4070 SUPER, 12282, 6267, 0, 0, 28.20, 180.00, 2505, 10251, 45
2026/09/16 19:17:08.422, NVIDIA GeForce RTX 4070 SUPER, 12282, 6267, 0, 0, 28.20, 180.00, 2505, 10251, 45
2026/09/16 19:17:08.623, NVIDIA GeForce RTX 4070 SUPER, 12282, 6267, 0, 0, 28.20, 180.00, 2505, 10251, 45
2026/09/16 19:17:08.823, NVIDIA GeForce RTX 4070 SUPER, 12282, 6267, 0, 0, 28.20, 180.00, 2505, 10251, 45
2026/09/16 19:17:09.024, NVIDIA GeForce RTX 4070 SUPER, 12282, 6267, 0, 0, 28.20, 180.00, 2505, 10251, 45
2026/09/16 19:17:09.224, NVIDIA GeForce RTX 4070 SUPER, 12282, 6267, 0, 0, 28.10, 180.00, 2505, 10251, 44
2026/09/16 19:17:09.424, NVIDIA GeForce RTX 4070 SUPER, 12282, 6267, 0, 0, 28.10, 180.00, 2505, 10251, 44
2026/09/16 19:17:09.625, NVIDIA GeForce RTX 4070 SUPER, 12282, 6267, 0, 0, 28.10, 180.00, 2505, 10251, 44
2026/09/16 19:17:09.825, NVIDIA GeForce RTX 4070 SUPER, 12282, 6267, 0, 0, 28.10, 180.00, 2505, 10251, 44
2026/09/16 19:17:10.025, NVIDIA GeForce RTX 4070 SUPER, 12282, 6267, 0, 0, 28.10, 180.00, 2505, 10251, 44
2026/09/16 19:17:10.226, NVIDIA GeForce RTX 4070 SUPER, 12282, 6267, 0, 0, 27.94, 180.00, 2505, 10251, 44
2026/09/16 19:17:10.426, NVIDIA GeForce RTX 4070 SUPER, 12282, 6267, 0, 0, 27.94, 180.00, 2505, 10251, 44
2026/09/16 19:17:10.626, NVIDIA GeForce RTX 4070 SUPER, 12282, 6267, 0, 0, 27.94, 180.00, 2505, 10251, 44
2026/09/16 19:17:10.827, NVIDIA GeForce RTX 4070 SUPER, 12282, 6267, 0, 0, 27.94, 180.00, 2505, 10251, 44
2026/09/16 19:17:11.027, NVIDIA GeForce RTX 4070 SUPER, 12282, 6267, 0, 0, 27.94, 180.00, 2505, 10251, 44
2026/09/16 19:17:11.227, NVIDIA GeForce RTX 4070 SUPER, 12282, 6267, 0, 0, 27.92, 180.00, 2505, 10251, 44
2026/09/16 19:17:11.428, NVIDIA GeForce RTX 4070 SUPER, 12282, 6267, 0, 0, 27.92, 180.00, 2505, 10251, 44
2026/09/16 19:17:11.628, NVIDIA GeForce RTX 4070 SUPER, 12282, 6267, 0, 0, 27.92, 180.00, 2505, 10251, 44
2026/09/16 19:17:11.828, NVIDIA GeForce RTX 4070 SUPER, 12282, 6267, 0, 0, 27.92, 180.00, 2505, 10251, 44
2026/09/16 19:17:12.029, NVIDIA GeForce RTX 4070 SUPER, 12282, 6267, 0, 0, 27.92, 180.00, 2505, 10251, 44
2026/09/16 19:17:12.229, NVIDIA GeForce RTX 4070 SUPER, 12282, 6267, 0, 0, 27.97, 180.00, 2505, 10251, 44
2026/09/16 19:17:12.430, NVIDIA GeForce RTX 4070 SUPER, 12282, 6267, 0, 0, 27.97, 180.00, 2505, 10251, 44
2026/09/16 19:17:12.630, NVIDIA GeForce RTX 4070 SUPER, 12282, 6267, 0, 0, 27.97, 180.00, 2505, 10251, 44
2026/09/16 19:17:12.830, NVIDIA GeForce RTX 4070 SUPER, 12282, 6267, 0, 0, 27.97, 180.00, 2505, 10251, 44
2026/09/16 19:17:13.031, NVIDIA GeForce RTX 4070 SUPER, 12282, 6267, 0, 0, 27.97, 180.00, 2505, 10251, 44
2026/09/16 19:17:13.231, NVIDIA GeForce RTX 4070 SUPER, 12282, 6267, 0, 0, 27.93, 180.00, 2505, 10251, 43
2026/09/16 19:17:13.432, NVIDIA GeForce RTX 4070 SUPER, 12282, 6267, 0, 0, 27.93, 180.00, 2505, 10251, 43
2026/09/16 19:17:13.632, NVIDIA GeForce RTX 4070 SUPER, 12282, 6267, 0, 0, 27.93, 180.00, 2505, 10251, 43
2026/09/16 19:17:13.832, NVIDIA GeForce RTX 4070 SUPER, 12282, 6267, 0, 0, 27.93, 180.00, 2505, 10251, 43
2026/09/16 19:17:14.033, NVIDIA GeForce RTX 4070 SUPER, 12282, 6267, 0, 0, 27.93, 180.00, 2505, 10251, 43
2026/09/16 19:17:14.234, NVIDIA GeForce RTX 4070 SUPER, 12282, 6267, 0, 0, 27.83, 180.00, 2505, 10251, 43
2026/09/16 19:17:14.434, NVIDIA GeForce RTX 4070 SUPER, 12282, 6267, 0, 0, 27.83, 180.00, 2505, 10251, 43
2026/09/16 19:17:14.634, NVIDIA GeForce RTX 4070 SUPER, 12282, 6267, 0, 0, 27.83, 180.00, 2505, 10251, 43
2026/09/16 19:17:14.835, NVIDIA GeForce RTX 4070 SUPER, 12282, 6267, 0, 0, 27.83, 180.00, 2505, 10251, 43
2026/09/16 19:17:15.035, NVIDIA GeForce RTX 4070 SUPER, 12282, 6267, 0, 0, 27.83, 180.00, 2505, 10251, 43
2026/09/16 19:17:15.235, NVIDIA GeForce RTX 4070 SUPER, 12282, 6267, 0, 0, 27.80, 180.00, 2505, 10251, 43
2026/09/16 19:17:15.436, NVIDIA GeForce RTX 4070 SUPER, 12282, 6267, 0, 0, 27.80, 180.00, 2505, 10251, 43
2026/09/16 19:17:15.636, NVIDIA GeForce RTX 4070 SUPER, 12282, 6267, 0, 0, 27.80, 180.00, 2505, 10251, 43
2026/09/16 19:17:15.836, NVIDIA GeForce RTX 4070 SUPER, 12282, 6267, 0, 0, 27.80, 180.00, 2505, 10251, 43
2026/09/16 19:17:16.037, NVIDIA GeForce RTX 4070 SUPER, 12282, 6267, 0, 0, 27.80, 180.00, 2505, 10251, 43
2026/09/16 19:17:16.237, NVIDIA GeForce RTX 4070 SUPER, 12282, 6267, 0, 0, 27.73, 180.00, 510, 810, 43
2026/09/16 19:17:16.438, NVIDIA GeForce RTX 4070 SUPER, 12282, 6267, 0, 0, 27.73, 180.00, 510, 810, 43
2026/09/16 19:17:16.638, NVIDIA GeForce RTX 4070 SUPER, 12282, 6267, 0, 0, 27.73, 180.00, 510, 810, 43
2026/09/16 19:17:16.838, NVIDIA GeForce RTX 4070 SUPER, 12282, 6267, 0, 0, 27.73, 180.00, 510, 810, 43
2026/09/16 19:17:17.039, NVIDIA GeForce RTX 4070 SUPER, 12282, 6267, 0, 0, 27.73, 180.00, 510, 810, 43
2026/09/16 19:17:17.239, NVIDIA GeForce RTX 4070 SUPER, 12282, 6267, 0, 0, 19.63, 180.00, 330, 810, 42
2026/09/16 19:17:17.440, NVIDIA GeForce RTX 4070 SUPER, 12282, 6267, 0, 0, 19.63, 180.00, 330, 810, 42
2026/09/16 19:17:17.640, NVIDIA GeForce RTX 4070 SUPER, 12282, 6267, 0, 0, 19.63, 180.00, 330, 810, 42
2026/09/16 19:17:17.840, NVIDIA GeForce RTX 4070 SUPER, 12282, 6267, 0, 0, 11.08, 180.00, 240, 405, 41
2026/09/16 19:17:18.041, NVIDIA GeForce RTX 4070 SUPER, 12282, 6267, 0, 0, 11.08, 180.00, 240, 405, 41
2026/09/16 19:17:18.241, NVIDIA GeForce RTX 4070 SUPER, 12282, 6267, 0, 0, 10.11, 180.00, 210, 405, 41
2026/09/16 19:17:18.442, NVIDIA GeForce RTX 4070 SUPER, 12282, 6267, 0, 0, 10.11, 180.00, 210, 405, 41
2026/09/16 19:17:18.642, NVIDIA GeForce RTX 4070 SUPER, 12282, 6267, 0, 0, 10.11, 180.00, 210, 405, 41
2026/09/16 19:17:18.843, NVIDIA GeForce RTX 4070 SUPER, 12282, 6267, 0, 0, 10.06, 180.00, 210, 405, 41
2026/09/16 19:17:19.043, NVIDIA GeForce RTX 4070 SUPER, 12282, 6267, 0, 0, 10.06, 180.00, 210, 405, 41
2026/09/16 19:17:19.244, NVIDIA GeForce RTX 4070 SUPER, 12282, 6267, 0, 0, 10.06, 180.00, 210, 405, 41
2026/09/16 19:17:19.444, NVIDIA GeForce RTX 4070 SUPER, 12282, 6267, 0, 0, 10.06, 180.00, 210, 405, 41
2026/09/16 19:17:19.645, NVIDIA GeForce RTX 4070 SUPER, 12282, 6267, 0, 0, 10.06, 180.00, 210, 405, 41
2026/09/16 19:17:19.845, NVIDIA GeForce RTX 4070 SUPER, 12282, 6267, 0, 0, 9.44, 180.00, 210, 405, 41
2026/09/16 19:17:20.045, NVIDIA GeForce RTX 4070 SUPER, 12282, 6267, 0, 0, 9.44, 180.00, 210, 405, 41
2026/09/16 19:17:20.246, NVIDIA GeForce RTX 4070 SUPER, 12282, 6267, 0, 0, 9.44, 180.00, 210, 405, 41
2026/09/16 19:17:20.446, NVIDIA GeForce RTX 4070 SUPER, 12282, 6267, 0, 0, 9.44, 180.00, 210, 405, 41
2026/09/16 19:17:20.647, NVIDIA GeForce RTX 4070 SUPER, 12282, 6267, 0, 0, 9.44, 180.00, 210, 405, 41
2026/09/16 19:17:20.847, NVIDIA GeForce RTX 4070 SUPER, 12282, 6267, 0, 0, 9.16, 180.00, 210, 405, 41
2026/09/16 19:17:21.047, NVIDIA GeForce RTX 4070 SUPER, 12282, 6267, 0, 0, 9.16, 180.00, 210, 405, 41
2026/09/16 19:17:21.248, NVIDIA GeForce RTX 4070 SUPER, 12282, 6267, 0, 0, 9.16, 180.00, 210, 405, 41
2026/09/16 19:17:21.448, NVIDIA GeForce RTX 4070 SUPER, 12282, 6267, 0, 0, 9.16, 180.00, 210, 405, 41
2026/09/16 19:17:21.649, NVIDIA GeForce RTX 4070 SUPER, 12282, 2487, 0, 0, 8.90, 180.00, 210, 405, 40
2026/09/16 19:17:21.918, NVIDIA GeForce RTX 4070 SUPER, 12282, 2487, 0, 0, 8.90, 180.00, 210, 405, 40
2026/09/16 19:17:22.118, NVIDIA GeForce RTX 4070 SUPER, 12282, 2487, 0, 0, 8.90, 180.00, 210, 405, 40
2026/09/16 19:17:22.319, NVIDIA GeForce RTX 4070 SUPER, 12282, 2487, 0, 0, 11.11, 180.00, 2505, 10251, 41
2026/09/16 19:17:22.519, NVIDIA GeForce RTX 4070 SUPER, 12282, 2487, 0, 0, 11.11, 180.00, 2505, 10251, 41
2026/09/16 19:17:22.720, NVIDIA GeForce RTX 4070 SUPER, 12282, 2487, 0, 0, 20.89, 180.00, 2505, 10251, 41
2026/09/16 19:17:22.920, NVIDIA GeForce RTX 4070 SUPER, 12282, 2487, 0, 0, 20.89, 180.00, 2505, 10251, 41
2026/09/16 19:17:23.120, NVIDIA GeForce RTX 4070 SUPER, 12282, 2487, 0, 0, 20.89, 180.00, 2505, 10251, 41
2026/09/16 19:17:23.321, NVIDIA GeForce RTX 4070 SUPER, 12282, 2487, 0, 0, 25.78, 180.00, 2505, 10251, 41
2026/09/16 19:17:23.521, NVIDIA GeForce RTX 4070 SUPER, 12282, 2487, 0, 0, 25.78, 180.00, 2505, 10251, 41
2026/09/16 19:17:23.721, NVIDIA GeForce RTX 4070 SUPER, 12282, 2487, 0, 0, 25.78, 180.00, 2505, 10251, 41
2026/09/16 19:17:23.922, NVIDIA GeForce RTX 4070 SUPER, 12282, 2487, 0, 0, 25.78, 180.00, 2505, 10251, 41
2026/09/16 19:17:24.122, NVIDIA GeForce RTX 4070 SUPER, 12282, 2487, 0, 0, 25.78, 180.00, 2505, 10251, 41
2026/09/16 19:17:24.322, NVIDIA GeForce RTX 4070 SUPER, 12282, 2487, 0, 0, 24.70, 180.00, 525, 810, 41
2026/09/16 19:17:24.523, NVIDIA GeForce RTX 4070 SUPER, 12282, 2487, 0, 0, 24.70, 180.00, 525, 810, 41
2026/09/16 19:17:24.723, NVIDIA GeForce RTX 4070 SUPER, 12282, 2487, 0, 0, 24.70, 180.00, 525, 810, 41
2026/09/16 19:17:24.924, NVIDIA GeForce RTX 4070 SUPER, 12282, 2487, 0, 0, 24.70, 180.00, 525, 810, 41
2026/09/16 19:17:25.124, NVIDIA GeForce RTX 4070 SUPER, 12282, 2487, 0, 0, 24.70, 180.00, 525, 810, 41
2026/09/16 19:17:25.325, NVIDIA GeForce RTX 4070 SUPER, 12282, 2487, 0, 0, 18.08, 180.00, 330, 810, 41
2026/09/16 19:17:25.525, NVIDIA GeForce RTX 4070 SUPER, 12282, 2487, 0, 0, 18.08, 180.00, 330, 810, 41
2026/09/16 19:17:25.726, NVIDIA GeForce RTX 4070 SUPER, 12282, 2487, 0, 0, 18.08, 180.00, 330, 810, 41
2026/09/16 19:17:25.926, NVIDIA GeForce RTX 4070 SUPER, 12282, 2487, 0, 0, 18.08, 180.00, 330, 810, 41
2026/09/16 19:17:26.127, NVIDIA GeForce RTX 4070 SUPER, 12282, 2487, 0, 0, 18.08, 180.00, 330, 810, 41
2026/09/16 19:17:26.327, NVIDIA GeForce RTX 4070 SUPER, 12282, 2487, 0, 0, 11.21, 180.00, 210, 405, 40
2026/09/16 19:17:26.528, NVIDIA GeForce RTX 4070 SUPER, 12282, 2487, 0, 0, 11.21, 180.00, 210, 405, 40
2026/09/16 19:17:26.728, NVIDIA GeForce RTX 4070 SUPER, 12282, 2487, 0, 0, 11.21, 180.00, 210, 405, 40
2026/09/16 19:17:26.929, NVIDIA GeForce RTX 4070 SUPER, 12282, 2487, 0, 0, 11.21, 180.00, 210, 405, 40
2026/09/16 19:17:27.129, NVIDIA GeForce RTX 4070 SUPER, 12282, 2487, 0, 0, 11.21, 180.00, 210, 405, 40
2026/09/16 19:17:27.329, NVIDIA GeForce RTX 4070 SUPER, 12282, 2487, 0, 0, 9.94, 180.00, 210, 405, 40
2026/09/16 19:17:27.530, NVIDIA GeForce RTX 4070 SUPER, 12282, 2487, 0, 0, 9.94, 180.00, 210, 405, 40
2026/09/16 19:17:27.730, NVIDIA GeForce RTX 4070 SUPER, 12282, 2487, 0, 0, 9.94, 180.00, 210, 405, 40
2026/09/16 19:17:27.931, NVIDIA GeForce RTX 4070 SUPER, 12282, 2487, 0, 0, 9.94, 180.00, 210, 405, 40
2026/09/16 19:17:28.131, NVIDIA GeForce RTX 4070 SUPER, 12282, 2487, 0, 0, 9.94, 180.00, 210, 405, 40
2026/09/16 19:17:28.332, NVIDIA GeForce RTX 4070 SUPER, 12282, 2487, 0, 0, 9.21, 180.00, 210, 405, 40
2026/09/16 19:17:28.533, NVIDIA GeForce RTX 4070 SUPER, 12282, 2487, 0, 0, 9.21, 180.00, 210, 405, 40
2026/09/16 19:17:28.733, NVIDIA GeForce RTX 4070 SUPER, 12282, 2487, 0, 0, 9.21, 180.00, 210, 405, 40
2026/09/16 19:17:28.934, NVIDIA GeForce RTX 4070 SUPER, 12282, 2487, 0, 0, 9.21, 180.00, 210, 405, 40
2026/09/16 19:17:29.134, NVIDIA GeForce RTX 4070 SUPER, 12282, 2487, 0, 0, 9.21, 180.00, 210, 405, 40
2026/09/16 19:17:29.334, NVIDIA GeForce RTX 4070 SUPER, 12282, 2487, 0, 0, 9.13, 180.00, 210, 405, 40
2026/09/16 19:17:29.535, NVIDIA GeForce RTX 4070 SUPER, 12282, 2487, 0, 0, 9.13, 180.00, 210, 405, 40
2026/09/16 19:17:29.736, NVIDIA GeForce RTX 4070 SUPER, 12282, 2487, 0, 0, 9.13, 180.00, 210, 405, 40
2026/09/16 19:17:29.936, NVIDIA GeForce RTX 4070 SUPER, 12282, 2487, 0, 0, 9.13, 180.00, 210, 405, 40
2026/09/16 19:17:30.137, NVIDIA GeForce RTX 4070 SUPER, 12282, 2487, 0, 0, 9.13, 180.00, 210, 405, 40
2026/09/16 19:17:30.337, NVIDIA GeForce RTX 4070 SUPER, 12282, 2487, 0, 0, 9.08, 180.00, 210, 405, 40
2026/09/16 19:17:30.537, NVIDIA GeForce RTX 4070 SUPER, 12282, 2487, 0, 0, 9.08, 180.00, 210, 405, 40
2026/09/16 19:17:30.738, NVIDIA GeForce RTX 4070 SUPER, 12282, 2487, 0, 0, 9.08, 180.00, 210, 405, 40
2026/09/16 19:17:30.938, NVIDIA GeForce RTX 4070 SUPER, 12282, 2487, 0, 0, 9.08, 180.00, 210, 405, 40
2026/09/16 19:17:31.139, NVIDIA GeForce RTX 4070 SUPER, 12282, 2487, 0, 0, 9.08, 180.00, 210, 405, 40
2026/09/16 19:17:31.339, NVIDIA GeForce RTX 4070 SUPER, 12282, 2487, 0, 0, 9.08, 180.00, 210, 405, 40
2026/09/16 19:17:31.539, NVIDIA GeForce RTX 4070 SUPER, 12282, 2487, 0, 0, 9.08, 180.00, 210, 405, 40
2026/09/16 19:17:31.740, NVIDIA GeForce RTX 4070 SUPER, 12282, 2487, 0, 0, 9.08, 180.00, 210, 405, 40
2026/09/16 19:17:31.941, NVIDIA GeForce RTX 4070 SUPER, 12282, 2487, 0, 0, 9.08, 180.00, 210, 405, 40
2026/09/16 19:17:32.141, NVIDIA GeForce RTX 4070 SUPER, 12282, 2487, 0, 0, 9.08, 180.00, 210, 405, 40
2026/09/16 19:17:32.341, NVIDIA GeForce RTX 4070 SUPER, 12282, 2487, 0, 0, 9.12, 180.00, 210, 405, 40
2026/09/16 19:17:32.542, NVIDIA GeForce RTX 4070 SUPER, 12282, 2487, 0, 0, 9.12, 180.00, 210, 405, 40
2026/09/16 19:17:32.742, NVIDIA GeForce RTX 4070 SUPER, 12282, 2487, 0, 0, 9.12, 180.00, 210, 405, 40
2026/09/16 19:17:32.943, NVIDIA GeForce RTX 4070 SUPER, 12282, 2487, 0, 0, 9.12, 180.00, 210, 405, 40
2026/09/16 19:17:33.143, NVIDIA GeForce RTX 4070 SUPER, 12282, 2487, 0, 0, 9.12, 180.00, 210, 405, 40
2026/09/16 19:17:33.343, NVIDIA GeForce RTX 4070 SUPER, 12282, 2487, 0, 0, 9.19, 180.00, 210, 405, 40
2026/09/16 19:17:33.544, NVIDIA GeForce RTX 4070 SUPER, 12282, 2487, 0, 0, 9.19, 180.00, 210, 405, 40
2026/09/16 19:17:33.744, NVIDIA GeForce RTX 4070 SUPER, 12282, 2487, 0, 0, 9.19, 180.00, 210, 405, 40
2026/09/16 19:17:33.945, NVIDIA GeForce RTX 4070 SUPER, 12282, 2487, 0, 0, 9.19, 180.00, 210, 405, 40
2026/09/16 19:17:34.145, NVIDIA GeForce RTX 4070 SUPER, 12282, 2487, 0, 0, 9.19, 180.00, 210, 405, 40
2026/09/16 19:17:34.346, NVIDIA GeForce RTX 4070 SUPER, 12282, 2487, 0, 0, 9.15, 180.00, 210, 405, 40
2026/09/16 19:17:34.546, NVIDIA GeForce RTX 4070 SUPER, 12282, 2487, 0, 0, 9.15, 180.00, 210, 405, 40
2026/09/16 19:17:34.746, NVIDIA GeForce RTX 4070 SUPER, 12282, 2487, 0, 0, 9.15, 180.00, 210, 405, 40
2026/09/16 19:17:34.947, NVIDIA GeForce RTX 4070 SUPER, 12282, 2487, 0, 0, 9.15, 180.00, 210, 405, 40
2026/09/16 19:17:35.147, NVIDIA GeForce RTX 4070 SUPER, 12282, 2487, 0, 0, 9.15, 180.00, 210, 405, 40
2026/09/16 19:17:35.347, NVIDIA GeForce RTX 4070 SUPER, 12282, 2487, 0, 0, 9.10, 180.00, 210, 405, 40
2026/09/16 19:17:35.548, NVIDIA GeForce RTX 4070 SUPER, 12282, 2487, 0, 0, 9.10, 180.00, 210, 405, 40
2026/09/16 19:17:35.748, NVIDIA GeForce RTX 4070 SUPER, 12282, 2487, 0, 0, 9.10, 180.00, 210, 405, 40
2026/09/16 19:17:35.949, NVIDIA GeForce RTX 4070 SUPER, 12282, 2487, 0, 0, 9.10, 180.00, 210, 405, 40
2026/09/16 19:17:36.149, NVIDIA GeForce RTX 4070 SUPER, 12282, 2487, 0, 0, 9.10, 180.00, 210, 405, 40
2026/09/16 19:17:36.349, NVIDIA GeForce RTX 4070 SUPER, 12282, 2487, 0, 0, 9.05, 180.00, 210, 405, 40
2026/09/16 19:17:36.550, NVIDIA GeForce RTX 4070 SUPER, 12282, 2487, 0, 0, 9.05, 180.00, 210, 405, 40
2026/09/16 19:17:36.750, NVIDIA GeForce RTX 4070 SUPER, 12282, 2505, 0, 0, 9.05, 180.00, 210, 405, 40
2026/09/16 19:17:36.951, NVIDIA GeForce RTX 4070 SUPER, 12282, 2675, 0, 0, 9.05, 180.00, 210, 405, 40
2026/09/16 19:17:37.151, NVIDIA GeForce RTX 4070 SUPER, 12282, 2675, 0, 0, 9.05, 180.00, 210, 405, 40
2026/09/16 19:17:37.351, NVIDIA GeForce RTX 4070 SUPER, 12282, 2675, 0, 0, 15.11, 180.00, 2505, 10251, 41
2026/09/16 19:17:37.552, NVIDIA GeForce RTX 4070 SUPER, 12282, 2675, 0, 0, 15.11, 180.00, 2505, 10251, 41
2026/09/16 19:17:37.752, NVIDIA GeForce RTX 4070 SUPER, 12282, 2675, 0, 0, 18.79, 180.00, 2505, 10251, 41
2026/09/16 19:17:37.952, NVIDIA GeForce RTX 4070 SUPER, 12282, 2675, 0, 0, 18.79, 180.00, 2505, 10251, 41
2026/09/16 19:17:38.153, NVIDIA GeForce RTX 4070 SUPER, 12282, 2675, 0, 0, 18.79, 180.00, 2505, 10251, 41
2026/09/16 19:17:38.353, NVIDIA GeForce RTX 4070 SUPER, 12282, 2675, 0, 0, 19.29, 180.00, 2505, 10251, 41
2026/09/16 19:17:38.554, NVIDIA GeForce RTX 4070 SUPER, 12282, 3791, 0, 0, 19.29, 180.00, 2505, 10251, 41
2026/09/16 19:17:38.754, NVIDIA GeForce RTX 4070 SUPER, 12282, 3605, 70, 5, 28.03, 180.00, 2505, 10251, 41
2026/09/16 19:17:38.955, NVIDIA GeForce RTX 4070 SUPER, 12282, 3605, 70, 5, 28.03, 180.00, 2505, 10251, 41
2026/09/16 19:17:39.155, NVIDIA GeForce RTX 4070 SUPER, 12282, 3605, 70, 5, 28.03, 180.00, 2505, 10251, 41
2026/09/16 19:17:39.355, NVIDIA GeForce RTX 4070 SUPER, 12282, 3605, 0, 0, 28.56, 180.00, 2505, 10251, 41
2026/09/16 19:17:39.556, NVIDIA GeForce RTX 4070 SUPER, 12282, 3605, 0, 0, 28.56, 180.00, 2505, 10251, 41
2026/09/16 19:17:39.756, NVIDIA GeForce RTX 4070 SUPER, 12282, 3605, 0, 0, 29.08, 180.00, 2505, 10251, 41
2026/09/16 19:17:39.956, NVIDIA GeForce RTX 4070 SUPER, 12282, 3605, 0, 0, 29.08, 180.00, 2505, 10251, 41
2026/09/16 19:17:40.157, NVIDIA GeForce RTX 4070 SUPER, 12282, 3605, 0, 0, 29.08, 180.00, 2505, 10251, 41
2026/09/16 19:17:40.357, NVIDIA GeForce RTX 4070 SUPER, 12282, 6017, 0, 0, 28.49, 180.00, 2505, 10251, 41
2026/09/16 19:17:40.558, NVIDIA GeForce RTX 4070 SUPER, 12282, 6659, 0, 0, 28.49, 180.00, 2505, 10251, 41
2026/09/16 19:17:40.758, NVIDIA GeForce RTX 4070 SUPER, 12282, 6659, 0, 0, 29.69, 180.00, 2685, 10251, 41
2026/09/16 19:17:40.958, NVIDIA GeForce RTX 4070 SUPER, 12282, 6659, 0, 0, 29.69, 180.00, 2685, 10251, 41
2026/09/16 19:17:41.159, NVIDIA GeForce RTX 4070 SUPER, 12282, 6659, 0, 0, 29.69, 180.00, 2685, 10251, 41
2026/09/16 19:17:41.359, NVIDIA GeForce RTX 4070 SUPER, 12282, 7093, 0, 0, 32.25, 180.00, 2685, 10251, 41
2026/09/16 19:17:41.560, NVIDIA GeForce RTX 4070 SUPER, 12282, 7093, 0, 0, 32.25, 180.00, 2685, 10251, 41
2026/09/16 19:17:41.760, NVIDIA GeForce RTX 4070 SUPER, 12282, 7093, 0, 0, 36.15, 180.00, 2685, 10251, 41
2026/09/16 19:17:41.960, NVIDIA GeForce RTX 4070 SUPER, 12282, 7093, 0, 0, 36.15, 180.00, 2685, 10251, 41
2026/09/16 19:17:42.161, NVIDIA GeForce RTX 4070 SUPER, 12282, 7093, 0, 0, 36.15, 180.00, 2685, 10251, 41
2026/09/16 19:17:42.361, NVIDIA GeForce RTX 4070 SUPER, 12282, 7093, 0, 0, 36.24, 180.00, 2685, 10251, 41
2026/09/16 19:17:42.561, NVIDIA GeForce RTX 4070 SUPER, 12282, 7093, 0, 0, 36.24, 180.00, 2685, 10251, 41
2026/09/16 19:17:42.762, NVIDIA GeForce RTX 4070 SUPER, 12282, 7093, 0, 0, 34.49, 180.00, 2505, 10251, 42
2026/09/16 19:17:42.962, NVIDIA GeForce RTX 4070 SUPER, 12282, 7851, 0, 0, 34.49, 180.00, 2505, 10251, 42
2026/09/16 19:17:43.163, NVIDIA GeForce RTX 4070 SUPER, 12282, 7853, 0, 0, 34.49, 180.00, 2505, 10251, 42
2026/09/16 19:17:43.363, NVIDIA GeForce RTX 4070 SUPER, 12282, 8019, 39, 7, 41.45, 180.00, 2805, 10251, 43
2026/09/16 19:17:43.564, NVIDIA GeForce RTX 4070 SUPER, 12282, 8027, 39, 7, 41.45, 180.00, 2805, 10251, 43
2026/09/16 19:17:43.764, NVIDIA GeForce RTX 4070 SUPER, 12282, 8027, 0, 0, 45.51, 180.00, 2805, 10251, 42
2026/09/16 19:17:43.964, NVIDIA GeForce RTX 4070 SUPER, 12282, 8027, 0, 0, 45.51, 180.00, 2805, 10251, 42
2026/09/16 19:17:44.164, NVIDIA GeForce RTX 4070 SUPER, 12282, 8027, 0, 0, 42.95, 180.00, 2805, 10251, 42
2026/09/16 19:17:44.365, NVIDIA GeForce RTX 4070 SUPER, 12282, 8027, 0, 0, 42.95, 180.00, 2805, 10251, 42
2026/09/16 19:17:44.565, NVIDIA GeForce RTX 4070 SUPER, 12282, 8027, 0, 0, 42.95, 180.00, 2805, 10251, 42
2026/09/16 19:17:44.766, NVIDIA GeForce RTX 4070 SUPER, 12282, 8027, 0, 0, 40.10, 180.00, 2805, 10251, 42
2026/09/16 19:17:44.966, NVIDIA GeForce RTX 4070 SUPER, 12282, 8027, 0, 0, 40.10, 180.00, 2805, 10251, 42
2026/09/16 19:17:45.166, NVIDIA GeForce RTX 4070 SUPER, 12282, 8027, 0, 0, 40.10, 180.00, 2805, 10251, 42
2026/09/16 19:17:45.367, NVIDIA GeForce RTX 4070 SUPER, 12282, 8027, 0, 0, 40.10, 180.00, 2805, 10251, 42
2026/09/16 19:17:45.567, NVIDIA GeForce RTX 4070 SUPER, 12282, 8027, 0, 0, 40.10, 180.00, 2805, 10251, 42
2026/09/16 19:17:45.767, NVIDIA GeForce RTX 4070 SUPER, 12282, 8027, 0, 0, 32.40, 180.00, 2505, 10251, 41
2026/09/16 19:17:45.968, NVIDIA GeForce RTX 4070 SUPER, 12282, 8051, 0, 0, 32.40, 180.00, 2505, 10251, 41
2026/09/16 19:17:46.168, NVIDIA GeForce RTX 4070 SUPER, 12282, 8051, 0, 0, 31.35, 180.00, 2505, 10251, 41
2026/09/16 19:17:46.368, NVIDIA GeForce RTX 4070 SUPER, 12282, 8051, 0, 0, 31.35, 180.00, 2505, 10251, 41
2026/09/16 19:17:46.569, NVIDIA GeForce RTX 4070 SUPER, 12282, 8051, 0, 0, 31.35, 180.00, 2505, 10251, 41
2026/09/16 19:17:46.769, NVIDIA GeForce RTX 4070 SUPER, 12282, 8051, 0, 0, 27.95, 180.00, 2505, 10251, 41
2026/09/16 19:17:46.969, NVIDIA GeForce RTX 4070 SUPER, 12282, 8051, 0, 0, 27.95, 180.00, 2505, 10251, 41
2026/09/16 19:17:47.170, NVIDIA GeForce RTX 4070 SUPER, 12282, 8051, 0, 0, 27.93, 180.00, 2505, 10251, 41
2026/09/16 19:17:47.370, NVIDIA GeForce RTX 4070 SUPER, 12282, 8051, 0, 0, 27.93, 180.00, 2505, 10251, 41
2026/09/16 19:17:47.571, NVIDIA GeForce RTX 4070 SUPER, 12282, 8051, 0, 0, 27.93, 180.00, 2505, 10251, 41
2026/09/16 19:17:47.771, NVIDIA GeForce RTX 4070 SUPER, 12282, 8051, 0, 0, 27.93, 180.00, 2505, 10251, 41
2026/09/16 19:17:47.971, NVIDIA GeForce RTX 4070 SUPER, 12282, 8051, 0, 0, 27.93, 180.00, 2505, 10251, 41
2026/09/16 19:17:48.172, NVIDIA GeForce RTX 4070 SUPER, 12282, 8051, 0, 0, 27.46, 180.00, 2505, 10251, 41
2026/09/16 19:17:48.372, NVIDIA GeForce RTX 4070 SUPER, 12282, 8051, 0, 0, 27.46, 180.00, 2505, 10251, 41
2026/09/16 19:17:48.572, NVIDIA GeForce RTX 4070 SUPER, 12282, 8051, 0, 0, 27.46, 180.00, 2505, 10251, 41
2026/09/16 19:17:48.773, NVIDIA GeForce RTX 4070 SUPER, 12282, 8051, 0, 0, 27.46, 180.00, 2505, 10251, 41
2026/09/16 19:17:48.973, NVIDIA GeForce RTX 4070 SUPER, 12282, 8051, 0, 0, 27.46, 180.00, 2505, 10251, 41
2026/09/16 19:17:49.173, NVIDIA GeForce RTX 4070 SUPER, 12282, 8051, 0, 0, 27.39, 180.00, 2505, 10251, 41
2026/09/16 19:17:49.373, NVIDIA GeForce RTX 4070 SUPER, 12282, 8051, 0, 0, 27.39, 180.00, 2505, 10251, 41
2026/09/16 19:17:49.574, NVIDIA GeForce RTX 4070 SUPER, 12282, 8051, 0, 0, 27.39, 180.00, 2505, 10251, 41
2026/09/16 19:17:49.774, NVIDIA GeForce RTX 4070 SUPER, 12282, 8051, 0, 0, 27.39, 180.00, 2505, 10251, 41
2026/09/16 19:17:49.974, NVIDIA GeForce RTX 4070 SUPER, 12282, 8051, 0, 0, 27.39, 180.00, 2505, 10251, 41
2026/09/16 19:17:50.175, NVIDIA GeForce RTX 4070 SUPER, 12282, 8051, 0, 0, 27.38, 180.00, 2505, 10251, 41
2026/09/16 19:17:50.375, NVIDIA GeForce RTX 4070 SUPER, 12282, 8051, 0, 0, 27.38, 180.00, 2505, 10251, 41
2026/09/16 19:17:50.575, NVIDIA GeForce RTX 4070 SUPER, 12282, 8051, 0, 0, 27.38, 180.00, 2505, 10251, 41
2026/09/16 19:17:50.776, NVIDIA GeForce RTX 4070 SUPER, 12282, 8051, 0, 0, 27.38, 180.00, 2505, 10251, 41
2026/09/16 19:17:50.976, NVIDIA GeForce RTX 4070 SUPER, 12282, 8051, 0, 0, 27.38, 180.00, 2505, 10251, 41
2026/09/16 19:17:51.176, NVIDIA GeForce RTX 4070 SUPER, 12282, 8051, 0, 0, 27.46, 180.00, 2505, 10251, 41
2026/09/16 19:17:51.377, NVIDIA GeForce RTX 4070 SUPER, 12282, 8051, 0, 0, 27.46, 180.00, 2505, 10251, 41
2026/09/16 19:17:51.577, NVIDIA GeForce RTX 4070 SUPER, 12282, 8051, 0, 0, 27.46, 180.00, 2505, 10251, 41
2026/09/16 19:17:51.777, NVIDIA GeForce RTX 4070 SUPER, 12282, 8051, 0, 0, 27.46, 180.00, 2505, 10251, 41
2026/09/16 19:17:51.978, NVIDIA GeForce RTX 4070 SUPER, 12282, 8051, 0, 0, 27.46, 180.00, 2505, 10251, 41
2026/09/16 19:17:52.178, NVIDIA GeForce RTX 4070 SUPER, 12282, 8051, 0, 0, 27.43, 180.00, 2505, 10251, 41
2026/09/16 19:17:52.378, NVIDIA GeForce RTX 4070 SUPER, 12282, 8051, 0, 0, 27.43, 180.00, 2505, 10251, 41
2026/09/16 19:17:52.579, NVIDIA GeForce RTX 4070 SUPER, 12282, 8051, 0, 0, 27.43, 180.00, 2505, 10251, 41
2026/09/16 19:17:52.779, NVIDIA GeForce RTX 4070 SUPER, 12282, 8051, 0, 0, 27.43, 180.00, 2505, 10251, 41
2026/09/16 19:17:52.979, NVIDIA GeForce RTX 4070 SUPER, 12282, 8051, 0, 0, 27.43, 180.00, 2505, 10251, 41
2026/09/16 19:17:53.180, NVIDIA GeForce RTX 4070 SUPER, 12282, 8051, 0, 0, 27.41, 180.00, 2505, 10251, 41
2026/09/16 19:17:53.380, NVIDIA GeForce RTX 4070 SUPER, 12282, 8051, 0, 0, 27.41, 180.00, 2505, 10251, 41
2026/09/16 19:17:53.580, NVIDIA GeForce RTX 4070 SUPER, 12282, 8051, 0, 0, 27.41, 180.00, 2505, 10251, 41
2026/09/16 19:17:53.781, NVIDIA GeForce RTX 4070 SUPER, 12282, 8051, 0, 0, 27.41, 180.00, 2505, 10251, 41
2026/09/16 19:17:53.981, NVIDIA GeForce RTX 4070 SUPER, 12282, 8051, 0, 0, 27.41, 180.00, 2505, 10251, 41
2026/09/16 19:17:54.181, NVIDIA GeForce RTX 4070 SUPER, 12282, 8051, 0, 0, 27.38, 180.00, 2505, 10251, 41
2026/09/16 19:17:54.382, NVIDIA GeForce RTX 4070 SUPER, 12282, 8051, 0, 0, 27.38, 180.00, 2505, 10251, 41
2026/09/16 19:17:54.582, NVIDIA GeForce RTX 4070 SUPER, 12282, 8051, 0, 0, 27.38, 180.00, 2505, 10251, 41
2026/09/16 19:17:54.782, NVIDIA GeForce RTX 4070 SUPER, 12282, 8051, 0, 0, 27.38, 180.00, 2505, 10251, 41
2026/09/16 19:17:54.982, NVIDIA GeForce RTX 4070 SUPER, 12282, 8051, 0, 0, 27.38, 180.00, 2505, 10251, 41
2026/09/16 19:17:55.183, NVIDIA GeForce RTX 4070 SUPER, 12282, 8051, 0, 0, 27.29, 180.00, 2505, 10251, 41
2026/09/16 19:17:55.383, NVIDIA GeForce RTX 4070 SUPER, 12282, 8051, 0, 0, 27.29, 180.00, 2505, 10251, 41
2026/09/16 19:17:55.583, NVIDIA GeForce RTX 4070 SUPER, 12282, 8051, 0, 0, 27.29, 180.00, 2505, 10251, 41
2026/09/16 19:17:55.784, NVIDIA GeForce RTX 4070 SUPER, 12282, 8051, 0, 0, 27.29, 180.00, 2505, 10251, 41
2026/09/16 19:17:55.984, NVIDIA GeForce RTX 4070 SUPER, 12282, 8051, 0, 0, 27.29, 180.00, 2505, 10251, 41
2026/09/16 19:17:56.184, NVIDIA GeForce RTX 4070 SUPER, 12282, 8051, 0, 0, 27.37, 180.00, 2505, 10251, 41
2026/09/16 19:17:56.385, NVIDIA GeForce RTX 4070 SUPER, 12282, 8051, 0, 0, 27.37, 180.00, 2505, 10251, 41
2026/09/16 19:17:56.585, NVIDIA GeForce RTX 4070 SUPER, 12282, 8051, 0, 0, 27.37, 180.00, 2505, 10251, 41
2026/09/16 19:17:56.786, NVIDIA GeForce RTX 4070 SUPER, 12282, 8051, 0, 0, 27.37, 180.00, 2505, 10251, 41
2026/09/16 19:17:56.986, NVIDIA GeForce RTX 4070 SUPER, 12282, 8051, 0, 0, 27.37, 180.00, 2505, 10251, 41
2026/09/16 19:17:57.186, NVIDIA GeForce RTX 4070 SUPER, 12282, 8051, 0, 0, 27.43, 180.00, 2505, 10251, 41
2026/09/16 19:17:57.387, NVIDIA GeForce RTX 4070 SUPER, 12282, 8051, 0, 0, 27.43, 180.00, 2505, 10251, 41
2026/09/16 19:17:57.587, NVIDIA GeForce RTX 4070 SUPER, 12282, 8051, 0, 0, 27.43, 180.00, 2505, 10251, 41
2026/09/16 19:17:57.787, NVIDIA GeForce RTX 4070 SUPER, 12282, 8051, 0, 0, 27.43, 180.00, 2505, 10251, 41
2026/09/16 19:17:57.988, NVIDIA GeForce RTX 4070 SUPER, 12282, 8051, 0, 0, 27.43, 180.00, 2505, 10251, 41
2026/09/16 19:17:58.188, NVIDIA GeForce RTX 4070 SUPER, 12282, 8051, 0, 0, 27.43, 180.00, 2505, 10251, 41
2026/09/16 19:17:58.388, NVIDIA GeForce RTX 4070 SUPER, 12282, 8051, 0, 0, 27.43, 180.00, 2505, 10251, 41
2026/09/16 19:17:58.588, NVIDIA GeForce RTX 4070 SUPER, 12282, 8051, 0, 0, 27.43, 180.00, 2505, 10251, 41
2026/09/16 19:17:58.789, NVIDIA GeForce RTX 4070 SUPER, 12282, 8051, 0, 0, 27.37, 180.00, 2505, 10251, 41
2026/09/16 19:17:58.989, NVIDIA GeForce RTX 4070 SUPER, 12282, 8051, 0, 0, 27.37, 180.00, 2505, 10251, 41
2026/09/16 19:17:59.189, NVIDIA GeForce RTX 4070 SUPER, 12282, 8051, 0, 0, 27.46, 180.00, 2505, 10251, 41
2026/09/16 19:17:59.390, NVIDIA GeForce RTX 4070 SUPER, 12282, 8051, 0, 0, 27.46, 180.00, 2505, 10251, 41
2026/09/16 19:17:59.590, NVIDIA GeForce RTX 4070 SUPER, 12282, 8051, 0, 0, 27.46, 180.00, 2505, 10251, 41
2026/09/16 19:17:59.790, NVIDIA GeForce RTX 4070 SUPER, 12282, 8051, 0, 0, 27.46, 180.00, 2505, 10251, 41
2026/09/16 19:17:59.991, NVIDIA GeForce RTX 4070 SUPER, 12282, 8051, 0, 0, 27.46, 180.00, 2505, 10251, 41
2026/09/16 19:18:00.191, NVIDIA GeForce RTX 4070 SUPER, 12282, 8051, 0, 0, 27.52, 180.00, 2505, 10251, 41
2026/09/16 19:18:00.391, NVIDIA GeForce RTX 4070 SUPER, 12282, 8051, 0, 0, 27.52, 180.00, 2505, 10251, 41
2026/09/16 19:18:00.592, NVIDIA GeForce RTX 4070 SUPER, 12282, 8051, 0, 0, 27.52, 180.00, 2505, 10251, 41
2026/09/16 19:18:00.792, NVIDIA GeForce RTX 4070 SUPER, 12282, 8051, 0, 0, 27.52, 180.00, 2505, 10251, 41
2026/09/16 19:18:00.992, NVIDIA GeForce RTX 4070 SUPER, 12282, 8051, 0, 0, 27.52, 180.00, 2505, 10251, 41
2026/09/16 19:18:01.193, NVIDIA GeForce RTX 4070 SUPER, 12282, 8051, 0, 0, 27.56, 180.00, 2505, 10251, 41
2026/09/16 19:18:01.393, NVIDIA GeForce RTX 4070 SUPER, 12282, 8051, 0, 0, 27.56, 180.00, 2505, 10251, 41
2026/09/16 19:18:01.593, NVIDIA GeForce RTX 4070 SUPER, 12282, 8051, 0, 0, 27.56, 180.00, 2505, 10251, 41
2026/09/16 19:18:01.794, NVIDIA GeForce RTX 4070 SUPER, 12282, 8051, 0, 0, 27.56, 180.00, 2505, 10251, 41
2026/09/16 19:18:01.994, NVIDIA GeForce RTX 4070 SUPER, 12282, 8051, 0, 0, 27.56, 180.00, 2505, 10251, 41
2026/09/16 19:18:02.195, NVIDIA GeForce RTX 4070 SUPER, 12282, 8051, 0, 0, 27.93, 180.00, 2505, 10251, 41
2026/09/16 19:18:02.395, NVIDIA GeForce RTX 4070 SUPER, 12282, 8051, 0, 0, 27.93, 180.00, 2505, 10251, 41
2026/09/16 19:18:02.595, NVIDIA GeForce RTX 4070 SUPER, 12282, 8051, 0, 0, 27.93, 180.00, 2505, 10251, 41
2026/09/16 19:18:02.796, NVIDIA GeForce RTX 4070 SUPER, 12282, 8051, 0, 0, 27.99, 180.00, 2505, 10251, 41
2026/09/16 19:18:02.996, NVIDIA GeForce RTX 4070 SUPER, 12282, 8051, 0, 0, 27.99, 180.00, 2505, 10251, 41
2026/09/16 19:18:03.196, NVIDIA GeForce RTX 4070 SUPER, 12282, 8051, 64, 51, 31.12, 180.00, 2505, 10251, 41
2026/09/16 19:18:03.397, NVIDIA GeForce RTX 4070 SUPER, 12282, 8051, 64, 51, 31.12, 180.00, 2505, 10251, 41
2026/09/16 19:18:03.597, NVIDIA GeForce RTX 4070 SUPER, 12282, 8051, 64, 51, 31.12, 180.00, 2505, 10251, 41
2026/09/16 19:18:03.797, NVIDIA GeForce RTX 4070 SUPER, 12282, 8051, 99, 93, 76.04, 180.00, 2805, 10251, 51
2026/09/16 19:18:03.998, NVIDIA GeForce RTX 4070 SUPER, 12282, 8051, 99, 93, 76.04, 180.00, 2805, 10251, 51
2026/09/16 19:18:04.198, NVIDIA GeForce RTX 4070 SUPER, 12282, 8051, 0, 0, 77.22, 180.00, 2805, 10251, 43
2026/09/16 19:18:04.398, NVIDIA GeForce RTX 4070 SUPER, 12282, 8051, 0, 0, 77.22, 180.00, 2805, 10251, 43
2026/09/16 19:18:04.599, NVIDIA GeForce RTX 4070 SUPER, 12282, 8051, 0, 0, 77.22, 180.00, 2805, 10251, 43
2026/09/16 19:18:04.799, NVIDIA GeForce RTX 4070 SUPER, 12282, 8051, 0, 0, 56.74, 180.00, 2805, 10251, 43
2026/09/16 19:18:05.000, NVIDIA GeForce RTX 4070 SUPER, 12282, 8051, 0, 0, 56.74, 180.00, 2805, 10251, 43
2026/09/16 19:18:05.200, NVIDIA GeForce RTX 4070 SUPER, 12282, 8051, 0, 0, 56.74, 180.00, 2805, 10251, 43
2026/09/16 19:18:05.400, NVIDIA GeForce RTX 4070 SUPER, 12282, 8051, 0, 0, 56.74, 180.00, 2805, 10251, 43
2026/09/16 19:18:05.601, NVIDIA GeForce RTX 4070 SUPER, 12282, 8051, 0, 0, 56.74, 180.00, 2805, 10251, 43
2026/09/16 19:18:05.801, NVIDIA GeForce RTX 4070 SUPER, 12282, 8051, 0, 0, 37.98, 180.00, 2505, 10251, 42
2026/09/16 19:18:06.001, NVIDIA GeForce RTX 4070 SUPER, 12282, 8051, 0, 0, 37.98, 180.00, 2505, 10251, 42
2026/09/16 19:18:06.202, NVIDIA GeForce RTX 4070 SUPER, 12282, 8051, 0, 0, 37.98, 180.00, 2505, 10251, 42
2026/09/16 19:18:06.402, NVIDIA GeForce RTX 4070 SUPER, 12282, 8051, 0, 0, 37.98, 180.00, 2505, 10251, 42
2026/09/16 19:18:06.602, NVIDIA GeForce RTX 4070 SUPER, 12282, 8051, 0, 0, 37.98, 180.00, 2505, 10251, 42
2026/09/16 19:18:06.803, NVIDIA GeForce RTX 4070 SUPER, 12282, 8051, 0, 0, 32.72, 180.00, 2505, 10251, 42
2026/09/16 19:18:07.003, NVIDIA GeForce RTX 4070 SUPER, 12282, 8051, 0, 0, 32.72, 180.00, 2505, 10251, 42
2026/09/16 19:18:07.203, NVIDIA GeForce RTX 4070 SUPER, 12282, 8051, 0, 0, 32.72, 180.00, 2505, 10251, 42
2026/09/16 19:18:07.403, NVIDIA GeForce RTX 4070 SUPER, 12282, 8051, 0, 0, 32.72, 180.00, 2505, 10251, 42
2026/09/16 19:18:07.604, NVIDIA GeForce RTX 4070 SUPER, 12282, 8051, 0, 0, 32.72, 180.00, 2505, 10251, 42
2026/09/16 19:18:07.804, NVIDIA GeForce RTX 4070 SUPER, 12282, 8051, 0, 0, 27.38, 180.00, 2505, 10251, 42
2026/09/16 19:18:08.004, NVIDIA GeForce RTX 4070 SUPER, 12282, 8051, 0, 0, 27.38, 180.00, 2505, 10251, 42
2026/09/16 19:18:08.205, NVIDIA GeForce RTX 4070 SUPER, 12282, 8051, 0, 0, 27.38, 180.00, 2505, 10251, 42
2026/09/16 19:18:08.405, NVIDIA GeForce RTX 4070 SUPER, 12282, 8051, 0, 0, 27.38, 180.00, 2505, 10251, 42
2026/09/16 19:18:08.605, NVIDIA GeForce RTX 4070 SUPER, 12282, 8051, 0, 0, 27.38, 180.00, 2505, 10251, 42
2026/09/16 19:18:08.806, NVIDIA GeForce RTX 4070 SUPER, 12282, 8051, 0, 0, 27.25, 180.00, 2505, 10251, 42
2026/09/16 19:18:09.006, NVIDIA GeForce RTX 4070 SUPER, 12282, 8051, 0, 0, 27.25, 180.00, 2505, 10251, 42
2026/09/16 19:18:09.206, NVIDIA GeForce RTX 4070 SUPER, 12282, 8051, 0, 0, 27.25, 180.00, 2505, 10251, 42
2026/09/16 19:18:09.407, NVIDIA GeForce RTX 4070 SUPER, 12282, 8051, 0, 0, 27.25, 180.00, 2505, 10251, 42
2026/09/16 19:18:09.607, NVIDIA GeForce RTX 4070 SUPER, 12282, 8051, 0, 0, 27.25, 180.00, 2505, 10251, 42
2026/09/16 19:18:09.807, NVIDIA GeForce RTX 4070 SUPER, 12282, 8051, 0, 0, 27.39, 180.00, 2505, 10251, 42
2026/09/16 19:18:10.008, NVIDIA GeForce RTX 4070 SUPER, 12282, 8051, 0, 0, 27.39, 180.00, 2505, 10251, 42
2026/09/16 19:18:10.208, NVIDIA GeForce RTX 4070 SUPER, 12282, 8051, 0, 0, 27.39, 180.00, 2505, 10251, 42
2026/09/16 19:18:10.408, NVIDIA GeForce RTX 4070 SUPER, 12282, 8051, 0, 0, 27.39, 180.00, 2505, 10251, 42
2026/09/16 19:18:10.609, NVIDIA GeForce RTX 4070 SUPER, 12282, 8051, 0, 0, 27.39, 180.00, 2505, 10251, 42
2026/09/16 19:18:10.809, NVIDIA GeForce RTX 4070 SUPER, 12282, 8051, 0, 0, 27.53, 180.00, 2505, 10251, 42
2026/09/16 19:18:11.009, NVIDIA GeForce RTX 4070 SUPER, 12282, 8051, 0, 0, 27.53, 180.00, 2505, 10251, 42
2026/09/16 19:18:11.210, NVIDIA GeForce RTX 4070 SUPER, 12282, 8051, 0, 0, 27.53, 180.00, 2505, 10251, 42
2026/09/16 19:18:11.410, NVIDIA GeForce RTX 4070 SUPER, 12282, 8051, 0, 0, 27.53, 180.00, 2505, 10251, 42
2026/09/16 19:18:11.610, NVIDIA GeForce RTX 4070 SUPER, 12282, 8051, 0, 0, 27.53, 180.00, 2505, 10251, 42
2026/09/16 19:18:11.811, NVIDIA GeForce RTX 4070 SUPER, 12282, 8051, 0, 0, 27.47, 180.00, 2505, 10251, 42
2026/09/16 19:18:12.011, NVIDIA GeForce RTX 4070 SUPER, 12282, 8051, 0, 0, 27.47, 180.00, 2505, 10251, 42
2026/09/16 19:18:12.211, NVIDIA GeForce RTX 4070 SUPER, 12282, 8051, 0, 0, 27.47, 180.00, 2505, 10251, 42
2026/09/16 19:18:12.412, NVIDIA GeForce RTX 4070 SUPER, 12282, 8051, 0, 0, 27.47, 180.00, 2505, 10251, 42
2026/09/16 19:18:12.612, NVIDIA GeForce RTX 4070 SUPER, 12282, 8051, 0, 0, 27.47, 180.00, 2505, 10251, 42
2026/09/16 19:18:12.812, NVIDIA GeForce RTX 4070 SUPER, 12282, 8051, 0, 0, 27.38, 180.00, 2505, 10251, 42
2026/09/16 19:18:13.013, NVIDIA GeForce RTX 4070 SUPER, 12282, 8051, 0, 0, 27.38, 180.00, 2505, 10251, 42
2026/09/16 19:18:13.213, NVIDIA GeForce RTX 4070 SUPER, 12282, 8051, 0, 0, 27.38, 180.00, 2505, 10251, 42
2026/09/16 19:18:13.413, NVIDIA GeForce RTX 4070 SUPER, 12282, 8051, 0, 0, 27.38, 180.00, 2505, 10251, 42
2026/09/16 19:18:13.614, NVIDIA GeForce RTX 4070 SUPER, 12282, 8051, 0, 0, 27.38, 180.00, 2505, 10251, 42
2026/09/16 19:18:13.814, NVIDIA GeForce RTX 4070 SUPER, 12282, 8051, 0, 0, 27.44, 180.00, 2505, 10251, 42
2026/09/16 19:18:14.014, NVIDIA GeForce RTX 4070 SUPER, 12282, 8051, 0, 0, 27.44, 180.00, 2505, 10251, 42
2026/09/16 19:18:14.215, NVIDIA GeForce RTX 4070 SUPER, 12282, 8051, 0, 0, 27.44, 180.00, 2505, 10251, 42
2026/09/16 19:18:14.415, NVIDIA GeForce RTX 4070 SUPER, 12282, 8051, 0, 0, 27.44, 180.00, 2505, 10251, 42
2026/09/16 19:18:14.616, NVIDIA GeForce RTX 4070 SUPER, 12282, 8051, 0, 0, 27.44, 180.00, 2505, 10251, 42
2026/09/16 19:18:14.816, NVIDIA GeForce RTX 4070 SUPER, 12282, 8051, 0, 0, 27.46, 180.00, 2505, 10251, 42
2026/09/16 19:18:15.016, NVIDIA GeForce RTX 4070 SUPER, 12282, 8051, 0, 0, 27.46, 180.00, 2505, 10251, 42
2026/09/16 19:18:15.217, NVIDIA GeForce RTX 4070 SUPER, 12282, 8051, 0, 0, 27.46, 180.00, 2505, 10251, 42
2026/09/16 19:18:15.417, NVIDIA GeForce RTX 4070 SUPER, 12282, 8051, 0, 0, 27.46, 180.00, 2505, 10251, 42
2026/09/16 19:18:15.617, NVIDIA GeForce RTX 4070 SUPER, 12282, 8051, 0, 0, 27.46, 180.00, 2505, 10251, 42
2026/09/16 19:18:15.818, NVIDIA GeForce RTX 4070 SUPER, 12282, 8051, 0, 0, 27.44, 180.00, 2505, 10251, 42
2026/09/16 19:18:16.018, NVIDIA GeForce RTX 4070 SUPER, 12282, 8051, 0, 0, 27.44, 180.00, 2505, 10251, 42
2026/09/16 19:18:16.218, NVIDIA GeForce RTX 4070 SUPER, 12282, 8051, 0, 0, 27.44, 180.00, 2505, 10251, 42
2026/09/16 19:18:16.419, NVIDIA GeForce RTX 4070 SUPER, 12282, 8051, 0, 0, 27.44, 180.00, 2505, 10251, 42
2026/09/16 19:18:16.619, NVIDIA GeForce RTX 4070 SUPER, 12282, 8051, 0, 0, 27.44, 180.00, 2505, 10251, 42
2026/09/16 19:18:16.819, NVIDIA GeForce RTX 4070 SUPER, 12282, 8051, 0, 0, 27.41, 180.00, 2505, 10251, 42
2026/09/16 19:18:17.020, NVIDIA GeForce RTX 4070 SUPER, 12282, 8051, 0, 0, 27.41, 180.00, 2505, 10251, 42
2026/09/16 19:18:17.220, NVIDIA GeForce RTX 4070 SUPER, 12282, 8051, 0, 0, 27.41, 180.00, 2505, 10251, 42
2026/09/16 19:18:17.420, NVIDIA GeForce RTX 4070 SUPER, 12282, 8051, 0, 0, 27.41, 180.00, 2505, 10251, 42
2026/09/16 19:18:17.621, NVIDIA GeForce RTX 4070 SUPER, 12282, 8051, 0, 0, 27.41, 180.00, 2505, 10251, 42
2026/09/16 19:18:17.821, NVIDIA GeForce RTX 4070 SUPER, 12282, 8051, 0, 0, 27.36, 180.00, 2505, 10251, 42
2026/09/16 19:18:18.021, NVIDIA GeForce RTX 4070 SUPER, 12282, 8051, 0, 0, 27.36, 180.00, 2505, 10251, 42
2026/09/16 19:18:18.222, NVIDIA GeForce RTX 4070 SUPER, 12282, 8051, 0, 0, 27.36, 180.00, 2505, 10251, 42
2026/09/16 19:18:18.422, NVIDIA GeForce RTX 4070 SUPER, 12282, 8051, 0, 0, 27.36, 180.00, 2505, 10251, 42
2026/09/16 19:18:18.622, NVIDIA GeForce RTX 4070 SUPER, 12282, 8051, 0, 0, 27.36, 180.00, 2505, 10251, 42
2026/09/16 19:18:18.823, NVIDIA GeForce RTX 4070 SUPER, 12282, 8051, 0, 0, 27.38, 180.00, 2505, 10251, 42
2026/09/16 19:18:19.023, NVIDIA GeForce RTX 4070 SUPER, 12282, 8051, 0, 0, 27.38, 180.00, 2505, 10251, 42
2026/09/16 19:18:19.223, NVIDIA GeForce RTX 4070 SUPER, 12282, 8051, 0, 0, 27.38, 180.00, 2505, 10251, 42
2026/09/16 19:18:19.424, NVIDIA GeForce RTX 4070 SUPER, 12282, 8051, 0, 0, 27.38, 180.00, 2505, 10251, 42
2026/09/16 19:18:19.624, NVIDIA GeForce RTX 4070 SUPER, 12282, 8051, 0, 0, 27.38, 180.00, 2505, 10251, 42
2026/09/16 19:18:19.824, NVIDIA GeForce RTX 4070 SUPER, 12282, 8051, 0, 0, 27.42, 180.00, 2505, 10251, 42
2026/09/16 19:18:20.025, NVIDIA GeForce RTX 4070 SUPER, 12282, 8051, 0, 0, 27.42, 180.00, 2505, 10251, 42
2026/09/16 19:18:20.225, NVIDIA GeForce RTX 4070 SUPER, 12282, 8051, 0, 0, 27.63, 180.00, 2505, 10251, 42
2026/09/16 19:18:20.426, NVIDIA GeForce RTX 4070 SUPER, 12282, 8051, 0, 0, 27.63, 180.00, 2505, 10251, 42
2026/09/16 19:18:20.626, NVIDIA GeForce RTX 4070 SUPER, 12282, 8053, 0, 0, 27.63, 180.00, 2505, 10251, 42
2026/09/16 19:18:20.827, NVIDIA GeForce RTX 4070 SUPER, 12282, 8053, 99, 69, 34.90, 180.00, 2505, 10251, 43
2026/09/16 19:18:21.027, NVIDIA GeForce RTX 4070 SUPER, 12282, 8053, 99, 69, 34.90, 180.00, 2505, 10251, 43
2026/09/16 19:18:21.228, NVIDIA GeForce RTX 4070 SUPER, 12282, 8053, 16, 4, 85.16, 180.00, 2715, 10251, 49
2026/09/16 19:18:21.428, NVIDIA GeForce RTX 4070 SUPER, 12282, 8053, 16, 4, 85.16, 180.00, 2715, 10251, 49
2026/09/16 19:18:21.629, NVIDIA GeForce RTX 4070 SUPER, 12282, 8053, 16, 4, 85.16, 180.00, 2715, 10251, 49
2026/09/16 19:18:21.829, NVIDIA GeForce RTX 4070 SUPER, 12282, 8053, 0, 0, 82.85, 180.00, 2790, 10251, 44
2026/09/16 19:18:22.029, NVIDIA GeForce RTX 4070 SUPER, 12282, 8053, 0, 0, 82.85, 180.00, 2790, 10251, 44
2026/09/16 19:18:22.230, NVIDIA GeForce RTX 4070 SUPER, 12282, 8053, 0, 0, 41.99, 180.00, 2790, 10251, 43
2026/09/16 19:18:22.430, NVIDIA GeForce RTX 4070 SUPER, 12282, 8053, 0, 0, 41.99, 180.00, 2790, 10251, 43
2026/09/16 19:18:22.630, NVIDIA GeForce RTX 4070 SUPER, 12282, 8055, 0, 0, 41.99, 180.00, 2790, 10251, 43
2026/09/16 19:18:22.831, NVIDIA GeForce RTX 4070 SUPER, 12282, 8055, 0, 0, 40.12, 180.00, 2790, 10251, 44
2026/09/16 19:18:23.031, NVIDIA GeForce RTX 4070 SUPER, 12282, 8787, 0, 0, 40.12, 180.00, 2790, 10251, 44
2026/09/16 19:18:23.232, NVIDIA GeForce RTX 4070 SUPER, 12282, 8787, 0, 0, 49.59, 180.00, 2790, 10251, 44
2026/09/16 19:18:23.432, NVIDIA GeForce RTX 4070 SUPER, 12282, 8787, 0, 0, 49.59, 180.00, 2790, 10251, 44
2026/09/16 19:18:23.632, NVIDIA GeForce RTX 4070 SUPER, 12282, 8787, 0, 0, 49.59, 180.00, 2790, 10251, 44
2026/09/16 19:18:23.833, NVIDIA GeForce RTX 4070 SUPER, 12282, 8787, 0, 0, 49.56, 180.00, 2790, 10251, 43
2026/09/16 19:18:24.033, NVIDIA GeForce RTX 4070 SUPER, 12282, 8787, 0, 0, 49.56, 180.00, 2790, 10251, 43
2026/09/16 19:18:24.234, NVIDIA GeForce RTX 4070 SUPER, 12282, 8787, 0, 0, 48.97, 180.00, 2790, 10251, 43
2026/09/16 19:18:24.434, NVIDIA GeForce RTX 4070 SUPER, 12282, 8787, 0, 0, 48.97, 180.00, 2790, 10251, 43
2026/09/16 19:18:24.635, NVIDIA GeForce RTX 4070 SUPER, 12282, 8787, 0, 0, 48.97, 180.00, 2790, 10251, 43
2026/09/16 19:18:24.835, NVIDIA GeForce RTX 4070 SUPER, 12282, 8787, 0, 0, 40.00, 180.00, 2790, 10251, 43
2026/09/16 19:18:25.035, NVIDIA GeForce RTX 4070 SUPER, 12282, 8787, 0, 0, 40.00, 180.00, 2790, 10251, 43
2026/09/16 19:18:25.236, NVIDIA GeForce RTX 4070 SUPER, 12282, 8787, 99, 36, 75.44, 180.00, 2670, 10251, 52
2026/09/16 19:18:25.436, NVIDIA GeForce RTX 4070 SUPER, 12282, 8787, 99, 36, 75.44, 180.00, 2670, 10251, 52
2026/09/16 19:18:25.637, NVIDIA GeForce RTX 4070 SUPER, 12282, 8787, 99, 36, 75.44, 180.00, 2670, 10251, 52
2026/09/16 19:18:25.837, NVIDIA GeForce RTX 4070 SUPER, 12282, 8787, 0, 0, 83.27, 180.00, 2790, 10251, 45
2026/09/16 19:18:26.037, NVIDIA GeForce RTX 4070 SUPER, 12282, 8787, 0, 0, 83.27, 180.00, 2790, 10251, 45
2026/09/16 19:18:26.237, NVIDIA GeForce RTX 4070 SUPER, 12282, 8787, 0, 0, 55.34, 180.00, 2790, 10251, 44
2026/09/16 19:18:26.438, NVIDIA GeForce RTX 4070 SUPER, 12282, 8787, 0, 0, 55.34, 180.00, 2790, 10251, 44
2026/09/16 19:18:26.638, NVIDIA GeForce RTX 4070 SUPER, 12282, 8787, 0, 0, 55.34, 180.00, 2790, 10251, 44
2026/09/16 19:18:26.838, NVIDIA GeForce RTX 4070 SUPER, 12282, 8787, 0, 0, 55.34, 180.00, 2790, 10251, 44
2026/09/16 19:18:27.039, NVIDIA GeForce RTX 4070 SUPER, 12282, 8787, 0, 0, 55.34, 180.00, 2790, 10251, 44
2026/09/16 19:18:27.239, NVIDIA GeForce RTX 4070 SUPER, 12282, 8787, 0, 0, 38.04, 180.00, 2790, 10251, 44
2026/09/16 19:18:27.439, NVIDIA GeForce RTX 4070 SUPER, 12282, 8787, 0, 0, 38.04, 180.00, 2790, 10251, 44
2026/09/16 19:18:27.640, NVIDIA GeForce RTX 4070 SUPER, 12282, 8787, 0, 0, 38.04, 180.00, 2790, 10251, 44
2026/09/16 19:18:27.840, NVIDIA GeForce RTX 4070 SUPER, 12282, 8787, 0, 0, 38.04, 180.00, 2505, 10251, 43
2026/09/16 19:18:28.040, NVIDIA GeForce RTX 4070 SUPER, 12282, 8787, 0, 0, 38.04, 180.00, 2505, 10251, 43
2026/09/16 19:18:28.241, NVIDIA GeForce RTX 4070 SUPER, 12282, 8787, 0, 0, 32.75, 180.00, 2505, 10251, 43
2026/09/16 19:18:28.441, NVIDIA GeForce RTX 4070 SUPER, 12282, 8787, 0, 0, 32.75, 180.00, 2505, 10251, 43
2026/09/16 19:18:28.641, NVIDIA GeForce RTX 4070 SUPER, 12282, 8787, 0, 0, 32.75, 180.00, 2505, 10251, 43
2026/09/16 19:18:28.842, NVIDIA GeForce RTX 4070 SUPER, 12282, 8787, 0, 0, 32.75, 180.00, 2505, 10251, 42
2026/09/16 19:18:29.042, NVIDIA GeForce RTX 4070 SUPER, 12282, 8787, 0, 0, 32.75, 180.00, 2505, 10251, 42
2026/09/16 19:18:29.243, NVIDIA GeForce RTX 4070 SUPER, 12282, 8787, 0, 0, 27.44, 180.00, 2505, 10251, 42
2026/09/16 19:18:29.443, NVIDIA GeForce RTX 4070 SUPER, 12282, 8787, 0, 0, 27.44, 180.00, 2505, 10251, 42
2026/09/16 19:18:29.643, NVIDIA GeForce RTX 4070 SUPER, 12282, 8817, 0, 0, 27.44, 180.00, 2505, 10251, 42
2026/09/16 19:18:29.844, NVIDIA GeForce RTX 4070 SUPER, 12282, 8817, 0, 0, 27.70, 180.00, 2505, 10251, 42
2026/09/16 19:18:30.044, NVIDIA GeForce RTX 4070 SUPER, 12282, 8817, 0, 0, 27.70, 180.00, 2505, 10251, 42
2026/09/16 19:18:30.244, NVIDIA GeForce RTX 4070 SUPER, 12282, 8817, 0, 0, 27.74, 180.00, 2505, 10251, 42
2026/09/16 19:18:30.445, NVIDIA GeForce RTX 4070 SUPER, 12282, 8817, 0, 0, 27.74, 180.00, 2505, 10251, 42
2026/09/16 19:18:30.645, NVIDIA GeForce RTX 4070 SUPER, 12282, 8817, 0, 0, 27.74, 180.00, 2505, 10251, 42
2026/09/16 19:18:30.845, NVIDIA GeForce RTX 4070 SUPER, 12282, 8817, 0, 0, 28.13, 180.00, 2505, 10251, 42
2026/09/16 19:18:31.046, NVIDIA GeForce RTX 4070 SUPER, 12282, 8817, 0, 0, 28.13, 180.00, 2505, 10251, 42
2026/09/16 19:18:31.246, NVIDIA GeForce RTX 4070 SUPER, 12282, 8817, 0, 0, 28.13, 180.00, 2505, 10251, 42
2026/09/16 19:18:31.446, NVIDIA GeForce RTX 4070 SUPER, 12282, 8817, 0, 0, 28.13, 180.00, 2505, 10251, 42
2026/09/16 19:18:31.646, NVIDIA GeForce RTX 4070 SUPER, 12282, 8817, 0, 0, 28.13, 180.00, 2505, 10251, 42
2026/09/16 19:18:31.847, NVIDIA GeForce RTX 4070 SUPER, 12282, 8817, 0, 0, 27.57, 180.00, 2505, 10251, 42
2026/09/16 19:18:32.047, NVIDIA GeForce RTX 4070 SUPER, 12282, 8817, 0, 0, 27.57, 180.00, 2505, 10251, 42
2026/09/16 19:18:32.247, NVIDIA GeForce RTX 4070 SUPER, 12282, 8817, 0, 0, 27.57, 180.00, 2505, 10251, 42
2026/09/16 19:18:32.448, NVIDIA GeForce RTX 4070 SUPER, 12282, 8817, 0, 0, 27.57, 180.00, 2505, 10251, 42
2026/09/16 19:18:32.648, NVIDIA GeForce RTX 4070 SUPER, 12282, 8817, 0, 0, 27.57, 180.00, 2505, 10251, 42
2026/09/16 19:18:32.848, NVIDIA GeForce RTX 4070 SUPER, 12282, 8817, 0, 0, 27.47, 180.00, 2505, 10251, 42
2026/09/16 19:18:33.049, NVIDIA GeForce RTX 4070 SUPER, 12282, 8817, 0, 0, 27.47, 180.00, 2505, 10251, 42
2026/09/16 19:18:33.249, NVIDIA GeForce RTX 4070 SUPER, 12282, 8817, 0, 0, 27.47, 180.00, 2505, 10251, 42
2026/09/16 19:18:33.450, NVIDIA GeForce RTX 4070 SUPER, 12282, 8817, 0, 0, 27.47, 180.00, 2505, 10251, 42
2026/09/16 19:18:33.650, NVIDIA GeForce RTX 4070 SUPER, 12282, 8817, 0, 0, 27.47, 180.00, 2505, 10251, 42
2026/09/16 19:18:33.850, NVIDIA GeForce RTX 4070 SUPER, 12282, 8817, 0, 0, 27.41, 180.00, 2505, 10251, 42
2026/09/16 19:18:34.051, NVIDIA GeForce RTX 4070 SUPER, 12282, 8817, 0, 0, 27.41, 180.00, 2505, 10251, 42
2026/09/16 19:18:34.251, NVIDIA GeForce RTX 4070 SUPER, 12282, 8817, 0, 0, 27.41, 180.00, 2505, 10251, 42
2026/09/16 19:18:34.451, NVIDIA GeForce RTX 4070 SUPER, 12282, 8817, 0, 0, 27.41, 180.00, 2505, 10251, 42
2026/09/16 19:18:34.652, NVIDIA GeForce RTX 4070 SUPER, 12282, 8817, 0, 0, 27.41, 180.00, 2505, 10251, 42
2026/09/16 19:18:34.852, NVIDIA GeForce RTX 4070 SUPER, 12282, 8817, 0, 0, 27.37, 180.00, 2505, 10251, 42
2026/09/16 19:18:35.052, NVIDIA GeForce RTX 4070 SUPER, 12282, 8817, 0, 0, 27.37, 180.00, 2505, 10251, 42
2026/09/16 19:18:35.253, NVIDIA GeForce RTX 4070 SUPER, 12282, 8817, 0, 0, 27.37, 180.00, 2505, 10251, 42
2026/09/16 19:18:35.453, NVIDIA GeForce RTX 4070 SUPER, 12282, 8817, 0, 0, 27.37, 180.00, 2505, 10251, 42
2026/09/16 19:18:35.653, NVIDIA GeForce RTX 4070 SUPER, 12282, 8817, 0, 0, 27.37, 180.00, 2505, 10251, 42
2026/09/16 19:18:35.854, NVIDIA GeForce RTX 4070 SUPER, 12282, 8817, 0, 0, 27.39, 180.00, 2505, 10251, 42
2026/09/16 19:18:36.054, NVIDIA GeForce RTX 4070 SUPER, 12282, 8817, 0, 0, 27.39, 180.00, 2505, 10251, 42
2026/09/16 19:18:36.254, NVIDIA GeForce RTX 4070 SUPER, 12282, 8817, 0, 0, 27.39, 180.00, 2505, 10251, 42
2026/09/16 19:18:36.455, NVIDIA GeForce RTX 4070 SUPER, 12282, 8817, 0, 0, 27.39, 180.00, 2505, 10251, 42
2026/09/16 19:18:36.655, NVIDIA GeForce RTX 4070 SUPER, 12282, 8817, 0, 0, 27.39, 180.00, 2505, 10251, 42
2026/09/16 19:18:36.855, NVIDIA GeForce RTX 4070 SUPER, 12282, 8817, 0, 0, 27.48, 180.00, 2505, 10251, 42
2026/09/16 19:18:37.056, NVIDIA GeForce RTX 4070 SUPER, 12282, 8817, 0, 0, 27.48, 180.00, 2505, 10251, 42
2026/09/16 19:18:37.256, NVIDIA GeForce RTX 4070 SUPER, 12282, 8817, 0, 0, 27.48, 180.00, 2505, 10251, 42
2026/09/16 19:18:37.456, NVIDIA GeForce RTX 4070 SUPER, 12282, 8817, 0, 0, 27.48, 180.00, 2505, 10251, 42
2026/09/16 19:18:37.657, NVIDIA GeForce RTX 4070 SUPER, 12282, 8817, 0, 0, 27.48, 180.00, 2505, 10251, 42
2026/09/16 19:18:37.857, NVIDIA GeForce RTX 4070 SUPER, 12282, 8817, 0, 0, 27.53, 180.00, 2505, 10251, 42
2026/09/16 19:18:38.057, NVIDIA GeForce RTX 4070 SUPER, 12282, 8817, 0, 0, 27.53, 180.00, 2505, 10251, 42
2026/09/16 19:18:38.258, NVIDIA GeForce RTX 4070 SUPER, 12282, 8817, 0, 0, 27.53, 180.00, 2505, 10251, 42
2026/09/16 19:18:38.458, NVIDIA GeForce RTX 4070 SUPER, 12282, 8817, 0, 0, 27.53, 180.00, 2505, 10251, 42
2026/09/16 19:18:38.658, NVIDIA GeForce RTX 4070 SUPER, 12282, 8817, 0, 0, 27.53, 180.00, 2505, 10251, 42
2026/09/16 19:18:38.859, NVIDIA GeForce RTX 4070 SUPER, 12282, 8817, 0, 0, 27.57, 180.00, 2505, 10251, 42
2026/09/16 19:18:39.059, NVIDIA GeForce RTX 4070 SUPER, 12282, 8817, 0, 0, 27.57, 180.00, 2505, 10251, 42
2026/09/16 19:18:39.259, NVIDIA GeForce RTX 4070 SUPER, 12282, 8817, 0, 0, 27.57, 180.00, 2505, 10251, 42
2026/09/16 19:18:39.460, NVIDIA GeForce RTX 4070 SUPER, 12282, 8817, 0, 0, 27.57, 180.00, 2505, 10251, 42
2026/09/16 19:18:39.660, NVIDIA GeForce RTX 4070 SUPER, 12282, 8817, 0, 0, 27.57, 180.00, 2505, 10251, 42
2026/09/16 19:18:39.860, NVIDIA GeForce RTX 4070 SUPER, 12282, 8817, 0, 0, 27.52, 180.00, 2505, 10251, 42
2026/09/16 19:18:40.061, NVIDIA GeForce RTX 4070 SUPER, 12282, 8817, 0, 0, 27.52, 180.00, 2505, 10251, 42
2026/09/16 19:18:40.261, NVIDIA GeForce RTX 4070 SUPER, 12282, 8817, 0, 0, 27.52, 180.00, 2505, 10251, 42
2026/09/16 19:18:40.461, NVIDIA GeForce RTX 4070 SUPER, 12282, 8817, 0, 0, 27.52, 180.00, 2505, 10251, 42
2026/09/16 19:18:40.662, NVIDIA GeForce RTX 4070 SUPER, 12282, 8817, 0, 0, 27.52, 180.00, 2505, 10251, 42
2026/09/16 19:18:40.862, NVIDIA GeForce RTX 4070 SUPER, 12282, 8817, 0, 0, 27.38, 180.00, 2505, 10251, 42
2026/09/16 19:18:41.062, NVIDIA GeForce RTX 4070 SUPER, 12282, 8817, 0, 0, 27.38, 180.00, 2505, 10251, 42
2026/09/16 19:18:41.263, NVIDIA GeForce RTX 4070 SUPER, 12282, 8817, 0, 0, 27.38, 180.00, 2505, 10251, 42
2026/09/16 19:18:41.463, NVIDIA GeForce RTX 4070 SUPER, 12282, 8817, 0, 0, 27.38, 180.00, 2505, 10251, 42
2026/09/16 19:18:41.663, NVIDIA GeForce RTX 4070 SUPER, 12282, 8817, 0, 0, 27.38, 180.00, 2505, 10251, 42
2026/09/16 19:18:41.864, NVIDIA GeForce RTX 4070 SUPER, 12282, 8817, 0, 0, 27.34, 180.00, 2505, 10251, 42
2026/09/16 19:18:42.064, NVIDIA GeForce RTX 4070 SUPER, 12282, 8817, 0, 0, 27.34, 180.00, 2505, 10251, 42
2026/09/16 19:18:42.264, NVIDIA GeForce RTX 4070 SUPER, 12282, 8817, 0, 0, 27.34, 180.00, 2505, 10251, 42
2026/09/16 19:18:42.465, NVIDIA GeForce RTX 4070 SUPER, 12282, 8817, 0, 0, 27.34, 180.00, 2505, 10251, 42
2026/09/16 19:18:42.665, NVIDIA GeForce RTX 4070 SUPER, 12282, 8817, 0, 0, 27.34, 180.00, 2505, 10251, 42
2026/09/16 19:18:42.865, NVIDIA GeForce RTX 4070 SUPER, 12282, 8817, 0, 0, 27.44, 180.00, 2505, 10251, 42
2026/09/16 19:18:43.066, NVIDIA GeForce RTX 4070 SUPER, 12282, 8817, 0, 0, 27.44, 180.00, 2505, 10251, 42
2026/09/16 19:18:43.266, NVIDIA GeForce RTX 4070 SUPER, 12282, 8817, 0, 0, 27.44, 180.00, 2505, 10251, 42
2026/09/16 19:18:43.466, NVIDIA GeForce RTX 4070 SUPER, 12282, 8817, 0, 0, 27.44, 180.00, 2505, 10251, 42
2026/09/16 19:18:43.667, NVIDIA GeForce RTX 4070 SUPER, 12282, 8817, 0, 0, 27.44, 180.00, 2505, 10251, 42
2026/09/16 19:18:43.867, NVIDIA GeForce RTX 4070 SUPER, 12282, 8817, 0, 0, 27.44, 180.00, 2505, 10251, 42
2026/09/16 19:18:44.067, NVIDIA GeForce RTX 4070 SUPER, 12282, 8817, 0, 0, 27.44, 180.00, 2505, 10251, 42
2026/09/16 19:18:44.268, NVIDIA GeForce RTX 4070 SUPER, 12282, 8817, 0, 0, 27.44, 180.00, 2505, 10251, 42
2026/09/16 19:18:44.468, NVIDIA GeForce RTX 4070 SUPER, 12282, 8817, 0, 0, 27.44, 180.00, 2505, 10251, 42
2026/09/16 19:18:44.668, NVIDIA GeForce RTX 4070 SUPER, 12282, 8817, 0, 0, 27.39, 180.00, 2505, 10251, 42
2026/09/16 19:18:44.869, NVIDIA GeForce RTX 4070 SUPER, 12282, 8817, 0, 0, 27.39, 180.00, 2505, 10251, 42
2026/09/16 19:18:45.069, NVIDIA GeForce RTX 4070 SUPER, 12282, 8817, 0, 0, 27.39, 180.00, 2505, 10251, 42
2026/09/16 19:18:45.269, NVIDIA GeForce RTX 4070 SUPER, 12282, 8817, 0, 0, 27.39, 180.00, 2505, 10251, 42
2026/09/16 19:18:45.470, NVIDIA GeForce RTX 4070 SUPER, 12282, 8817, 0, 0, 27.39, 180.00, 2505, 10251, 42
2026/09/16 19:18:45.670, NVIDIA GeForce RTX 4070 SUPER, 12282, 8817, 0, 0, 27.42, 180.00, 2505, 10251, 42
2026/09/16 19:18:45.870, NVIDIA GeForce RTX 4070 SUPER, 12282, 8817, 0, 0, 27.42, 180.00, 2505, 10251, 42
2026/09/16 19:18:46.071, NVIDIA GeForce RTX 4070 SUPER, 12282, 8817, 0, 0, 27.42, 180.00, 2505, 10251, 42
2026/09/16 19:18:46.271, NVIDIA GeForce RTX 4070 SUPER, 12282, 8817, 0, 0, 27.42, 180.00, 2505, 10251, 42
2026/09/16 19:18:46.471, NVIDIA GeForce RTX 4070 SUPER, 12282, 8817, 0, 0, 27.42, 180.00, 2505, 10251, 42
2026/09/16 19:18:46.672, NVIDIA GeForce RTX 4070 SUPER, 12282, 8817, 0, 0, 27.51, 180.00, 2505, 10251, 42
2026/09/16 19:18:46.872, NVIDIA GeForce RTX 4070 SUPER, 12282, 8817, 0, 0, 27.51, 180.00, 2505, 10251, 42
2026/09/16 19:18:47.073, NVIDIA GeForce RTX 4070 SUPER, 12282, 8817, 0, 0, 27.51, 180.00, 2505, 10251, 42
2026/09/16 19:18:47.273, NVIDIA GeForce RTX 4070 SUPER, 12282, 8817, 0, 0, 27.51, 180.00, 2505, 10251, 42
2026/09/16 19:18:47.474, NVIDIA GeForce RTX 4070 SUPER, 12282, 8817, 0, 0, 27.51, 180.00, 2505, 10251, 42
2026/09/16 19:18:47.674, NVIDIA GeForce RTX 4070 SUPER, 12282, 8817, 0, 0, 21.30, 180.00, 375, 810, 41
2026/09/16 19:18:47.875, NVIDIA GeForce RTX 4070 SUPER, 12282, 8817, 0, 0, 21.30, 180.00, 375, 810, 41
2026/09/16 19:18:48.075, NVIDIA GeForce RTX 4070 SUPER, 12282, 8817, 0, 0, 21.30, 180.00, 375, 810, 41
2026/09/16 19:18:48.276, NVIDIA GeForce RTX 4070 SUPER, 12282, 8817, 0, 0, 21.30, 180.00, 375, 810, 41
2026/09/16 19:18:48.476, NVIDIA GeForce RTX 4070 SUPER, 12282, 8817, 0, 0, 21.30, 180.00, 375, 810, 41
2026/09/16 19:18:48.677, NVIDIA GeForce RTX 4070 SUPER, 12282, 8817, 0, 0, 12.32, 180.00, 240, 405, 41
2026/09/16 19:18:48.877, NVIDIA GeForce RTX 4070 SUPER, 12282, 8817, 0, 0, 12.32, 180.00, 240, 405, 41
2026/09/16 19:18:49.078, NVIDIA GeForce RTX 4070 SUPER, 12282, 8817, 0, 0, 12.32, 180.00, 240, 405, 41
2026/09/16 19:18:49.278, NVIDIA GeForce RTX 4070 SUPER, 12282, 8817, 0, 0, 12.32, 180.00, 240, 405, 41
2026/09/16 19:18:49.479, NVIDIA GeForce RTX 4070 SUPER, 12282, 8817, 0, 0, 12.32, 180.00, 240, 405, 41
2026/09/16 19:18:49.679, NVIDIA GeForce RTX 4070 SUPER, 12282, 8817, 0, 0, 9.37, 180.00, 210, 405, 41
2026/09/16 19:18:49.880, NVIDIA GeForce RTX 4070 SUPER, 12282, 8817, 0, 0, 9.37, 180.00, 210, 405, 41
2026/09/16 19:18:50.080, NVIDIA GeForce RTX 4070 SUPER, 12282, 8817, 0, 0, 9.37, 180.00, 210, 405, 41
2026/09/16 19:18:50.281, NVIDIA GeForce RTX 4070 SUPER, 12282, 8817, 0, 0, 9.37, 180.00, 210, 405, 41
2026/09/16 19:18:50.481, NVIDIA GeForce RTX 4070 SUPER, 12282, 8817, 0, 0, 9.37, 180.00, 210, 405, 41
2026/09/16 19:18:50.682, NVIDIA GeForce RTX 4070 SUPER, 12282, 8817, 0, 0, 9.18, 180.00, 210, 405, 41
2026/09/16 19:18:50.882, NVIDIA GeForce RTX 4070 SUPER, 12282, 8817, 0, 0, 9.18, 180.00, 210, 405, 41
2026/09/16 19:18:51.083, NVIDIA GeForce RTX 4070 SUPER, 12282, 8817, 0, 0, 9.18, 180.00, 210, 405, 41
2026/09/16 19:18:51.284, NVIDIA GeForce RTX 4070 SUPER, 12282, 8817, 0, 0, 9.18, 180.00, 210, 405, 41
2026/09/16 19:18:51.484, NVIDIA GeForce RTX 4070 SUPER, 12282, 8817, 0, 0, 9.18, 180.00, 210, 405, 41
2026/09/16 19:18:51.685, NVIDIA GeForce RTX 4070 SUPER, 12282, 8817, 0, 0, 9.22, 180.00, 210, 405, 41
2026/09/16 19:18:51.885, NVIDIA GeForce RTX 4070 SUPER, 12282, 8817, 0, 0, 9.22, 180.00, 210, 405, 41
2026/09/16 19:18:52.086, NVIDIA GeForce RTX 4070 SUPER, 12282, 8817, 0, 0, 9.22, 180.00, 210, 405, 41
2026/09/16 19:18:52.286, NVIDIA GeForce RTX 4070 SUPER, 12282, 8817, 0, 0, 9.22, 180.00, 210, 405, 41
2026/09/16 19:18:52.487, NVIDIA GeForce RTX 4070 SUPER, 12282, 8817, 0, 0, 9.22, 180.00, 210, 405, 41
2026/09/16 19:18:52.687, NVIDIA GeForce RTX 4070 SUPER, 12282, 8817, 0, 0, 9.33, 180.00, 210, 405, 41
2026/09/16 19:18:52.888, NVIDIA GeForce RTX 4070 SUPER, 12282, 8817, 0, 0, 9.33, 180.00, 210, 405, 41
2026/09/16 19:18:53.088, NVIDIA GeForce RTX 4070 SUPER, 12282, 8817, 0, 0, 9.33, 180.00, 210, 405, 41
2026/09/16 19:18:53.289, NVIDIA GeForce RTX 4070 SUPER, 12282, 8817, 0, 0, 9.33, 180.00, 210, 405, 41
2026/09/16 19:18:53.489, NVIDIA GeForce RTX 4070 SUPER, 12282, 8817, 0, 0, 9.33, 180.00, 210, 405, 41
2026/09/16 19:18:53.690, NVIDIA GeForce RTX 4070 SUPER, 12282, 8817, 0, 0, 9.36, 180.00, 210, 405, 40
2026/09/16 19:18:53.890, NVIDIA GeForce RTX 4070 SUPER, 12282, 8817, 0, 0, 9.36, 180.00, 210, 405, 40
2026/09/16 19:18:54.090, NVIDIA GeForce RTX 4070 SUPER, 12282, 8817, 0, 0, 9.36, 180.00, 210, 405, 40
2026/09/16 19:18:54.291, NVIDIA GeForce RTX 4070 SUPER, 12282, 8817, 0, 0, 9.36, 180.00, 210, 405, 40
2026/09/16 19:18:54.491, NVIDIA GeForce RTX 4070 SUPER, 12282, 8817, 0, 0, 9.36, 180.00, 210, 405, 40
2026/09/16 19:18:54.692, NVIDIA GeForce RTX 4070 SUPER, 12282, 8817, 0, 0, 9.21, 180.00, 210, 405, 40
2026/09/16 19:18:54.892, NVIDIA GeForce RTX 4070 SUPER, 12282, 8817, 0, 0, 9.21, 180.00, 210, 405, 40
2026/09/16 19:18:55.093, NVIDIA GeForce RTX 4070 SUPER, 12282, 8817, 0, 0, 9.21, 180.00, 210, 405, 40
2026/09/16 19:18:55.293, NVIDIA GeForce RTX 4070 SUPER, 12282, 8817, 0, 0, 9.21, 180.00, 210, 405, 40
2026/09/16 19:18:55.494, NVIDIA GeForce RTX 4070 SUPER, 12282, 8817, 0, 0, 9.21, 180.00, 210, 405, 40
2026/09/16 19:18:55.694, NVIDIA GeForce RTX 4070 SUPER, 12282, 8817, 0, 0, 9.11, 180.00, 210, 405, 40
2026/09/16 19:18:55.895, NVIDIA GeForce RTX 4070 SUPER, 12282, 8817, 0, 0, 9.11, 180.00, 210, 405, 40
2026/09/16 19:18:56.096, NVIDIA GeForce RTX 4070 SUPER, 12282, 8817, 0, 0, 9.11, 180.00, 210, 405, 40
2026/09/16 19:18:56.296, NVIDIA GeForce RTX 4070 SUPER, 12282, 8817, 0, 0, 9.11, 180.00, 210, 405, 40
2026/09/16 19:18:56.497, NVIDIA GeForce RTX 4070 SUPER, 12282, 8817, 0, 0, 9.11, 180.00, 210, 405, 40
2026/09/16 19:18:56.697, NVIDIA GeForce RTX 4070 SUPER, 12282, 8817, 0, 0, 9.18, 180.00, 210, 405, 40
2026/09/16 19:18:56.898, NVIDIA GeForce RTX 4070 SUPER, 12282, 8817, 0, 0, 9.18, 180.00, 210, 405, 40
2026/09/16 19:18:57.098, NVIDIA GeForce RTX 4070 SUPER, 12282, 8817, 0, 0, 9.18, 180.00, 210, 405, 40
2026/09/16 19:18:57.299, NVIDIA GeForce RTX 4070 SUPER, 12282, 8817, 0, 0, 9.18, 180.00, 210, 405, 40
2026/09/16 19:18:57.499, NVIDIA GeForce RTX 4070 SUPER, 12282, 8817, 0, 0, 9.18, 180.00, 210, 405, 40
2026/09/16 19:18:57.700, NVIDIA GeForce RTX 4070 SUPER, 12282, 8817, 0, 0, 9.31, 180.00, 210, 405, 40
2026/09/16 19:18:57.900, NVIDIA GeForce RTX 4070 SUPER, 12282, 8817, 0, 0, 9.31, 180.00, 210, 405, 40
2026/09/16 19:18:58.101, NVIDIA GeForce RTX 4070 SUPER, 12282, 8817, 0, 0, 9.31, 180.00, 210, 405, 40
2026/09/16 19:18:58.301, NVIDIA GeForce RTX 4070 SUPER, 12282, 8817, 0, 0, 9.31, 180.00, 210, 405, 40
2026/09/16 19:18:58.501, NVIDIA GeForce RTX 4070 SUPER, 12282, 8817, 0, 0, 9.31, 180.00, 210, 405, 40
2026/09/16 19:18:58.702, NVIDIA GeForce RTX 4070 SUPER, 12282, 8817, 0, 0, 9.29, 180.00, 210, 405, 40
2026/09/16 19:18:58.902, NVIDIA GeForce RTX 4070 SUPER, 12282, 8817, 0, 0, 9.29, 180.00, 210, 405, 40
2026/09/16 19:18:59.103, NVIDIA GeForce RTX 4070 SUPER, 12282, 8817, 0, 0, 9.29, 180.00, 210, 405, 40
2026/09/16 19:18:59.303, NVIDIA GeForce RTX 4070 SUPER, 12282, 8817, 0, 0, 9.29, 180.00, 210, 405, 40
2026/09/16 19:18:59.504, NVIDIA GeForce RTX 4070 SUPER, 12282, 8817, 0, 0, 9.29, 180.00, 210, 405, 40
2026/09/16 19:18:59.704, NVIDIA GeForce RTX 4070 SUPER, 12282, 8817, 0, 0, 9.13, 180.00, 210, 405, 40
2026/09/16 19:18:59.905, NVIDIA GeForce RTX 4070 SUPER, 12282, 8817, 0, 0, 9.13, 180.00, 210, 405, 40
2026/09/16 19:19:00.106, NVIDIA GeForce RTX 4070 SUPER, 12282, 8817, 0, 0, 9.13, 180.00, 210, 405, 40
2026/09/16 19:19:00.306, NVIDIA GeForce RTX 4070 SUPER, 12282, 8817, 0, 0, 9.13, 180.00, 210, 405, 40
2026/09/16 19:19:00.507, NVIDIA GeForce RTX 4070 SUPER, 12282, 8817, 0, 0, 9.13, 180.00, 210, 405, 40
2026/09/16 19:19:00.707, NVIDIA GeForce RTX 4070 SUPER, 12282, 8817, 0, 0, 9.12, 180.00, 210, 405, 40
2026/09/16 19:19:00.908, NVIDIA GeForce RTX 4070 SUPER, 12282, 8817, 0, 0, 9.12, 180.00, 210, 405, 40
2026/09/16 19:19:01.108, NVIDIA GeForce RTX 4070 SUPER, 12282, 8817, 0, 0, 9.12, 180.00, 210, 405, 40
2026/09/16 19:19:01.308, NVIDIA GeForce RTX 4070 SUPER, 12282, 8817, 0, 0, 9.12, 180.00, 210, 405, 40
2026/09/16 19:19:01.509, NVIDIA GeForce RTX 4070 SUPER, 12282, 8817, 0, 0, 9.12, 180.00, 210, 405, 40
2026/09/16 19:19:01.709, NVIDIA GeForce RTX 4070 SUPER, 12282, 8817, 0, 0, 9.11, 180.00, 210, 405, 40
2026/09/16 19:19:01.910, NVIDIA GeForce RTX 4070 SUPER, 12282, 8817, 0, 0, 9.11, 180.00, 210, 405, 40
2026/09/16 19:19:02.111, NVIDIA GeForce RTX 4070 SUPER, 12282, 8817, 0, 0, 9.11, 180.00, 210, 405, 40
2026/09/16 19:19:02.311, NVIDIA GeForce RTX 4070 SUPER, 12282, 8817, 0, 0, 9.11, 180.00, 210, 405, 40
2026/09/16 19:19:02.512, NVIDIA GeForce RTX 4070 SUPER, 12282, 8817, 0, 0, 9.11, 180.00, 210, 405, 40
2026/09/16 19:19:02.712, NVIDIA GeForce RTX 4070 SUPER, 12282, 8817, 0, 0, 9.09, 180.00, 210, 405, 40
2026/09/16 19:19:02.913, NVIDIA GeForce RTX 4070 SUPER, 12282, 8817, 0, 0, 9.09, 180.00, 210, 405, 40
2026/09/16 19:19:03.113, NVIDIA GeForce RTX 4070 SUPER, 12282, 8817, 0, 0, 9.09, 180.00, 210, 405, 40
2026/09/16 19:19:03.314, NVIDIA GeForce RTX 4070 SUPER, 12282, 8817, 0, 0, 9.09, 180.00, 210, 405, 40
2026/09/16 19:19:03.514, NVIDIA GeForce RTX 4070 SUPER, 12282, 8817, 0, 0, 9.09, 180.00, 210, 405, 40
2026/09/16 19:19:03.715, NVIDIA GeForce RTX 4070 SUPER, 12282, 8817, 0, 0, 9.17, 180.00, 210, 405, 40
2026/09/16 19:19:03.915, NVIDIA GeForce RTX 4070 SUPER, 12282, 8817, 0, 0, 9.17, 180.00, 210, 405, 40
2026/09/16 19:19:04.116, NVIDIA GeForce RTX 4070 SUPER, 12282, 8817, 0, 0, 9.17, 180.00, 210, 405, 40
2026/09/16 19:19:04.316, NVIDIA GeForce RTX 4070 SUPER, 12282, 8817, 0, 0, 9.17, 180.00, 210, 405, 40
2026/09/16 19:19:04.517, NVIDIA GeForce RTX 4070 SUPER, 12282, 8817, 0, 0, 9.17, 180.00, 210, 405, 40
2026/09/16 19:19:04.717, NVIDIA GeForce RTX 4070 SUPER, 12282, 8817, 0, 0, 11.07, 180.00, 2505, 10251, 40
2026/09/16 19:19:04.918, NVIDIA GeForce RTX 4070 SUPER, 12282, 8817, 0, 0, 11.07, 180.00, 2505, 10251, 40
2026/09/16 19:19:05.119, NVIDIA GeForce RTX 4070 SUPER, 12282, 8817, 0, 0, 11.07, 180.00, 2505, 10251, 40
2026/09/16 19:19:05.319, NVIDIA GeForce RTX 4070 SUPER, 12282, 8817, 0, 0, 16.29, 180.00, 2505, 10251, 41
2026/09/16 19:19:05.519, NVIDIA GeForce RTX 4070 SUPER, 12282, 8817, 0, 0, 16.29, 180.00, 2505, 10251, 41
2026/09/16 19:19:05.719, NVIDIA GeForce RTX 4070 SUPER, 12282, 8817, 0, 0, 27.80, 180.00, 2505, 10251, 41
2026/09/16 19:19:05.920, NVIDIA GeForce RTX 4070 SUPER, 12282, 8817, 0, 0, 27.80, 180.00, 2505, 10251, 41
2026/09/16 19:19:06.120, NVIDIA GeForce RTX 4070 SUPER, 12282, 8817, 0, 0, 27.80, 180.00, 2505, 10251, 41
2026/09/16 19:19:06.320, NVIDIA GeForce RTX 4070 SUPER, 12282, 8817, 99, 80, 41.03, 180.00, 2805, 10251, 45
2026/09/16 19:19:06.521, NVIDIA GeForce RTX 4070 SUPER, 12282, 8817, 99, 80, 41.03, 180.00, 2805, 10251, 45
2026/09/16 19:19:06.722, NVIDIA GeForce RTX 4070 SUPER, 12282, 8819, 100, 26, 100.10, 180.00, 2640, 10251, 54
2026/09/16 19:19:06.922, NVIDIA GeForce RTX 4070 SUPER, 12282, 8819, 100, 26, 100.10, 180.00, 2640, 10251, 54
2026/09/16 19:19:07.123, NVIDIA GeForce RTX 4070 SUPER, 12282, 8819, 100, 26, 100.10, 180.00, 2640, 10251, 54
2026/09/16 19:19:07.323, NVIDIA GeForce RTX 4070 SUPER, 12282, 8881, 98, 38, 157.01, 180.00, 2715, 10251, 56
2026/09/16 19:19:07.523, NVIDIA GeForce RTX 4070 SUPER, 12282, 8881, 98, 38, 157.01, 180.00, 2715, 10251, 56
2026/09/16 19:19:07.724, NVIDIA GeForce RTX 4070 SUPER, 12282, 8881, 98, 35, 179.81, 180.00, 2730, 10251, 56
2026/09/16 19:19:07.924, NVIDIA GeForce RTX 4070 SUPER, 12282, 8881, 98, 35, 179.81, 180.00, 2730, 10251, 56
2026/09/16 19:19:08.125, NVIDIA GeForce RTX 4070 SUPER, 12282, 8881, 98, 35, 179.81, 180.00, 2730, 10251, 56
2026/09/16 19:19:08.325, NVIDIA GeForce RTX 4070 SUPER, 12282, 8881, 100, 26, 179.05, 180.00, 2625, 10251, 57
2026/09/16 19:19:08.525, NVIDIA GeForce RTX 4070 SUPER, 12282, 8881, 100, 26, 179.05, 180.00, 2625, 10251, 57
2026/09/16 19:19:08.726, NVIDIA GeForce RTX 4070 SUPER, 12282, 8881, 99, 29, 178.98, 180.00, 2670, 10251, 56
2026/09/16 19:19:08.927, NVIDIA GeForce RTX 4070 SUPER, 12282, 8881, 99, 29, 178.98, 180.00, 2670, 10251, 56
2026/09/16 19:19:09.127, NVIDIA GeForce RTX 4070 SUPER, 12282, 8881, 99, 29, 178.98, 180.00, 2670, 10251, 56
2026/09/16 19:19:09.328, NVIDIA GeForce RTX 4070 SUPER, 12282, 8881, 100, 26, 179.23, 180.00, 2625, 10251, 58
2026/09/16 19:19:09.528, NVIDIA GeForce RTX 4070 SUPER, 12282, 8881, 100, 26, 179.23, 180.00, 2625, 10251, 58
2026/09/16 19:19:09.728, NVIDIA GeForce RTX 4070 SUPER, 12282, 8881, 99, 35, 179.06, 180.00, 2640, 10251, 58
2026/09/16 19:19:09.929, NVIDIA GeForce RTX 4070 SUPER, 12282, 8881, 99, 35, 179.06, 180.00, 2640, 10251, 58
2026/09/16 19:19:10.129, NVIDIA GeForce RTX 4070 SUPER, 12282, 8881, 99, 35, 179.06, 180.00, 2640, 10251, 58
2026/09/16 19:19:10.330, NVIDIA GeForce RTX 4070 SUPER, 12282, 8881, 100, 30, 179.79, 180.00, 2595, 10251, 59
2026/09/16 19:19:10.530, NVIDIA GeForce RTX 4070 SUPER, 12282, 8881, 100, 30, 179.79, 180.00, 2595, 10251, 59
2026/09/16 19:19:10.730, NVIDIA GeForce RTX 4070 SUPER, 12282, 8881, 98, 32, 178.24, 180.00, 2700, 10251, 58
2026/09/16 19:19:10.931, NVIDIA GeForce RTX 4070 SUPER, 12282, 8881, 98, 32, 178.24, 180.00, 2700, 10251, 58
2026/09/16 19:19:11.131, NVIDIA GeForce RTX 4070 SUPER, 12282, 8881, 98, 32, 178.24, 180.00, 2700, 10251, 58
2026/09/16 19:19:11.332, NVIDIA GeForce RTX 4070 SUPER, 12282, 8881, 100, 30, 179.36, 180.00, 2610, 10251, 59
2026/09/16 19:19:11.532, NVIDIA GeForce RTX 4070 SUPER, 12282, 8881, 100, 30, 179.36, 180.00, 2610, 10251, 59
2026/09/16 19:19:11.732, NVIDIA GeForce RTX 4070 SUPER, 12282, 8881, 100, 27, 179.15, 180.00, 2670, 10251, 59
2026/09/16 19:19:11.933, NVIDIA GeForce RTX 4070 SUPER, 12282, 8881, 100, 27, 179.15, 180.00, 2670, 10251, 59
2026/09/16 19:19:12.133, NVIDIA GeForce RTX 4070 SUPER, 12282, 8881, 100, 27, 179.15, 180.00, 2670, 10251, 59
2026/09/16 19:19:12.333, NVIDIA GeForce RTX 4070 SUPER, 12282, 8881, 99, 36, 179.13, 180.00, 2670, 10251, 59
2026/09/16 19:19:12.534, NVIDIA GeForce RTX 4070 SUPER, 12282, 8881, 99, 36, 179.13, 180.00, 2670, 10251, 59
2026/09/16 19:19:12.734, NVIDIA GeForce RTX 4070 SUPER, 12282, 8881, 0, 0, 116.62, 180.00, 2790, 10251, 47
2026/09/16 19:19:12.934, NVIDIA GeForce RTX 4070 SUPER, 12282, 8881, 0, 0, 116.62, 180.00, 2790, 10251, 47
2026/09/16 19:19:13.135, NVIDIA GeForce RTX 4070 SUPER, 12282, 8881, 0, 0, 116.62, 180.00, 2790, 10251, 47
2026/09/16 19:19:13.335, NVIDIA GeForce RTX 4070 SUPER, 12282, 8881, 0, 0, 53.55, 180.00, 2805, 10251, 46
2026/09/16 19:19:13.535, NVIDIA GeForce RTX 4070 SUPER, 12282, 8883, 0, 0, 53.55, 180.00, 2805, 10251, 46
2026/09/16 19:19:13.736, NVIDIA GeForce RTX 4070 SUPER, 12282, 8883, 0, 0, 41.26, 180.00, 2805, 10251, 46
2026/09/16 19:19:13.936, NVIDIA GeForce RTX 4070 SUPER, 12282, 8883, 0, 0, 41.26, 180.00, 2805, 10251, 46
2026/09/16 19:19:14.137, NVIDIA GeForce RTX 4070 SUPER, 12282, 8883, 0, 0, 41.26, 180.00, 2805, 10251, 46
2026/09/16 19:19:14.338, NVIDIA GeForce RTX 4070 SUPER, 12282, 7235, 100, 31, 82.93, 180.00, 2670, 10251, 57
2026/09/16 19:19:14.538, NVIDIA GeForce RTX 4070 SUPER, 12282, 7235, 100, 31, 82.93, 180.00, 2670, 10251, 57
2026/09/16 19:19:14.739, NVIDIA GeForce RTX 4070 SUPER, 12282, 7235, 0, 0, 88.25, 180.00, 2790, 10251, 47
2026/09/16 19:19:14.939, NVIDIA GeForce RTX 4070 SUPER, 12282, 7235, 0, 0, 88.25, 180.00, 2790, 10251, 47
2026/09/16 19:19:15.140, NVIDIA GeForce RTX 4070 SUPER, 12282, 7235, 0, 0, 88.25, 180.00, 2790, 10251, 47
2026/09/16 19:19:15.340, NVIDIA GeForce RTX 4070 SUPER, 12282, 7235, 0, 0, 58.60, 180.00, 2790, 10251, 46
2026/09/16 19:19:15.540, NVIDIA GeForce RTX 4070 SUPER, 12282, 7235, 0, 0, 58.60, 180.00, 2790, 10251, 46
2026/09/16 19:19:15.741, NVIDIA GeForce RTX 4070 SUPER, 12282, 7235, 0, 0, 58.60, 180.00, 2790, 10251, 46
2026/09/16 19:19:15.941, NVIDIA GeForce RTX 4070 SUPER, 12282, 7235, 0, 0, 58.60, 180.00, 2790, 10251, 46
2026/09/16 19:19:16.141, NVIDIA GeForce RTX 4070 SUPER, 12282, 7235, 0, 0, 58.60, 180.00, 2790, 10251, 46
2026/09/16 19:19:16.342, NVIDIA GeForce RTX 4070 SUPER, 12282, 7235, 0, 0, 39.08, 180.00, 2790, 10251, 46
2026/09/16 19:19:16.542, NVIDIA GeForce RTX 4070 SUPER, 12282, 7235, 0, 0, 39.08, 180.00, 2790, 10251, 46
2026/09/16 19:19:16.743, NVIDIA GeForce RTX 4070 SUPER, 12282, 7235, 0, 0, 39.08, 180.00, 2505, 10251, 45
2026/09/16 19:19:16.943, NVIDIA GeForce RTX 4070 SUPER, 12282, 7235, 0, 0, 39.08, 180.00, 2505, 10251, 45
2026/09/16 19:19:17.143, NVIDIA GeForce RTX 4070 SUPER, 12282, 7235, 0, 0, 39.08, 180.00, 2505, 10251, 45
2026/09/16 19:19:17.344, NVIDIA GeForce RTX 4070 SUPER, 12282, 7235, 0, 0, 33.62, 180.00, 2505, 10251, 45
2026/09/16 19:19:17.544, NVIDIA GeForce RTX 4070 SUPER, 12282, 7235, 0, 0, 33.62, 180.00, 2505, 10251, 45
2026/09/16 19:19:17.744, NVIDIA GeForce RTX 4070 SUPER, 12282, 7235, 0, 0, 33.62, 180.00, 2505, 10251, 45
2026/09/16 19:19:17.945, NVIDIA GeForce RTX 4070 SUPER, 12282, 7235, 0, 0, 33.62, 180.00, 2505, 10251, 45
2026/09/16 19:19:18.145, NVIDIA GeForce RTX 4070 SUPER, 12282, 7235, 0, 0, 33.62, 180.00, 2505, 10251, 45
2026/09/16 19:19:18.345, NVIDIA GeForce RTX 4070 SUPER, 12282, 7235, 0, 0, 28.07, 180.00, 2505, 10251, 45
2026/09/16 19:19:18.546, NVIDIA GeForce RTX 4070 SUPER, 12282, 7235, 0, 0, 28.07, 180.00, 2505, 10251, 45
2026/09/16 19:19:18.746, NVIDIA GeForce RTX 4070 SUPER, 12282, 7235, 0, 0, 28.07, 180.00, 2505, 10251, 44
2026/09/16 19:19:18.947, NVIDIA GeForce RTX 4070 SUPER, 12282, 7235, 0, 0, 28.07, 180.00, 2505, 10251, 44
2026/09/16 19:19:19.147, NVIDIA GeForce RTX 4070 SUPER, 12282, 7235, 0, 0, 28.07, 180.00, 2505, 10251, 44
2026/09/16 19:19:19.348, NVIDIA GeForce RTX 4070 SUPER, 12282, 7235, 0, 0, 27.74, 180.00, 2505, 10251, 44
2026/09/16 19:19:19.548, NVIDIA GeForce RTX 4070 SUPER, 12282, 7235, 0, 0, 27.74, 180.00, 2505, 10251, 44
2026/09/16 19:19:19.749, NVIDIA GeForce RTX 4070 SUPER, 12282, 7235, 0, 0, 27.74, 180.00, 2505, 10251, 44
2026/09/16 19:19:19.949, NVIDIA GeForce RTX 4070 SUPER, 12282, 7235, 0, 0, 27.74, 180.00, 2505, 10251, 44
2026/09/16 19:19:20.149, NVIDIA GeForce RTX 4070 SUPER, 12282, 7235, 0, 0, 27.74, 180.00, 2505, 10251, 44
2026/09/16 19:19:20.350, NVIDIA GeForce RTX 4070 SUPER, 12282, 7235, 0, 0, 27.67, 180.00, 2505, 10251, 44
2026/09/16 19:19:20.550, NVIDIA GeForce RTX 4070 SUPER, 12282, 7235, 0, 0, 27.67, 180.00, 2505, 10251, 44
2026/09/16 19:19:20.751, NVIDIA GeForce RTX 4070 SUPER, 12282, 7235, 0, 0, 27.67, 180.00, 2505, 10251, 44
2026/09/16 19:19:20.951, NVIDIA GeForce RTX 4070 SUPER, 12282, 7235, 0, 0, 27.67, 180.00, 2505, 10251, 44
2026/09/16 19:19:21.151, NVIDIA GeForce RTX 4070 SUPER, 12282, 7235, 0, 0, 27.67, 180.00, 2505, 10251, 44
2026/09/16 19:19:21.352, NVIDIA GeForce RTX 4070 SUPER, 12282, 7235, 0, 0, 27.83, 180.00, 2505, 10251, 44
2026/09/16 19:19:21.552, NVIDIA GeForce RTX 4070 SUPER, 12282, 7235, 0, 0, 27.83, 180.00, 2505, 10251, 44
2026/09/16 19:19:21.752, NVIDIA GeForce RTX 4070 SUPER, 12282, 7235, 0, 0, 27.83, 180.00, 2505, 10251, 44
2026/09/16 19:19:21.953, NVIDIA GeForce RTX 4070 SUPER, 12282, 7235, 0, 0, 27.83, 180.00, 2505, 10251, 44
2026/09/16 19:19:22.153, NVIDIA GeForce RTX 4070 SUPER, 12282, 7235, 0, 0, 27.83, 180.00, 2505, 10251, 44
2026/09/16 19:19:22.353, NVIDIA GeForce RTX 4070 SUPER, 12282, 7235, 0, 0, 27.77, 180.00, 2505, 10251, 44
2026/09/16 19:19:22.554, NVIDIA GeForce RTX 4070 SUPER, 12282, 7235, 0, 0, 27.77, 180.00, 2505, 10251, 44
2026/09/16 19:19:22.754, NVIDIA GeForce RTX 4070 SUPER, 12282, 7235, 0, 0, 27.77, 180.00, 2505, 10251, 44
2026/09/16 19:19:22.954, NVIDIA GeForce RTX 4070 SUPER, 12282, 7235, 0, 0, 27.77, 180.00, 2505, 10251, 44
2026/09/16 19:19:23.155, NVIDIA GeForce RTX 4070 SUPER, 12282, 7235, 0, 0, 27.77, 180.00, 2505, 10251, 44
2026/09/16 19:19:23.355, NVIDIA GeForce RTX 4070 SUPER, 12282, 7235, 0, 0, 27.60, 180.00, 2505, 10251, 44
2026/09/16 19:19:23.555, NVIDIA GeForce RTX 4070 SUPER, 12282, 7235, 0, 0, 27.60, 180.00, 2505, 10251, 44
2026/09/16 19:19:23.756, NVIDIA GeForce RTX 4070 SUPER, 12282, 7235, 0, 0, 27.60, 180.00, 2505, 10251, 44
2026/09/16 19:19:23.956, NVIDIA GeForce RTX 4070 SUPER, 12282, 7235, 0, 0, 27.60, 180.00, 2505, 10251, 44
2026/09/16 19:19:24.157, NVIDIA GeForce RTX 4070 SUPER, 12282, 7235, 0, 0, 27.60, 180.00, 2505, 10251, 44
2026/09/16 19:19:24.357, NVIDIA GeForce RTX 4070 SUPER, 12282, 7235, 0, 0, 27.58, 180.00, 2505, 10251, 44
2026/09/16 19:19:24.557, NVIDIA GeForce RTX 4070 SUPER, 12282, 7235, 0, 0, 27.58, 180.00, 2505, 10251, 44
2026/09/16 19:19:24.758, NVIDIA GeForce RTX 4070 SUPER, 12282, 7235, 0, 0, 27.58, 180.00, 2505, 10251, 44
2026/09/16 19:19:24.958, NVIDIA GeForce RTX 4070 SUPER, 12282, 7235, 0, 0, 27.58, 180.00, 2505, 10251, 44
2026/09/16 19:19:25.159, NVIDIA GeForce RTX 4070 SUPER, 12282, 7235, 0, 0, 27.58, 180.00, 2505, 10251, 44
2026/09/16 19:19:25.359, NVIDIA GeForce RTX 4070 SUPER, 12282, 7235, 0, 0, 27.66, 180.00, 2505, 10251, 44
2026/09/16 19:19:25.559, NVIDIA GeForce RTX 4070 SUPER, 12282, 7235, 0, 0, 27.66, 180.00, 2505, 10251, 44
2026/09/16 19:19:25.760, NVIDIA GeForce RTX 4070 SUPER, 12282, 7235, 0, 0, 27.66, 180.00, 2505, 10251, 44
2026/09/16 19:19:25.960, NVIDIA GeForce RTX 4070 SUPER, 12282, 7235, 0, 0, 27.66, 180.00, 2505, 10251, 44
2026/09/16 19:19:26.160, NVIDIA GeForce RTX 4070 SUPER, 12282, 7235, 0, 0, 27.66, 180.00, 2505, 10251, 44
2026/09/16 19:19:26.361, NVIDIA GeForce RTX 4070 SUPER, 12282, 7235, 0, 0, 27.64, 180.00, 2505, 10251, 44
2026/09/16 19:19:26.561, NVIDIA GeForce RTX 4070 SUPER, 12282, 7235, 0, 0, 27.64, 180.00, 2505, 10251, 44
2026/09/16 19:19:26.761, NVIDIA GeForce RTX 4070 SUPER, 12282, 7235, 0, 0, 27.64, 180.00, 2505, 10251, 44
2026/09/16 19:19:26.962, NVIDIA GeForce RTX 4070 SUPER, 12282, 7235, 0, 0, 27.64, 180.00, 2505, 10251, 44
2026/09/16 19:19:27.162, NVIDIA GeForce RTX 4070 SUPER, 12282, 7235, 0, 0, 27.64, 180.00, 2505, 10251, 44
2026/09/16 19:19:27.362, NVIDIA GeForce RTX 4070 SUPER, 12282, 7235, 0, 0, 27.57, 180.00, 2505, 10251, 44
2026/09/16 19:19:27.563, NVIDIA GeForce RTX 4070 SUPER, 12282, 7235, 0, 0, 27.57, 180.00, 2505, 10251, 44
2026/09/16 19:19:27.763, NVIDIA GeForce RTX 4070 SUPER, 12282, 7235, 0, 0, 27.57, 180.00, 2505, 10251, 44
2026/09/16 19:19:27.964, NVIDIA GeForce RTX 4070 SUPER, 12282, 7235, 0, 0, 27.57, 180.00, 2505, 10251, 44
2026/09/16 19:19:28.164, NVIDIA GeForce RTX 4070 SUPER, 12282, 7235, 0, 0, 27.57, 180.00, 2505, 10251, 44
2026/09/16 19:19:28.365, NVIDIA GeForce RTX 4070 SUPER, 12282, 7235, 0, 0, 27.47, 180.00, 2505, 10251, 44
2026/09/16 19:19:28.565, NVIDIA GeForce RTX 4070 SUPER, 12282, 7235, 0, 0, 27.47, 180.00, 2505, 10251, 44
2026/09/16 19:19:28.765, NVIDIA GeForce RTX 4070 SUPER, 12282, 7235, 0, 0, 27.47, 180.00, 2505, 10251, 44
2026/09/16 19:19:28.966, NVIDIA GeForce RTX 4070 SUPER, 12282, 7235, 0, 0, 27.47, 180.00, 2505, 10251, 44
2026/09/16 19:19:29.166, NVIDIA GeForce RTX 4070 SUPER, 12282, 7235, 0, 0, 27.47, 180.00, 2505, 10251, 44
2026/09/16 19:19:29.366, NVIDIA GeForce RTX 4070 SUPER, 12282, 7235, 0, 0, 27.39, 180.00, 2505, 10251, 44
2026/09/16 19:19:29.567, NVIDIA GeForce RTX 4070 SUPER, 12282, 7235, 0, 0, 27.39, 180.00, 2505, 10251, 44
2026/09/16 19:19:29.767, NVIDIA GeForce RTX 4070 SUPER, 12282, 7235, 0, 0, 27.39, 180.00, 2505, 10251, 44
2026/09/16 19:19:29.967, NVIDIA GeForce RTX 4070 SUPER, 12282, 7235, 0, 0, 27.39, 180.00, 2505, 10251, 44
2026/09/16 19:19:30.168, NVIDIA GeForce RTX 4070 SUPER, 12282, 7235, 0, 0, 27.39, 180.00, 2505, 10251, 44
2026/09/16 19:19:30.368, NVIDIA GeForce RTX 4070 SUPER, 12282, 7235, 0, 0, 27.54, 180.00, 2505, 10251, 44
2026/09/16 19:19:30.568, NVIDIA GeForce RTX 4070 SUPER, 12282, 7235, 0, 0, 27.54, 180.00, 2505, 10251, 44
2026/09/16 19:19:30.769, NVIDIA GeForce RTX 4070 SUPER, 12282, 7235, 0, 0, 27.54, 180.00, 2505, 10251, 44
2026/09/16 19:19:30.969, NVIDIA GeForce RTX 4070 SUPER, 12282, 7235, 0, 0, 27.54, 180.00, 2505, 10251, 44
2026/09/16 19:19:31.169, NVIDIA GeForce RTX 4070 SUPER, 12282, 7235, 0, 0, 24.98, 180.00, 2505, 10251, 44
2026/09/16 19:19:31.370, NVIDIA GeForce RTX 4070 SUPER, 12282, 7235, 0, 0, 24.98, 180.00, 2505, 10251, 44
2026/09/16 19:19:31.570, NVIDIA GeForce RTX 4070 SUPER, 12282, 7235, 0, 0, 24.98, 180.00, 2505, 10251, 44
2026/09/16 19:19:31.771, NVIDIA GeForce RTX 4070 SUPER, 12282, 7235, 0, 0, 24.98, 180.00, 450, 810, 43
2026/09/16 19:19:31.971, NVIDIA GeForce RTX 4070 SUPER, 12282, 7235, 0, 0, 24.98, 180.00, 450, 810, 43
2026/09/16 19:19:32.172, NVIDIA GeForce RTX 4070 SUPER, 12282, 7235, 0, 0, 16.91, 180.00, 450, 810, 43
2026/09/16 19:19:32.373, NVIDIA GeForce RTX 4070 SUPER, 12282, 7235, 0, 0, 16.91, 180.00, 450, 810, 43
2026/09/16 19:19:32.573, NVIDIA GeForce RTX 4070 SUPER, 12282, 7235, 0, 0, 16.91, 180.00, 450, 810, 43
2026/09/16 19:19:32.773, NVIDIA GeForce RTX 4070 SUPER, 12282, 7235, 0, 0, 16.91, 180.00, 285, 405, 43
2026/09/16 19:19:32.974, NVIDIA GeForce RTX 4070 SUPER, 12282, 7235, 0, 0, 16.91, 180.00, 285, 405, 43
2026/09/16 19:19:33.174, NVIDIA GeForce RTX 4070 SUPER, 12282, 7235, 0, 0, 10.48, 180.00, 285, 405, 43
2026/09/16 19:19:33.375, NVIDIA GeForce RTX 4070 SUPER, 12282, 7235, 0, 0, 10.48, 180.00, 285, 405, 43
2026/09/16 19:19:33.575, NVIDIA GeForce RTX 4070 SUPER, 12282, 7235, 0, 0, 10.48, 180.00, 285, 405, 43
2026/09/16 19:19:33.776, NVIDIA GeForce RTX 4070 SUPER, 12282, 7235, 0, 0, 10.48, 180.00, 210, 405, 42
2026/09/16 19:19:33.976, NVIDIA GeForce RTX 4070 SUPER, 12282, 7235, 0, 0, 10.48, 180.00, 210, 405, 42
2026/09/16 19:19:34.177, NVIDIA GeForce RTX 4070 SUPER, 12282, 7235, 0, 0, 9.45, 180.00, 210, 405, 42
2026/09/16 19:19:34.377, NVIDIA GeForce RTX 4070 SUPER, 12282, 7235, 0, 0, 9.45, 180.00, 210, 405, 42
2026/09/16 19:19:34.577, NVIDIA GeForce RTX 4070 SUPER, 12282, 7235, 0, 0, 9.45, 180.00, 210, 405, 42
2026/09/16 19:19:34.778, NVIDIA GeForce RTX 4070 SUPER, 12282, 7235, 0, 0, 9.45, 180.00, 210, 405, 42
2026/09/16 19:19:34.978, NVIDIA GeForce RTX 4070 SUPER, 12282, 7235, 0, 0, 9.45, 180.00, 210, 405, 42
2026/09/16 19:19:35.179, NVIDIA GeForce RTX 4070 SUPER, 12282, 7235, 0, 0, 9.44, 180.00, 210, 405, 42
2026/09/16 19:19:35.379, NVIDIA GeForce RTX 4070 SUPER, 12282, 7235, 0, 0, 9.44, 180.00, 210, 405, 42
2026/09/16 19:19:35.579, NVIDIA GeForce RTX 4070 SUPER, 12282, 7235, 0, 0, 9.44, 180.00, 210, 405, 42
2026/09/16 19:19:35.780, NVIDIA GeForce RTX 4070 SUPER, 12282, 7235, 0, 0, 9.44, 180.00, 210, 405, 42
2026/09/16 19:19:35.980, NVIDIA GeForce RTX 4070 SUPER, 12282, 7235, 0, 0, 9.44, 180.00, 210, 405, 42
2026/09/16 19:19:36.181, NVIDIA GeForce RTX 4070 SUPER, 12282, 7235, 0, 0, 9.39, 180.00, 210, 405, 42
2026/09/16 19:19:36.381, NVIDIA GeForce RTX 4070 SUPER, 12282, 7235, 0, 0, 9.39, 180.00, 210, 405, 42
2026/09/16 19:19:36.582, NVIDIA GeForce RTX 4070 SUPER, 12282, 7235, 0, 0, 9.39, 180.00, 210, 405, 42
2026/09/16 19:19:36.782, NVIDIA GeForce RTX 4070 SUPER, 12282, 7235, 0, 0, 9.39, 180.00, 210, 405, 42
2026/09/16 19:19:36.982, NVIDIA GeForce RTX 4070 SUPER, 12282, 7235, 0, 0, 9.39, 180.00, 210, 405, 42
2026/09/16 19:19:37.183, NVIDIA GeForce RTX 4070 SUPER, 12282, 7235, 0, 0, 9.46, 180.00, 210, 405, 42
2026/09/16 19:19:37.383, NVIDIA GeForce RTX 4070 SUPER, 12282, 7235, 0, 0, 9.46, 180.00, 210, 405, 42
2026/09/16 19:19:37.583, NVIDIA GeForce RTX 4070 SUPER, 12282, 7235, 0, 0, 9.46, 180.00, 210, 405, 42
2026/09/16 19:19:37.784, NVIDIA GeForce RTX 4070 SUPER, 12282, 7235, 0, 0, 9.46, 180.00, 210, 405, 42
2026/09/16 19:19:37.984, NVIDIA GeForce RTX 4070 SUPER, 12282, 7235, 0, 0, 9.46, 180.00, 210, 405, 42
2026/09/16 19:19:38.185, NVIDIA GeForce RTX 4070 SUPER, 12282, 7235, 0, 0, 13.02, 180.00, 2505, 10251, 43
2026/09/16 19:19:38.385, NVIDIA GeForce RTX 4070 SUPER, 12282, 7235, 0, 0, 13.02, 180.00, 2505, 10251, 43
2026/09/16 19:19:38.585, NVIDIA GeForce RTX 4070 SUPER, 12282, 7235, 0, 0, 13.02, 180.00, 2505, 10251, 43
2026/09/16 19:19:38.786, NVIDIA GeForce RTX 4070 SUPER, 12282, 7443, 0, 0, 20.37, 180.00, 2505, 10251, 43
2026/09/16 19:19:38.986, NVIDIA GeForce RTX 4070 SUPER, 12282, 8361, 0, 0, 20.37, 180.00, 2505, 10251, 43
2026/09/16 19:19:39.187, NVIDIA GeForce RTX 4070 SUPER, 12282, 8361, 99, 36, 70.56, 180.00, 2685, 10251, 51
2026/09/16 19:19:39.387, NVIDIA GeForce RTX 4070 SUPER, 12282, 8361, 99, 36, 70.56, 180.00, 2685, 10251, 51
2026/09/16 19:19:39.587, NVIDIA GeForce RTX 4070 SUPER, 12282, 8361, 99, 36, 70.56, 180.00, 2685, 10251, 51
2026/09/16 19:19:39.788, NVIDIA GeForce RTX 4070 SUPER, 12282, 8361, 100, 24, 140.33, 180.00, 2580, 10251, 58
2026/09/16 19:19:39.988, NVIDIA GeForce RTX 4070 SUPER, 12282, 8361, 100, 24, 140.33, 180.00, 2580, 10251, 58
2026/09/16 19:19:40.189, NVIDIA GeForce RTX 4070 SUPER, 12282, 8361, 0, 0, 134.18, 180.00, 2790, 10251, 47
2026/09/16 19:19:40.389, NVIDIA GeForce RTX 4070 SUPER, 12282, 8361, 0, 0, 134.18, 180.00, 2790, 10251, 47
2026/09/16 19:19:40.589, NVIDIA GeForce RTX 4070 SUPER, 12282, 8361, 0, 0, 134.18, 180.00, 2790, 10251, 47
2026/09/16 19:19:40.790, NVIDIA GeForce RTX 4070 SUPER, 12282, 8361, 0, 0, 76.22, 180.00, 2790, 10251, 46
2026/09/16 19:19:40.990, NVIDIA GeForce RTX 4070 SUPER, 12282, 8361, 0, 0, 76.22, 180.00, 2790, 10251, 46
2026/09/16 19:19:41.190, NVIDIA GeForce RTX 4070 SUPER, 12282, 8361, 100, 24, 63.97, 180.00, 2595, 10251, 56
2026/09/16 19:19:41.391, NVIDIA GeForce RTX 4070 SUPER, 12282, 8361, 100, 24, 63.97, 180.00, 2595, 10251, 56
2026/09/16 19:19:41.591, NVIDIA GeForce RTX 4070 SUPER, 12282, 8361, 100, 24, 63.97, 180.00, 2595, 10251, 56
2026/09/16 19:19:41.792, NVIDIA GeForce RTX 4070 SUPER, 12282, 8361, 0, 0, 81.91, 180.00, 2790, 10251, 46
2026/09/16 19:19:41.992, NVIDIA GeForce RTX 4070 SUPER, 12282, 8361, 0, 0, 81.91, 180.00, 2790, 10251, 46
2026/09/16 19:19:42.192, NVIDIA GeForce RTX 4070 SUPER, 12282, 8361, 0, 0, 71.11, 180.00, 2790, 10251, 46
2026/09/16 19:19:42.393, NVIDIA GeForce RTX 4070 SUPER, 12282, 8361, 0, 0, 71.11, 180.00, 2790, 10251, 46
2026/09/16 19:19:42.593, NVIDIA GeForce RTX 4070 SUPER, 12282, 8361, 0, 0, 71.11, 180.00, 2790, 10251, 46
2026/09/16 19:19:42.794, NVIDIA GeForce RTX 4070 SUPER, 12282, 8361, 100, 27, 51.13, 180.00, 2565, 10251, 56
2026/09/16 19:19:42.994, NVIDIA GeForce RTX 4070 SUPER, 12282, 8361, 100, 27, 51.13, 180.00, 2565, 10251, 56
2026/09/16 19:19:43.194, NVIDIA GeForce RTX 4070 SUPER, 12282, 8361, 0, 0, 82.12, 180.00, 2790, 10251, 47
2026/09/16 19:19:43.395, NVIDIA GeForce RTX 4070 SUPER, 12282, 8361, 0, 0, 82.12, 180.00, 2790, 10251, 47
2026/09/16 19:19:43.595, NVIDIA GeForce RTX 4070 SUPER, 12282, 8361, 0, 0, 82.12, 180.00, 2790, 10251, 47
2026/09/16 19:19:43.795, NVIDIA GeForce RTX 4070 SUPER, 12282, 8361, 0, 0, 82.83, 180.00, 2790, 10251, 46
2026/09/16 19:19:43.996, NVIDIA GeForce RTX 4070 SUPER, 12282, 8361, 0, 0, 82.83, 180.00, 2790, 10251, 46
2026/09/16 19:19:44.196, NVIDIA GeForce RTX 4070 SUPER, 12282, 8361, 0, 0, 40.75, 180.00, 2790, 10251, 51
2026/09/16 19:19:44.397, NVIDIA GeForce RTX 4070 SUPER, 12282, 8361, 0, 0, 40.75, 180.00, 2790, 10251, 51
2026/09/16 19:19:44.597, NVIDIA GeForce RTX 4070 SUPER, 12282, 8361, 0, 0, 40.75, 180.00, 2790, 10251, 51
2026/09/16 19:19:44.797, NVIDIA GeForce RTX 4070 SUPER, 12282, 8361, 0, 0, 82.63, 180.00, 2790, 10251, 48
2026/09/16 19:19:44.998, NVIDIA GeForce RTX 4070 SUPER, 12282, 8361, 0, 0, 82.63, 180.00, 2790, 10251, 48
2026/09/16 19:19:45.198, NVIDIA GeForce RTX 4070 SUPER, 12282, 8361, 0, 0, 76.28, 180.00, 2790, 10251, 46
2026/09/16 19:19:45.398, NVIDIA GeForce RTX 4070 SUPER, 12282, 8361, 0, 0, 76.28, 180.00, 2790, 10251, 46
2026/09/16 19:19:45.599, NVIDIA GeForce RTX 4070 SUPER, 12282, 8361, 0, 0, 76.28, 180.00, 2790, 10251, 46
2026/09/16 19:19:45.799, NVIDIA GeForce RTX 4070 SUPER, 12282, 8361, 0, 0, 58.03, 180.00, 2790, 10251, 46
2026/09/16 19:19:45.999, NVIDIA GeForce RTX 4070 SUPER, 12282, 8361, 0, 0, 58.03, 180.00, 2790, 10251, 46
2026/09/16 19:19:46.200, NVIDIA GeForce RTX 4070 SUPER, 12282, 8361, 42, 15, 82.68, 180.00, 2790, 10251, 49
2026/09/16 19:19:46.401, NVIDIA GeForce RTX 4070 SUPER, 12282, 8361, 42, 15, 82.68, 180.00, 2790, 10251, 49
2026/09/16 19:19:46.601, NVIDIA GeForce RTX 4070 SUPER, 12282, 8361, 42, 15, 82.68, 180.00, 2790, 10251, 49
2026/09/16 19:19:46.802, NVIDIA GeForce RTX 4070 SUPER, 12282, 8361, 0, 0, 79.27, 180.00, 2790, 10251, 47
2026/09/16 19:19:47.002, NVIDIA GeForce RTX 4070 SUPER, 12282, 8361, 0, 0, 79.27, 180.00, 2790, 10251, 47
2026/09/16 19:19:47.202, NVIDIA GeForce RTX 4070 SUPER, 12282, 8361, 0, 0, 58.15, 180.00, 2790, 10251, 46
2026/09/16 19:19:47.403, NVIDIA GeForce RTX 4070 SUPER, 12282, 8361, 0, 0, 58.15, 180.00, 2790, 10251, 46
2026/09/16 19:19:47.603, NVIDIA GeForce RTX 4070 SUPER, 12282, 8361, 0, 0, 58.15, 180.00, 2790, 10251, 46
2026/09/16 19:19:47.803, NVIDIA GeForce RTX 4070 SUPER, 12282, 8361, 0, 0, 58.15, 180.00, 2790, 10251, 46
2026/09/16 19:19:48.004, NVIDIA GeForce RTX 4070 SUPER, 12282, 8361, 0, 0, 58.15, 180.00, 2790, 10251, 46
2026/09/16 19:19:48.204, NVIDIA GeForce RTX 4070 SUPER, 12282, 8361, 0, 0, 37.58, 180.00, 2505, 10251, 45
2026/09/16 19:19:48.404, NVIDIA GeForce RTX 4070 SUPER, 12282, 8361, 0, 0, 37.58, 180.00, 2505, 10251, 45
2026/09/16 19:19:48.605, NVIDIA GeForce RTX 4070 SUPER, 12282, 8361, 0, 0, 37.58, 180.00, 2505, 10251, 45
2026/09/16 19:19:48.805, NVIDIA GeForce RTX 4070 SUPER, 12282, 8361, 0, 0, 37.58, 180.00, 2505, 10251, 45
2026/09/16 19:19:49.006, NVIDIA GeForce RTX 4070 SUPER, 12282, 8361, 0, 0, 37.58, 180.00, 2505, 10251, 45
2026/09/16 19:19:49.206, NVIDIA GeForce RTX 4070 SUPER, 12282, 8361, 0, 0, 32.55, 180.00, 2505, 10251, 45
2026/09/16 19:19:49.406, NVIDIA GeForce RTX 4070 SUPER, 12282, 8361, 0, 0, 32.55, 180.00, 2505, 10251, 45
2026/09/16 19:19:49.607, NVIDIA GeForce RTX 4070 SUPER, 12282, 8361, 0, 0, 32.55, 180.00, 2505, 10251, 45
2026/09/16 19:19:49.807, NVIDIA GeForce RTX 4070 SUPER, 12282, 8361, 0, 0, 32.55, 180.00, 2505, 10251, 45
2026/09/16 19:19:50.007, NVIDIA GeForce RTX 4070 SUPER, 12282, 8361, 0, 0, 32.55, 180.00, 2505, 10251, 45
2026/09/16 19:19:50.208, NVIDIA GeForce RTX 4070 SUPER, 12282, 8361, 0, 0, 27.69, 180.00, 2505, 10251, 45
2026/09/16 19:19:50.408, NVIDIA GeForce RTX 4070 SUPER, 12282, 8361, 0, 0, 27.69, 180.00, 2505, 10251, 45
2026/09/16 19:19:50.608, NVIDIA GeForce RTX 4070 SUPER, 12282, 8361, 0, 0, 27.69, 180.00, 2505, 10251, 45
2026/09/16 19:19:50.809, NVIDIA GeForce RTX 4070 SUPER, 12282, 8361, 0, 0, 27.69, 180.00, 2505, 10251, 45
2026/09/16 19:19:51.009, NVIDIA GeForce RTX 4070 SUPER, 12282, 8361, 0, 0, 27.69, 180.00, 2505, 10251, 45
2026/09/16 19:19:51.209, NVIDIA GeForce RTX 4070 SUPER, 12282, 8361, 0, 0, 27.68, 180.00, 2505, 10251, 44
2026/09/16 19:19:51.410, NVIDIA GeForce RTX 4070 SUPER, 12282, 8361, 0, 0, 27.68, 180.00, 2505, 10251, 44
2026/09/16 19:19:51.610, NVIDIA GeForce RTX 4070 SUPER, 12282, 8361, 0, 0, 27.68, 180.00, 2505, 10251, 44
2026/09/16 19:19:51.810, NVIDIA GeForce RTX 4070 SUPER, 12282, 8361, 0, 0, 27.68, 180.00, 2505, 10251, 44
2026/09/16 19:19:52.011, NVIDIA GeForce RTX 4070 SUPER, 12282, 8361, 0, 0, 27.68, 180.00, 2505, 10251, 44
2026/09/16 19:19:52.211, NVIDIA GeForce RTX 4070 SUPER, 12282, 8361, 0, 0, 27.77, 180.00, 2505, 10251, 44
2026/09/16 19:19:52.412, NVIDIA GeForce RTX 4070 SUPER, 12282, 8361, 0, 0, 27.77, 180.00, 2505, 10251, 44
2026/09/16 19:19:52.612, NVIDIA GeForce RTX 4070 SUPER, 12282, 8361, 0, 0, 27.77, 180.00, 2505, 10251, 44
2026/09/16 19:19:52.812, NVIDIA GeForce RTX 4070 SUPER, 12282, 8361, 0, 0, 27.77, 180.00, 2505, 10251, 44
2026/09/16 19:19:53.013, NVIDIA GeForce RTX 4070 SUPER, 12282, 8361, 0, 0, 27.77, 180.00, 2505, 10251, 44
2026/09/16 19:19:53.213, NVIDIA GeForce RTX 4070 SUPER, 12282, 8361, 0, 0, 27.77, 180.00, 2505, 10251, 44
2026/09/16 19:19:53.413, NVIDIA GeForce RTX 4070 SUPER, 12282, 8361, 0, 0, 27.77, 180.00, 2505, 10251, 44
2026/09/16 19:19:53.614, NVIDIA GeForce RTX 4070 SUPER, 12282, 8361, 0, 0, 27.77, 180.00, 2505, 10251, 44
2026/09/16 19:19:53.814, NVIDIA GeForce RTX 4070 SUPER, 12282, 8361, 0, 0, 27.77, 180.00, 2505, 10251, 44
2026/09/16 19:19:54.014, NVIDIA GeForce RTX 4070 SUPER, 12282, 8361, 0, 0, 27.77, 180.00, 2505, 10251, 44
2026/09/16 19:19:54.215, NVIDIA GeForce RTX 4070 SUPER, 12282, 8361, 0, 0, 27.70, 180.00, 2505, 10251, 44
2026/09/16 19:19:54.415, NVIDIA GeForce RTX 4070 SUPER, 12282, 8361, 0, 0, 27.70, 180.00, 2505, 10251, 44
2026/09/16 19:19:54.615, NVIDIA GeForce RTX 4070 SUPER, 12282, 8361, 0, 0, 27.70, 180.00, 2505, 10251, 44
2026/09/16 19:19:54.816, NVIDIA GeForce RTX 4070 SUPER, 12282, 8361, 0, 0, 27.70, 180.00, 2505, 10251, 44
2026/09/16 19:19:55.016, NVIDIA GeForce RTX 4070 SUPER, 12282, 8361, 0, 0, 27.70, 180.00, 2505, 10251, 44
2026/09/16 19:19:55.216, NVIDIA GeForce RTX 4070 SUPER, 12282, 8361, 0, 0, 27.66, 180.00, 2505, 10251, 44
2026/09/16 19:19:55.417, NVIDIA GeForce RTX 4070 SUPER, 12282, 8361, 0, 0, 27.66, 180.00, 2505, 10251, 44
2026/09/16 19:19:55.617, NVIDIA GeForce RTX 4070 SUPER, 12282, 8361, 0, 0, 27.66, 180.00, 2505, 10251, 44
2026/09/16 19:19:55.817, NVIDIA GeForce RTX 4070 SUPER, 12282, 8361, 0, 0, 27.66, 180.00, 2505, 10251, 44
2026/09/16 19:19:56.018, NVIDIA GeForce RTX 4070 SUPER, 12282, 8361, 0, 0, 27.66, 180.00, 2505, 10251, 44
2026/09/16 19:19:56.218, NVIDIA GeForce RTX 4070 SUPER, 12282, 8361, 0, 0, 27.66, 180.00, 2505, 10251, 44
2026/09/16 19:19:56.419, NVIDIA GeForce RTX 4070 SUPER, 12282, 8361, 0, 0, 27.66, 180.00, 2505, 10251, 44
2026/09/16 19:19:56.619, NVIDIA GeForce RTX 4070 SUPER, 12282, 8361, 0, 0, 27.66, 180.00, 2505, 10251, 44
2026/09/16 19:19:56.820, NVIDIA GeForce RTX 4070 SUPER, 12282, 8361, 0, 0, 27.66, 180.00, 2505, 10251, 44
2026/09/16 19:19:57.020, NVIDIA GeForce RTX 4070 SUPER, 12282, 8361, 0, 0, 27.66, 180.00, 2505, 10251, 44
2026/09/16 19:19:57.221, NVIDIA GeForce RTX 4070 SUPER, 12282, 8361, 0, 0, 27.62, 180.00, 2505, 10251, 44
2026/09/16 19:19:57.421, NVIDIA GeForce RTX 4070 SUPER, 12282, 8361, 0, 0, 27.62, 180.00, 2505, 10251, 44
2026/09/16 19:19:57.621, NVIDIA GeForce RTX 4070 SUPER, 12282, 8361, 0, 0, 27.62, 180.00, 2505, 10251, 44
2026/09/16 19:19:57.822, NVIDIA GeForce RTX 4070 SUPER, 12282, 8361, 0, 0, 27.62, 180.00, 2505, 10251, 44
2026/09/16 19:19:58.022, NVIDIA GeForce RTX 4070 SUPER, 12282, 8361, 0, 0, 27.62, 180.00, 2505, 10251, 44
2026/09/16 19:19:58.222, NVIDIA GeForce RTX 4070 SUPER, 12282, 8361, 0, 0, 27.70, 180.00, 2505, 10251, 44
2026/09/16 19:19:58.423, NVIDIA GeForce RTX 4070 SUPER, 12282, 8361, 0, 0, 27.70, 180.00, 2505, 10251, 44
2026/09/16 19:19:58.623, NVIDIA GeForce RTX 4070 SUPER, 12282, 8361, 0, 0, 27.70, 180.00, 2505, 10251, 44
2026/09/16 19:19:58.823, NVIDIA GeForce RTX 4070 SUPER, 12282, 8361, 0, 0, 27.70, 180.00, 2505, 10251, 44
2026/09/16 19:19:59.024, NVIDIA GeForce RTX 4070 SUPER, 12282, 8361, 0, 0, 27.70, 180.00, 2505, 10251, 44
2026/09/16 19:19:59.224, NVIDIA GeForce RTX 4070 SUPER, 12282, 8361, 0, 0, 27.81, 180.00, 2505, 10251, 44
2026/09/16 19:19:59.424, NVIDIA GeForce RTX 4070 SUPER, 12282, 8361, 0, 0, 27.81, 180.00, 2505, 10251, 44
2026/09/16 19:19:59.625, NVIDIA GeForce RTX 4070 SUPER, 12282, 8361, 0, 0, 27.81, 180.00, 2505, 10251, 44
2026/09/16 19:19:59.825, NVIDIA GeForce RTX 4070 SUPER, 12282, 8361, 0, 0, 27.81, 180.00, 2505, 10251, 44
2026/09/16 19:20:00.025, NVIDIA GeForce RTX 4070 SUPER, 12282, 8361, 0, 0, 27.81, 180.00, 2505, 10251, 44
2026/09/16 19:20:00.226, NVIDIA GeForce RTX 4070 SUPER, 12282, 8361, 0, 0, 27.87, 180.00, 2505, 10251, 44
2026/09/16 19:20:00.426, NVIDIA GeForce RTX 4070 SUPER, 12282, 8361, 0, 0, 27.87, 180.00, 2505, 10251, 44
2026/09/16 19:20:00.626, NVIDIA GeForce RTX 4070 SUPER, 12282, 8361, 0, 0, 27.87, 180.00, 2505, 10251, 44
2026/09/16 19:20:00.827, NVIDIA GeForce RTX 4070 SUPER, 12282, 8361, 0, 0, 27.87, 180.00, 2505, 10251, 44
2026/09/16 19:20:01.027, NVIDIA GeForce RTX 4070 SUPER, 12282, 8361, 0, 0, 27.87, 180.00, 2505, 10251, 44
2026/09/16 19:20:01.228, NVIDIA GeForce RTX 4070 SUPER, 12282, 8361, 0, 0, 27.84, 180.00, 2505, 10251, 44
2026/09/16 19:20:01.428, NVIDIA GeForce RTX 4070 SUPER, 12282, 8361, 0, 0, 27.84, 180.00, 2505, 10251, 44
2026/09/16 19:20:01.628, NVIDIA GeForce RTX 4070 SUPER, 12282, 8361, 0, 0, 27.84, 180.00, 2505, 10251, 44
2026/09/16 19:20:01.829, NVIDIA GeForce RTX 4070 SUPER, 12282, 8361, 0, 0, 27.84, 180.00, 2505, 10251, 44
2026/09/16 19:20:02.029, NVIDIA GeForce RTX 4070 SUPER, 12282, 8361, 0, 0, 27.84, 180.00, 2505, 10251, 44
2026/09/16 19:20:02.229, NVIDIA GeForce RTX 4070 SUPER, 12282, 8361, 0, 0, 27.82, 180.00, 2505, 10251, 44
2026/09/16 19:20:02.430, NVIDIA GeForce RTX 4070 SUPER, 12282, 8361, 0, 0, 27.82, 180.00, 2505, 10251, 44
2026/09/16 19:20:02.630, NVIDIA GeForce RTX 4070 SUPER, 12282, 8361, 0, 0, 27.82, 180.00, 2505, 10251, 44
2026/09/16 19:20:02.830, NVIDIA GeForce RTX 4070 SUPER, 12282, 8361, 0, 0, 27.82, 180.00, 2505, 10251, 44
2026/09/16 19:20:03.031, NVIDIA GeForce RTX 4070 SUPER, 12282, 8361, 0, 0, 27.82, 180.00, 2505, 10251, 44
2026/09/16 19:20:03.231, NVIDIA GeForce RTX 4070 SUPER, 12282, 8361, 0, 0, 25.91, 180.00, 450, 810, 44
2026/09/16 19:20:03.432, NVIDIA GeForce RTX 4070 SUPER, 12282, 8361, 0, 0, 25.91, 180.00, 450, 810, 44
2026/09/16 19:20:03.632, NVIDIA GeForce RTX 4070 SUPER, 12282, 8361, 0, 0, 25.91, 180.00, 450, 810, 44
2026/09/16 19:20:03.832, NVIDIA GeForce RTX 4070 SUPER, 12282, 8361, 0, 0, 25.91, 180.00, 450, 810, 44
2026/09/16 19:20:04.033, NVIDIA GeForce RTX 4070 SUPER, 12282, 8361, 0, 0, 25.91, 180.00, 450, 810, 44
2026/09/16 19:20:04.233, NVIDIA GeForce RTX 4070 SUPER, 12282, 8361, 0, 0, 17.56, 180.00, 285, 405, 43
2026/09/16 19:20:04.434, NVIDIA GeForce RTX 4070 SUPER, 12282, 8361, 0, 0, 17.56, 180.00, 285, 405, 43
2026/09/16 19:20:04.634, NVIDIA GeForce RTX 4070 SUPER, 12282, 8361, 0, 0, 17.56, 180.00, 285, 405, 43
2026/09/16 19:20:04.835, NVIDIA GeForce RTX 4070 SUPER, 12282, 8361, 0, 0, 17.56, 180.00, 285, 405, 43
2026/09/16 19:20:05.035, NVIDIA GeForce RTX 4070 SUPER, 12282, 8361, 0, 0, 17.56, 180.00, 285, 405, 43
2026/09/16 19:20:05.236, NVIDIA GeForce RTX 4070 SUPER, 12282, 8361, 0, 0, 10.34, 180.00, 210, 405, 43
2026/09/16 19:20:05.436, NVIDIA GeForce RTX 4070 SUPER, 12282, 8361, 0, 0, 10.34, 180.00, 210, 405, 43
2026/09/16 19:20:05.636, NVIDIA GeForce RTX 4070 SUPER, 12282, 8361, 0, 0, 10.34, 180.00, 210, 405, 43
2026/09/16 19:20:05.837, NVIDIA GeForce RTX 4070 SUPER, 12282, 8361, 0, 0, 10.34, 180.00, 210, 405, 43
2026/09/16 19:20:06.038, NVIDIA GeForce RTX 4070 SUPER, 12282, 8361, 0, 0, 10.34, 180.00, 210, 405, 43
2026/09/16 19:20:06.238, NVIDIA GeForce RTX 4070 SUPER, 12282, 8361, 0, 0, 9.51, 180.00, 210, 405, 43
2026/09/16 19:20:06.439, NVIDIA GeForce RTX 4070 SUPER, 12282, 8361, 0, 0, 9.51, 180.00, 210, 405, 43
2026/09/16 19:20:06.639, NVIDIA GeForce RTX 4070 SUPER, 12282, 8361, 0, 0, 9.51, 180.00, 210, 405, 43
2026/09/16 19:20:06.840, NVIDIA GeForce RTX 4070 SUPER, 12282, 8361, 0, 0, 9.51, 180.00, 210, 405, 43
2026/09/16 19:20:07.040, NVIDIA GeForce RTX 4070 SUPER, 12282, 8361, 0, 0, 9.51, 180.00, 210, 405, 43
2026/09/16 19:20:07.240, NVIDIA GeForce RTX 4070 SUPER, 12282, 8361, 0, 0, 9.40, 180.00, 210, 405, 43
2026/09/16 19:20:07.441, NVIDIA GeForce RTX 4070 SUPER, 12282, 8361, 0, 0, 9.40, 180.00, 210, 405, 43
2026/09/16 19:20:07.641, NVIDIA GeForce RTX 4070 SUPER, 12282, 8361, 0, 0, 9.40, 180.00, 210, 405, 43
2026/09/16 19:20:07.842, NVIDIA GeForce RTX 4070 SUPER, 12282, 8361, 0, 0, 9.40, 180.00, 210, 405, 43
2026/09/16 19:20:08.043, NVIDIA GeForce RTX 4070 SUPER, 12282, 8361, 0, 0, 9.40, 180.00, 210, 405, 43
2026/09/16 19:20:08.243, NVIDIA GeForce RTX 4070 SUPER, 12282, 8361, 0, 0, 9.24, 180.00, 210, 405, 42
2026/09/16 19:20:08.444, NVIDIA GeForce RTX 4070 SUPER, 12282, 8361, 0, 0, 9.24, 180.00, 210, 405, 42
2026/09/16 19:20:08.644, NVIDIA GeForce RTX 4070 SUPER, 12282, 8361, 0, 0, 9.24, 180.00, 210, 405, 42
2026/09/16 19:20:08.844, NVIDIA GeForce RTX 4070 SUPER, 12282, 8361, 0, 0, 9.24, 180.00, 210, 405, 42
2026/09/16 19:20:09.045, NVIDIA GeForce RTX 4070 SUPER, 12282, 8361, 0, 0, 9.24, 180.00, 210, 405, 42
2026/09/16 19:20:09.245, NVIDIA GeForce RTX 4070 SUPER, 12282, 8361, 0, 0, 9.27, 180.00, 210, 405, 42
2026/09/16 19:20:09.446, NVIDIA GeForce RTX 4070 SUPER, 12282, 8361, 0, 0, 9.27, 180.00, 210, 405, 42
2026/09/16 19:20:09.646, NVIDIA GeForce RTX 4070 SUPER, 12282, 8361, 0, 0, 9.27, 180.00, 210, 405, 42
2026/09/16 19:20:09.846, NVIDIA GeForce RTX 4070 SUPER, 12282, 8361, 0, 0, 14.31, 180.00, 2505, 10251, 43
2026/09/16 19:20:10.047, NVIDIA GeForce RTX 4070 SUPER, 12282, 8361, 0, 0, 14.31, 180.00, 2505, 10251, 43
2026/09/16 19:20:10.247, NVIDIA GeForce RTX 4070 SUPER, 12282, 8361, 0, 0, 25.06, 180.00, 2505, 10251, 43
2026/09/16 19:20:10.447, NVIDIA GeForce RTX 4070 SUPER, 12282, 8361, 0, 0, 25.06, 180.00, 2505, 10251, 43
2026/09/16 19:20:10.648, NVIDIA GeForce RTX 4070 SUPER, 12282, 8361, 0, 0, 25.06, 180.00, 2505, 10251, 43
2026/09/16 19:20:10.848, NVIDIA GeForce RTX 4070 SUPER, 12282, 8393, 97, 36, 73.66, 180.00, 2775, 10251, 56
2026/09/16 19:20:11.049, NVIDIA GeForce RTX 4070 SUPER, 12282, 8393, 97, 36, 73.66, 180.00, 2775, 10251, 56
2026/09/16 19:20:11.249, NVIDIA GeForce RTX 4070 SUPER, 12282, 8393, 99, 33, 142.29, 180.00, 2670, 10251, 56
2026/09/16 19:20:11.450, NVIDIA GeForce RTX 4070 SUPER, 12282, 8393, 99, 33, 142.29, 180.00, 2670, 10251, 56
2026/09/16 19:20:11.651, NVIDIA GeForce RTX 4070 SUPER, 12282, 8393, 99, 33, 142.29, 180.00, 2670, 10251, 56
2026/09/16 19:20:11.851, NVIDIA GeForce RTX 4070 SUPER, 12282, 8393, 100, 26, 177.45, 180.00, 2640, 10251, 59
2026/09/16 19:20:12.052, NVIDIA GeForce RTX 4070 SUPER, 12282, 8393, 100, 26, 177.45, 180.00, 2640, 10251, 59
2026/09/16 19:20:12.252, NVIDIA GeForce RTX 4070 SUPER, 12282, 8393, 100, 24, 177.82, 180.00, 2565, 10251, 59
2026/09/16 19:20:12.453, NVIDIA GeForce RTX 4070 SUPER, 12282, 8393, 100, 24, 177.82, 180.00, 2565, 10251, 59
2026/09/16 19:20:12.653, NVIDIA GeForce RTX 4070 SUPER, 12282, 8393, 100, 24, 177.82, 180.00, 2565, 10251, 59
2026/09/16 19:20:12.854, NVIDIA GeForce RTX 4070 SUPER, 12282, 8393, 100, 27, 167.11, 180.00, 2670, 10251, 58
2026/09/16 19:20:13.054, NVIDIA GeForce RTX 4070 SUPER, 12282, 8393, 100, 27, 167.11, 180.00, 2670, 10251, 58
2026/09/16 19:20:13.255, NVIDIA GeForce RTX 4070 SUPER, 12282, 8393, 19, 7, 115.81, 180.00, 2790, 10251, 56
2026/09/16 19:20:13.455, NVIDIA GeForce RTX 4070 SUPER, 12282, 8393, 19, 7, 115.81, 180.00, 2790, 10251, 56
2026/09/16 19:20:13.655, NVIDIA GeForce RTX 4070 SUPER, 12282, 8393, 19, 7, 115.81, 180.00, 2790, 10251, 56
2026/09/16 19:20:13.856, NVIDIA GeForce RTX 4070 SUPER, 12282, 8393, 0, 0, 103.35, 180.00, 2790, 10251, 49
2026/09/16 19:20:14.056, NVIDIA GeForce RTX 4070 SUPER, 12282, 8393, 0, 0, 103.35, 180.00, 2790, 10251, 49
2026/09/16 19:20:14.256, NVIDIA GeForce RTX 4070 SUPER, 12282, 8393, 100, 24, 105.81, 180.00, 2580, 10251, 58
2026/09/16 19:20:14.457, NVIDIA GeForce RTX 4070 SUPER, 12282, 8393, 100, 24, 105.81, 180.00, 2580, 10251, 58
2026/09/16 19:20:14.657, NVIDIA GeForce RTX 4070 SUPER, 12282, 8393, 100, 24, 105.81, 180.00, 2580, 10251, 58
2026/09/16 19:20:14.858, NVIDIA GeForce RTX 4070 SUPER, 12282, 8393, 0, 0, 82.60, 180.00, 2790, 10251, 48
2026/09/16 19:20:15.058, NVIDIA GeForce RTX 4070 SUPER, 12282, 8393, 0, 0, 82.60, 180.00, 2790, 10251, 48
2026/09/16 19:20:15.259, NVIDIA GeForce RTX 4070 SUPER, 12282, 8393, 8, 2, 108.63, 180.00, 2790, 10251, 50
2026/09/16 19:20:15.459, NVIDIA GeForce RTX 4070 SUPER, 12282, 8393, 8, 2, 108.63, 180.00, 2790, 10251, 50
2026/09/16 19:20:15.659, NVIDIA GeForce RTX 4070 SUPER, 12282, 8393, 8, 2, 108.63, 180.00, 2790, 10251, 50
2026/09/16 19:20:15.860, NVIDIA GeForce RTX 4070 SUPER, 12282, 8393, 55, 16, 97.00, 180.00, 2565, 10251, 58
2026/09/16 19:20:16.060, NVIDIA GeForce RTX 4070 SUPER, 12282, 8393, 55, 16, 97.00, 180.00, 2565, 10251, 58
2026/09/16 19:20:16.261, NVIDIA GeForce RTX 4070 SUPER, 12282, 8393, 0, 0, 85.50, 180.00, 2790, 10251, 49
2026/09/16 19:20:16.461, NVIDIA GeForce RTX 4070 SUPER, 12282, 8393, 0, 0, 85.50, 180.00, 2790, 10251, 49
2026/09/16 19:20:16.661, NVIDIA GeForce RTX 4070 SUPER, 12282, 8393, 0, 0, 85.50, 180.00, 2790, 10251, 49
2026/09/16 19:20:16.862, NVIDIA GeForce RTX 4070 SUPER, 12282, 8393, 98, 36, 124.82, 180.00, 2700, 10251, 53
2026/09/16 19:20:17.062, NVIDIA GeForce RTX 4070 SUPER, 12282, 8393, 98, 36, 124.82, 180.00, 2700, 10251, 53
2026/09/16 19:20:17.262, NVIDIA GeForce RTX 4070 SUPER, 12282, 8393, 0, 0, 82.71, 180.00, 2790, 10251, 48
2026/09/16 19:20:17.463, NVIDIA GeForce RTX 4070 SUPER, 12282, 8393, 0, 0, 82.71, 180.00, 2790, 10251, 48
2026/09/16 19:20:17.663, NVIDIA GeForce RTX 4070 SUPER, 12282, 8393, 0, 0, 82.71, 180.00, 2790, 10251, 48
2026/09/16 19:20:17.864, NVIDIA GeForce RTX 4070 SUPER, 12282, 8393, 0, 0, 96.78, 180.00, 2790, 10251, 50
2026/09/16 19:20:18.064, NVIDIA GeForce RTX 4070 SUPER, 12282, 8393, 0, 0, 96.78, 180.00, 2790, 10251, 50
2026/09/16 19:20:18.264, NVIDIA GeForce RTX 4070 SUPER, 12282, 8393, 100, 23, 110.64, 180.00, 2655, 10251, 59
2026/09/16 19:20:18.465, NVIDIA GeForce RTX 4070 SUPER, 12282, 8393, 100, 23, 110.64, 180.00, 2655, 10251, 59
2026/09/16 19:20:18.665, NVIDIA GeForce RTX 4070 SUPER, 12282, 8393, 100, 23, 110.64, 180.00, 2655, 10251, 59
2026/09/16 19:20:18.866, NVIDIA GeForce RTX 4070 SUPER, 12282, 8393, 0, 0, 82.00, 180.00, 2790, 10251, 49
2026/09/16 19:20:19.066, NVIDIA GeForce RTX 4070 SUPER, 12282, 8393, 0, 0, 82.00, 180.00, 2790, 10251, 49
2026/09/16 19:20:19.266, NVIDIA GeForce RTX 4070 SUPER, 12282, 8393, 0, 0, 65.93, 180.00, 2790, 10251, 48
2026/09/16 19:20:19.467, NVIDIA GeForce RTX 4070 SUPER, 12282, 8393, 0, 0, 65.93, 180.00, 2790, 10251, 48
2026/09/16 19:20:19.667, NVIDIA GeForce RTX 4070 SUPER, 12282, 8393, 0, 0, 65.93, 180.00, 2790, 10251, 48
2026/09/16 19:20:19.867, NVIDIA GeForce RTX 4070 SUPER, 12282, 8393, 0, 0, 53.78, 180.00, 2790, 10251, 48
2026/09/16 19:20:20.068, NVIDIA GeForce RTX 4070 SUPER, 12282, 8393, 0, 0, 53.78, 180.00, 2790, 10251, 48
2026/09/16 19:20:20.268, NVIDIA GeForce RTX 4070 SUPER, 12282, 8393, 0, 0, 53.78, 180.00, 2790, 10251, 47
2026/09/16 19:20:20.468, NVIDIA GeForce RTX 4070 SUPER, 12282, 8393, 0, 0, 53.78, 180.00, 2790, 10251, 47
2026/09/16 19:20:20.669, NVIDIA GeForce RTX 4070 SUPER, 12282, 8393, 0, 0, 53.78, 180.00, 2790, 10251, 47
2026/09/16 19:20:20.869, NVIDIA GeForce RTX 4070 SUPER, 12282, 8393, 0, 0, 37.91, 180.00, 2505, 10251, 47
2026/09/16 19:20:21.070, NVIDIA GeForce RTX 4070 SUPER, 12282, 8393, 0, 0, 37.91, 180.00, 2505, 10251, 47
2026/09/16 19:20:21.270, NVIDIA GeForce RTX 4070 SUPER, 12282, 8393, 0, 0, 37.91, 180.00, 2505, 10251, 46
2026/09/16 19:20:21.470, NVIDIA GeForce RTX 4070 SUPER, 12282, 8393, 0, 0, 37.91, 180.00, 2505, 10251, 46
2026/09/16 19:20:21.671, NVIDIA GeForce RTX 4070 SUPER, 12282, 8393, 0, 0, 33.00, 180.00, 2505, 10251, 46
2026/09/16 19:20:21.871, NVIDIA GeForce RTX 4070 SUPER, 12282, 8393, 0, 0, 33.00, 180.00, 2505, 10251, 46
2026/09/16 19:20:22.071, NVIDIA GeForce RTX 4070 SUPER, 12282, 8393, 0, 0, 33.00, 180.00, 2505, 10251, 46
2026/09/16 19:20:22.272, NVIDIA GeForce RTX 4070 SUPER, 12282, 8393, 0, 0, 33.00, 180.00, 2505, 10251, 46
2026/09/16 19:20:22.472, NVIDIA GeForce RTX 4070 SUPER, 12282, 8393, 0, 0, 33.00, 180.00, 2505, 10251, 46
2026/09/16 19:20:22.672, NVIDIA GeForce RTX 4070 SUPER, 12282, 8393, 0, 0, 27.97, 180.00, 2505, 10251, 46
2026/09/16 19:20:22.873, NVIDIA GeForce RTX 4070 SUPER, 12282, 8393, 0, 0, 27.97, 180.00, 2505, 10251, 46
2026/09/16 19:20:23.073, NVIDIA GeForce RTX 4070 SUPER, 12282, 8393, 0, 0, 27.97, 180.00, 2505, 10251, 46
2026/09/16 19:20:23.273, NVIDIA GeForce RTX 4070 SUPER, 12282, 8393, 0, 0, 27.97, 180.00, 2505, 10251, 46
2026/09/16 19:20:23.474, NVIDIA GeForce RTX 4070 SUPER, 12282, 8393, 0, 0, 27.97, 180.00, 2505, 10251, 46
2026/09/16 19:20:23.674, NVIDIA GeForce RTX 4070 SUPER, 12282, 8393, 0, 0, 27.70, 180.00, 2505, 10251, 46
2026/09/16 19:20:23.874, NVIDIA GeForce RTX 4070 SUPER, 12282, 8393, 0, 0, 27.70, 180.00, 2505, 10251, 46
2026/09/16 19:20:24.075, NVIDIA GeForce RTX 4070 SUPER, 12282, 8393, 0, 0, 27.70, 180.00, 2505, 10251, 46
2026/09/16 19:20:24.275, NVIDIA GeForce RTX 4070 SUPER, 12282, 8393, 0, 0, 27.70, 180.00, 2505, 10251, 46
2026/09/16 19:20:24.475, NVIDIA GeForce RTX 4070 SUPER, 12282, 8393, 0, 0, 27.70, 180.00, 2505, 10251, 46
2026/09/16 19:20:24.676, NVIDIA GeForce RTX 4070 SUPER, 12282, 8393, 0, 0, 27.83, 180.00, 2505, 10251, 46
2026/09/16 19:20:24.877, NVIDIA GeForce RTX 4070 SUPER, 12282, 8393, 0, 0, 27.83, 180.00, 2505, 10251, 46
2026/09/16 19:20:25.077, NVIDIA GeForce RTX 4070 SUPER, 12282, 8393, 0, 0, 27.83, 180.00, 2505, 10251, 46
2026/09/16 19:20:25.278, NVIDIA GeForce RTX 4070 SUPER, 12282, 8393, 0, 0, 27.83, 180.00, 2505, 10251, 46
2026/09/16 19:20:25.478, NVIDIA GeForce RTX 4070 SUPER, 12282, 8393, 0, 0, 27.83, 180.00, 2505, 10251, 46
2026/09/16 19:20:25.678, NVIDIA GeForce RTX 4070 SUPER, 12282, 8393, 0, 0, 27.91, 180.00, 2505, 10251, 46
2026/09/16 19:20:25.879, NVIDIA GeForce RTX 4070 SUPER, 12282, 8393, 0, 0, 27.91, 180.00, 2505, 10251, 46
2026/09/16 19:20:26.079, NVIDIA GeForce RTX 4070 SUPER, 12282, 8393, 0, 0, 27.91, 180.00, 2505, 10251, 46
2026/09/16 19:20:26.280, NVIDIA GeForce RTX 4070 SUPER, 12282, 8393, 0, 0, 27.91, 180.00, 2505, 10251, 46
2026/09/16 19:20:26.480, NVIDIA GeForce RTX 4070 SUPER, 12282, 8393, 0, 0, 27.91, 180.00, 2505, 10251, 46
2026/09/16 19:20:26.680, NVIDIA GeForce RTX 4070 SUPER, 12282, 8393, 0, 0, 27.86, 180.00, 2505, 10251, 46
2026/09/16 19:20:26.881, NVIDIA GeForce RTX 4070 SUPER, 12282, 8393, 0, 0, 27.86, 180.00, 2505, 10251, 46
2026/09/16 19:20:27.081, NVIDIA GeForce RTX 4070 SUPER, 12282, 8393, 0, 0, 27.86, 180.00, 2505, 10251, 46
2026/09/16 19:20:27.281, NVIDIA GeForce RTX 4070 SUPER, 12282, 8393, 0, 0, 27.86, 180.00, 2505, 10251, 46
2026/09/16 19:20:27.482, NVIDIA GeForce RTX 4070 SUPER, 12282, 8393, 0, 0, 27.86, 180.00, 2505, 10251, 46
2026/09/16 19:20:27.682, NVIDIA GeForce RTX 4070 SUPER, 12282, 8393, 0, 0, 27.78, 180.00, 2505, 10251, 46
2026/09/16 19:20:27.882, NVIDIA GeForce RTX 4070 SUPER, 12282, 8393, 0, 0, 27.78, 180.00, 2505, 10251, 46
2026/09/16 19:20:28.083, NVIDIA GeForce RTX 4070 SUPER, 12282, 8393, 0, 0, 27.78, 180.00, 2505, 10251, 46
2026/09/16 19:20:28.283, NVIDIA GeForce RTX 4070 SUPER, 12282, 8393, 0, 0, 27.78, 180.00, 2505, 10251, 45
2026/09/16 19:20:28.483, NVIDIA GeForce RTX 4070 SUPER, 12282, 8393, 0, 0, 27.78, 180.00, 2505, 10251, 45
2026/09/16 19:20:28.684, NVIDIA GeForce RTX 4070 SUPER, 12282, 8393, 0, 0, 27.72, 180.00, 2505, 10251, 45
2026/09/16 19:20:28.884, NVIDIA GeForce RTX 4070 SUPER, 12282, 8393, 0, 0, 27.72, 180.00, 2505, 10251, 45
2026/09/16 19:20:29.085, NVIDIA GeForce RTX 4070 SUPER, 12282, 8393, 0, 0, 27.72, 180.00, 2505, 10251, 45
2026/09/16 19:20:29.285, NVIDIA GeForce RTX 4070 SUPER, 12282, 8393, 0, 0, 27.72, 180.00, 2505, 10251, 45
2026/09/16 19:20:29.486, NVIDIA GeForce RTX 4070 SUPER, 12282, 8393, 0, 0, 27.72, 180.00, 2505, 10251, 45
2026/09/16 19:20:29.686, NVIDIA GeForce RTX 4070 SUPER, 12282, 8393, 0, 0, 27.71, 180.00, 2505, 10251, 45
2026/09/16 19:20:29.886, NVIDIA GeForce RTX 4070 SUPER, 12282, 8393, 0, 0, 27.71, 180.00, 2505, 10251, 45
2026/09/16 19:20:30.087, NVIDIA GeForce RTX 4070 SUPER, 12282, 8393, 0, 0, 27.71, 180.00, 2505, 10251, 45
2026/09/16 19:20:30.287, NVIDIA GeForce RTX 4070 SUPER, 12282, 8393, 0, 0, 27.71, 180.00, 2505, 10251, 45
2026/09/16 19:20:30.487, NVIDIA GeForce RTX 4070 SUPER, 12282, 8393, 0, 0, 27.71, 180.00, 2505, 10251, 45
2026/09/16 19:20:30.688, NVIDIA GeForce RTX 4070 SUPER, 12282, 8393, 0, 0, 27.80, 180.00, 2505, 10251, 45
2026/09/16 19:20:30.888, NVIDIA GeForce RTX 4070 SUPER, 12282, 8393, 0, 0, 27.80, 180.00, 2505, 10251, 45
2026/09/16 19:20:31.088, NVIDIA GeForce RTX 4070 SUPER, 12282, 8393, 0, 0, 27.80, 180.00, 2505, 10251, 45
2026/09/16 19:20:31.289, NVIDIA GeForce RTX 4070 SUPER, 12282, 8393, 0, 0, 27.81, 180.00, 2505, 10251, 45
2026/09/16 19:20:31.489, NVIDIA GeForce RTX 4070 SUPER, 12282, 8393, 0, 0, 27.81, 180.00, 2505, 10251, 45
2026/09/16 19:20:31.689, NVIDIA GeForce RTX 4070 SUPER, 12282, 8393, 71, 19, 35.09, 180.00, 2505, 10251, 54
2026/09/16 19:20:31.890, NVIDIA GeForce RTX 4070 SUPER, 12282, 8393, 71, 19, 35.09, 180.00, 2505, 10251, 54
2026/09/16 19:20:32.091, NVIDIA GeForce RTX 4070 SUPER, 12282, 8393, 71, 19, 35.09, 180.00, 2505, 10251, 54
2026/09/16 19:20:32.291, NVIDIA GeForce RTX 4070 SUPER, 12282, 8393, 100, 26, 99.04, 180.00, 2610, 10251, 59
2026/09/16 19:20:32.492, NVIDIA GeForce RTX 4070 SUPER, 12282, 8393, 100, 26, 99.04, 180.00, 2610, 10251, 59
2026/09/16 19:20:32.692, NVIDIA GeForce RTX 4070 SUPER, 12282, 8393, 98, 35, 168.20, 180.00, 2730, 10251, 60
2026/09/16 19:20:32.893, NVIDIA GeForce RTX 4070 SUPER, 12282, 8393, 98, 35, 168.20, 180.00, 2730, 10251, 60
2026/09/16 19:20:33.094, NVIDIA GeForce RTX 4070 SUPER, 12282, 8393, 98, 35, 168.20, 180.00, 2730, 10251, 60
2026/09/16 19:20:33.294, NVIDIA GeForce RTX 4070 SUPER, 12282, 8393, 100, 26, 168.20, 180.00, 2730, 10251, 61
2026/09/16 19:20:33.495, NVIDIA GeForce RTX 4070 SUPER, 12282, 8393, 100, 26, 168.20, 180.00, 2730, 10251, 61
2026/09/16 19:20:33.695, NVIDIA GeForce RTX 4070 SUPER, 12282, 8393, 98, 35, 176.08, 180.00, 2670, 10251, 61
2026/09/16 19:20:33.896, NVIDIA GeForce RTX 4070 SUPER, 12282, 8393, 98, 35, 176.08, 180.00, 2670, 10251, 61
2026/09/16 19:20:34.096, NVIDIA GeForce RTX 4070 SUPER, 12282, 8393, 98, 35, 176.08, 180.00, 2670, 10251, 61
2026/09/16 19:20:34.296, NVIDIA GeForce RTX 4070 SUPER, 12282, 8393, 100, 26, 177.79, 180.00, 2610, 10251, 62
2026/09/16 19:20:34.497, NVIDIA GeForce RTX 4070 SUPER, 12282, 8393, 100, 26, 177.79, 180.00, 2610, 10251, 62
2026/09/16 19:20:34.697, NVIDIA GeForce RTX 4070 SUPER, 12282, 8393, 98, 28, 178.46, 180.00, 2670, 10251, 62
2026/09/16 19:20:34.898, NVIDIA GeForce RTX 4070 SUPER, 12282, 8393, 98, 28, 178.46, 180.00, 2670, 10251, 62
2026/09/16 19:20:35.098, NVIDIA GeForce RTX 4070 SUPER, 12282, 8393, 98, 28, 178.46, 180.00, 2670, 10251, 62
2026/09/16 19:20:35.298, NVIDIA GeForce RTX 4070 SUPER, 12282, 8393, 100, 26, 179.26, 180.00, 2625, 10251, 62
2026/09/16 19:20:35.500, NVIDIA GeForce RTX 4070 SUPER, 12282, 8393, 100, 26, 179.26, 180.00, 2625, 10251, 62
2026/09/16 19:20:35.700, NVIDIA GeForce RTX 4070 SUPER, 12282, 8393, 100, 24, 179.30, 180.00, 2550, 10251, 62
2026/09/16 19:20:35.901, NVIDIA GeForce RTX 4070 SUPER, 12282, 8393, 100, 24, 179.30, 180.00, 2550, 10251, 62
2026/09/16 19:20:36.101, NVIDIA GeForce RTX 4070 SUPER, 12282, 8393, 100, 24, 179.30, 180.00, 2550, 10251, 62
2026/09/16 19:20:36.301, NVIDIA GeForce RTX 4070 SUPER, 12282, 8393, 0, 0, 142.49, 180.00, 2790, 10251, 51
2026/09/16 19:20:36.502, NVIDIA GeForce RTX 4070 SUPER, 12282, 8393, 0, 0, 142.49, 180.00, 2790, 10251, 51
2026/09/16 19:20:36.702, NVIDIA GeForce RTX 4070 SUPER, 12282, 8393, 100, 26, 116.97, 180.00, 2625, 10251, 61
2026/09/16 19:20:36.902, NVIDIA GeForce RTX 4070 SUPER, 12282, 8393, 100, 26, 116.97, 180.00, 2625, 10251, 61
2026/09/16 19:20:37.103, NVIDIA GeForce RTX 4070 SUPER, 12282, 8393, 100, 26, 116.97, 180.00, 2625, 10251, 61
2026/09/16 19:20:37.304, NVIDIA GeForce RTX 4070 SUPER, 12282, 8393, 100, 24, 143.69, 180.00, 2565, 10251, 63
2026/09/16 19:20:37.504, NVIDIA GeForce RTX 4070 SUPER, 12282, 8393, 100, 24, 143.69, 180.00, 2565, 10251, 63
2026/09/16 19:20:37.704, NVIDIA GeForce RTX 4070 SUPER, 12282, 8393, 0, 0, 139.85, 180.00, 2790, 10251, 51
2026/09/16 19:20:37.905, NVIDIA GeForce RTX 4070 SUPER, 12282, 8393, 0, 0, 139.85, 180.00, 2790, 10251, 51
2026/09/16 19:20:38.105, NVIDIA GeForce RTX 4070 SUPER, 12282, 8393, 0, 0, 139.85, 180.00, 2790, 10251, 51
2026/09/16 19:20:38.305, NVIDIA GeForce RTX 4070 SUPER, 12282, 8393, 100, 26, 101.04, 180.00, 2625, 10251, 61
2026/09/16 19:20:38.506, NVIDIA GeForce RTX 4070 SUPER, 12282, 8393, 100, 26, 101.04, 180.00, 2625, 10251, 61
2026/09/16 19:20:38.707, NVIDIA GeForce RTX 4070 SUPER, 12282, 8393, 91, 29, 128.59, 180.00, 2550, 10251, 62
2026/09/16 19:20:38.907, NVIDIA GeForce RTX 4070 SUPER, 12282, 8393, 91, 29, 128.59, 180.00, 2550, 10251, 62
2026/09/16 19:20:39.108, NVIDIA GeForce RTX 4070 SUPER, 12282, 8393, 91, 29, 128.59, 180.00, 2550, 10251, 62
2026/09/16 19:20:39.308, NVIDIA GeForce RTX 4070 SUPER, 12282, 8393, 0, 0, 151.46, 180.00, 2790, 10251, 52
2026/09/16 19:20:39.509, NVIDIA GeForce RTX 4070 SUPER, 12282, 8393, 0, 0, 151.46, 180.00, 2790, 10251, 52
2026/09/16 19:20:39.709, NVIDIA GeForce RTX 4070 SUPER, 12282, 8393, 90, 26, 94.31, 180.00, 2625, 10251, 60
2026/09/16 19:20:39.909, NVIDIA GeForce RTX 4070 SUPER, 12282, 8393, 90, 26, 94.31, 180.00, 2625, 10251, 60
2026/09/16 19:20:40.110, NVIDIA GeForce RTX 4070 SUPER, 12282, 8393, 90, 26, 94.31, 180.00, 2625, 10251, 60
2026/09/16 19:20:40.311, NVIDIA GeForce RTX 4070 SUPER, 12282, 8393, 99, 32, 116.76, 180.00, 2670, 10251, 62
2026/09/16 19:20:40.511, NVIDIA GeForce RTX 4070 SUPER, 12282, 8393, 99, 32, 116.76, 180.00, 2670, 10251, 62
2026/09/16 19:20:40.711, NVIDIA GeForce RTX 4070 SUPER, 12282, 8393, 0, 0, 122.04, 180.00, 2790, 10251, 50
2026/09/16 19:20:40.912, NVIDIA GeForce RTX 4070 SUPER, 12282, 8393, 0, 0, 122.04, 180.00, 2790, 10251, 50
2026/09/16 19:20:41.112, NVIDIA GeForce RTX 4070 SUPER, 12282, 8393, 0, 0, 122.04, 180.00, 2790, 10251, 50
2026/09/16 19:20:41.312, NVIDIA GeForce RTX 4070 SUPER, 12282, 8393, 0, 0, 60.16, 180.00, 2790, 10251, 50
2026/09/16 19:20:41.513, NVIDIA GeForce RTX 4070 SUPER, 12282, 8393, 0, 0, 60.16, 180.00, 2790, 10251, 50
2026/09/16 19:20:41.713, NVIDIA GeForce RTX 4070 SUPER, 12282, 8393, 0, 0, 60.16, 180.00, 2790, 10251, 50
2026/09/16 19:20:41.913, NVIDIA GeForce RTX 4070 SUPER, 12282, 8393, 0, 0, 60.16, 180.00, 2790, 10251, 50
2026/09/16 19:20:42.114, NVIDIA GeForce RTX 4070 SUPER, 12282, 8393, 0, 0, 60.16, 180.00, 2790, 10251, 50
2026/09/16 19:20:42.314, NVIDIA GeForce RTX 4070 SUPER, 12282, 8393, 0, 0, 40.21, 180.00, 2505, 10251, 48
2026/09/16 19:20:42.515, NVIDIA GeForce RTX 4070 SUPER, 12282, 8393, 0, 0, 40.21, 180.00, 2505, 10251, 48
2026/09/16 19:20:42.715, NVIDIA GeForce RTX 4070 SUPER, 12282, 8393, 0, 0, 40.21, 180.00, 2505, 10251, 48
2026/09/16 19:20:42.916, NVIDIA GeForce RTX 4070 SUPER, 12282, 8393, 0, 0, 40.21, 180.00, 2505, 10251, 48
2026/09/16 19:20:43.116, NVIDIA GeForce RTX 4070 SUPER, 12282, 8393, 0, 0, 40.21, 180.00, 2505, 10251, 48
2026/09/16 19:20:43.316, NVIDIA GeForce RTX 4070 SUPER, 12282, 8393, 0, 0, 34.54, 180.00, 2505, 10251, 48
2026/09/16 19:20:43.517, NVIDIA GeForce RTX 4070 SUPER, 12282, 8393, 0, 0, 34.54, 180.00, 2505, 10251, 48
2026/09/16 19:20:43.717, NVIDIA GeForce RTX 4070 SUPER, 12282, 8393, 0, 0, 34.54, 180.00, 2505, 10251, 48
2026/09/16 19:20:43.917, NVIDIA GeForce RTX 4070 SUPER, 12282, 8393, 0, 0, 34.54, 180.00, 2505, 10251, 48
2026/09/16 19:20:44.118, NVIDIA GeForce RTX 4070 SUPER, 12282, 8393, 0, 0, 34.54, 180.00, 2505, 10251, 48
2026/09/16 19:20:44.318, NVIDIA GeForce RTX 4070 SUPER, 12282, 8393, 0, 0, 28.66, 180.00, 2505, 10251, 47
2026/09/16 19:20:44.518, NVIDIA GeForce RTX 4070 SUPER, 12282, 8393, 0, 0, 28.66, 180.00, 2505, 10251, 47
2026/09/16 19:20:44.719, NVIDIA GeForce RTX 4070 SUPER, 12282, 8393, 0, 0, 28.66, 180.00, 2505, 10251, 47
2026/09/16 19:20:44.919, NVIDIA GeForce RTX 4070 SUPER, 12282, 8393, 0, 0, 28.66, 180.00, 2505, 10251, 47
2026/09/16 19:20:45.119, NVIDIA GeForce RTX 4070 SUPER, 12282, 8393, 0, 0, 28.66, 180.00, 2505, 10251, 47
2026/09/16 19:20:45.320, NVIDIA GeForce RTX 4070 SUPER, 12282, 8393, 0, 0, 28.20, 180.00, 2505, 10251, 47
2026/09/16 19:20:45.520, NVIDIA GeForce RTX 4070 SUPER, 12282, 8393, 0, 0, 28.20, 180.00, 2505, 10251, 47
2026/09/16 19:20:45.721, NVIDIA GeForce RTX 4070 SUPER, 12282, 8393, 0, 0, 28.20, 180.00, 2505, 10251, 47
2026/09/16 19:20:45.921, NVIDIA GeForce RTX 4070 SUPER, 12282, 8393, 0, 0, 28.20, 180.00, 2505, 10251, 47
2026/09/16 19:20:46.122, NVIDIA GeForce RTX 4070 SUPER, 12282, 8393, 0, 0, 28.20, 180.00, 2505, 10251, 47
2026/09/16 19:20:46.322, NVIDIA GeForce RTX 4070 SUPER, 12282, 8393, 0, 0, 28.15, 180.00, 2505, 10251, 46
2026/09/16 19:20:46.522, NVIDIA GeForce RTX 4070 SUPER, 12282, 8393, 0, 0, 28.15, 180.00, 2505, 10251, 46
2026/09/16 19:20:46.723, NVIDIA GeForce RTX 4070 SUPER, 12282, 8393, 0, 0, 28.15, 180.00, 2505, 10251, 46
2026/09/16 19:20:46.923, NVIDIA GeForce RTX 4070 SUPER, 12282, 8393, 0, 0, 28.15, 180.00, 2505, 10251, 46
2026/09/16 19:20:47.124, NVIDIA GeForce RTX 4070 SUPER, 12282, 8393, 0, 0, 28.15, 180.00, 2505, 10251, 46
2026/09/16 19:20:47.324, NVIDIA GeForce RTX 4070 SUPER, 12282, 8393, 0, 0, 28.27, 180.00, 2505, 10251, 46
2026/09/16 19:20:47.525, NVIDIA GeForce RTX 4070 SUPER, 12282, 8393, 0, 0, 28.27, 180.00, 2505, 10251, 46
2026/09/16 19:20:47.725, NVIDIA GeForce RTX 4070 SUPER, 12282, 8393, 0, 0, 28.27, 180.00, 2505, 10251, 46
2026/09/16 19:20:47.926, NVIDIA GeForce RTX 4070 SUPER, 12282, 8393, 0, 0, 28.27, 180.00, 2505, 10251, 46
2026/09/16 19:20:48.126, NVIDIA GeForce RTX 4070 SUPER, 12282, 8393, 0, 0, 28.27, 180.00, 2505, 10251, 46
2026/09/16 19:20:48.327, NVIDIA GeForce RTX 4070 SUPER, 12282, 8393, 0, 0, 28.17, 180.00, 2505, 10251, 46
2026/09/16 19:20:48.527, NVIDIA GeForce RTX 4070 SUPER, 12282, 8393, 0, 0, 28.17, 180.00, 2505, 10251, 46
2026/09/16 19:20:48.727, NVIDIA GeForce RTX 4070 SUPER, 12282, 8393, 0, 0, 28.17, 180.00, 2505, 10251, 46
2026/09/16 19:20:48.928, NVIDIA GeForce RTX 4070 SUPER, 12282, 8393, 0, 0, 28.17, 180.00, 2505, 10251, 46
2026/09/16 19:20:49.128, NVIDIA GeForce RTX 4070 SUPER, 12282, 8393, 0, 0, 28.17, 180.00, 2505, 10251, 46
2026/09/16 19:20:49.329, NVIDIA GeForce RTX 4070 SUPER, 12282, 8393, 0, 0, 28.02, 180.00, 2505, 10251, 46
2026/09/16 19:20:49.529, NVIDIA GeForce RTX 4070 SUPER, 12282, 8393, 0, 0, 28.02, 180.00, 2505, 10251, 46
2026/09/16 19:20:49.729, NVIDIA GeForce RTX 4070 SUPER, 12282, 8393, 0, 0, 28.02, 180.00, 2505, 10251, 46
2026/09/16 19:20:49.930, NVIDIA GeForce RTX 4070 SUPER, 12282, 8393, 0, 0, 28.02, 180.00, 2505, 10251, 46
2026/09/16 19:20:50.130, NVIDIA GeForce RTX 4070 SUPER, 12282, 8393, 0, 0, 28.02, 180.00, 2505, 10251, 46
2026/09/16 19:20:50.330, NVIDIA GeForce RTX 4070 SUPER, 12282, 8393, 0, 0, 27.93, 180.00, 2505, 10251, 45
2026/09/16 19:20:50.531, NVIDIA GeForce RTX 4070 SUPER, 12282, 8393, 0, 0, 27.93, 180.00, 2505, 10251, 45
2026/09/16 19:20:50.731, NVIDIA GeForce RTX 4070 SUPER, 12282, 8393, 0, 0, 27.85, 180.00, 2505, 10251, 45
2026/09/16 19:20:50.931, NVIDIA GeForce RTX 4070 SUPER, 12282, 8393, 0, 0, 27.85, 180.00, 2505, 10251, 45
2026/09/16 19:20:51.132, NVIDIA GeForce RTX 4070 SUPER, 12282, 8393, 0, 0, 27.85, 180.00, 2505, 10251, 45
2026/09/16 19:20:51.332, NVIDIA GeForce RTX 4070 SUPER, 12282, 8393, 0, 0, 27.94, 180.00, 2505, 10251, 45
2026/09/16 19:20:51.533, NVIDIA GeForce RTX 4070 SUPER, 12282, 8393, 0, 0, 27.94, 180.00, 2505, 10251, 45
2026/09/16 19:20:51.733, NVIDIA GeForce RTX 4070 SUPER, 12282, 8393, 0, 0, 28.21, 180.00, 2505, 10251, 45
2026/09/16 19:20:51.933, NVIDIA GeForce RTX 4070 SUPER, 12282, 8393, 0, 0, 28.21, 180.00, 2505, 10251, 45
2026/09/16 19:20:52.134, NVIDIA GeForce RTX 4070 SUPER, 12282, 8393, 0, 0, 28.21, 180.00, 2505, 10251, 45
2026/09/16 19:20:52.334, NVIDIA GeForce RTX 4070 SUPER, 12282, 8393, 100, 26, 69.03, 180.00, 2625, 10251, 58
2026/09/16 19:20:52.534, NVIDIA GeForce RTX 4070 SUPER, 12282, 8393, 100, 26, 69.03, 180.00, 2625, 10251, 58
2026/09/16 19:20:52.735, NVIDIA GeForce RTX 4070 SUPER, 12282, 8393, 99, 34, 137.86, 180.00, 2670, 10251, 59
2026/09/16 19:20:52.935, NVIDIA GeForce RTX 4070 SUPER, 12282, 8393, 99, 34, 137.86, 180.00, 2670, 10251, 59
2026/09/16 19:20:53.136, NVIDIA GeForce RTX 4070 SUPER, 12282, 8393, 99, 34, 137.86, 180.00, 2670, 10251, 59
2026/09/16 19:20:53.336, NVIDIA GeForce RTX 4070 SUPER, 12282, 8393, 100, 30, 178.70, 180.00, 2610, 10251, 60
2026/09/16 19:20:53.537, NVIDIA GeForce RTX 4070 SUPER, 12282, 8393, 100, 30, 178.70, 180.00, 2610, 10251, 60
2026/09/16 19:20:53.737, NVIDIA GeForce RTX 4070 SUPER, 12282, 8393, 100, 30, 178.82, 180.00, 2670, 10251, 60
2026/09/16 19:20:53.938, NVIDIA GeForce RTX 4070 SUPER, 12282, 8393, 100, 30, 178.82, 180.00, 2670, 10251, 60
2026/09/16 19:20:54.138, NVIDIA GeForce RTX 4070 SUPER, 12282, 8393, 100, 30, 178.82, 180.00, 2670, 10251, 60
2026/09/16 19:20:54.339, NVIDIA GeForce RTX 4070 SUPER, 12282, 8393, 77, 28, 176.74, 180.00, 2685, 10251, 59
2026/09/16 19:20:54.539, NVIDIA GeForce RTX 4070 SUPER, 12282, 8393, 77, 28, 176.74, 180.00, 2685, 10251, 59
2026/09/16 19:20:54.739, NVIDIA GeForce RTX 4070 SUPER, 12282, 8393, 100, 30, 177.12, 180.00, 2610, 10251, 61
2026/09/16 19:20:54.940, NVIDIA GeForce RTX 4070 SUPER, 12282, 8393, 100, 30, 177.12, 180.00, 2610, 10251, 61
2026/09/16 19:20:55.140, NVIDIA GeForce RTX 4070 SUPER, 12282, 8393, 100, 30, 177.12, 180.00, 2610, 10251, 61
2026/09/16 19:20:55.341, NVIDIA GeForce RTX 4070 SUPER, 12282, 8393, 97, 31, 177.14, 180.00, 2670, 10251, 60
2026/09/16 19:20:55.542, NVIDIA GeForce RTX 4070 SUPER, 12282, 8393, 97, 31, 177.14, 180.00, 2670, 10251, 60
2026/09/16 19:20:55.742, NVIDIA GeForce RTX 4070 SUPER, 12282, 8393, 100, 30, 178.48, 180.00, 2610, 10251, 61
2026/09/16 19:20:55.942, NVIDIA GeForce RTX 4070 SUPER, 12282, 8393, 100, 30, 178.48, 180.00, 2610, 10251, 61
2026/09/16 19:20:56.143, NVIDIA GeForce RTX 4070 SUPER, 12282, 8393, 100, 30, 178.48, 180.00, 2610, 10251, 61
2026/09/16 19:20:56.343, NVIDIA GeForce RTX 4070 SUPER, 12282, 8393, 100, 27, 177.98, 180.00, 2655, 10251, 61
2026/09/16 19:20:56.544, NVIDIA GeForce RTX 4070 SUPER, 12282, 8393, 100, 27, 177.98, 180.00, 2655, 10251, 61
2026/09/16 19:20:56.744, NVIDIA GeForce RTX 4070 SUPER, 12282, 8393, 99, 36, 179.71, 180.00, 2775, 10251, 58
2026/09/16 19:20:56.944, NVIDIA GeForce RTX 4070 SUPER, 12282, 8393, 99, 36, 179.71, 180.00, 2775, 10251, 58
2026/09/16 19:20:57.145, NVIDIA GeForce RTX 4070 SUPER, 12282, 8393, 99, 36, 179.71, 180.00, 2775, 10251, 58
2026/09/16 19:20:57.345, NVIDIA GeForce RTX 4070 SUPER, 12282, 8393, 100, 30, 177.83, 180.00, 2610, 10251, 62
2026/09/16 19:20:57.546, NVIDIA GeForce RTX 4070 SUPER, 12282, 8393, 100, 30, 177.83, 180.00, 2610, 10251, 62
2026/09/16 19:20:57.746, NVIDIA GeForce RTX 4070 SUPER, 12282, 8393, 98, 36, 178.00, 180.00, 2670, 10251, 62
2026/09/16 19:20:57.946, NVIDIA GeForce RTX 4070 SUPER, 12282, 8393, 98, 36, 178.00, 180.00, 2670, 10251, 62
2026/09/16 19:20:58.147, NVIDIA GeForce RTX 4070 SUPER, 12282, 8393, 98, 36, 178.00, 180.00, 2670, 10251, 62
2026/09/16 19:20:58.347, NVIDIA GeForce RTX 4070 SUPER, 12282, 8393, 100, 30, 178.40, 180.00, 2610, 10251, 62
2026/09/16 19:20:58.548, NVIDIA GeForce RTX 4070 SUPER, 12282, 8393, 100, 30, 178.40, 180.00, 2610, 10251, 62
2026/09/16 19:20:58.748, NVIDIA GeForce RTX 4070 SUPER, 12282, 8393, 100, 29, 178.32, 180.00, 2655, 10251, 62
2026/09/16 19:20:58.949, NVIDIA GeForce RTX 4070 SUPER, 12282, 8393, 100, 29, 178.32, 180.00, 2655, 10251, 62
2026/09/16 19:20:59.149, NVIDIA GeForce RTX 4070 SUPER, 12282, 8393, 100, 29, 178.32, 180.00, 2655, 10251, 62
2026/09/16 19:20:59.349, NVIDIA GeForce RTX 4070 SUPER, 12282, 8393, 99, 33, 179.74, 180.00, 2670, 10251, 62
2026/09/16 19:20:59.550, NVIDIA GeForce RTX 4070 SUPER, 12282, 8393, 99, 33, 179.74, 180.00, 2670, 10251, 62
2026/09/16 19:20:59.750, NVIDIA GeForce RTX 4070 SUPER, 12282, 8393, 100, 27, 177.73, 180.00, 2610, 10251, 62
2026/09/16 19:20:59.951, NVIDIA GeForce RTX 4070 SUPER, 12282, 8393, 100, 27, 177.73, 180.00, 2610, 10251, 62
2026/09/16 19:21:00.151, NVIDIA GeForce RTX 4070 SUPER, 12282, 8393, 100, 27, 177.73, 180.00, 2610, 10251, 62
2026/09/16 19:21:00.352, NVIDIA GeForce RTX 4070 SUPER, 12282, 8393, 100, 32, 179.12, 180.00, 2655, 10251, 62
2026/09/16 19:21:00.552, NVIDIA GeForce RTX 4070 SUPER, 12282, 8393, 100, 32, 179.12, 180.00, 2655, 10251, 62
2026/09/16 19:21:00.753, NVIDIA GeForce RTX 4070 SUPER, 12282, 8393, 0, 0, 158.01, 180.00, 2790, 10251, 52
2026/09/16 19:21:00.953, NVIDIA GeForce RTX 4070 SUPER, 12282, 8393, 0, 0, 158.01, 180.00, 2790, 10251, 52
2026/09/16 19:21:01.154, NVIDIA GeForce RTX 4070 SUPER, 12282, 8393, 0, 0, 158.01, 180.00, 2790, 10251, 52
2026/09/16 19:21:01.354, NVIDIA GeForce RTX 4070 SUPER, 12282, 8393, 0, 0, 129.98, 180.00, 2790, 10251, 52
2026/09/16 19:21:01.554, NVIDIA GeForce RTX 4070 SUPER, 12282, 8393, 0, 0, 129.98, 180.00, 2790, 10251, 52
2026/09/16 19:21:01.755, NVIDIA GeForce RTX 4070 SUPER, 12282, 8393, 0, 0, 82.85, 180.00, 2790, 10251, 50
2026/09/16 19:21:01.955, NVIDIA GeForce RTX 4070 SUPER, 12282, 8393, 0, 0, 82.85, 180.00, 2790, 10251, 50
2026/09/16 19:21:02.155, NVIDIA GeForce RTX 4070 SUPER, 12282, 8393, 0, 0, 82.85, 180.00, 2790, 10251, 50
2026/09/16 19:21:02.356, NVIDIA GeForce RTX 4070 SUPER, 12282, 8393, 0, 0, 62.47, 180.00, 2790, 10251, 49
2026/09/16 19:21:02.556, NVIDIA GeForce RTX 4070 SUPER, 12282, 8393, 0, 0, 62.47, 180.00, 2790, 10251, 49
2026/09/16 19:21:02.756, NVIDIA GeForce RTX 4070 SUPER, 12282, 8393, 0, 0, 62.47, 180.00, 2790, 10251, 49
2026/09/16 19:21:02.957, NVIDIA GeForce RTX 4070 SUPER, 12282, 8393, 0, 0, 62.47, 180.00, 2790, 10251, 49
2026/09/16 19:21:03.157, NVIDIA GeForce RTX 4070 SUPER, 12282, 8393, 0, 0, 62.47, 180.00, 2790, 10251, 49
2026/09/16 19:21:03.357, NVIDIA GeForce RTX 4070 SUPER, 12282, 8393, 0, 0, 39.53, 180.00, 2505, 10251, 48
2026/09/16 19:21:03.558, NVIDIA GeForce RTX 4070 SUPER, 12282, 8393, 0, 0, 39.53, 180.00, 2505, 10251, 48
2026/09/16 19:21:03.758, NVIDIA GeForce RTX 4070 SUPER, 12282, 8393, 0, 0, 39.53, 180.00, 2505, 10251, 48
2026/09/16 19:21:03.959, NVIDIA GeForce RTX 4070 SUPER, 12282, 8393, 0, 0, 39.53, 180.00, 2505, 10251, 48
2026/09/16 19:21:04.159, NVIDIA GeForce RTX 4070 SUPER, 12282, 8393, 0, 0, 39.53, 180.00, 2505, 10251, 48
2026/09/16 19:21:04.359, NVIDIA GeForce RTX 4070 SUPER, 12282, 8393, 0, 0, 33.96, 180.00, 2505, 10251, 47
2026/09/16 19:21:04.560, NVIDIA GeForce RTX 4070 SUPER, 12282, 8393, 0, 0, 33.96, 180.00, 2505, 10251, 47
2026/09/16 19:21:04.760, NVIDIA GeForce RTX 4070 SUPER, 12282, 8393, 0, 0, 33.96, 180.00, 2505, 10251, 47
2026/09/16 19:21:04.960, NVIDIA GeForce RTX 4070 SUPER, 12282, 8393, 0, 0, 33.96, 180.00, 2505, 10251, 47
2026/09/16 19:21:05.161, NVIDIA GeForce RTX 4070 SUPER, 12282, 8393, 0, 0, 33.96, 180.00, 2505, 10251, 47
2026/09/16 19:21:05.361, NVIDIA GeForce RTX 4070 SUPER, 12282, 8393, 0, 0, 28.36, 180.00, 2505, 10251, 46
2026/09/16 19:21:05.561, NVIDIA GeForce RTX 4070 SUPER, 12282, 8393, 0, 0, 28.36, 180.00, 2505, 10251, 46
2026/09/16 19:21:05.762, NVIDIA GeForce RTX 4070 SUPER, 12282, 8393, 0, 0, 28.36, 180.00, 2505, 10251, 46
2026/09/16 19:21:05.962, NVIDIA GeForce RTX 4070 SUPER, 12282, 8393, 0, 0, 28.36, 180.00, 2505, 10251, 46
2026/09/16 19:21:06.162, NVIDIA GeForce RTX 4070 SUPER, 12282, 8393, 0, 0, 28.36, 180.00, 2505, 10251, 46
2026/09/16 19:21:06.363, NVIDIA GeForce RTX 4070 SUPER, 12282, 8393, 0, 0, 27.98, 180.00, 2505, 10251, 46
2026/09/16 19:21:06.564, NVIDIA GeForce RTX 4070 SUPER, 12282, 8393, 0, 0, 27.98, 180.00, 2505, 10251, 46
2026/09/16 19:21:06.764, NVIDIA GeForce RTX 4070 SUPER, 12282, 8393, 0, 0, 27.98, 180.00, 2505, 10251, 46
2026/09/16 19:21:06.964, NVIDIA GeForce RTX 4070 SUPER, 12282, 8393, 0, 0, 27.98, 180.00, 2505, 10251, 46
2026/09/16 19:21:07.165, NVIDIA GeForce RTX 4070 SUPER, 12282, 8393, 0, 0, 27.98, 180.00, 2505, 10251, 46
2026/09/16 19:21:07.365, NVIDIA GeForce RTX 4070 SUPER, 12282, 8393, 0, 0, 27.85, 180.00, 2505, 10251, 46
2026/09/16 19:21:07.566, NVIDIA GeForce RTX 4070 SUPER, 12282, 8393, 0, 0, 27.85, 180.00, 2505, 10251, 46
2026/09/16 19:21:07.766, NVIDIA GeForce RTX 4070 SUPER, 12282, 8393, 0, 0, 27.85, 180.00, 2505, 10251, 46
2026/09/16 19:21:07.966, NVIDIA GeForce RTX 4070 SUPER, 12282, 8393, 0, 0, 27.85, 180.00, 2505, 10251, 46
2026/09/16 19:21:08.167, NVIDIA GeForce RTX 4070 SUPER, 12282, 8393, 0, 0, 27.85, 180.00, 2505, 10251, 46
2026/09/16 19:21:08.367, NVIDIA GeForce RTX 4070 SUPER, 12282, 8393, 0, 0, 28.12, 180.00, 2505, 10251, 46
2026/09/16 19:21:08.568, NVIDIA GeForce RTX 4070 SUPER, 12282, 8393, 0, 0, 28.12, 180.00, 2505, 10251, 46
2026/09/16 19:21:08.768, NVIDIA GeForce RTX 4070 SUPER, 12282, 8393, 0, 0, 28.12, 180.00, 2505, 10251, 46
2026/09/16 19:21:08.969, NVIDIA GeForce RTX 4070 SUPER, 12282, 8393, 0, 0, 28.12, 180.00, 2505, 10251, 46
2026/09/16 19:21:09.169, NVIDIA GeForce RTX 4070 SUPER, 12282, 8393, 0, 0, 28.12, 180.00, 2505, 10251, 46
2026/09/16 19:21:09.369, NVIDIA GeForce RTX 4070 SUPER, 12282, 8393, 0, 0, 28.16, 180.00, 2505, 10251, 45
2026/09/16 19:21:09.570, NVIDIA GeForce RTX 4070 SUPER, 12282, 8393, 0, 0, 28.16, 180.00, 2505, 10251, 45
2026/09/16 19:21:09.770, NVIDIA GeForce RTX 4070 SUPER, 12282, 8393, 0, 0, 28.16, 180.00, 2505, 10251, 45
2026/09/16 19:21:09.970, NVIDIA GeForce RTX 4070 SUPER, 12282, 8393, 0, 0, 28.16, 180.00, 2505, 10251, 45
2026/09/16 19:21:10.171, NVIDIA GeForce RTX 4070 SUPER, 12282, 8393, 0, 0, 28.16, 180.00, 2505, 10251, 45
2026/09/16 19:21:10.371, NVIDIA GeForce RTX 4070 SUPER, 12282, 8393, 0, 0, 28.06, 180.00, 2505, 10251, 45
2026/09/16 19:21:10.572, NVIDIA GeForce RTX 4070 SUPER, 12282, 8393, 0, 0, 28.06, 180.00, 2505, 10251, 45
2026/09/16 19:21:10.772, NVIDIA GeForce RTX 4070 SUPER, 12282, 8393, 0, 0, 28.06, 180.00, 2505, 10251, 45
2026/09/16 19:21:10.973, NVIDIA GeForce RTX 4070 SUPER, 12282, 8393, 0, 0, 28.06, 180.00, 2505, 10251, 45
2026/09/16 19:21:11.173, NVIDIA GeForce RTX 4070 SUPER, 12282, 8393, 0, 0, 28.12, 180.00, 2505, 10251, 45
2026/09/16 19:21:11.374, NVIDIA GeForce RTX 4070 SUPER, 12282, 8393, 0, 0, 28.12, 180.00, 2505, 10251, 45
2026/09/16 19:21:11.574, NVIDIA GeForce RTX 4070 SUPER, 12282, 8393, 0, 0, 28.12, 180.00, 2505, 10251, 45
2026/09/16 19:21:11.774, NVIDIA GeForce RTX 4070 SUPER, 12282, 8393, 0, 0, 28.12, 180.00, 2505, 10251, 45
2026/09/16 19:21:11.975, NVIDIA GeForce RTX 4070 SUPER, 12282, 8393, 0, 0, 28.12, 180.00, 2505, 10251, 45
2026/09/16 19:21:12.175, NVIDIA GeForce RTX 4070 SUPER, 12282, 8393, 0, 0, 28.11, 180.00, 2505, 10251, 45
2026/09/16 19:21:12.375, NVIDIA GeForce RTX 4070 SUPER, 12282, 8393, 0, 0, 28.11, 180.00, 2505, 10251, 45
2026/09/16 19:21:12.576, NVIDIA GeForce RTX 4070 SUPER, 12282, 8393, 0, 0, 28.11, 180.00, 2505, 10251, 45
2026/09/16 19:21:12.776, NVIDIA GeForce RTX 4070 SUPER, 12282, 8393, 0, 0, 28.11, 180.00, 2505, 10251, 45
2026/09/16 19:21:12.977, NVIDIA GeForce RTX 4070 SUPER, 12282, 8393, 0, 0, 28.11, 180.00, 2505, 10251, 45
2026/09/16 19:21:13.177, NVIDIA GeForce RTX 4070 SUPER, 12282, 8393, 0, 0, 28.09, 180.00, 2505, 10251, 44
2026/09/16 19:21:13.377, NVIDIA GeForce RTX 4070 SUPER, 12282, 8393, 0, 0, 28.09, 180.00, 2505, 10251, 44
2026/09/16 19:21:13.578, NVIDIA GeForce RTX 4070 SUPER, 12282, 8393, 0, 0, 28.09, 180.00, 2505, 10251, 44
2026/09/16 19:21:13.778, NVIDIA GeForce RTX 4070 SUPER, 12282, 8393, 0, 0, 28.09, 180.00, 2505, 10251, 44
2026/09/16 19:21:13.979, NVIDIA GeForce RTX 4070 SUPER, 12282, 8393, 0, 0, 28.09, 180.00, 2505, 10251, 44
2026/09/16 19:21:14.179, NVIDIA GeForce RTX 4070 SUPER, 12282, 8393, 0, 0, 28.09, 180.00, 2505, 10251, 44
2026/09/16 19:21:14.380, NVIDIA GeForce RTX 4070 SUPER, 12282, 8393, 0, 0, 28.09, 180.00, 2505, 10251, 44
2026/09/16 19:21:14.580, NVIDIA GeForce RTX 4070 SUPER, 12282, 8393, 0, 0, 28.09, 180.00, 2505, 10251, 44
2026/09/16 19:21:14.780, NVIDIA GeForce RTX 4070 SUPER, 12282, 8393, 0, 0, 28.09, 180.00, 2505, 10251, 44
2026/09/16 19:21:14.981, NVIDIA GeForce RTX 4070 SUPER, 12282, 8393, 0, 0, 28.09, 180.00, 2505, 10251, 44
2026/09/16 19:21:15.181, NVIDIA GeForce RTX 4070 SUPER, 12282, 8393, 0, 0, 28.15, 180.00, 2505, 10251, 44
2026/09/16 19:21:15.382, NVIDIA GeForce RTX 4070 SUPER, 12282, 8393, 0, 0, 28.15, 180.00, 2505, 10251, 44
2026/09/16 19:21:15.582, NVIDIA GeForce RTX 4070 SUPER, 12282, 8393, 0, 0, 28.15, 180.00, 2505, 10251, 44
2026/09/16 19:21:15.782, NVIDIA GeForce RTX 4070 SUPER, 12282, 8393, 0, 0, 28.15, 180.00, 2505, 10251, 44
2026/09/16 19:21:15.983, NVIDIA GeForce RTX 4070 SUPER, 12282, 8393, 0, 0, 28.15, 180.00, 2505, 10251, 44
2026/09/16 19:21:16.183, NVIDIA GeForce RTX 4070 SUPER, 12282, 8393, 0, 0, 28.15, 180.00, 2505, 10251, 44
2026/09/16 19:21:16.383, NVIDIA GeForce RTX 4070 SUPER, 12282, 8393, 0, 0, 28.15, 180.00, 2505, 10251, 44
2026/09/16 19:21:16.584, NVIDIA GeForce RTX 4070 SUPER, 12282, 8393, 0, 0, 28.15, 180.00, 2505, 10251, 44
2026/09/16 19:21:16.784, NVIDIA GeForce RTX 4070 SUPER, 12282, 8393, 0, 0, 28.15, 180.00, 2505, 10251, 44
2026/09/16 19:21:16.984, NVIDIA GeForce RTX 4070 SUPER, 12282, 8393, 0, 0, 28.15, 180.00, 2505, 10251, 44
2026/09/16 19:21:17.185, NVIDIA GeForce RTX 4070 SUPER, 12282, 8393, 0, 0, 27.98, 180.00, 2505, 10251, 44
2026/09/16 19:21:17.385, NVIDIA GeForce RTX 4070 SUPER, 12282, 8393, 0, 0, 27.98, 180.00, 2505, 10251, 44
2026/09/16 19:21:17.586, NVIDIA GeForce RTX 4070 SUPER, 12282, 8393, 0, 0, 27.98, 180.00, 2505, 10251, 44
2026/09/16 19:21:17.786, NVIDIA GeForce RTX 4070 SUPER, 12282, 8393, 0, 0, 27.98, 180.00, 2505, 10251, 44
2026/09/16 19:21:17.987, NVIDIA GeForce RTX 4070 SUPER, 12282, 8393, 0, 0, 27.98, 180.00, 2505, 10251, 44
2026/09/16 19:21:18.187, NVIDIA GeForce RTX 4070 SUPER, 12282, 8393, 0, 0, 26.89, 180.00, 495, 810, 43
2026/09/16 19:21:18.388, NVIDIA GeForce RTX 4070 SUPER, 12282, 8393, 0, 0, 26.89, 180.00, 495, 810, 43
2026/09/16 19:21:18.588, NVIDIA GeForce RTX 4070 SUPER, 12282, 8393, 0, 0, 26.89, 180.00, 495, 810, 43
2026/09/16 19:21:18.788, NVIDIA GeForce RTX 4070 SUPER, 12282, 8393, 0, 0, 26.89, 180.00, 495, 810, 43
2026/09/16 19:21:18.989, NVIDIA GeForce RTX 4070 SUPER, 12282, 8393, 0, 0, 26.89, 180.00, 495, 810, 43
2026/09/16 19:21:19.189, NVIDIA GeForce RTX 4070 SUPER, 12282, 8393, 0, 0, 18.84, 180.00, 315, 405, 42
2026/09/16 19:21:19.390, NVIDIA GeForce RTX 4070 SUPER, 12282, 8393, 0, 0, 18.84, 180.00, 315, 405, 42
2026/09/16 19:21:19.590, NVIDIA GeForce RTX 4070 SUPER, 12282, 8393, 0, 0, 18.84, 180.00, 315, 405, 42
2026/09/16 19:21:19.791, NVIDIA GeForce RTX 4070 SUPER, 12282, 8393, 0, 0, 18.84, 180.00, 315, 405, 42
2026/09/16 19:21:19.991, NVIDIA GeForce RTX 4070 SUPER, 12282, 8393, 0, 0, 18.84, 180.00, 315, 405, 42
2026/09/16 19:21:20.192, NVIDIA GeForce RTX 4070 SUPER, 12282, 8393, 0, 0, 10.76, 180.00, 210, 405, 42
2026/09/16 19:21:20.392, NVIDIA GeForce RTX 4070 SUPER, 12282, 8393, 0, 0, 10.76, 180.00, 210, 405, 42
2026/09/16 19:21:20.593, NVIDIA GeForce RTX 4070 SUPER, 12282, 8393, 0, 0, 10.76, 180.00, 210, 405, 42
2026/09/16 19:21:20.793, NVIDIA GeForce RTX 4070 SUPER, 12282, 8393, 0, 0, 10.76, 180.00, 210, 405, 42
2026/09/16 19:21:20.994, NVIDIA GeForce RTX 4070 SUPER, 12282, 8393, 0, 0, 10.76, 180.00, 210, 405, 42
2026/09/16 19:21:21.194, NVIDIA GeForce RTX 4070 SUPER, 12282, 8393, 0, 0, 9.64, 180.00, 210, 405, 42
2026/09/16 19:21:21.394, NVIDIA GeForce RTX 4070 SUPER, 12282, 8393, 0, 0, 9.64, 180.00, 210, 405, 42
2026/09/16 19:21:21.595, NVIDIA GeForce RTX 4070 SUPER, 12282, 8393, 0, 0, 9.64, 180.00, 210, 405, 42
2026/09/16 19:21:21.795, NVIDIA GeForce RTX 4070 SUPER, 12282, 8393, 0, 0, 9.64, 180.00, 210, 405, 42
2026/09/16 19:21:21.996, NVIDIA GeForce RTX 4070 SUPER, 12282, 8393, 0, 0, 9.64, 180.00, 210, 405, 42
2026/09/16 19:21:22.196, NVIDIA GeForce RTX 4070 SUPER, 12282, 8393, 0, 0, 9.50, 180.00, 210, 405, 41
2026/09/16 19:21:22.397, NVIDIA GeForce RTX 4070 SUPER, 12282, 8393, 0, 0, 9.50, 180.00, 210, 405, 41
2026/09/16 19:21:22.597, NVIDIA GeForce RTX 4070 SUPER, 12282, 8393, 0, 0, 9.50, 180.00, 210, 405, 41
2026/09/16 19:21:22.798, NVIDIA GeForce RTX 4070 SUPER, 12282, 8393, 0, 0, 9.50, 180.00, 210, 405, 41
2026/09/16 19:21:22.998, NVIDIA GeForce RTX 4070 SUPER, 12282, 8393, 0, 0, 9.50, 180.00, 210, 405, 41
2026/09/16 19:21:23.199, NVIDIA GeForce RTX 4070 SUPER, 12282, 8393, 0, 0, 9.49, 180.00, 210, 405, 41
2026/09/16 19:21:23.399, NVIDIA GeForce RTX 4070 SUPER, 12282, 8393, 0, 0, 9.49, 180.00, 210, 405, 41
2026/09/16 19:21:23.600, NVIDIA GeForce RTX 4070 SUPER, 12282, 8393, 0, 0, 9.49, 180.00, 210, 405, 41
2026/09/16 19:21:23.800, NVIDIA GeForce RTX 4070 SUPER, 12282, 8393, 0, 0, 10.02, 180.00, 2505, 10251, 42
2026/09/16 19:21:24.000, NVIDIA GeForce RTX 4070 SUPER, 12282, 8393, 0, 0, 10.02, 180.00, 2505, 10251, 42
2026/09/16 19:21:24.201, NVIDIA GeForce RTX 4070 SUPER, 12282, 8393, 0, 0, 17.80, 180.00, 2505, 10251, 42
2026/09/16 19:21:24.401, NVIDIA GeForce RTX 4070 SUPER, 12282, 8393, 0, 0, 17.80, 180.00, 2505, 10251, 42
2026/09/16 19:21:24.601, NVIDIA GeForce RTX 4070 SUPER, 12282, 8393, 0, 0, 17.80, 180.00, 2505, 10251, 42
2026/09/16 19:21:24.802, NVIDIA GeForce RTX 4070 SUPER, 12282, 8393, 0, 0, 27.62, 180.00, 2505, 10251, 42
2026/09/16 19:21:25.002, NVIDIA GeForce RTX 4070 SUPER, 12282, 8393, 0, 0, 27.62, 180.00, 2505, 10251, 42
2026/09/16 19:21:25.203, NVIDIA GeForce RTX 4070 SUPER, 12282, 8393, 100, 30, 73.26, 180.00, 2610, 10251, 55
2026/09/16 19:21:25.403, NVIDIA GeForce RTX 4070 SUPER, 12282, 8393, 100, 30, 73.26, 180.00, 2610, 10251, 55
2026/09/16 19:21:25.604, NVIDIA GeForce RTX 4070 SUPER, 12282, 8393, 100, 30, 73.26, 180.00, 2610, 10251, 55
2026/09/16 19:21:25.804, NVIDIA GeForce RTX 4070 SUPER, 12282, 8393, 100, 28, 136.79, 180.00, 2670, 10251, 56
2026/09/16 19:21:26.004, NVIDIA GeForce RTX 4070 SUPER, 12282, 8393, 100, 28, 136.79, 180.00, 2670, 10251, 56
2026/09/16 19:21:26.205, NVIDIA GeForce RTX 4070 SUPER, 12282, 8393, 99, 34, 180.03, 180.00, 2775, 10251, 56
2026/09/16 19:21:26.405, NVIDIA GeForce RTX 4070 SUPER, 12282, 8393, 99, 34, 180.03, 180.00, 2775, 10251, 56
2026/09/16 19:21:26.606, NVIDIA GeForce RTX 4070 SUPER, 12282, 8393, 99, 34, 180.03, 180.00, 2775, 10251, 56
2026/09/16 19:21:26.806, NVIDIA GeForce RTX 4070 SUPER, 12282, 8393, 100, 30, 178.44, 180.00, 2610, 10251, 58
2026/09/16 19:21:27.007, NVIDIA GeForce RTX 4070 SUPER, 12282, 8393, 100, 30, 178.44, 180.00, 2610, 10251, 58
2026/09/16 19:21:27.207, NVIDIA GeForce RTX 4070 SUPER, 12282, 8393, 99, 31, 179.15, 180.00, 2685, 10251, 58
2026/09/16 19:21:27.407, NVIDIA GeForce RTX 4070 SUPER, 12282, 8393, 99, 31, 179.15, 180.00, 2685, 10251, 58
2026/09/16 19:21:27.608, NVIDIA GeForce RTX 4070 SUPER, 12282, 8393, 99, 31, 179.15, 180.00, 2685, 10251, 58
2026/09/16 19:21:27.808, NVIDIA GeForce RTX 4070 SUPER, 12282, 8393, 100, 30, 178.01, 180.00, 2610, 10251, 59
2026/09/16 19:21:28.009, NVIDIA GeForce RTX 4070 SUPER, 12282, 8393, 100, 30, 178.01, 180.00, 2610, 10251, 59
2026/09/16 19:21:28.209, NVIDIA GeForce RTX 4070 SUPER, 12282, 8393, 100, 30, 178.56, 180.00, 2640, 10251, 59
2026/09/16 19:21:28.410, NVIDIA GeForce RTX 4070 SUPER, 12282, 8393, 100, 30, 178.56, 180.00, 2640, 10251, 59
2026/09/16 19:21:28.610, NVIDIA GeForce RTX 4070 SUPER, 12282, 8393, 100, 30, 178.56, 180.00, 2640, 10251, 59
2026/09/16 19:21:28.811, NVIDIA GeForce RTX 4070 SUPER, 12282, 8393, 97, 28, 179.96, 180.00, 2655, 10251, 60
2026/09/16 19:21:29.012, NVIDIA GeForce RTX 4070 SUPER, 12282, 8393, 97, 28, 179.96, 180.00, 2655, 10251, 60
2026/09/16 19:21:29.212, NVIDIA GeForce RTX 4070 SUPER, 12282, 8393, 100, 30, 179.07, 180.00, 2610, 10251, 60
2026/09/16 19:21:29.413, NVIDIA GeForce RTX 4070 SUPER, 12282, 8393, 100, 30, 179.07, 180.00, 2610, 10251, 60
2026/09/16 19:21:29.613, NVIDIA GeForce RTX 4070 SUPER, 12282, 8393, 100, 30, 179.07, 180.00, 2610, 10251, 60
2026/09/16 19:21:29.814, NVIDIA GeForce RTX 4070 SUPER, 12282, 8393, 99, 29, 179.40, 180.00, 2610, 10251, 60
2026/09/16 19:21:30.014, NVIDIA GeForce RTX 4070 SUPER, 12282, 8393, 99, 29, 179.40, 180.00, 2610, 10251, 60
2026/09/16 19:21:30.214, NVIDIA GeForce RTX 4070 SUPER, 12282, 8393, 100, 30, 178.14, 180.00, 2595, 10251, 61
2026/09/16 19:21:30.415, NVIDIA GeForce RTX 4070 SUPER, 12282, 8393, 100, 30, 178.14, 180.00, 2595, 10251, 61
2026/09/16 19:21:30.615, NVIDIA GeForce RTX 4070 SUPER, 12282, 8393, 100, 30, 178.14, 180.00, 2595, 10251, 61
2026/09/16 19:21:30.816, NVIDIA GeForce RTX 4070 SUPER, 12282, 8393, 100, 30, 178.73, 180.00, 2595, 10251, 61
2026/09/16 19:21:31.016, NVIDIA GeForce RTX 4070 SUPER, 12282, 8393, 100, 30, 178.73, 180.00, 2595, 10251, 61
2026/09/16 19:21:31.217, NVIDIA GeForce RTX 4070 SUPER, 12282, 8393, 98, 33, 179.75, 180.00, 2670, 10251, 61
2026/09/16 19:21:31.417, NVIDIA GeForce RTX 4070 SUPER, 12282, 8393, 98, 33, 179.75, 180.00, 2670, 10251, 61
2026/09/16 19:21:31.617, NVIDIA GeForce RTX 4070 SUPER, 12282, 8393, 98, 33, 179.75, 180.00, 2670, 10251, 61
2026/09/16 19:21:31.818, NVIDIA GeForce RTX 4070 SUPER, 12282, 8393, 100, 30, 177.95, 180.00, 2610, 10251, 61
2026/09/16 19:21:32.018, NVIDIA GeForce RTX 4070 SUPER, 12282, 8393, 100, 30, 177.95, 180.00, 2610, 10251, 61
2026/09/16 19:21:32.219, NVIDIA GeForce RTX 4070 SUPER, 12282, 8393, 98, 29, 179.25, 180.00, 2625, 10251, 60
2026/09/16 19:21:32.419, NVIDIA GeForce RTX 4070 SUPER, 12282, 8393, 98, 29, 179.25, 180.00, 2625, 10251, 60
2026/09/16 19:21:32.620, NVIDIA GeForce RTX 4070 SUPER, 12282, 8393, 98, 29, 179.25, 180.00, 2625, 10251, 60
2026/09/16 19:21:32.821, NVIDIA GeForce RTX 4070 SUPER, 12282, 8393, 100, 32, 178.18, 180.00, 2595, 10251, 61
2026/09/16 19:21:33.021, NVIDIA GeForce RTX 4070 SUPER, 12282, 8393, 100, 32, 178.18, 180.00, 2595, 10251, 61
2026/09/16 19:21:33.222, NVIDIA GeForce RTX 4070 SUPER, 12282, 8393, 100, 30, 178.83, 180.00, 2565, 10251, 61
2026/09/16 19:21:33.422, NVIDIA GeForce RTX 4070 SUPER, 12282, 8393, 100, 30, 178.83, 180.00, 2565, 10251, 61
2026/09/16 19:21:33.622, NVIDIA GeForce RTX 4070 SUPER, 12282, 8393, 100, 30, 178.83, 180.00, 2565, 10251, 61
2026/09/16 19:21:33.823, NVIDIA GeForce RTX 4070 SUPER, 12282, 8393, 98, 35, 179.64, 180.00, 2670, 10251, 62
2026/09/16 19:21:34.023, NVIDIA GeForce RTX 4070 SUPER, 12282, 8393, 98, 35, 179.64, 180.00, 2670, 10251, 62
2026/09/16 19:21:34.224, NVIDIA GeForce RTX 4070 SUPER, 12282, 8393, 100, 30, 177.65, 180.00, 2610, 10251, 62
2026/09/16 19:21:34.424, NVIDIA GeForce RTX 4070 SUPER, 12282, 8393, 100, 30, 177.65, 180.00, 2610, 10251, 62
2026/09/16 19:21:34.625, NVIDIA GeForce RTX 4070 SUPER, 12282, 8393, 100, 30, 177.65, 180.00, 2610, 10251, 62
2026/09/16 19:21:34.825, NVIDIA GeForce RTX 4070 SUPER, 12282, 8393, 98, 35, 178.62, 180.00, 2625, 10251, 61
2026/09/16 19:21:35.025, NVIDIA GeForce RTX 4070 SUPER, 12282, 8393, 98, 35, 178.62, 180.00, 2625, 10251, 61
2026/09/16 19:21:35.226, NVIDIA GeForce RTX 4070 SUPER, 12282, 8393, 90, 28, 177.48, 180.00, 2610, 10251, 62
2026/09/16 19:21:35.426, NVIDIA GeForce RTX 4070 SUPER, 12282, 8393, 90, 28, 177.48, 180.00, 2610, 10251, 62
2026/09/16 19:21:35.627, NVIDIA GeForce RTX 4070 SUPER, 12282, 8393, 90, 28, 177.48, 180.00, 2610, 10251, 62
2026/09/16 19:21:35.827, NVIDIA GeForce RTX 4070 SUPER, 12282, 8393, 100, 27, 178.03, 180.00, 2670, 10251, 62
2026/09/16 19:21:36.027, NVIDIA GeForce RTX 4070 SUPER, 12282, 8393, 100, 27, 178.03, 180.00, 2670, 10251, 62
2026/09/16 19:21:36.228, NVIDIA GeForce RTX 4070 SUPER, 12282, 8393, 0, 0, 158.68, 180.00, 2790, 10251, 52
2026/09/16 19:21:36.428, NVIDIA GeForce RTX 4070 SUPER, 12282, 8393, 0, 0, 158.68, 180.00, 2790, 10251, 52
2026/09/16 19:21:36.629, NVIDIA GeForce RTX 4070 SUPER, 12282, 8393, 0, 0, 158.68, 180.00, 2790, 10251, 52
2026/09/16 19:21:36.829, NVIDIA GeForce RTX 4070 SUPER, 12282, 8393, 0, 0, 98.65, 180.00, 2790, 10251, 50
2026/09/16 19:21:37.029, NVIDIA GeForce RTX 4070 SUPER, 12282, 8393, 0, 0, 98.65, 180.00, 2790, 10251, 50
2026/09/16 19:21:37.230, NVIDIA GeForce RTX 4070 SUPER, 12282, 8393, 0, 0, 60.65, 180.00, 2790, 10251, 49
2026/09/16 19:21:37.430, NVIDIA GeForce RTX 4070 SUPER, 12282, 8393, 0, 0, 60.65, 180.00, 2790, 10251, 49
2026/09/16 19:21:37.630, NVIDIA GeForce RTX 4070 SUPER, 12282, 8393, 0, 0, 60.65, 180.00, 2790, 10251, 49
2026/09/16 19:21:37.831, NVIDIA GeForce RTX 4070 SUPER, 12282, 8393, 0, 0, 60.65, 180.00, 2790, 10251, 49
2026/09/16 19:21:38.031, NVIDIA GeForce RTX 4070 SUPER, 12282, 8393, 0, 0, 60.65, 180.00, 2790, 10251, 49
2026/09/16 19:21:38.231, NVIDIA GeForce RTX 4070 SUPER, 12282, 8393, 0, 0, 39.76, 180.00, 2505, 10251, 48
2026/09/16 19:21:38.432, NVIDIA GeForce RTX 4070 SUPER, 12282, 8393, 0, 0, 39.76, 180.00, 2505, 10251, 48
2026/09/16 19:21:38.632, NVIDIA GeForce RTX 4070 SUPER, 12282, 8393, 0, 0, 39.76, 180.00, 2505, 10251, 48
2026/09/16 19:21:38.832, NVIDIA GeForce RTX 4070 SUPER, 12282, 8393, 0, 0, 39.76, 180.00, 2505, 10251, 48
2026/09/16 19:21:39.033, NVIDIA GeForce RTX 4070 SUPER, 12282, 8393, 0, 0, 39.76, 180.00, 2505, 10251, 48
2026/09/16 19:21:39.233, NVIDIA GeForce RTX 4070 SUPER, 12282, 8393, 0, 0, 34.21, 180.00, 2505, 10251, 47
2026/09/16 19:21:39.434, NVIDIA GeForce RTX 4070 SUPER, 12282, 8393, 0, 0, 34.21, 180.00, 2505, 10251, 47
2026/09/16 19:21:39.634, NVIDIA GeForce RTX 4070 SUPER, 12282, 8393, 0, 0, 34.21, 180.00, 2505, 10251, 47
2026/09/16 19:21:39.834, NVIDIA GeForce RTX 4070 SUPER, 12282, 8393, 0, 0, 34.21, 180.00, 2505, 10251, 47
2026/09/16 19:21:40.035, NVIDIA GeForce RTX 4070 SUPER, 12282, 8393, 0, 0, 34.21, 180.00, 2505, 10251, 47
2026/09/16 19:21:40.235, NVIDIA GeForce RTX 4070 SUPER, 12282, 8393, 0, 0, 28.47, 180.00, 2505, 10251, 47
2026/09/16 19:21:40.436, NVIDIA GeForce RTX 4070 SUPER, 12282, 8393, 0, 0, 28.47, 180.00, 2505, 10251, 47
2026/09/16 19:21:40.637, NVIDIA GeForce RTX 4070 SUPER, 12282, 8393, 0, 0, 28.47, 180.00, 2505, 10251, 47
2026/09/16 19:21:40.837, NVIDIA GeForce RTX 4070 SUPER, 12282, 8393, 0, 0, 28.47, 180.00, 2505, 10251, 47
2026/09/16 19:21:41.038, NVIDIA GeForce RTX 4070 SUPER, 12282, 8393, 0, 0, 28.47, 180.00, 2505, 10251, 47
2026/09/16 19:21:41.238, NVIDIA GeForce RTX 4070 SUPER, 12282, 8393, 0, 0, 28.13, 180.00, 2505, 10251, 46
2026/09/16 19:21:41.439, NVIDIA GeForce RTX 4070 SUPER, 12282, 8393, 0, 0, 28.13, 180.00, 2505, 10251, 46
2026/09/16 19:21:41.639, NVIDIA GeForce RTX 4070 SUPER, 12282, 8393, 0, 0, 28.13, 180.00, 2505, 10251, 46
2026/09/16 19:21:41.840, NVIDIA GeForce RTX 4070 SUPER, 12282, 8393, 0, 0, 28.13, 180.00, 2505, 10251, 46
2026/09/16 19:21:42.040, NVIDIA GeForce RTX 4070 SUPER, 12282, 8393, 0, 0, 28.13, 180.00, 2505, 10251, 46
2026/09/16 19:21:42.240, NVIDIA GeForce RTX 4070 SUPER, 12282, 8393, 0, 0, 28.06, 180.00, 2505, 10251, 46
2026/09/16 19:21:42.441, NVIDIA GeForce RTX 4070 SUPER, 12282, 8393, 0, 0, 28.06, 180.00, 2505, 10251, 46
2026/09/16 19:21:42.641, NVIDIA GeForce RTX 4070 SUPER, 12282, 8393, 0, 0, 28.06, 180.00, 2505, 10251, 46
2026/09/16 19:21:42.841, NVIDIA GeForce RTX 4070 SUPER, 12282, 8393, 0, 0, 28.06, 180.00, 2505, 10251, 46
2026/09/16 19:21:43.042, NVIDIA GeForce RTX 4070 SUPER, 12282, 8393, 0, 0, 28.06, 180.00, 2505, 10251, 46
2026/09/16 19:21:43.242, NVIDIA GeForce RTX 4070 SUPER, 12282, 8393, 0, 0, 27.98, 180.00, 2505, 10251, 46
2026/09/16 19:21:43.443, NVIDIA GeForce RTX 4070 SUPER, 12282, 8393, 0, 0, 27.98, 180.00, 2505, 10251, 46
2026/09/16 19:21:43.643, NVIDIA GeForce RTX 4070 SUPER, 12282, 8393, 0, 0, 27.98, 180.00, 2505, 10251, 46
2026/09/16 19:21:43.843, NVIDIA GeForce RTX 4070 SUPER, 12282, 8393, 0, 0, 27.98, 180.00, 2505, 10251, 46
2026/09/16 19:21:44.044, NVIDIA GeForce RTX 4070 SUPER, 12282, 8393, 0, 0, 27.98, 180.00, 2505, 10251, 46
2026/09/16 19:21:44.244, NVIDIA GeForce RTX 4070 SUPER, 12282, 8393, 0, 0, 27.90, 180.00, 2505, 10251, 45
2026/09/16 19:21:44.445, NVIDIA GeForce RTX 4070 SUPER, 12282, 8393, 0, 0, 27.90, 180.00, 2505, 10251, 45
2026/09/16 19:21:44.645, NVIDIA GeForce RTX 4070 SUPER, 12282, 8393, 0, 0, 27.90, 180.00, 2505, 10251, 45
2026/09/16 19:21:44.845, NVIDIA GeForce RTX 4070 SUPER, 12282, 8393, 0, 0, 27.90, 180.00, 2505, 10251, 45
2026/09/16 19:21:45.046, NVIDIA GeForce RTX 4070 SUPER, 12282, 8393, 0, 0, 27.90, 180.00, 2505, 10251, 45
2026/09/16 19:21:45.246, NVIDIA GeForce RTX 4070 SUPER, 12282, 8393, 0, 0, 27.92, 180.00, 2505, 10251, 45
2026/09/16 19:21:45.446, NVIDIA GeForce RTX 4070 SUPER, 12282, 8393, 0, 0, 27.92, 180.00, 2505, 10251, 45
2026/09/16 19:21:45.647, NVIDIA GeForce RTX 4070 SUPER, 12282, 8393, 0, 0, 27.92, 180.00, 2505, 10251, 45
2026/09/16 19:21:45.847, NVIDIA GeForce RTX 4070 SUPER, 12282, 8393, 0, 0, 27.92, 180.00, 2505, 10251, 45
2026/09/16 19:21:46.048, NVIDIA GeForce RTX 4070 SUPER, 12282, 8393, 0, 0, 27.92, 180.00, 2505, 10251, 45
2026/09/16 19:21:46.248, NVIDIA GeForce RTX 4070 SUPER, 12282, 8393, 0, 0, 28.02, 180.00, 2505, 10251, 45
2026/09/16 19:21:46.448, NVIDIA GeForce RTX 4070 SUPER, 12282, 8393, 0, 0, 28.02, 180.00, 2505, 10251, 45
2026/09/16 19:21:46.649, NVIDIA GeForce RTX 4070 SUPER, 12282, 8393, 0, 0, 28.02, 180.00, 2505, 10251, 45
2026/09/16 19:21:46.849, NVIDIA GeForce RTX 4070 SUPER, 12282, 8393, 0, 0, 28.02, 180.00, 2505, 10251, 45
2026/09/16 19:21:47.049, NVIDIA GeForce RTX 4070 SUPER, 12282, 8393, 0, 0, 28.02, 180.00, 2505, 10251, 45
2026/09/16 19:21:47.250, NVIDIA GeForce RTX 4070 SUPER, 12282, 8393, 0, 0, 27.99, 180.00, 2505, 10251, 45
2026/09/16 19:21:47.450, NVIDIA GeForce RTX 4070 SUPER, 12282, 8393, 0, 0, 27.99, 180.00, 2505, 10251, 45
2026/09/16 19:21:47.650, NVIDIA GeForce RTX 4070 SUPER, 12282, 8393, 0, 0, 27.99, 180.00, 2505, 10251, 45
2026/09/16 19:21:47.851, NVIDIA GeForce RTX 4070 SUPER, 12282, 8393, 0, 0, 27.99, 180.00, 2505, 10251, 45
2026/09/16 19:21:48.051, NVIDIA GeForce RTX 4070 SUPER, 12282, 8393, 0, 0, 27.99, 180.00, 2505, 10251, 45
2026/09/16 19:21:48.252, NVIDIA GeForce RTX 4070 SUPER, 12282, 8393, 0, 0, 27.92, 180.00, 2505, 10251, 44
2026/09/16 19:21:48.452, NVIDIA GeForce RTX 4070 SUPER, 12282, 8393, 0, 0, 27.92, 180.00, 2505, 10251, 44
2026/09/16 19:21:48.653, NVIDIA GeForce RTX 4070 SUPER, 12282, 8393, 0, 0, 27.92, 180.00, 2505, 10251, 44
2026/09/16 19:21:48.853, NVIDIA GeForce RTX 4070 SUPER, 12282, 8393, 0, 0, 27.92, 180.00, 2505, 10251, 44
2026/09/16 19:21:49.053, NVIDIA GeForce RTX 4070 SUPER, 12282, 8393, 0, 0, 27.92, 180.00, 2505, 10251, 44
2026/09/16 19:21:49.254, NVIDIA GeForce RTX 4070 SUPER, 12282, 8393, 0, 0, 27.81, 180.00, 2505, 10251, 44
2026/09/16 19:21:49.454, NVIDIA GeForce RTX 4070 SUPER, 12282, 8393, 0, 0, 27.81, 180.00, 2505, 10251, 44
2026/09/16 19:21:49.655, NVIDIA GeForce RTX 4070 SUPER, 12282, 8393, 0, 0, 27.81, 180.00, 2505, 10251, 44
2026/09/16 19:21:49.855, NVIDIA GeForce RTX 4070 SUPER, 12282, 8393, 0, 0, 27.81, 180.00, 2505, 10251, 44
2026/09/16 19:21:50.056, NVIDIA GeForce RTX 4070 SUPER, 12282, 8393, 0, 0, 27.81, 180.00, 2505, 10251, 44
2026/09/16 19:21:50.256, NVIDIA GeForce RTX 4070 SUPER, 12282, 8393, 0, 0, 27.89, 180.00, 2505, 10251, 44
2026/09/16 19:21:50.456, NVIDIA GeForce RTX 4070 SUPER, 12282, 8393, 0, 0, 27.89, 180.00, 2505, 10251, 44
2026/09/16 19:21:50.657, NVIDIA GeForce RTX 4070 SUPER, 12282, 8393, 0, 0, 27.89, 180.00, 2505, 10251, 44
2026/09/16 19:21:50.857, NVIDIA GeForce RTX 4070 SUPER, 12282, 8393, 0, 0, 27.89, 180.00, 2505, 10251, 44
2026/09/16 19:21:51.057, NVIDIA GeForce RTX 4070 SUPER, 12282, 8393, 0, 0, 27.89, 180.00, 2505, 10251, 44
2026/09/16 19:21:51.258, NVIDIA GeForce RTX 4070 SUPER, 12282, 8393, 0, 0, 28.12, 180.00, 2505, 10251, 44
2026/09/16 19:21:51.458, NVIDIA GeForce RTX 4070 SUPER, 12282, 8393, 0, 0, 28.12, 180.00, 2505, 10251, 44
2026/09/16 19:21:51.659, NVIDIA GeForce RTX 4070 SUPER, 12282, 8393, 0, 0, 28.12, 180.00, 2505, 10251, 44
2026/09/16 19:21:51.859, NVIDIA GeForce RTX 4070 SUPER, 12282, 8393, 0, 0, 28.12, 180.00, 2505, 10251, 44
2026/09/16 19:21:52.059, NVIDIA GeForce RTX 4070 SUPER, 12282, 8393, 0, 0, 28.12, 180.00, 2505, 10251, 44
2026/09/16 19:21:52.260, NVIDIA GeForce RTX 4070 SUPER, 12282, 8393, 0, 0, 28.02, 180.00, 2505, 10251, 44
2026/09/16 19:21:52.460, NVIDIA GeForce RTX 4070 SUPER, 12282, 8393, 0, 0, 28.02, 180.00, 2505, 10251, 44
2026/09/16 19:21:52.661, NVIDIA GeForce RTX 4070 SUPER, 12282, 8393, 0, 0, 28.02, 180.00, 2505, 10251, 44
2026/09/16 19:21:52.861, NVIDIA GeForce RTX 4070 SUPER, 12282, 8393, 0, 0, 28.02, 180.00, 2505, 10251, 44
2026/09/16 19:21:53.062, NVIDIA GeForce RTX 4070 SUPER, 12282, 8393, 0, 0, 28.02, 180.00, 2505, 10251, 44
2026/09/16 19:21:53.262, NVIDIA GeForce RTX 4070 SUPER, 12282, 8393, 0, 0, 27.00, 180.00, 510, 810, 43
2026/09/16 19:21:53.462, NVIDIA GeForce RTX 4070 SUPER, 12282, 8393, 0, 0, 27.00, 180.00, 510, 810, 43
2026/09/16 19:21:53.663, NVIDIA GeForce RTX 4070 SUPER, 12282, 8393, 0, 0, 27.00, 180.00, 510, 810, 43
2026/09/16 19:21:53.863, NVIDIA GeForce RTX 4070 SUPER, 12282, 8393, 0, 0, 27.00, 180.00, 510, 810, 43
2026/09/16 19:21:54.064, NVIDIA GeForce RTX 4070 SUPER, 12282, 8393, 0, 0, 27.00, 180.00, 510, 810, 43
2026/09/16 19:21:54.264, NVIDIA GeForce RTX 4070 SUPER, 12282, 8393, 0, 0, 18.82, 180.00, 315, 405, 42
2026/09/16 19:21:54.465, NVIDIA GeForce RTX 4070 SUPER, 12282, 8393, 0, 0, 18.82, 180.00, 315, 405, 42
2026/09/16 19:21:54.665, NVIDIA GeForce RTX 4070 SUPER, 12282, 8393, 0, 0, 18.82, 180.00, 315, 405, 42
2026/09/16 19:21:54.866, NVIDIA GeForce RTX 4070 SUPER, 12282, 8393, 0, 0, 18.82, 180.00, 315, 405, 42
2026/09/16 19:21:55.066, NVIDIA GeForce RTX 4070 SUPER, 12282, 8393, 0, 0, 18.82, 180.00, 315, 405, 42
2026/09/16 19:21:55.267, NVIDIA GeForce RTX 4070 SUPER, 12282, 8393, 0, 0, 10.69, 180.00, 210, 405, 42
2026/09/16 19:21:55.467, NVIDIA GeForce RTX 4070 SUPER, 12282, 8393, 0, 0, 10.69, 180.00, 210, 405, 42
2026/09/16 19:21:55.667, NVIDIA GeForce RTX 4070 SUPER, 12282, 8393, 0, 0, 10.69, 180.00, 210, 405, 42
2026/09/16 19:21:55.868, NVIDIA GeForce RTX 4070 SUPER, 12282, 8393, 0, 0, 10.69, 180.00, 210, 405, 42
2026/09/16 19:21:56.068, NVIDIA GeForce RTX 4070 SUPER, 12282, 8393, 0, 0, 10.69, 180.00, 210, 405, 42
2026/09/16 19:21:56.269, NVIDIA GeForce RTX 4070 SUPER, 12282, 8393, 0, 0, 9.65, 180.00, 210, 405, 42
2026/09/16 19:21:56.469, NVIDIA GeForce RTX 4070 SUPER, 12282, 8393, 0, 0, 9.65, 180.00, 210, 405, 42
2026/09/16 19:21:56.670, NVIDIA GeForce RTX 4070 SUPER, 12282, 8393, 0, 0, 9.65, 180.00, 210, 405, 42
2026/09/16 19:21:56.870, NVIDIA GeForce RTX 4070 SUPER, 12282, 8393, 0, 0, 9.65, 180.00, 210, 405, 42
2026/09/16 19:21:57.071, NVIDIA GeForce RTX 4070 SUPER, 12282, 8393, 0, 0, 9.65, 180.00, 210, 405, 42
2026/09/16 19:21:57.271, NVIDIA GeForce RTX 4070 SUPER, 12282, 8393, 0, 0, 9.37, 180.00, 210, 405, 41
2026/09/16 19:21:57.472, NVIDIA GeForce RTX 4070 SUPER, 12282, 8393, 0, 0, 9.37, 180.00, 210, 405, 41
2026/09/16 19:21:57.672, NVIDIA GeForce RTX 4070 SUPER, 12282, 8393, 0, 0, 9.37, 180.00, 210, 405, 41
2026/09/16 19:21:57.873, NVIDIA GeForce RTX 4070 SUPER, 12282, 8393, 0, 0, 9.37, 180.00, 210, 405, 41
2026/09/16 19:21:58.073, NVIDIA GeForce RTX 4070 SUPER, 12282, 8393, 0, 0, 9.37, 180.00, 210, 405, 41
2026/09/16 19:21:58.274, NVIDIA GeForce RTX 4070 SUPER, 12282, 8393, 0, 0, 9.27, 180.00, 210, 405, 41
2026/09/16 19:21:58.474, NVIDIA GeForce RTX 4070 SUPER, 12282, 8393, 0, 0, 9.27, 180.00, 210, 405, 41
2026/09/16 19:21:58.675, NVIDIA GeForce RTX 4070 SUPER, 12282, 8393, 0, 0, 9.27, 180.00, 210, 405, 41
2026/09/16 19:21:58.875, NVIDIA GeForce RTX 4070 SUPER, 12282, 8393, 0, 0, 9.27, 180.00, 210, 405, 41
2026/09/16 19:21:59.075, NVIDIA GeForce RTX 4070 SUPER, 12282, 8393, 0, 0, 9.27, 180.00, 210, 405, 41
2026/09/16 19:21:59.276, NVIDIA GeForce RTX 4070 SUPER, 12282, 8393, 0, 0, 9.19, 180.00, 210, 405, 41
2026/09/16 19:21:59.476, NVIDIA GeForce RTX 4070 SUPER, 12282, 8393, 0, 0, 9.19, 180.00, 210, 405, 41
2026/09/16 19:21:59.677, NVIDIA GeForce RTX 4070 SUPER, 12282, 8393, 0, 0, 9.19, 180.00, 210, 405, 41
2026/09/16 19:21:59.877, NVIDIA GeForce RTX 4070 SUPER, 12282, 8393, 0, 0, 9.19, 180.00, 210, 405, 41
2026/09/16 19:22:00.078, NVIDIA GeForce RTX 4070 SUPER, 12282, 8393, 0, 0, 9.19, 180.00, 210, 405, 41
2026/09/16 19:22:00.278, NVIDIA GeForce RTX 4070 SUPER, 12282, 8393, 0, 0, 9.20, 180.00, 210, 405, 41
2026/09/16 19:22:00.479, NVIDIA GeForce RTX 4070 SUPER, 12282, 8393, 0, 0, 9.20, 180.00, 210, 405, 41
2026/09/16 19:22:00.679, NVIDIA GeForce RTX 4070 SUPER, 12282, 8393, 0, 0, 9.20, 180.00, 210, 405, 41
2026/09/16 19:22:00.880, NVIDIA GeForce RTX 4070 SUPER, 12282, 8393, 0, 0, 9.20, 180.00, 210, 405, 41
2026/09/16 19:22:01.080, NVIDIA GeForce RTX 4070 SUPER, 12282, 8393, 0, 0, 9.20, 180.00, 210, 405, 41
2026/09/16 19:22:01.280, NVIDIA GeForce RTX 4070 SUPER, 12282, 8393, 0, 0, 9.25, 180.00, 210, 405, 41
2026/09/16 19:22:01.481, NVIDIA GeForce RTX 4070 SUPER, 12282, 8393, 0, 0, 9.25, 180.00, 210, 405, 41
2026/09/16 19:22:01.681, NVIDIA GeForce RTX 4070 SUPER, 12282, 8393, 0, 0, 9.25, 180.00, 210, 405, 41
2026/09/16 19:22:01.882, NVIDIA GeForce RTX 4070 SUPER, 12282, 8393, 0, 0, 9.25, 180.00, 210, 405, 41
2026/09/16 19:22:02.082, NVIDIA GeForce RTX 4070 SUPER, 12282, 8393, 0, 0, 9.25, 180.00, 210, 405, 41
2026/09/16 19:22:02.283, NVIDIA GeForce RTX 4070 SUPER, 12282, 8393, 0, 0, 9.27, 180.00, 210, 405, 41
2026/09/16 19:22:02.484, NVIDIA GeForce RTX 4070 SUPER, 12282, 8393, 0, 0, 9.27, 180.00, 210, 405, 41
2026/09/16 19:22:02.684, NVIDIA GeForce RTX 4070 SUPER, 12282, 8393, 0, 0, 9.27, 180.00, 210, 405, 41
2026/09/16 19:22:02.885, NVIDIA GeForce RTX 4070 SUPER, 12282, 8393, 0, 0, 9.27, 180.00, 210, 405, 41
2026/09/16 19:22:03.085, NVIDIA GeForce RTX 4070 SUPER, 12282, 8393, 0, 0, 9.27, 180.00, 210, 405, 41
2026/09/16 19:22:03.286, NVIDIA GeForce RTX 4070 SUPER, 12282, 8393, 0, 0, 9.36, 180.00, 210, 405, 41
2026/09/16 19:22:03.486, NVIDIA GeForce RTX 4070 SUPER, 12282, 8393, 0, 0, 9.36, 180.00, 210, 405, 41
2026/09/16 19:22:03.687, NVIDIA GeForce RTX 4070 SUPER, 12282, 8393, 0, 0, 9.36, 180.00, 210, 405, 41
2026/09/16 19:22:03.887, NVIDIA GeForce RTX 4070 SUPER, 12282, 8393, 0, 0, 9.36, 180.00, 210, 405, 41
2026/09/16 19:22:04.087, NVIDIA GeForce RTX 4070 SUPER, 12282, 8393, 0, 0, 9.36, 180.00, 210, 405, 41
2026/09/16 19:22:04.288, NVIDIA GeForce RTX 4070 SUPER, 12282, 8393, 0, 0, 9.49, 180.00, 210, 405, 41
2026/09/16 19:22:04.488, NVIDIA GeForce RTX 4070 SUPER, 12282, 8393, 0, 0, 9.49, 180.00, 210, 405, 41
2026/09/16 19:22:04.689, NVIDIA GeForce RTX 4070 SUPER, 12282, 8393, 0, 0, 9.49, 180.00, 210, 405, 41
2026/09/16 19:22:04.889, NVIDIA GeForce RTX 4070 SUPER, 12282, 8393, 0, 0, 9.49, 180.00, 210, 405, 41
2026/09/16 19:22:05.090, NVIDIA GeForce RTX 4070 SUPER, 12282, 8393, 0, 0, 9.49, 180.00, 210, 405, 41
2026/09/16 19:22:05.290, NVIDIA GeForce RTX 4070 SUPER, 12282, 8393, 0, 0, 9.54, 180.00, 210, 405, 41
2026/09/16 19:22:05.491, NVIDIA GeForce RTX 4070 SUPER, 12282, 8393, 0, 0, 9.54, 180.00, 210, 405, 41
2026/09/16 19:22:05.691, NVIDIA GeForce RTX 4070 SUPER, 12282, 8393, 0, 0, 9.54, 180.00, 210, 405, 41
2026/09/16 19:22:05.892, NVIDIA GeForce RTX 4070 SUPER, 12282, 8393, 0, 0, 9.54, 180.00, 210, 405, 41
2026/09/16 19:22:06.092, NVIDIA GeForce RTX 4070 SUPER, 12282, 8393, 0, 0, 9.54, 180.00, 210, 405, 41
2026/09/16 19:22:06.293, NVIDIA GeForce RTX 4070 SUPER, 12282, 8393, 0, 0, 9.54, 180.00, 210, 405, 41
2026/09/16 19:22:06.493, NVIDIA GeForce RTX 4070 SUPER, 12282, 8393, 0, 0, 9.54, 180.00, 210, 405, 41
2026/09/16 19:22:06.693, NVIDIA GeForce RTX 4070 SUPER, 12282, 8393, 0, 0, 9.54, 180.00, 210, 405, 41
2026/09/16 19:22:06.894, NVIDIA GeForce RTX 4070 SUPER, 12282, 8393, 0, 0, 9.54, 180.00, 210, 405, 41
2026/09/16 19:22:07.094, NVIDIA GeForce RTX 4070 SUPER, 12282, 8393, 0, 0, 9.54, 180.00, 210, 405, 41
2026/09/16 19:22:07.295, NVIDIA GeForce RTX 4070 SUPER, 12282, 8393, 0, 0, 9.52, 180.00, 210, 405, 41
2026/09/16 19:22:07.495, NVIDIA GeForce RTX 4070 SUPER, 12282, 8393, 0, 0, 9.52, 180.00, 210, 405, 41
2026/09/16 19:22:07.696, NVIDIA GeForce RTX 4070 SUPER, 12282, 8393, 0, 0, 9.52, 180.00, 210, 405, 41
2026/09/16 19:22:07.896, NVIDIA GeForce RTX 4070 SUPER, 12282, 8393, 0, 0, 9.52, 180.00, 210, 405, 41
2026/09/16 19:22:08.096, NVIDIA GeForce RTX 4070 SUPER, 12282, 8393, 0, 0, 9.52, 180.00, 210, 405, 41
2026/09/16 19:22:08.297, NVIDIA GeForce RTX 4070 SUPER, 12282, 8393, 0, 0, 9.45, 180.00, 210, 405, 41
2026/09/16 19:22:08.497, NVIDIA GeForce RTX 4070 SUPER, 12282, 8393, 0, 0, 9.45, 180.00, 210, 405, 41
2026/09/16 19:22:08.698, NVIDIA GeForce RTX 4070 SUPER, 12282, 8393, 0, 0, 9.45, 180.00, 210, 405, 41
2026/09/16 19:22:08.898, NVIDIA GeForce RTX 4070 SUPER, 12282, 8393, 0, 0, 9.45, 180.00, 210, 405, 41
2026/09/16 19:22:09.098, NVIDIA GeForce RTX 4070 SUPER, 12282, 8393, 0, 0, 9.45, 180.00, 210, 405, 41
2026/09/16 19:22:09.299, NVIDIA GeForce RTX 4070 SUPER, 12282, 8393, 0, 0, 9.42, 180.00, 210, 405, 40
2026/09/16 19:22:09.499, NVIDIA GeForce RTX 4070 SUPER, 12282, 8393, 0, 0, 9.42, 180.00, 210, 405, 40
2026/09/16 19:22:09.700, NVIDIA GeForce RTX 4070 SUPER, 12282, 8393, 0, 0, 9.42, 180.00, 210, 405, 40
2026/09/16 19:22:09.900, NVIDIA GeForce RTX 4070 SUPER, 12282, 8393, 0, 0, 9.42, 180.00, 210, 405, 40
2026/09/16 19:22:10.101, NVIDIA GeForce RTX 4070 SUPER, 12282, 8393, 0, 0, 9.42, 180.00, 210, 405, 40
2026/09/16 19:22:10.301, NVIDIA GeForce RTX 4070 SUPER, 12282, 8393, 0, 0, 9.43, 180.00, 210, 405, 40
2026/09/16 19:22:10.502, NVIDIA GeForce RTX 4070 SUPER, 12282, 8393, 0, 0, 9.43, 180.00, 210, 405, 40
2026/09/16 19:22:10.702, NVIDIA GeForce RTX 4070 SUPER, 12282, 8393, 0, 0, 9.43, 180.00, 210, 405, 40
2026/09/16 19:22:10.902, NVIDIA GeForce RTX 4070 SUPER, 12282, 8393, 0, 0, 9.43, 180.00, 210, 405, 40
2026/09/16 19:22:11.103, NVIDIA GeForce RTX 4070 SUPER, 12282, 8393, 0, 0, 9.43, 180.00, 210, 405, 40
2026/09/16 19:22:11.303, NVIDIA GeForce RTX 4070 SUPER, 12282, 8393, 0, 0, 9.38, 180.00, 210, 405, 40
2026/09/16 19:22:11.504, NVIDIA GeForce RTX 4070 SUPER, 12282, 8393, 0, 0, 9.38, 180.00, 210, 405, 40
2026/09/16 19:22:11.704, NVIDIA GeForce RTX 4070 SUPER, 12282, 8393, 0, 0, 9.38, 180.00, 210, 405, 40
2026/09/16 19:22:11.905, NVIDIA GeForce RTX 4070 SUPER, 12282, 8393, 0, 0, 9.38, 180.00, 210, 405, 40
2026/09/16 19:22:12.105, NVIDIA GeForce RTX 4070 SUPER, 12282, 8393, 0, 0, 9.38, 180.00, 210, 405, 40
2026/09/16 19:22:12.305, NVIDIA GeForce RTX 4070 SUPER, 12282, 8393, 0, 0, 9.33, 180.00, 210, 405, 40
2026/09/16 19:22:12.506, NVIDIA GeForce RTX 4070 SUPER, 12282, 8393, 0, 0, 9.33, 180.00, 210, 405, 40
2026/09/16 19:22:12.706, NVIDIA GeForce RTX 4070 SUPER, 12282, 8393, 0, 0, 9.33, 180.00, 210, 405, 40
2026/09/16 19:22:12.907, NVIDIA GeForce RTX 4070 SUPER, 12282, 8393, 0, 0, 9.33, 180.00, 210, 405, 40
2026/09/16 19:22:13.107, NVIDIA GeForce RTX 4070 SUPER, 12282, 8393, 0, 0, 9.33, 180.00, 210, 405, 40
2026/09/16 19:22:13.308, NVIDIA GeForce RTX 4070 SUPER, 12282, 8393, 0, 0, 9.42, 180.00, 210, 405, 40
2026/09/16 19:22:13.508, NVIDIA GeForce RTX 4070 SUPER, 12282, 8393, 0, 0, 9.42, 180.00, 210, 405, 40
2026/09/16 19:22:13.709, NVIDIA GeForce RTX 4070 SUPER, 12282, 8393, 0, 0, 9.42, 180.00, 210, 405, 40
2026/09/16 19:22:13.909, NVIDIA GeForce RTX 4070 SUPER, 12282, 8393, 0, 0, 9.42, 180.00, 210, 405, 40
2026/09/16 19:22:14.110, NVIDIA GeForce RTX 4070 SUPER, 12282, 8393, 0, 0, 9.42, 180.00, 210, 405, 40
2026/09/16 19:22:14.311, NVIDIA GeForce RTX 4070 SUPER, 12282, 8393, 0, 0, 9.44, 180.00, 210, 405, 40
2026/09/16 19:22:14.511, NVIDIA GeForce RTX 4070 SUPER, 12282, 8393, 0, 0, 9.44, 180.00, 210, 405, 40
2026/09/16 19:22:14.712, NVIDIA GeForce RTX 4070 SUPER, 12282, 8393, 0, 0, 9.44, 180.00, 210, 405, 40
2026/09/16 19:22:14.912, NVIDIA GeForce RTX 4070 SUPER, 12282, 8393, 0, 0, 9.44, 180.00, 210, 405, 40
2026/09/16 19:22:15.113, NVIDIA GeForce RTX 4070 SUPER, 12282, 8393, 0, 0, 9.44, 180.00, 210, 405, 40
2026/09/16 19:22:15.314, NVIDIA GeForce RTX 4070 SUPER, 12282, 8393, 0, 0, 9.29, 180.00, 210, 405, 40
2026/09/16 19:22:15.514, NVIDIA GeForce RTX 4070 SUPER, 12282, 8393, 0, 0, 9.29, 180.00, 210, 405, 40
2026/09/16 19:22:15.714, NVIDIA GeForce RTX 4070 SUPER, 12282, 8393, 0, 0, 9.29, 180.00, 210, 405, 40
2026/09/16 19:22:15.915, NVIDIA GeForce RTX 4070 SUPER, 12282, 8393, 0, 0, 9.29, 180.00, 210, 405, 40
2026/09/16 19:22:16.115, NVIDIA GeForce RTX 4070 SUPER, 12282, 8393, 0, 0, 9.29, 180.00, 210, 405, 40
2026/09/16 19:22:16.316, NVIDIA GeForce RTX 4070 SUPER, 12282, 8393, 0, 0, 9.33, 180.00, 210, 405, 40
2026/09/16 19:22:16.516, NVIDIA GeForce RTX 4070 SUPER, 12282, 8393, 0, 0, 9.33, 180.00, 210, 405, 40
2026/09/16 19:22:16.717, NVIDIA GeForce RTX 4070 SUPER, 12282, 8393, 0, 0, 9.33, 180.00, 210, 405, 40
2026/09/16 19:22:16.917, NVIDIA GeForce RTX 4070 SUPER, 12282, 8393, 0, 0, 9.33, 180.00, 210, 405, 40
2026/09/16 19:22:17.118, NVIDIA GeForce RTX 4070 SUPER, 12282, 8393, 0, 0, 9.33, 180.00, 210, 405, 40
2026/09/16 19:22:17.318, NVIDIA GeForce RTX 4070 SUPER, 12282, 8393, 0, 0, 9.47, 180.00, 210, 405, 40
2026/09/16 19:22:17.519, NVIDIA GeForce RTX 4070 SUPER, 12282, 8393, 0, 0, 9.47, 180.00, 210, 405, 40
2026/09/16 19:22:17.719, NVIDIA GeForce RTX 4070 SUPER, 12282, 8393, 0, 0, 9.47, 180.00, 210, 405, 40
2026/09/16 19:22:17.920, NVIDIA GeForce RTX 4070 SUPER, 12282, 8393, 0, 0, 9.47, 180.00, 210, 405, 40
2026/09/16 19:22:18.120, NVIDIA GeForce RTX 4070 SUPER, 12282, 8393, 0, 0, 9.47, 180.00, 210, 405, 40
2026/09/16 19:22:18.321, NVIDIA GeForce RTX 4070 SUPER, 12282, 8393, 0, 0, 9.50, 180.00, 210, 405, 40
2026/09/16 19:22:18.521, NVIDIA GeForce RTX 4070 SUPER, 12282, 8393, 0, 0, 9.50, 180.00, 210, 405, 40
2026/09/16 19:22:18.722, NVIDIA GeForce RTX 4070 SUPER, 12282, 8393, 0, 0, 9.50, 180.00, 210, 405, 40
2026/09/16 19:22:18.923, NVIDIA GeForce RTX 4070 SUPER, 12282, 8393, 0, 0, 9.50, 180.00, 210, 405, 40
2026/09/16 19:22:19.123, NVIDIA GeForce RTX 4070 SUPER, 12282, 8393, 0, 0, 9.50, 180.00, 210, 405, 40
2026/09/16 19:22:19.324, NVIDIA GeForce RTX 4070 SUPER, 12282, 8393, 0, 0, 9.53, 180.00, 210, 405, 40
2026/09/16 19:22:19.524, NVIDIA GeForce RTX 4070 SUPER, 12282, 8393, 0, 0, 9.53, 180.00, 210, 405, 40
2026/09/16 19:22:19.725, NVIDIA GeForce RTX 4070 SUPER, 12282, 8393, 0, 0, 9.53, 180.00, 210, 405, 40
2026/09/16 19:22:19.925, NVIDIA GeForce RTX 4070 SUPER, 12282, 8393, 0, 0, 9.53, 180.00, 210, 405, 40
2026/09/16 19:22:20.126, NVIDIA GeForce RTX 4070 SUPER, 12282, 8393, 0, 0, 9.53, 180.00, 210, 405, 40
2026/09/16 19:22:20.326, NVIDIA GeForce RTX 4070 SUPER, 12282, 8393, 0, 0, 9.65, 180.00, 210, 405, 40
2026/09/16 19:22:20.527, NVIDIA GeForce RTX 4070 SUPER, 12282, 8393, 0, 0, 9.65, 180.00, 210, 405, 40
2026/09/16 19:22:20.727, NVIDIA GeForce RTX 4070 SUPER, 12282, 8393, 0, 0, 9.65, 180.00, 210, 405, 40
2026/09/16 19:22:20.928, NVIDIA GeForce RTX 4070 SUPER, 12282, 8393, 0, 0, 9.65, 180.00, 210, 405, 40
2026/09/16 19:22:21.128, NVIDIA GeForce RTX 4070 SUPER, 12282, 8393, 0, 0, 9.65, 180.00, 210, 405, 40
2026/09/16 19:22:21.329, NVIDIA GeForce RTX 4070 SUPER, 12282, 8393, 0, 0, 9.66, 180.00, 210, 405, 40
2026/09/16 19:22:21.529, NVIDIA GeForce RTX 4070 SUPER, 12282, 8393, 0, 0, 9.66, 180.00, 210, 405, 40
2026/09/16 19:22:21.729, NVIDIA GeForce RTX 4070 SUPER, 12282, 8393, 0, 0, 9.66, 180.00, 210, 405, 40
2026/09/16 19:22:21.930, NVIDIA GeForce RTX 4070 SUPER, 12282, 8393, 0, 0, 9.66, 180.00, 210, 405, 40
2026/09/16 19:22:22.130, NVIDIA GeForce RTX 4070 SUPER, 12282, 8393, 0, 0, 9.66, 180.00, 210, 405, 40
2026/09/16 19:22:22.331, NVIDIA GeForce RTX 4070 SUPER, 12282, 8393, 0, 0, 9.57, 180.00, 210, 405, 40
2026/09/16 19:22:22.531, NVIDIA GeForce RTX 4070 SUPER, 12282, 8393, 0, 0, 9.57, 180.00, 210, 405, 40
2026/09/16 19:22:22.732, NVIDIA GeForce RTX 4070 SUPER, 12282, 8393, 0, 0, 9.57, 180.00, 210, 405, 40
2026/09/16 19:22:22.932, NVIDIA GeForce RTX 4070 SUPER, 12282, 8393, 0, 0, 9.57, 180.00, 210, 405, 40
2026/09/16 19:22:23.133, NVIDIA GeForce RTX 4070 SUPER, 12282, 8393, 0, 0, 9.57, 180.00, 210, 405, 40
2026/09/16 19:22:23.333, NVIDIA GeForce RTX 4070 SUPER, 12282, 8393, 0, 0, 9.56, 180.00, 210, 405, 40
2026/09/16 19:22:23.534, NVIDIA GeForce RTX 4070 SUPER, 12282, 8393, 0, 0, 9.56, 180.00, 210, 405, 40
2026/09/16 19:22:23.734, NVIDIA GeForce RTX 4070 SUPER, 12282, 8393, 0, 0, 9.56, 180.00, 210, 405, 40
2026/09/16 19:22:23.934, NVIDIA GeForce RTX 4070 SUPER, 12282, 8393, 0, 0, 9.56, 180.00, 210, 405, 40
2026/09/16 19:22:24.135, NVIDIA GeForce RTX 4070 SUPER, 12282, 8393, 0, 0, 9.56, 180.00, 210, 405, 40
2026/09/16 19:22:24.336, NVIDIA GeForce RTX 4070 SUPER, 12282, 8393, 0, 0, 9.55, 180.00, 210, 405, 40
2026/09/16 19:22:24.536, NVIDIA GeForce RTX 4070 SUPER, 12282, 8393, 0, 0, 9.55, 180.00, 210, 405, 40
2026/09/16 19:22:24.736, NVIDIA GeForce RTX 4070 SUPER, 12282, 8393, 0, 0, 9.55, 180.00, 210, 405, 40
2026/09/16 19:22:24.937, NVIDIA GeForce RTX 4070 SUPER, 12282, 8393, 0, 0, 9.55, 180.00, 210, 405, 40
2026/09/16 19:22:25.137, NVIDIA GeForce RTX 4070 SUPER, 12282, 8393, 0, 0, 9.55, 180.00, 210, 405, 40
2026/09/16 19:22:25.338, NVIDIA GeForce RTX 4070 SUPER, 12282, 8393, 0, 0, 9.56, 180.00, 210, 405, 40
2026/09/16 19:22:25.538, NVIDIA GeForce RTX 4070 SUPER, 12282, 8393, 0, 0, 9.56, 180.00, 210, 405, 40
2026/09/16 19:22:25.739, NVIDIA GeForce RTX 4070 SUPER, 12282, 8393, 0, 0, 9.56, 180.00, 210, 405, 40
2026/09/16 19:22:25.939, NVIDIA GeForce RTX 4070 SUPER, 12282, 8393, 0, 0, 9.56, 180.00, 210, 405, 40
2026/09/16 19:22:26.140, NVIDIA GeForce RTX 4070 SUPER, 12282, 8393, 0, 0, 9.56, 180.00, 210, 405, 40
2026/09/16 19:22:26.340, NVIDIA GeForce RTX 4070 SUPER, 12282, 8393, 0, 0, 9.53, 180.00, 210, 405, 40
2026/09/16 19:22:26.540, NVIDIA GeForce RTX 4070 SUPER, 12282, 8393, 0, 0, 9.53, 180.00, 210, 405, 40
2026/09/16 19:22:26.741, NVIDIA GeForce RTX 4070 SUPER, 12282, 8393, 0, 0, 9.53, 180.00, 210, 405, 40
2026/09/16 19:22:26.941, NVIDIA GeForce RTX 4070 SUPER, 12282, 8393, 0, 0, 9.53, 180.00, 210, 405, 40
2026/09/16 19:22:27.142, NVIDIA GeForce RTX 4070 SUPER, 12282, 8393, 0, 0, 9.53, 180.00, 210, 405, 40
2026/09/16 19:22:27.342, NVIDIA GeForce RTX 4070 SUPER, 12282, 8393, 0, 0, 9.46, 180.00, 210, 405, 40
2026/09/16 19:22:27.543, NVIDIA GeForce RTX 4070 SUPER, 12282, 8393, 0, 0, 9.46, 180.00, 210, 405, 40
2026/09/16 19:22:27.743, NVIDIA GeForce RTX 4070 SUPER, 12282, 8393, 0, 0, 9.46, 180.00, 210, 405, 40
2026/09/16 19:22:27.944, NVIDIA GeForce RTX 4070 SUPER, 12282, 8393, 0, 0, 9.46, 180.00, 210, 405, 40
2026/09/16 19:22:28.145, NVIDIA GeForce RTX 4070 SUPER, 12282, 8393, 0, 0, 9.46, 180.00, 210, 405, 40
2026/09/16 19:22:28.345, NVIDIA GeForce RTX 4070 SUPER, 12282, 8393, 0, 0, 9.38, 180.00, 210, 405, 40
2026/09/16 19:22:28.546, NVIDIA GeForce RTX 4070 SUPER, 12282, 8393, 0, 0, 9.38, 180.00, 210, 405, 40
2026/09/16 19:22:28.747, NVIDIA GeForce RTX 4070 SUPER, 12282, 8393, 0, 0, 9.38, 180.00, 210, 405, 40
2026/09/16 19:22:28.948, NVIDIA GeForce RTX 4070 SUPER, 12282, 8393, 0, 0, 9.38, 180.00, 210, 405, 40
2026/09/16 19:22:29.148, NVIDIA GeForce RTX 4070 SUPER, 12282, 8393, 0, 0, 9.38, 180.00, 210, 405, 40
2026/09/16 19:22:29.348, NVIDIA GeForce RTX 4070 SUPER, 12282, 8393, 0, 0, 9.34, 180.00, 210, 405, 40
2026/09/16 19:22:29.550, NVIDIA GeForce RTX 4070 SUPER, 12282, 8393, 0, 0, 9.34, 180.00, 210, 405, 40
2026/09/16 19:22:29.750, NVIDIA GeForce RTX 4070 SUPER, 12282, 8393, 0, 0, 9.34, 180.00, 210, 405, 40
2026/09/16 19:22:29.951, NVIDIA GeForce RTX 4070 SUPER, 12282, 8393, 0, 0, 9.34, 180.00, 210, 405, 40
2026/09/16 19:22:30.151, NVIDIA GeForce RTX 4070 SUPER, 12282, 8393, 0, 0, 9.34, 180.00, 210, 405, 40
2026/09/16 19:22:30.352, NVIDIA GeForce RTX 4070 SUPER, 12282, 8393, 0, 0, 9.43, 180.00, 210, 405, 40
2026/09/16 19:22:30.552, NVIDIA GeForce RTX 4070 SUPER, 12282, 8393, 0, 0, 9.43, 180.00, 210, 405, 40
2026/09/16 19:22:30.753, NVIDIA GeForce RTX 4070 SUPER, 12282, 8393, 0, 0, 9.43, 180.00, 210, 405, 40
2026/09/16 19:22:30.953, NVIDIA GeForce RTX 4070 SUPER, 12282, 8393, 0, 0, 9.43, 180.00, 210, 405, 40
2026/09/16 19:22:31.154, NVIDIA GeForce RTX 4070 SUPER, 12282, 8393, 0, 0, 9.43, 180.00, 210, 405, 40
2026/09/16 19:22:31.354, NVIDIA GeForce RTX 4070 SUPER, 12282, 8393, 0, 0, 9.47, 180.00, 210, 405, 40
2026/09/16 19:22:31.555, NVIDIA GeForce RTX 4070 SUPER, 12282, 8393, 0, 0, 9.47, 180.00, 210, 405, 40
2026/09/16 19:22:31.755, NVIDIA GeForce RTX 4070 SUPER, 12282, 8393, 0, 0, 9.47, 180.00, 210, 405, 40
2026/09/16 19:22:31.956, NVIDIA GeForce RTX 4070 SUPER, 12282, 8393, 0, 0, 9.47, 180.00, 210, 405, 40
2026/09/16 19:22:32.156, NVIDIA GeForce RTX 4070 SUPER, 12282, 8393, 0, 0, 9.47, 180.00, 210, 405, 40
2026/09/16 19:22:32.357, NVIDIA GeForce RTX 4070 SUPER, 12282, 8393, 0, 0, 9.37, 180.00, 210, 405, 39
2026/09/16 19:22:32.558, NVIDIA GeForce RTX 4070 SUPER, 12282, 8393, 0, 0, 9.37, 180.00, 210, 405, 39
2026/09/16 19:22:32.758, NVIDIA GeForce RTX 4070 SUPER, 12282, 8393, 0, 0, 9.37, 180.00, 210, 405, 39
2026/09/16 19:22:32.958, NVIDIA GeForce RTX 4070 SUPER, 12282, 8393, 0, 0, 9.37, 180.00, 210, 405, 39
2026/09/16 19:22:33.159, NVIDIA GeForce RTX 4070 SUPER, 12282, 8393, 0, 0, 9.37, 180.00, 210, 405, 39
2026/09/16 19:22:33.359, NVIDIA GeForce RTX 4070 SUPER, 12282, 8393, 0, 0, 9.39, 180.00, 210, 405, 39
2026/09/16 19:22:33.560, NVIDIA GeForce RTX 4070 SUPER, 12282, 8393, 0, 0, 9.39, 180.00, 210, 405, 39
2026/09/16 19:22:33.760, NVIDIA GeForce RTX 4070 SUPER, 12282, 8393, 0, 0, 9.39, 180.00, 210, 405, 39
2026/09/16 19:22:33.961, NVIDIA GeForce RTX 4070 SUPER, 12282, 8393, 0, 0, 9.39, 180.00, 210, 405, 39
2026/09/16 19:22:34.161, NVIDIA GeForce RTX 4070 SUPER, 12282, 8393, 0, 0, 9.39, 180.00, 210, 405, 39
2026/09/16 19:22:34.362, NVIDIA GeForce RTX 4070 SUPER, 12282, 8393, 0, 0, 9.49, 180.00, 210, 405, 39
2026/09/16 19:22:34.562, NVIDIA GeForce RTX 4070 SUPER, 12282, 8393, 0, 0, 9.49, 180.00, 210, 405, 39
2026/09/16 19:22:34.763, NVIDIA GeForce RTX 4070 SUPER, 12282, 8393, 0, 0, 9.49, 180.00, 210, 405, 39
2026/09/16 19:22:34.963, NVIDIA GeForce RTX 4070 SUPER, 12282, 8393, 0, 0, 9.49, 180.00, 210, 405, 39
2026/09/16 19:22:35.164, NVIDIA GeForce RTX 4070 SUPER, 12282, 8393, 0, 0, 9.49, 180.00, 210, 405, 39
2026/09/16 19:22:35.364, NVIDIA GeForce RTX 4070 SUPER, 12282, 8393, 0, 0, 9.43, 180.00, 210, 405, 39
2026/09/16 19:22:35.565, NVIDIA GeForce RTX 4070 SUPER, 12282, 8393, 0, 0, 9.43, 180.00, 210, 405, 39
2026/09/16 19:22:35.765, NVIDIA GeForce RTX 4070 SUPER, 12282, 8393, 0, 0, 9.43, 180.00, 210, 405, 39
2026/09/16 19:22:35.965, NVIDIA GeForce RTX 4070 SUPER, 12282, 8393, 0, 0, 9.43, 180.00, 210, 405, 39
2026/09/16 19:22:36.166, NVIDIA GeForce RTX 4070 SUPER, 12282, 8393, 0, 0, 9.43, 180.00, 210, 405, 39
2026/09/16 19:22:36.367, NVIDIA GeForce RTX 4070 SUPER, 12282, 8393, 0, 0, 9.34, 180.00, 210, 405, 39
2026/09/16 19:22:36.567, NVIDIA GeForce RTX 4070 SUPER, 12282, 8393, 0, 0, 9.34, 180.00, 210, 405, 39
2026/09/16 19:22:36.768, NVIDIA GeForce RTX 4070 SUPER, 12282, 8393, 0, 0, 9.34, 180.00, 210, 405, 39
2026/09/16 19:22:36.968, NVIDIA GeForce RTX 4070 SUPER, 12282, 8393, 0, 0, 9.34, 180.00, 210, 405, 39
2026/09/16 19:22:37.168, NVIDIA GeForce RTX 4070 SUPER, 12282, 8393, 0, 0, 9.34, 180.00, 210, 405, 39
2026/09/16 19:22:37.369, NVIDIA GeForce RTX 4070 SUPER, 12282, 8393, 0, 0, 9.33, 180.00, 210, 405, 39
2026/09/16 19:22:37.570, NVIDIA GeForce RTX 4070 SUPER, 12282, 8393, 0, 0, 9.33, 180.00, 210, 405, 39
2026/09/16 19:22:37.770, NVIDIA GeForce RTX 4070 SUPER, 12282, 8393, 0, 0, 9.33, 180.00, 210, 405, 39
2026/09/16 19:22:37.970, NVIDIA GeForce RTX 4070 SUPER, 12282, 8393, 0, 0, 9.33, 180.00, 210, 405, 39
2026/09/16 19:22:38.171, NVIDIA GeForce RTX 4070 SUPER, 12282, 8393, 0, 0, 9.33, 180.00, 210, 405, 39
2026/09/16 19:22:38.371, NVIDIA GeForce RTX 4070 SUPER, 12282, 8393, 0, 0, 9.38, 180.00, 210, 405, 39
2026/09/16 19:22:38.572, NVIDIA GeForce RTX 4070 SUPER, 12282, 8393, 0, 0, 9.38, 180.00, 210, 405, 39
2026/09/16 19:22:38.772, NVIDIA GeForce RTX 4070 SUPER, 12282, 8393, 0, 0, 9.38, 180.00, 210, 405, 39
2026/09/16 19:22:38.973, NVIDIA GeForce RTX 4070 SUPER, 12282, 8393, 0, 0, 9.38, 180.00, 210, 405, 39
2026/09/16 19:22:39.173, NVIDIA GeForce RTX 4070 SUPER, 12282, 8393, 0, 0, 9.38, 180.00, 210, 405, 39
2026/09/16 19:22:39.374, NVIDIA GeForce RTX 4070 SUPER, 12282, 8393, 0, 0, 9.31, 180.00, 210, 405, 39
2026/09/16 19:22:39.574, NVIDIA GeForce RTX 4070 SUPER, 12282, 8393, 0, 0, 9.31, 180.00, 210, 405, 39
2026/09/16 19:22:39.775, NVIDIA GeForce RTX 4070 SUPER, 12282, 8393, 0, 0, 9.31, 180.00, 210, 405, 39
2026/09/16 19:22:39.975, NVIDIA GeForce RTX 4070 SUPER, 12282, 8393, 0, 0, 9.31, 180.00, 210, 405, 39
2026/09/16 19:22:40.175, NVIDIA GeForce RTX 4070 SUPER, 12282, 8393, 0, 0, 9.31, 180.00, 210, 405, 39
2026/09/16 19:22:40.376, NVIDIA GeForce RTX 4070 SUPER, 12282, 8393, 0, 0, 9.23, 180.00, 210, 405, 39
2026/09/16 19:22:40.576, NVIDIA GeForce RTX 4070 SUPER, 12282, 8393, 0, 0, 9.23, 180.00, 210, 405, 39
2026/09/16 19:22:40.777, NVIDIA GeForce RTX 4070 SUPER, 12282, 8393, 0, 0, 9.23, 180.00, 210, 405, 39
2026/09/16 19:22:40.977, NVIDIA GeForce RTX 4070 SUPER, 12282, 8393, 0, 0, 9.23, 180.00, 210, 405, 39
2026/09/16 19:22:41.178, NVIDIA GeForce RTX 4070 SUPER, 12282, 8393, 0, 0, 9.28, 180.00, 210, 405, 39
2026/09/16 19:22:41.378, NVIDIA GeForce RTX 4070 SUPER, 12282, 8393, 0, 0, 9.28, 180.00, 210, 405, 39
2026/09/16 19:22:41.578, NVIDIA GeForce RTX 4070 SUPER, 12282, 8393, 0, 0, 9.28, 180.00, 210, 405, 39
2026/09/16 19:22:41.779, NVIDIA GeForce RTX 4070 SUPER, 12282, 8393, 0, 0, 9.28, 180.00, 210, 405, 39
2026/09/16 19:22:41.979, NVIDIA GeForce RTX 4070 SUPER, 12282, 8393, 0, 0, 9.28, 180.00, 210, 405, 39
2026/09/16 19:22:42.180, NVIDIA GeForce RTX 4070 SUPER, 12282, 8393, 0, 0, 9.33, 180.00, 210, 405, 39
2026/09/16 19:22:42.380, NVIDIA GeForce RTX 4070 SUPER, 12282, 8393, 0, 0, 9.33, 180.00, 210, 405, 39
2026/09/16 19:22:42.581, NVIDIA GeForce RTX 4070 SUPER, 12282, 8393, 0, 0, 9.33, 180.00, 210, 405, 39
2026/09/16 19:22:42.781, NVIDIA GeForce RTX 4070 SUPER, 12282, 8393, 0, 0, 9.33, 180.00, 210, 405, 39
2026/09/16 19:22:42.982, NVIDIA GeForce RTX 4070 SUPER, 12282, 8393, 0, 0, 9.33, 180.00, 210, 405, 39
2026/09/16 19:22:43.182, NVIDIA GeForce RTX 4070 SUPER, 12282, 8393, 0, 0, 9.30, 180.00, 210, 405, 39
2026/09/16 19:22:43.383, NVIDIA GeForce RTX 4070 SUPER, 12282, 8393, 0, 0, 9.30, 180.00, 210, 405, 39
2026/09/16 19:22:43.583, NVIDIA GeForce RTX 4070 SUPER, 12282, 8393, 0, 0, 9.30, 180.00, 210, 405, 39
2026/09/16 19:22:43.784, NVIDIA GeForce RTX 4070 SUPER, 12282, 8393, 0, 0, 9.30, 180.00, 210, 405, 39
2026/09/16 19:22:43.984, NVIDIA GeForce RTX 4070 SUPER, 12282, 8393, 0, 0, 9.30, 180.00, 210, 405, 39
2026/09/16 19:22:44.184, NVIDIA GeForce RTX 4070 SUPER, 12282, 8393, 0, 0, 9.31, 180.00, 210, 405, 39
2026/09/16 19:22:44.385, NVIDIA GeForce RTX 4070 SUPER, 12282, 8393, 0, 0, 9.31, 180.00, 210, 405, 39
2026/09/16 19:22:44.586, NVIDIA GeForce RTX 4070 SUPER, 12282, 8393, 0, 0, 9.31, 180.00, 210, 405, 39
2026/09/16 19:22:44.786, NVIDIA GeForce RTX 4070 SUPER, 12282, 8393, 0, 0, 9.31, 180.00, 210, 405, 39
2026/09/16 19:22:44.987, NVIDIA GeForce RTX 4070 SUPER, 12282, 8393, 0, 0, 9.31, 180.00, 210, 405, 39
2026/09/16 19:22:45.187, NVIDIA GeForce RTX 4070 SUPER, 12282, 8393, 0, 0, 9.39, 180.00, 210, 405, 39
2026/09/16 19:22:45.388, NVIDIA GeForce RTX 4070 SUPER, 12282, 8393, 0, 0, 9.39, 180.00, 210, 405, 39
2026/09/16 19:22:45.588, NVIDIA GeForce RTX 4070 SUPER, 12282, 8393, 0, 0, 9.39, 180.00, 210, 405, 39
2026/09/16 19:22:45.789, NVIDIA GeForce RTX 4070 SUPER, 12282, 8393, 0, 0, 9.39, 180.00, 210, 405, 39
2026/09/16 19:22:45.989, NVIDIA GeForce RTX 4070 SUPER, 12282, 8393, 0, 0, 9.39, 180.00, 210, 405, 39
2026/09/16 19:22:46.190, NVIDIA GeForce RTX 4070 SUPER, 12282, 8393, 0, 0, 9.36, 180.00, 210, 405, 39
2026/09/16 19:22:46.391, NVIDIA GeForce RTX 4070 SUPER, 12282, 8393, 0, 0, 9.36, 180.00, 210, 405, 39
2026/09/16 19:22:46.591, NVIDIA GeForce RTX 4070 SUPER, 12282, 8393, 0, 0, 9.36, 180.00, 210, 405, 39
2026/09/16 19:22:46.792, NVIDIA GeForce RTX 4070 SUPER, 12282, 8393, 0, 0, 9.36, 180.00, 210, 405, 39
2026/09/16 19:22:46.992, NVIDIA GeForce RTX 4070 SUPER, 12282, 8393, 0, 0, 9.36, 180.00, 210, 405, 39
2026/09/16 19:22:47.193, NVIDIA GeForce RTX 4070 SUPER, 12282, 8393, 0, 0, 9.30, 180.00, 210, 405, 39
2026/09/16 19:22:47.393, NVIDIA GeForce RTX 4070 SUPER, 12282, 8393, 0, 0, 9.30, 180.00, 210, 405, 39
2026/09/16 19:22:47.594, NVIDIA GeForce RTX 4070 SUPER, 12282, 8393, 0, 0, 9.30, 180.00, 210, 405, 39
2026/09/16 19:22:47.794, NVIDIA GeForce RTX 4070 SUPER, 12282, 8393, 0, 0, 9.30, 180.00, 210, 405, 39
2026/09/16 19:22:47.994, NVIDIA GeForce RTX 4070 SUPER, 12282, 8393, 0, 0, 9.30, 180.00, 210, 405, 39
2026/09/16 19:22:48.195, NVIDIA GeForce RTX 4070 SUPER, 12282, 8393, 0, 0, 9.17, 180.00, 210, 405, 39
2026/09/16 19:22:48.395, NVIDIA GeForce RTX 4070 SUPER, 12282, 8393, 0, 0, 9.17, 180.00, 210, 405, 39
2026/09/16 19:22:48.596, NVIDIA GeForce RTX 4070 SUPER, 12282, 8393, 0, 0, 9.17, 180.00, 210, 405, 39
2026/09/16 19:22:48.796, NVIDIA GeForce RTX 4070 SUPER, 12282, 8393, 0, 0, 9.17, 180.00, 210, 405, 39
2026/09/16 19:22:48.997, NVIDIA GeForce RTX 4070 SUPER, 12282, 8393, 0, 0, 9.17, 180.00, 210, 405, 39
2026/09/16 19:22:49.197, NVIDIA GeForce RTX 4070 SUPER, 12282, 8393, 0, 0, 9.09, 180.00, 210, 405, 39
2026/09/16 19:22:49.398, NVIDIA GeForce RTX 4070 SUPER, 12282, 8393, 0, 0, 9.09, 180.00, 210, 405, 39
2026/09/16 19:22:49.598, NVIDIA GeForce RTX 4070 SUPER, 12282, 8393, 0, 0, 9.09, 180.00, 210, 405, 39
2026/09/16 19:22:49.798, NVIDIA GeForce RTX 4070 SUPER, 12282, 8393, 0, 0, 9.09, 180.00, 210, 405, 39
2026/09/16 19:22:49.999, NVIDIA GeForce RTX 4070 SUPER, 12282, 8393, 0, 0, 9.09, 180.00, 210, 405, 39
2026/09/16 19:22:50.199, NVIDIA GeForce RTX 4070 SUPER, 12282, 8393, 0, 0, 9.13, 180.00, 210, 405, 39
2026/09/16 19:22:50.400, NVIDIA GeForce RTX 4070 SUPER, 12282, 8393, 0, 0, 9.13, 180.00, 210, 405, 39
2026/09/16 19:22:50.600, NVIDIA GeForce RTX 4070 SUPER, 12282, 8393, 0, 0, 9.13, 180.00, 210, 405, 39
2026/09/16 19:22:50.801, NVIDIA GeForce RTX 4070 SUPER, 12282, 8393, 0, 0, 9.13, 180.00, 210, 405, 39
2026/09/16 19:22:51.001, NVIDIA GeForce RTX 4070 SUPER, 12282, 8393, 0, 0, 9.13, 180.00, 210, 405, 39
2026/09/16 19:22:51.202, NVIDIA GeForce RTX 4070 SUPER, 12282, 8393, 0, 0, 9.14, 180.00, 210, 405, 39
2026/09/16 19:22:51.402, NVIDIA GeForce RTX 4070 SUPER, 12282, 8393, 0, 0, 9.14, 180.00, 210, 405, 39
2026/09/16 19:22:51.603, NVIDIA GeForce RTX 4070 SUPER, 12282, 8393, 0, 0, 9.14, 180.00, 210, 405, 39
2026/09/16 19:22:51.803, NVIDIA GeForce RTX 4070 SUPER, 12282, 8393, 0, 0, 9.14, 180.00, 210, 405, 39
2026/09/16 19:22:52.003, NVIDIA GeForce RTX 4070 SUPER, 12282, 8393, 0, 0, 9.14, 180.00, 210, 405, 39
2026/09/16 19:22:52.204, NVIDIA GeForce RTX 4070 SUPER, 12282, 8393, 0, 0, 9.20, 180.00, 210, 405, 39
2026/09/16 19:22:52.404, NVIDIA GeForce RTX 4070 SUPER, 12282, 8393, 0, 0, 9.20, 180.00, 210, 405, 39
2026/09/16 19:22:52.605, NVIDIA GeForce RTX 4070 SUPER, 12282, 8393, 0, 0, 9.20, 180.00, 210, 405, 39
2026/09/16 19:22:52.805, NVIDIA GeForce RTX 4070 SUPER, 12282, 8393, 0, 0, 9.20, 180.00, 210, 405, 39
2026/09/16 19:22:53.006, NVIDIA GeForce RTX 4070 SUPER, 12282, 8393, 0, 0, 9.20, 180.00, 210, 405, 39
2026/09/16 19:22:53.206, NVIDIA GeForce RTX 4070 SUPER, 12282, 8393, 0, 0, 9.20, 180.00, 210, 405, 39
2026/09/16 19:22:53.407, NVIDIA GeForce RTX 4070 SUPER, 12282, 8393, 0, 0, 9.20, 180.00, 210, 405, 39
2026/09/16 19:22:53.607, NVIDIA GeForce RTX 4070 SUPER, 12282, 8393, 0, 0, 9.20, 180.00, 210, 405, 39
2026/09/16 19:22:53.808, NVIDIA GeForce RTX 4070 SUPER, 12282, 8393, 0, 0, 9.20, 180.00, 210, 405, 39
2026/09/16 19:22:54.008, NVIDIA GeForce RTX 4070 SUPER, 12282, 8393, 0, 0, 9.20, 180.00, 210, 405, 39
2026/09/16 19:22:54.208, NVIDIA GeForce RTX 4070 SUPER, 12282, 8393, 0, 0, 9.17, 180.00, 210, 405, 39
2026/09/16 19:22:54.409, NVIDIA GeForce RTX 4070 SUPER, 12282, 8393, 0, 0, 9.17, 180.00, 210, 405, 39
2026/09/16 19:22:54.609, NVIDIA GeForce RTX 4070 SUPER, 12282, 8393, 0, 0, 9.17, 180.00, 210, 405, 39
2026/09/16 19:22:54.810, NVIDIA GeForce RTX 4070 SUPER, 12282, 8393, 0, 0, 9.17, 180.00, 210, 405, 39
2026/09/16 19:22:55.011, NVIDIA GeForce RTX 4070 SUPER, 12282, 8393, 0, 0, 9.17, 180.00, 210, 405, 39
2026/09/16 19:22:55.211, NVIDIA GeForce RTX 4070 SUPER, 12282, 8393, 0, 0, 9.30, 180.00, 210, 405, 39
2026/09/16 19:22:55.412, NVIDIA GeForce RTX 4070 SUPER, 12282, 8393, 0, 0, 9.30, 180.00, 210, 405, 39
2026/09/16 19:22:55.612, NVIDIA GeForce RTX 4070 SUPER, 12282, 8393, 0, 0, 9.30, 180.00, 210, 405, 39
2026/09/16 19:22:55.812, NVIDIA GeForce RTX 4070 SUPER, 12282, 8393, 0, 0, 9.30, 180.00, 210, 405, 39
2026/09/16 19:22:56.013, NVIDIA GeForce RTX 4070 SUPER, 12282, 8393, 0, 0, 9.30, 180.00, 210, 405, 39
2026/09/16 19:22:56.213, NVIDIA GeForce RTX 4070 SUPER, 12282, 8393, 0, 0, 9.37, 180.00, 210, 405, 39
2026/09/16 19:22:56.414, NVIDIA GeForce RTX 4070 SUPER, 12282, 8393, 0, 0, 9.37, 180.00, 210, 405, 39
2026/09/16 19:22:56.614, NVIDIA GeForce RTX 4070 SUPER, 12282, 8393, 0, 0, 9.37, 180.00, 210, 405, 39
2026/09/16 19:22:56.815, NVIDIA GeForce RTX 4070 SUPER, 12282, 8393, 0, 0, 9.37, 180.00, 210, 405, 39
2026/09/16 19:22:57.015, NVIDIA GeForce RTX 4070 SUPER, 12282, 8393, 0, 0, 9.37, 180.00, 210, 405, 39
2026/09/16 19:22:57.216, NVIDIA GeForce RTX 4070 SUPER, 12282, 8393, 0, 0, 9.36, 180.00, 210, 405, 39
2026/09/16 19:22:57.416, NVIDIA GeForce RTX 4070 SUPER, 12282, 8393, 0, 0, 9.36, 180.00, 210, 405, 39
2026/09/16 19:22:57.616, NVIDIA GeForce RTX 4070 SUPER, 12282, 8393, 0, 0, 9.36, 180.00, 210, 405, 39
2026/09/16 19:22:57.817, NVIDIA GeForce RTX 4070 SUPER, 12282, 8393, 0, 0, 9.36, 180.00, 210, 405, 39
2026/09/16 19:22:58.017, NVIDIA GeForce RTX 4070 SUPER, 12282, 8393, 0, 0, 9.36, 180.00, 210, 405, 39
2026/09/16 19:22:58.218, NVIDIA GeForce RTX 4070 SUPER, 12282, 8393, 0, 0, 9.28, 180.00, 210, 405, 39
2026/09/16 19:22:58.418, NVIDIA GeForce RTX 4070 SUPER, 12282, 8393, 0, 0, 9.28, 180.00, 210, 405, 39
2026/09/16 19:22:58.619, NVIDIA GeForce RTX 4070 SUPER, 12282, 8393, 0, 0, 9.28, 180.00, 210, 405, 39
2026/09/16 19:22:58.819, NVIDIA GeForce RTX 4070 SUPER, 12282, 8393, 0, 0, 9.28, 180.00, 210, 405, 39
2026/09/16 19:22:59.020, NVIDIA GeForce RTX 4070 SUPER, 12282, 8393, 0, 0, 9.28, 180.00, 210, 405, 39
2026/09/16 19:22:59.221, NVIDIA GeForce RTX 4070 SUPER, 12282, 8393, 0, 0, 9.26, 180.00, 210, 405, 39
2026/09/16 19:22:59.421, NVIDIA GeForce RTX 4070 SUPER, 12282, 8393, 0, 0, 9.26, 180.00, 210, 405, 39
2026/09/16 19:22:59.622, NVIDIA GeForce RTX 4070 SUPER, 12282, 8393, 0, 0, 9.26, 180.00, 210, 405, 39
2026/09/16 19:22:59.822, NVIDIA GeForce RTX 4070 SUPER, 12282, 8393, 0, 0, 9.26, 180.00, 210, 405, 39
2026/09/16 19:23:00.023, NVIDIA GeForce RTX 4070 SUPER, 12282, 8393, 0, 0, 9.26, 180.00, 210, 405, 39
2026/09/16 19:23:00.223, NVIDIA GeForce RTX 4070 SUPER, 12282, 8393, 0, 0, 9.35, 180.00, 210, 405, 39
2026/09/16 19:23:00.424, NVIDIA GeForce RTX 4070 SUPER, 12282, 8393, 0, 0, 9.35, 180.00, 210, 405, 39
2026/09/16 19:23:00.624, NVIDIA GeForce RTX 4070 SUPER, 12282, 8393, 0, 0, 9.35, 180.00, 210, 405, 39
2026/09/16 19:23:00.825, NVIDIA GeForce RTX 4070 SUPER, 12282, 8393, 0, 0, 9.35, 180.00, 210, 405, 39
2026/09/16 19:23:01.025, NVIDIA GeForce RTX 4070 SUPER, 12282, 8393, 0, 0, 9.35, 180.00, 210, 405, 39
2026/09/16 19:23:01.226, NVIDIA GeForce RTX 4070 SUPER, 12282, 8393, 0, 0, 9.27, 180.00, 210, 405, 38
2026/09/16 19:23:01.426, NVIDIA GeForce RTX 4070 SUPER, 12282, 8393, 0, 0, 9.27, 180.00, 210, 405, 38
2026/09/16 19:23:01.626, NVIDIA GeForce RTX 4070 SUPER, 12282, 8393, 0, 0, 9.27, 180.00, 210, 405, 38
2026/09/16 19:23:01.827, NVIDIA GeForce RTX 4070 SUPER, 12282, 8393, 0, 0, 9.27, 180.00, 210, 405, 38
2026/09/16 19:23:02.027, NVIDIA GeForce RTX 4070 SUPER, 12282, 8393, 0, 0, 9.27, 180.00, 210, 405, 38
2026/09/16 19:23:02.228, NVIDIA GeForce RTX 4070 SUPER, 12282, 8393, 0, 0, 9.19, 180.00, 210, 405, 38
2026/09/16 19:23:02.428, NVIDIA GeForce RTX 4070 SUPER, 12282, 8393, 0, 0, 9.19, 180.00, 210, 405, 38
2026/09/16 19:23:02.629, NVIDIA GeForce RTX 4070 SUPER, 12282, 8393, 0, 0, 9.19, 180.00, 210, 405, 38
2026/09/16 19:23:02.829, NVIDIA GeForce RTX 4070 SUPER, 12282, 8393, 0, 0, 9.19, 180.00, 210, 405, 38
2026/09/16 19:23:03.029, NVIDIA GeForce RTX 4070 SUPER, 12282, 8393, 0, 0, 9.19, 180.00, 210, 405, 38
2026/09/16 19:23:03.230, NVIDIA GeForce RTX 4070 SUPER, 12282, 8393, 0, 0, 9.27, 180.00, 210, 405, 38
2026/09/16 19:23:03.430, NVIDIA GeForce RTX 4070 SUPER, 12282, 8393, 0, 0, 9.27, 180.00, 210, 405, 38
2026/09/16 19:23:03.631, NVIDIA GeForce RTX 4070 SUPER, 12282, 8393, 0, 0, 9.27, 180.00, 210, 405, 38
2026/09/16 19:23:03.831, NVIDIA GeForce RTX 4070 SUPER, 12282, 8393, 0, 0, 9.27, 180.00, 210, 405, 38
2026/09/16 19:23:04.032, NVIDIA GeForce RTX 4070 SUPER, 12282, 8393, 0, 0, 9.27, 180.00, 210, 405, 38
2026/09/16 19:23:04.232, NVIDIA GeForce RTX 4070 SUPER, 12282, 8393, 0, 0, 9.41, 180.00, 210, 405, 38
2026/09/16 19:23:04.433, NVIDIA GeForce RTX 4070 SUPER, 12282, 8393, 0, 0, 9.41, 180.00, 210, 405, 38
2026/09/16 19:23:04.633, NVIDIA GeForce RTX 4070 SUPER, 12282, 8393, 0, 0, 9.41, 180.00, 210, 405, 38
2026/09/16 19:23:04.834, NVIDIA GeForce RTX 4070 SUPER, 12282, 8393, 0, 0, 9.41, 180.00, 210, 405, 38
2026/09/16 19:23:05.034, NVIDIA GeForce RTX 4070 SUPER, 12282, 8393, 0, 0, 9.41, 180.00, 210, 405, 38
2026/09/16 19:23:05.235, NVIDIA GeForce RTX 4070 SUPER, 12282, 8393, 0, 0, 9.44, 180.00, 210, 405, 38
2026/09/16 19:23:05.435, NVIDIA GeForce RTX 4070 SUPER, 12282, 8393, 0, 0, 9.44, 180.00, 210, 405, 38
2026/09/16 19:23:05.636, NVIDIA GeForce RTX 4070 SUPER, 12282, 8393, 0, 0, 9.44, 180.00, 210, 405, 38
2026/09/16 19:23:05.836, NVIDIA GeForce RTX 4070 SUPER, 12282, 8393, 0, 0, 9.44, 180.00, 210, 405, 38
2026/09/16 19:23:06.036, NVIDIA GeForce RTX 4070 SUPER, 12282, 8393, 0, 0, 9.44, 180.00, 210, 405, 38
2026/09/16 19:23:06.237, NVIDIA GeForce RTX 4070 SUPER, 12282, 8393, 0, 0, 9.40, 180.00, 210, 405, 38
2026/09/16 19:23:06.437, NVIDIA GeForce RTX 4070 SUPER, 12282, 8393, 0, 0, 9.40, 180.00, 210, 405, 38
2026/09/16 19:23:06.638, NVIDIA GeForce RTX 4070 SUPER, 12282, 8393, 0, 0, 9.40, 180.00, 210, 405, 38
2026/09/16 19:23:06.838, NVIDIA GeForce RTX 4070 SUPER, 12282, 8393, 0, 0, 9.40, 180.00, 210, 405, 38
2026/09/16 19:23:07.038, NVIDIA GeForce RTX 4070 SUPER, 12282, 8393, 0, 0, 9.40, 180.00, 210, 405, 38
2026/09/16 19:23:07.239, NVIDIA GeForce RTX 4070 SUPER, 12282, 8393, 0, 0, 9.32, 180.00, 210, 405, 38
2026/09/16 19:23:07.439, NVIDIA GeForce RTX 4070 SUPER, 12282, 8393, 0, 0, 9.32, 180.00, 210, 405, 38
2026/09/16 19:23:07.640, NVIDIA GeForce RTX 4070 SUPER, 12282, 8393, 0, 0, 9.32, 180.00, 210, 405, 38
2026/09/16 19:23:07.840, NVIDIA GeForce RTX 4070 SUPER, 12282, 8393, 0, 0, 9.32, 180.00, 210, 405, 38
2026/09/16 19:23:08.041, NVIDIA GeForce RTX 4070 SUPER, 12282, 8393, 0, 0, 9.32, 180.00, 210, 405, 38
2026/09/16 19:23:08.241, NVIDIA GeForce RTX 4070 SUPER, 12282, 8393, 0, 0, 9.32, 180.00, 210, 405, 38
2026/09/16 19:23:08.442, NVIDIA GeForce RTX 4070 SUPER, 12282, 8393, 0, 0, 9.32, 180.00, 210, 405, 38
2026/09/16 19:23:08.642, NVIDIA GeForce RTX 4070 SUPER, 12282, 8393, 0, 0, 9.32, 180.00, 210, 405, 38
2026/09/16 19:23:08.843, NVIDIA GeForce RTX 4070 SUPER, 12282, 8393, 0, 0, 9.30, 180.00, 210, 405, 38
2026/09/16 19:23:09.043, NVIDIA GeForce RTX 4070 SUPER, 12282, 8393, 0, 0, 9.30, 180.00, 210, 405, 38
2026/09/16 19:23:09.244, NVIDIA GeForce RTX 4070 SUPER, 12282, 8393, 0, 0, 9.29, 180.00, 210, 405, 38
2026/09/16 19:23:09.445, NVIDIA GeForce RTX 4070 SUPER, 12282, 8393, 0, 0, 9.29, 180.00, 210, 405, 38
2026/09/16 19:23:09.645, NVIDIA GeForce RTX 4070 SUPER, 12282, 8393, 0, 0, 9.29, 180.00, 210, 405, 38
2026/09/16 19:23:09.846, NVIDIA GeForce RTX 4070 SUPER, 12282, 8393, 0, 0, 9.29, 180.00, 210, 405, 38
2026/09/16 19:23:10.046, NVIDIA GeForce RTX 4070 SUPER, 12282, 8393, 0, 0, 9.29, 180.00, 210, 405, 38
2026/09/16 19:23:10.246, NVIDIA GeForce RTX 4070 SUPER, 12282, 8393, 0, 0, 9.25, 180.00, 210, 405, 38
2026/09/16 19:23:10.447, NVIDIA GeForce RTX 4070 SUPER, 12282, 8393, 0, 0, 9.25, 180.00, 210, 405, 38
2026/09/16 19:23:10.647, NVIDIA GeForce RTX 4070 SUPER, 12282, 8393, 0, 0, 9.25, 180.00, 210, 405, 38
2026/09/16 19:23:10.848, NVIDIA GeForce RTX 4070 SUPER, 12282, 8393, 0, 0, 9.25, 180.00, 210, 405, 38
2026/09/16 19:23:11.048, NVIDIA GeForce RTX 4070 SUPER, 12282, 8393, 0, 0, 9.25, 180.00, 210, 405, 38
2026/09/16 19:23:11.249, NVIDIA GeForce RTX 4070 SUPER, 12282, 8393, 0, 0, 9.31, 180.00, 210, 405, 38
2026/09/16 19:23:11.449, NVIDIA GeForce RTX 4070 SUPER, 12282, 8393, 0, 0, 9.31, 180.00, 210, 405, 38
2026/09/16 19:23:11.650, NVIDIA GeForce RTX 4070 SUPER, 12282, 8393, 0, 0, 9.31, 180.00, 210, 405, 38
2026/09/16 19:23:11.850, NVIDIA GeForce RTX 4070 SUPER, 12282, 8393, 0, 0, 9.31, 180.00, 210, 405, 38
2026/09/16 19:23:12.050, NVIDIA GeForce RTX 4070 SUPER, 12282, 8393, 0, 0, 9.31, 180.00, 210, 405, 38
2026/09/16 19:23:12.251, NVIDIA GeForce RTX 4070 SUPER, 12282, 8393, 0, 0, 9.33, 180.00, 210, 405, 38
2026/09/16 19:23:12.451, NVIDIA GeForce RTX 4070 SUPER, 12282, 8393, 0, 0, 9.33, 180.00, 210, 405, 38
2026/09/16 19:23:12.652, NVIDIA GeForce RTX 4070 SUPER, 12282, 8393, 0, 0, 9.33, 180.00, 210, 405, 38
2026/09/16 19:23:12.852, NVIDIA GeForce RTX 4070 SUPER, 12282, 8393, 0, 0, 9.33, 180.00, 210, 405, 38
2026/09/16 19:23:13.053, NVIDIA GeForce RTX 4070 SUPER, 12282, 8393, 0, 0, 9.33, 180.00, 210, 405, 38
2026/09/16 19:23:13.253, NVIDIA GeForce RTX 4070 SUPER, 12282, 8393, 0, 0, 9.20, 180.00, 210, 405, 38
2026/09/16 19:23:13.454, NVIDIA GeForce RTX 4070 SUPER, 12282, 8393, 0, 0, 9.20, 180.00, 210, 405, 38
2026/09/16 19:23:13.654, NVIDIA GeForce RTX 4070 SUPER, 12282, 8393, 0, 0, 9.20, 180.00, 210, 405, 38
2026/09/16 19:23:13.854, NVIDIA GeForce RTX 4070 SUPER, 12282, 8393, 0, 0, 9.20, 180.00, 210, 405, 38
2026/09/16 19:23:14.055, NVIDIA GeForce RTX 4070 SUPER, 12282, 8393, 0, 0, 9.20, 180.00, 210, 405, 38
2026/09/16 19:23:14.256, NVIDIA GeForce RTX 4070 SUPER, 12282, 8393, 0, 0, 9.26, 180.00, 210, 405, 38
2026/09/16 19:23:14.456, NVIDIA GeForce RTX 4070 SUPER, 12282, 8393, 0, 0, 9.26, 180.00, 210, 405, 38
2026/09/16 19:23:14.657, NVIDIA GeForce RTX 4070 SUPER, 12282, 8393, 0, 0, 9.26, 180.00, 210, 405, 38
2026/09/16 19:23:14.857, NVIDIA GeForce RTX 4070 SUPER, 12282, 8393, 0, 0, 9.26, 180.00, 210, 405, 38
2026/09/16 19:23:15.057, NVIDIA GeForce RTX 4070 SUPER, 12282, 8393, 0, 0, 9.26, 180.00, 210, 405, 38
2026/09/16 19:23:15.258, NVIDIA GeForce RTX 4070 SUPER, 12282, 8393, 0, 0, 9.35, 180.00, 210, 405, 38
2026/09/16 19:23:15.458, NVIDIA GeForce RTX 4070 SUPER, 12282, 8393, 0, 0, 9.35, 180.00, 210, 405, 38
2026/09/16 19:23:15.659, NVIDIA GeForce RTX 4070 SUPER, 12282, 8393, 0, 0, 9.35, 180.00, 210, 405, 38
2026/09/16 19:23:15.859, NVIDIA GeForce RTX 4070 SUPER, 12282, 8393, 0, 0, 9.35, 180.00, 210, 405, 38
2026/09/16 19:23:16.060, NVIDIA GeForce RTX 4070 SUPER, 12282, 8393, 0, 0, 9.35, 180.00, 210, 405, 38
2026/09/16 19:23:16.260, NVIDIA GeForce RTX 4070 SUPER, 12282, 8393, 0, 0, 9.36, 180.00, 210, 405, 38
2026/09/16 19:23:16.461, NVIDIA GeForce RTX 4070 SUPER, 12282, 8393, 0, 0, 9.36, 180.00, 210, 405, 38
2026/09/16 19:23:16.661, NVIDIA GeForce RTX 4070 SUPER, 12282, 8393, 0, 0, 9.36, 180.00, 210, 405, 38
2026/09/16 19:23:16.861, NVIDIA GeForce RTX 4070 SUPER, 12282, 8393, 0, 0, 9.36, 180.00, 210, 405, 38
2026/09/16 19:23:17.062, NVIDIA GeForce RTX 4070 SUPER, 12282, 8393, 0, 0, 9.36, 180.00, 210, 405, 38
2026/09/16 19:23:17.262, NVIDIA GeForce RTX 4070 SUPER, 12282, 8393, 0, 0, 9.34, 180.00, 210, 405, 38
2026/09/16 19:23:17.463, NVIDIA GeForce RTX 4070 SUPER, 12282, 8393, 0, 0, 9.34, 180.00, 210, 405, 38
2026/09/16 19:23:17.663, NVIDIA GeForce RTX 4070 SUPER, 12282, 8393, 0, 0, 9.34, 180.00, 210, 405, 38
2026/09/16 19:23:17.864, NVIDIA GeForce RTX 4070 SUPER, 12282, 8393, 0, 0, 9.34, 180.00, 210, 405, 38
2026/09/16 19:23:18.064, NVIDIA GeForce RTX 4070 SUPER, 12282, 8393, 0, 0, 9.34, 180.00, 210, 405, 38
2026/09/16 19:23:18.265, NVIDIA GeForce RTX 4070 SUPER, 12282, 8393, 0, 0, 9.28, 180.00, 210, 405, 38
2026/09/16 19:23:18.465, NVIDIA GeForce RTX 4070 SUPER, 12282, 8393, 0, 0, 9.28, 180.00, 210, 405, 38
2026/09/16 19:23:18.665, NVIDIA GeForce RTX 4070 SUPER, 12282, 8393, 0, 0, 9.28, 180.00, 210, 405, 38
2026/09/16 19:23:18.866, NVIDIA GeForce RTX 4070 SUPER, 12282, 8393, 0, 0, 11.58, 180.00, 2505, 10251, 39
2026/09/16 19:23:19.066, NVIDIA GeForce RTX 4070 SUPER, 12282, 8393, 0, 0, 11.58, 180.00, 2505, 10251, 39
2026/09/16 19:23:19.267, NVIDIA GeForce RTX 4070 SUPER, 12282, 8393, 0, 0, 19.48, 180.00, 2505, 10251, 39
2026/09/16 19:23:19.467, NVIDIA GeForce RTX 4070 SUPER, 12282, 8393, 0, 0, 19.48, 180.00, 2505, 10251, 39
2026/09/16 19:23:19.667, NVIDIA GeForce RTX 4070 SUPER, 12282, 8393, 0, 0, 19.48, 180.00, 2505, 10251, 39
2026/09/16 19:23:19.868, NVIDIA GeForce RTX 4070 SUPER, 12282, 8393, 98, 25, 33.74, 180.00, 2505, 10251, 40
2026/09/16 19:23:20.068, NVIDIA GeForce RTX 4070 SUPER, 12282, 8393, 98, 25, 33.74, 180.00, 2505, 10251, 40
2026/09/16 19:23:20.269, NVIDIA GeForce RTX 4070 SUPER, 12282, 8393, 100, 30, 100.74, 180.00, 2625, 10251, 53
2026/09/16 19:23:20.469, NVIDIA GeForce RTX 4070 SUPER, 12282, 8393, 100, 30, 100.74, 180.00, 2625, 10251, 53
2026/09/16 19:23:20.670, NVIDIA GeForce RTX 4070 SUPER, 12282, 8393, 100, 30, 100.74, 180.00, 2625, 10251, 53
2026/09/16 19:23:20.870, NVIDIA GeForce RTX 4070 SUPER, 12282, 8393, 99, 33, 174.17, 180.00, 2640, 10251, 55
2026/09/16 19:23:21.070, NVIDIA GeForce RTX 4070 SUPER, 12282, 8393, 99, 33, 174.17, 180.00, 2640, 10251, 55
2026/09/16 19:23:21.271, NVIDIA GeForce RTX 4070 SUPER, 12282, 8393, 100, 30, 177.29, 180.00, 2625, 10251, 55
2026/09/16 19:23:21.471, NVIDIA GeForce RTX 4070 SUPER, 12282, 8393, 100, 30, 177.29, 180.00, 2625, 10251, 55
2026/09/16 19:23:21.672, NVIDIA GeForce RTX 4070 SUPER, 12282, 8393, 100, 30, 177.29, 180.00, 2625, 10251, 55
2026/09/16 19:23:21.872, NVIDIA GeForce RTX 4070 SUPER, 12282, 8393, 100, 30, 178.62, 180.00, 2610, 10251, 56
2026/09/16 19:23:22.072, NVIDIA GeForce RTX 4070 SUPER, 12282, 8393, 100, 30, 178.62, 180.00, 2610, 10251, 56
2026/09/16 19:23:22.273, NVIDIA GeForce RTX 4070 SUPER, 12282, 8393, 99, 28, 179.88, 180.00, 2670, 10251, 54
2026/09/16 19:23:22.473, NVIDIA GeForce RTX 4070 SUPER, 12282, 8393, 99, 28, 179.88, 180.00, 2670, 10251, 54
2026/09/16 19:23:22.674, NVIDIA GeForce RTX 4070 SUPER, 12282, 8393, 99, 28, 179.88, 180.00, 2670, 10251, 54
2026/09/16 19:23:22.874, NVIDIA GeForce RTX 4070 SUPER, 12282, 8393, 100, 30, 178.05, 180.00, 2610, 10251, 57
2026/09/16 19:23:23.075, NVIDIA GeForce RTX 4070 SUPER, 12282, 8393, 100, 30, 178.05, 180.00, 2610, 10251, 57
2026/09/16 19:23:23.275, NVIDIA GeForce RTX 4070 SUPER, 12282, 8393, 99, 31, 178.59, 180.00, 2625, 10251, 57
2026/09/16 19:23:23.476, NVIDIA GeForce RTX 4070 SUPER, 12282, 8393, 99, 31, 178.59, 180.00, 2625, 10251, 57
2026/09/16 19:23:23.676, NVIDIA GeForce RTX 4070 SUPER, 12282, 8393, 99, 31, 178.59, 180.00, 2625, 10251, 57
2026/09/16 19:23:23.877, NVIDIA GeForce RTX 4070 SUPER, 12282, 8393, 100, 30, 178.14, 180.00, 2610, 10251, 56
2026/09/16 19:23:24.077, NVIDIA GeForce RTX 4070 SUPER, 12282, 8393, 100, 30, 178.14, 180.00, 2610, 10251, 56
2026/09/16 19:23:24.278, NVIDIA GeForce RTX 4070 SUPER, 12282, 8393, 100, 30, 178.80, 180.00, 2595, 10251, 57
2026/09/16 19:23:24.478, NVIDIA GeForce RTX 4070 SUPER, 12282, 8393, 100, 30, 178.80, 180.00, 2595, 10251, 57
2026/09/16 19:23:24.679, NVIDIA GeForce RTX 4070 SUPER, 12282, 8393, 100, 30, 178.80, 180.00, 2700, 10251, 57
2026/09/16 19:23:24.880, NVIDIA GeForce RTX 4070 SUPER, 12282, 8393, 97, 28, 179.68, 180.00, 2700, 10251, 57
2026/09/16 19:23:25.080, NVIDIA GeForce RTX 4070 SUPER, 12282, 8393, 97, 28, 179.68, 180.00, 2700, 10251, 57
2026/09/16 19:23:25.281, NVIDIA GeForce RTX 4070 SUPER, 12282, 8393, 100, 30, 177.20, 180.00, 2610, 10251, 58
2026/09/16 19:23:25.481, NVIDIA GeForce RTX 4070 SUPER, 12282, 8393, 100, 30, 177.20, 180.00, 2610, 10251, 58
2026/09/16 19:23:25.681, NVIDIA GeForce RTX 4070 SUPER, 12282, 8393, 99, 29, 178.92, 180.00, 2640, 10251, 57
2026/09/16 19:23:25.883, NVIDIA GeForce RTX 4070 SUPER, 12282, 8393, 99, 29, 178.92, 180.00, 2640, 10251, 57
2026/09/16 19:23:26.083, NVIDIA GeForce RTX 4070 SUPER, 12282, 8393, 99, 29, 178.92, 180.00, 2640, 10251, 57
2026/09/16 19:23:26.284, NVIDIA GeForce RTX 4070 SUPER, 12282, 8393, 100, 30, 178.25, 180.00, 2610, 10251, 58
2026/09/16 19:23:26.484, NVIDIA GeForce RTX 4070 SUPER, 12282, 8393, 100, 30, 178.25, 180.00, 2610, 10251, 58
2026/09/16 19:23:26.685, NVIDIA GeForce RTX 4070 SUPER, 12282, 8393, 100, 30, 178.74, 180.00, 2610, 10251, 58
2026/09/16 19:23:26.885, NVIDIA GeForce RTX 4070 SUPER, 12282, 8393, 100, 30, 178.74, 180.00, 2610, 10251, 58
2026/09/16 19:23:27.085, NVIDIA GeForce RTX 4070 SUPER, 12282, 8393, 100, 30, 178.74, 180.00, 2610, 10251, 58
2026/09/16 19:23:27.286, NVIDIA GeForce RTX 4070 SUPER, 12282, 8393, 98, 32, 180.05, 180.00, 2700, 10251, 57
2026/09/16 19:23:27.486, NVIDIA GeForce RTX 4070 SUPER, 12282, 8393, 98, 32, 180.05, 180.00, 2700, 10251, 57
2026/09/16 19:23:27.687, NVIDIA GeForce RTX 4070 SUPER, 12282, 8393, 100, 26, 140.10, 180.00, 2565, 10251, 56
2026/09/16 19:23:27.887, NVIDIA GeForce RTX 4070 SUPER, 12282, 8393, 100, 26, 140.10, 180.00, 2565, 10251, 56
2026/09/16 19:23:28.088, NVIDIA GeForce RTX 4070 SUPER, 12282, 8393, 100, 26, 140.10, 180.00, 2565, 10251, 56
2026/09/16 19:23:28.288, NVIDIA GeForce RTX 4070 SUPER, 12282, 8393, 100, 26, 143.39, 180.00, 2625, 10251, 59
2026/09/16 19:23:28.488, NVIDIA GeForce RTX 4070 SUPER, 12282, 8393, 100, 26, 143.39, 180.00, 2625, 10251, 59
2026/09/16 19:23:28.689, NVIDIA GeForce RTX 4070 SUPER, 12282, 8393, 98, 34, 179.61, 180.00, 2670, 10251, 58
2026/09/16 19:23:28.889, NVIDIA GeForce RTX 4070 SUPER, 12282, 8393, 98, 34, 179.61, 180.00, 2670, 10251, 58
2026/09/16 19:23:29.090, NVIDIA GeForce RTX 4070 SUPER, 12282, 8393, 98, 34, 179.61, 180.00, 2670, 10251, 58
2026/09/16 19:23:29.290, NVIDIA GeForce RTX 4070 SUPER, 12282, 8393, 0, 0, 137.24, 180.00, 2790, 10251, 48
2026/09/16 19:23:29.490, NVIDIA GeForce RTX 4070 SUPER, 12282, 8393, 0, 0, 137.24, 180.00, 2790, 10251, 48
2026/09/16 19:23:29.691, NVIDIA GeForce RTX 4070 SUPER, 12282, 8393, 0, 0, 74.59, 180.00, 2790, 10251, 46
2026/09/16 19:23:29.891, NVIDIA GeForce RTX 4070 SUPER, 12282, 8393, 0, 0, 74.59, 180.00, 2790, 10251, 46
2026/09/16 19:23:30.091, NVIDIA GeForce RTX 4070 SUPER, 12282, 8393, 0, 0, 74.59, 180.00, 2790, 10251, 46
2026/09/16 19:23:30.292, NVIDIA GeForce RTX 4070 SUPER, 12282, 8393, 0, 0, 61.47, 180.00, 2790, 10251, 46
2026/09/16 19:23:30.492, NVIDIA GeForce RTX 4070 SUPER, 12282, 8393, 0, 0, 61.47, 180.00, 2790, 10251, 46
2026/09/16 19:23:30.692, NVIDIA GeForce RTX 4070 SUPER, 12282, 8393, 0, 0, 61.47, 180.00, 2790, 10251, 46
2026/09/16 19:23:30.893, NVIDIA GeForce RTX 4070 SUPER, 12282, 8393, 0, 0, 61.47, 180.00, 2790, 10251, 46
2026/09/16 19:23:31.093, NVIDIA GeForce RTX 4070 SUPER, 12282, 8393, 0, 0, 61.47, 180.00, 2790, 10251, 46
2026/09/16 19:23:31.293, NVIDIA GeForce RTX 4070 SUPER, 12282, 8393, 0, 0, 37.83, 180.00, 2505, 10251, 45
2026/09/16 19:23:31.494, NVIDIA GeForce RTX 4070 SUPER, 12282, 8393, 0, 0, 37.83, 180.00, 2505, 10251, 45
2026/09/16 19:23:31.694, NVIDIA GeForce RTX 4070 SUPER, 12282, 8393, 0, 0, 37.83, 180.00, 2505, 10251, 45
2026/09/16 19:23:31.894, NVIDIA GeForce RTX 4070 SUPER, 12282, 8393, 0, 0, 37.83, 180.00, 2505, 10251, 45
2026/09/16 19:23:32.095, NVIDIA GeForce RTX 4070 SUPER, 12282, 8393, 0, 0, 37.83, 180.00, 2505, 10251, 45
2026/09/16 19:23:32.295, NVIDIA GeForce RTX 4070 SUPER, 12282, 8393, 0, 0, 32.71, 180.00, 2505, 10251, 44
2026/09/16 19:23:32.496, NVIDIA GeForce RTX 4070 SUPER, 12282, 8393, 0, 0, 32.71, 180.00, 2505, 10251, 44
2026/09/16 19:23:32.696, NVIDIA GeForce RTX 4070 SUPER, 12282, 8393, 99, 25, 31.04, 180.00, 2505, 10251, 44
2026/09/16 19:23:32.896, NVIDIA GeForce RTX 4070 SUPER, 12282, 8393, 99, 25, 31.04, 180.00, 2505, 10251, 44
2026/09/16 19:23:33.097, NVIDIA GeForce RTX 4070 SUPER, 12282, 8393, 99, 25, 31.04, 180.00, 2505, 10251, 44
2026/09/16 19:23:33.297, NVIDIA GeForce RTX 4070 SUPER, 12282, 8393, 100, 30, 84.18, 180.00, 2610, 10251, 57
2026/09/16 19:23:33.498, NVIDIA GeForce RTX 4070 SUPER, 12282, 8393, 100, 30, 84.18, 180.00, 2610, 10251, 57
2026/09/16 19:23:33.698, NVIDIA GeForce RTX 4070 SUPER, 12282, 8393, 99, 32, 174.45, 180.00, 2625, 10251, 60
2026/09/16 19:23:33.899, NVIDIA GeForce RTX 4070 SUPER, 12282, 8393, 99, 32, 174.45, 180.00, 2625, 10251, 60
2026/09/16 19:23:34.099, NVIDIA GeForce RTX 4070 SUPER, 12282, 8393, 99, 32, 174.45, 180.00, 2625, 10251, 60
2026/09/16 19:23:34.299, NVIDIA GeForce RTX 4070 SUPER, 12282, 8393, 100, 30, 178.37, 180.00, 2595, 10251, 59
2026/09/16 19:23:34.500, NVIDIA GeForce RTX 4070 SUPER, 12282, 8393, 100, 30, 178.37, 180.00, 2595, 10251, 59
2026/09/16 19:23:34.700, NVIDIA GeForce RTX 4070 SUPER, 12282, 8393, 100, 30, 178.84, 180.00, 2595, 10251, 60
2026/09/16 19:23:34.901, NVIDIA GeForce RTX 4070 SUPER, 12282, 8393, 100, 30, 178.84, 180.00, 2595, 10251, 60
2026/09/16 19:23:35.101, NVIDIA GeForce RTX 4070 SUPER, 12282, 8393, 100, 30, 178.84, 180.00, 2595, 10251, 60
2026/09/16 19:23:35.302, NVIDIA GeForce RTX 4070 SUPER, 12282, 8393, 98, 28, 179.35, 180.00, 2670, 10251, 59
2026/09/16 19:23:35.502, NVIDIA GeForce RTX 4070 SUPER, 12282, 8393, 98, 28, 179.35, 180.00, 2670, 10251, 59
2026/09/16 19:23:35.703, NVIDIA GeForce RTX 4070 SUPER, 12282, 8393, 100, 30, 177.56, 180.00, 2610, 10251, 60
2026/09/16 19:23:35.903, NVIDIA GeForce RTX 4070 SUPER, 12282, 8393, 100, 30, 177.56, 180.00, 2610, 10251, 60
2026/09/16 19:23:36.104, NVIDIA GeForce RTX 4070 SUPER, 12282, 8393, 100, 30, 177.56, 180.00, 2610, 10251, 60
2026/09/16 19:23:36.304, NVIDIA GeForce RTX 4070 SUPER, 12282, 8393, 99, 29, 178.75, 180.00, 2640, 10251, 58
2026/09/16 19:23:36.504, NVIDIA GeForce RTX 4070 SUPER, 12282, 8393, 99, 29, 178.75, 180.00, 2640, 10251, 58
2026/09/16 19:23:36.705, NVIDIA GeForce RTX 4070 SUPER, 12282, 8393, 100, 30, 178.62, 180.00, 2580, 10251, 60
2026/09/16 19:23:36.905, NVIDIA GeForce RTX 4070 SUPER, 12282, 8393, 100, 30, 178.62, 180.00, 2580, 10251, 60
2026/09/16 19:23:37.106, NVIDIA GeForce RTX 4070 SUPER, 12282, 8393, 100, 30, 178.62, 180.00, 2580, 10251, 60
2026/09/16 19:23:37.306, NVIDIA GeForce RTX 4070 SUPER, 12282, 8393, 100, 30, 178.97, 180.00, 2580, 10251, 61
2026/09/16 19:23:37.507, NVIDIA GeForce RTX 4070 SUPER, 12282, 8393, 100, 30, 178.97, 180.00, 2580, 10251, 61
2026/09/16 19:23:37.707, NVIDIA GeForce RTX 4070 SUPER, 12282, 8393, 97, 32, 179.86, 180.00, 2715, 10251, 61
2026/09/16 19:23:37.908, NVIDIA GeForce RTX 4070 SUPER, 12282, 8393, 97, 32, 179.86, 180.00, 2715, 10251, 61
2026/09/16 19:23:38.108, NVIDIA GeForce RTX 4070 SUPER, 12282, 8393, 97, 32, 179.86, 180.00, 2715, 10251, 61
2026/09/16 19:23:38.309, NVIDIA GeForce RTX 4070 SUPER, 12282, 8393, 100, 30, 178.03, 180.00, 2595, 10251, 61
2026/09/16 19:23:38.509, NVIDIA GeForce RTX 4070 SUPER, 12282, 8393, 100, 30, 178.03, 180.00, 2595, 10251, 61
2026/09/16 19:23:38.710, NVIDIA GeForce RTX 4070 SUPER, 12282, 8393, 97, 30, 179.11, 180.00, 2595, 10251, 60
2026/09/16 19:23:38.910, NVIDIA GeForce RTX 4070 SUPER, 12282, 8393, 97, 30, 179.11, 180.00, 2595, 10251, 60
2026/09/16 19:23:39.111, NVIDIA GeForce RTX 4070 SUPER, 12282, 8393, 97, 30, 179.11, 180.00, 2595, 10251, 60
2026/09/16 19:23:39.311, NVIDIA GeForce RTX 4070 SUPER, 12282, 8393, 100, 33, 177.80, 180.00, 2595, 10251, 61
2026/09/16 19:23:39.512, NVIDIA GeForce RTX 4070 SUPER, 12282, 8393, 100, 33, 177.80, 180.00, 2595, 10251, 61
2026/09/16 19:23:39.712, NVIDIA GeForce RTX 4070 SUPER, 12282, 8393, 100, 30, 178.67, 180.00, 2580, 10251, 61
2026/09/16 19:23:39.913, NVIDIA GeForce RTX 4070 SUPER, 12282, 8393, 100, 30, 178.67, 180.00, 2580, 10251, 61
2026/09/16 19:23:40.113, NVIDIA GeForce RTX 4070 SUPER, 12282, 8393, 100, 30, 178.67, 180.00, 2580, 10251, 61
2026/09/16 19:23:40.313, NVIDIA GeForce RTX 4070 SUPER, 12282, 8393, 99, 35, 180.08, 180.00, 2670, 10251, 62
2026/09/16 19:23:40.514, NVIDIA GeForce RTX 4070 SUPER, 12282, 8393, 99, 35, 180.08, 180.00, 2670, 10251, 62
2026/09/16 19:23:40.714, NVIDIA GeForce RTX 4070 SUPER, 12282, 8393, 94, 25, 144.48, 180.00, 2565, 10251, 59
2026/09/16 19:23:40.915, NVIDIA GeForce RTX 4070 SUPER, 12282, 8393, 94, 25, 144.48, 180.00, 2565, 10251, 59
2026/09/16 19:23:41.115, NVIDIA GeForce RTX 4070 SUPER, 12282, 8393, 94, 25, 144.48, 180.00, 2565, 10251, 59
2026/09/16 19:23:41.316, NVIDIA GeForce RTX 4070 SUPER, 12282, 8393, 100, 26, 147.53, 180.00, 2610, 10251, 62
2026/09/16 19:23:41.516, NVIDIA GeForce RTX 4070 SUPER, 12282, 8393, 100, 26, 147.53, 180.00, 2610, 10251, 62
2026/09/16 19:23:41.716, NVIDIA GeForce RTX 4070 SUPER, 12282, 8393, 99, 34, 179.33, 180.00, 2655, 10251, 62
2026/09/16 19:23:41.917, NVIDIA GeForce RTX 4070 SUPER, 12282, 8393, 99, 34, 179.33, 180.00, 2655, 10251, 62
2026/09/16 19:23:42.117, NVIDIA GeForce RTX 4070 SUPER, 12282, 8393, 99, 34, 179.33, 180.00, 2655, 10251, 62
2026/09/16 19:23:42.318, NVIDIA GeForce RTX 4070 SUPER, 12282, 8393, 0, 0, 139.21, 180.00, 2790, 10251, 51
2026/09/16 19:23:42.518, NVIDIA GeForce RTX 4070 SUPER, 12282, 8393, 0, 0, 139.21, 180.00, 2790, 10251, 51
2026/09/16 19:23:42.718, NVIDIA GeForce RTX 4070 SUPER, 12282, 8393, 0, 0, 76.67, 180.00, 2790, 10251, 49
2026/09/16 19:23:42.919, NVIDIA GeForce RTX 4070 SUPER, 12282, 8393, 0, 0, 76.67, 180.00, 2790, 10251, 49
2026/09/16 19:23:43.119, NVIDIA GeForce RTX 4070 SUPER, 12282, 8393, 0, 0, 76.67, 180.00, 2790, 10251, 49
2026/09/16 19:23:43.319, NVIDIA GeForce RTX 4070 SUPER, 12282, 8393, 0, 0, 63.28, 180.00, 2790, 10251, 49
2026/09/16 19:23:43.520, NVIDIA GeForce RTX 4070 SUPER, 12282, 8393, 0, 0, 63.28, 180.00, 2790, 10251, 49
2026/09/16 19:23:43.720, NVIDIA GeForce RTX 4070 SUPER, 12282, 8393, 0, 0, 63.28, 180.00, 2790, 10251, 49
2026/09/16 19:23:43.920, NVIDIA GeForce RTX 4070 SUPER, 12282, 8393, 0, 0, 63.28, 180.00, 2790, 10251, 49
2026/09/16 19:23:44.121, NVIDIA GeForce RTX 4070 SUPER, 12282, 8393, 0, 0, 63.28, 180.00, 2790, 10251, 49
2026/09/16 19:23:44.321, NVIDIA GeForce RTX 4070 SUPER, 12282, 8393, 0, 0, 38.27, 180.00, 2505, 10251, 47
2026/09/16 19:23:44.522, NVIDIA GeForce RTX 4070 SUPER, 12282, 8393, 0, 0, 38.27, 180.00, 2505, 10251, 47
2026/09/16 19:23:44.722, NVIDIA GeForce RTX 4070 SUPER, 12282, 8393, 0, 0, 38.27, 180.00, 2505, 10251, 47
2026/09/16 19:23:44.922, NVIDIA GeForce RTX 4070 SUPER, 12282, 8393, 0, 0, 38.27, 180.00, 2505, 10251, 47
2026/09/16 19:23:45.123, NVIDIA GeForce RTX 4070 SUPER, 12282, 8393, 0, 0, 38.27, 180.00, 2505, 10251, 47
2026/09/16 19:23:45.323, NVIDIA GeForce RTX 4070 SUPER, 12282, 8393, 0, 0, 33.30, 180.00, 2505, 10251, 46
2026/09/16 19:23:45.523, NVIDIA GeForce RTX 4070 SUPER, 12282, 8393, 0, 0, 33.30, 180.00, 2505, 10251, 46
2026/09/16 19:23:45.724, NVIDIA GeForce RTX 4070 SUPER, 12282, 8393, 97, 24, 30.31, 180.00, 2505, 10251, 46
2026/09/16 19:23:45.924, NVIDIA GeForce RTX 4070 SUPER, 12282, 8393, 97, 24, 30.31, 180.00, 2505, 10251, 46
2026/09/16 19:23:46.124, NVIDIA GeForce RTX 4070 SUPER, 12282, 8393, 97, 24, 30.31, 180.00, 2505, 10251, 46
2026/09/16 19:23:46.325, NVIDIA GeForce RTX 4070 SUPER, 12282, 8393, 100, 30, 83.21, 180.00, 2610, 10251, 59
2026/09/16 19:23:46.525, NVIDIA GeForce RTX 4070 SUPER, 12282, 8393, 100, 30, 83.21, 180.00, 2610, 10251, 59
2026/09/16 19:23:46.726, NVIDIA GeForce RTX 4070 SUPER, 12282, 8393, 99, 29, 175.79, 180.00, 2625, 10251, 59
2026/09/16 19:23:46.926, NVIDIA GeForce RTX 4070 SUPER, 12282, 8393, 99, 29, 175.79, 180.00, 2625, 10251, 59
2026/09/16 19:23:47.127, NVIDIA GeForce RTX 4070 SUPER, 12282, 8393, 99, 29, 175.79, 180.00, 2625, 10251, 59
2026/09/16 19:23:47.327, NVIDIA GeForce RTX 4070 SUPER, 12282, 8393, 100, 30, 177.47, 180.00, 2595, 10251, 60
2026/09/16 19:23:47.528, NVIDIA GeForce RTX 4070 SUPER, 12282, 8393, 100, 30, 177.47, 180.00, 2595, 10251, 60
2026/09/16 19:23:47.728, NVIDIA GeForce RTX 4070 SUPER, 12282, 8393, 100, 30, 178.32, 180.00, 2595, 10251, 61
2026/09/16 19:23:47.928, NVIDIA GeForce RTX 4070 SUPER, 12282, 8393, 100, 30, 178.32, 180.00, 2595, 10251, 61
2026/09/16 19:23:48.129, NVIDIA GeForce RTX 4070 SUPER, 12282, 8393, 100, 30, 178.32, 180.00, 2595, 10251, 61
2026/09/16 19:23:48.329, NVIDIA GeForce RTX 4070 SUPER, 12282, 8393, 97, 31, 180.04, 180.00, 2700, 10251, 61
2026/09/16 19:23:48.530, NVIDIA GeForce RTX 4070 SUPER, 12282, 8393, 97, 31, 180.04, 180.00, 2700, 10251, 61
2026/09/16 19:23:48.730, NVIDIA GeForce RTX 4070 SUPER, 12282, 8393, 100, 30, 177.05, 180.00, 2610, 10251, 61
2026/09/16 19:23:48.931, NVIDIA GeForce RTX 4070 SUPER, 12282, 8393, 100, 30, 177.05, 180.00, 2610, 10251, 61
2026/09/16 19:23:49.131, NVIDIA GeForce RTX 4070 SUPER, 12282, 8393, 100, 30, 177.05, 180.00, 2610, 10251, 61
2026/09/16 19:23:49.331, NVIDIA GeForce RTX 4070 SUPER, 12282, 8393, 97, 29, 178.31, 180.00, 2625, 10251, 61
2026/09/16 19:23:49.532, NVIDIA GeForce RTX 4070 SUPER, 12282, 8393, 97, 29, 178.31, 180.00, 2625, 10251, 61
2026/09/16 19:23:49.732, NVIDIA GeForce RTX 4070 SUPER, 12282, 8393, 100, 32, 178.66, 180.00, 2595, 10251, 62
2026/09/16 19:23:49.933, NVIDIA GeForce RTX 4070 SUPER, 12282, 8393, 100, 32, 178.66, 180.00, 2595, 10251, 62
2026/09/16 19:23:50.133, NVIDIA GeForce RTX 4070 SUPER, 12282, 8393, 100, 32, 178.66, 180.00, 2595, 10251, 62
2026/09/16 19:23:50.334, NVIDIA GeForce RTX 4070 SUPER, 12282, 8393, 100, 30, 178.89, 180.00, 2580, 10251, 62
2026/09/16 19:23:50.534, NVIDIA GeForce RTX 4070 SUPER, 12282, 8393, 100, 30, 178.89, 180.00, 2580, 10251, 62
2026/09/16 19:23:50.734, NVIDIA GeForce RTX 4070 SUPER, 12282, 8393, 98, 35, 179.98, 180.00, 2670, 10251, 61
2026/09/16 19:23:50.935, NVIDIA GeForce RTX 4070 SUPER, 12282, 8393, 98, 35, 179.98, 180.00, 2670, 10251, 61
2026/09/16 19:23:51.135, NVIDIA GeForce RTX 4070 SUPER, 12282, 8393, 98, 35, 179.98, 180.00, 2670, 10251, 61
2026/09/16 19:23:51.336, NVIDIA GeForce RTX 4070 SUPER, 12282, 8393, 100, 30, 177.39, 180.00, 2610, 10251, 63
2026/09/16 19:23:51.536, NVIDIA GeForce RTX 4070 SUPER, 12282, 8393, 100, 30, 177.39, 180.00, 2610, 10251, 63
2026/09/16 19:23:51.737, NVIDIA GeForce RTX 4070 SUPER, 12282, 8393, 97, 36, 178.04, 180.00, 2700, 10251, 62
2026/09/16 19:23:51.937, NVIDIA GeForce RTX 4070 SUPER, 12282, 8393, 97, 36, 178.04, 180.00, 2700, 10251, 62
2026/09/16 19:23:52.137, NVIDIA GeForce RTX 4070 SUPER, 12282, 8393, 97, 36, 178.04, 180.00, 2700, 10251, 62
2026/09/16 19:23:52.338, NVIDIA GeForce RTX 4070 SUPER, 12282, 8393, 89, 30, 177.48, 180.00, 2595, 10251, 59
2026/09/16 19:23:52.538, NVIDIA GeForce RTX 4070 SUPER, 12282, 8393, 89, 30, 177.48, 180.00, 2595, 10251, 59
2026/09/16 19:23:52.739, NVIDIA GeForce RTX 4070 SUPER, 12282, 8393, 100, 30, 178.35, 180.00, 2595, 10251, 62
2026/09/16 19:23:52.939, NVIDIA GeForce RTX 4070 SUPER, 12282, 8393, 100, 30, 178.35, 180.00, 2595, 10251, 62
2026/09/16 19:23:53.140, NVIDIA GeForce RTX 4070 SUPER, 12282, 8393, 100, 30, 178.35, 180.00, 2595, 10251, 62
2026/09/16 19:23:53.340, NVIDIA GeForce RTX 4070 SUPER, 12282, 8393, 99, 33, 177.98, 180.00, 2655, 10251, 63
2026/09/16 19:23:53.541, NVIDIA GeForce RTX 4070 SUPER, 12282, 8393, 99, 33, 177.98, 180.00, 2655, 10251, 63
2026/09/16 19:23:53.741, NVIDIA GeForce RTX 4070 SUPER, 12282, 8393, 94, 25, 151.54, 180.00, 2565, 10251, 60
2026/09/16 19:23:53.942, NVIDIA GeForce RTX 4070 SUPER, 12282, 8393, 94, 25, 151.54, 180.00, 2565, 10251, 60
2026/09/16 19:23:54.142, NVIDIA GeForce RTX 4070 SUPER, 12282, 8393, 94, 25, 151.54, 180.00, 2565, 10251, 60
2026/09/16 19:23:54.343, NVIDIA GeForce RTX 4070 SUPER, 12282, 8393, 100, 26, 152.23, 180.00, 2610, 10251, 62
2026/09/16 19:23:54.543, NVIDIA GeForce RTX 4070 SUPER, 12282, 8393, 100, 26, 152.23, 180.00, 2610, 10251, 62
2026/09/16 19:23:54.743, NVIDIA GeForce RTX 4070 SUPER, 12282, 8393, 100, 33, 179.89, 180.00, 2640, 10251, 63
2026/09/16 19:23:54.944, NVIDIA GeForce RTX 4070 SUPER, 12282, 8393, 100, 33, 179.89, 180.00, 2640, 10251, 63
2026/09/16 19:23:55.145, NVIDIA GeForce RTX 4070 SUPER, 12282, 8393, 100, 33, 179.89, 180.00, 2640, 10251, 63
2026/09/16 19:23:55.345, NVIDIA GeForce RTX 4070 SUPER, 12282, 8393, 0, 0, 139.48, 180.00, 2790, 10251, 52
2026/09/16 19:23:55.545, NVIDIA GeForce RTX 4070 SUPER, 12282, 8393, 0, 0, 139.48, 180.00, 2790, 10251, 52
2026/09/16 19:23:55.746, NVIDIA GeForce RTX 4070 SUPER, 12282, 8393, 0, 0, 76.47, 180.00, 2790, 10251, 50
2026/09/16 19:23:55.946, NVIDIA GeForce RTX 4070 SUPER, 12282, 8393, 0, 0, 76.47, 180.00, 2790, 10251, 50
2026/09/16 19:23:56.147, NVIDIA GeForce RTX 4070 SUPER, 12282, 8393, 0, 0, 76.47, 180.00, 2790, 10251, 50
2026/09/16 19:23:56.347, NVIDIA GeForce RTX 4070 SUPER, 12282, 8393, 0, 0, 63.67, 180.00, 2790, 10251, 50
2026/09/16 19:23:56.547, NVIDIA GeForce RTX 4070 SUPER, 12282, 8393, 0, 0, 63.67, 180.00, 2790, 10251, 50
2026/09/16 19:23:56.748, NVIDIA GeForce RTX 4070 SUPER, 12282, 8393, 0, 0, 63.67, 180.00, 2790, 10251, 50
2026/09/16 19:23:56.948, NVIDIA GeForce RTX 4070 SUPER, 12282, 8393, 0, 0, 63.67, 180.00, 2790, 10251, 50
2026/09/16 19:23:57.148, NVIDIA GeForce RTX 4070 SUPER, 12282, 8393, 0, 0, 63.67, 180.00, 2790, 10251, 50
2026/09/16 19:23:57.349, NVIDIA GeForce RTX 4070 SUPER, 12282, 8393, 0, 0, 38.60, 180.00, 2505, 10251, 48
2026/09/16 19:23:57.549, NVIDIA GeForce RTX 4070 SUPER, 12282, 8393, 0, 0, 38.60, 180.00, 2505, 10251, 48
2026/09/16 19:23:57.749, NVIDIA GeForce RTX 4070 SUPER, 12282, 8393, 0, 0, 38.60, 180.00, 2505, 10251, 48
2026/09/16 19:23:57.950, NVIDIA GeForce RTX 4070 SUPER, 12282, 8393, 0, 0, 38.60, 180.00, 2505, 10251, 48
2026/09/16 19:23:58.150, NVIDIA GeForce RTX 4070 SUPER, 12282, 8393, 0, 0, 38.60, 180.00, 2505, 10251, 48
2026/09/16 19:23:58.351, NVIDIA GeForce RTX 4070 SUPER, 12282, 8393, 0, 0, 33.46, 180.00, 2505, 10251, 47
2026/09/16 19:23:58.551, NVIDIA GeForce RTX 4070 SUPER, 12282, 8393, 0, 0, 33.46, 180.00, 2505, 10251, 47
2026/09/16 19:23:58.751, NVIDIA GeForce RTX 4070 SUPER, 12282, 8393, 0, 0, 33.46, 180.00, 2505, 10251, 47
2026/09/16 19:23:58.952, NVIDIA GeForce RTX 4070 SUPER, 12282, 8393, 0, 0, 33.46, 180.00, 2505, 10251, 47
2026/09/16 19:23:59.152, NVIDIA GeForce RTX 4070 SUPER, 12282, 8393, 0, 0, 33.46, 180.00, 2505, 10251, 47
2026/09/16 19:23:59.352, NVIDIA GeForce RTX 4070 SUPER, 12282, 8393, 0, 0, 28.48, 180.00, 2505, 10251, 47
2026/09/16 19:23:59.553, NVIDIA GeForce RTX 4070 SUPER, 12282, 8393, 0, 0, 28.48, 180.00, 2505, 10251, 47
2026/09/16 19:23:59.753, NVIDIA GeForce RTX 4070 SUPER, 12282, 8393, 0, 0, 28.48, 180.00, 2505, 10251, 47
2026/09/16 19:23:59.954, NVIDIA GeForce RTX 4070 SUPER, 12282, 8393, 0, 0, 28.48, 180.00, 2505, 10251, 47
2026/09/16 19:24:00.154, NVIDIA GeForce RTX 4070 SUPER, 12282, 8393, 0, 0, 28.48, 180.00, 2505, 10251, 47
2026/09/16 19:24:00.355, NVIDIA GeForce RTX 4070 SUPER, 12282, 8393, 0, 0, 28.17, 180.00, 2505, 10251, 46
2026/09/16 19:24:00.555, NVIDIA GeForce RTX 4070 SUPER, 12282, 8393, 0, 0, 28.17, 180.00, 2505, 10251, 46
2026/09/16 19:24:00.756, NVIDIA GeForce RTX 4070 SUPER, 12282, 8393, 0, 0, 28.17, 180.00, 2505, 10251, 46
2026/09/16 19:24:00.956, NVIDIA GeForce RTX 4070 SUPER, 12282, 8393, 0, 0, 28.17, 180.00, 2505, 10251, 46
2026/09/16 19:24:01.156, NVIDIA GeForce RTX 4070 SUPER, 12282, 8393, 0, 0, 28.17, 180.00, 2505, 10251, 46
2026/09/16 19:24:01.357, NVIDIA GeForce RTX 4070 SUPER, 12282, 8393, 0, 0, 28.07, 180.00, 2505, 10251, 46
2026/09/16 19:24:01.557, NVIDIA GeForce RTX 4070 SUPER, 12282, 8393, 0, 0, 28.07, 180.00, 2505, 10251, 46
2026/09/16 19:24:01.757, NVIDIA GeForce RTX 4070 SUPER, 12282, 8393, 0, 0, 28.07, 180.00, 2505, 10251, 46
2026/09/16 19:24:01.958, NVIDIA GeForce RTX 4070 SUPER, 12282, 8393, 0, 0, 28.07, 180.00, 2505, 10251, 46
2026/09/16 19:24:02.158, NVIDIA GeForce RTX 4070 SUPER, 12282, 8393, 0, 0, 28.07, 180.00, 2505, 10251, 46
2026/09/16 19:24:02.359, NVIDIA GeForce RTX 4070 SUPER, 12282, 8393, 0, 0, 28.20, 180.00, 2505, 10251, 46
2026/09/16 19:24:02.559, NVIDIA GeForce RTX 4070 SUPER, 12282, 8393, 0, 0, 28.20, 180.00, 2505, 10251, 46
2026/09/16 19:24:02.760, NVIDIA GeForce RTX 4070 SUPER, 12282, 8393, 0, 0, 28.20, 180.00, 2505, 10251, 46
2026/09/16 19:24:02.960, NVIDIA GeForce RTX 4070 SUPER, 12282, 8393, 0, 0, 28.20, 180.00, 2505, 10251, 46
2026/09/16 19:24:03.160, NVIDIA GeForce RTX 4070 SUPER, 12282, 8393, 0, 0, 28.20, 180.00, 2505, 10251, 46
2026/09/16 19:24:03.361, NVIDIA GeForce RTX 4070 SUPER, 12282, 8393, 0, 0, 28.22, 180.00, 2505, 10251, 46
2026/09/16 19:24:03.561, NVIDIA GeForce RTX 4070 SUPER, 12282, 8393, 0, 0, 28.22, 180.00, 2505, 10251, 46
2026/09/16 19:24:03.762, NVIDIA GeForce RTX 4070 SUPER, 12282, 8393, 0, 0, 28.22, 180.00, 2505, 10251, 46
2026/09/16 19:24:03.962, NVIDIA GeForce RTX 4070 SUPER, 12282, 8393, 0, 0, 28.22, 180.00, 2505, 10251, 46
2026/09/16 19:24:04.162, NVIDIA GeForce RTX 4070 SUPER, 12282, 8393, 0, 0, 28.22, 180.00, 2505, 10251, 46
2026/09/16 19:24:04.363, NVIDIA GeForce RTX 4070 SUPER, 12282, 8393, 0, 0, 28.23, 180.00, 2505, 10251, 45
2026/09/16 19:24:04.563, NVIDIA GeForce RTX 4070 SUPER, 12282, 8393, 0, 0, 28.23, 180.00, 2505, 10251, 45
2026/09/16 19:24:04.764, NVIDIA GeForce RTX 4070 SUPER, 12282, 8393, 0, 0, 28.23, 180.00, 2505, 10251, 45
2026/09/16 19:24:04.964, NVIDIA GeForce RTX 4070 SUPER, 12282, 8393, 0, 0, 28.23, 180.00, 2505, 10251, 45
2026/09/16 19:24:05.164, NVIDIA GeForce RTX 4070 SUPER, 12282, 8393, 0, 0, 28.23, 180.00, 2505, 10251, 45
2026/09/16 19:24:05.365, NVIDIA GeForce RTX 4070 SUPER, 12282, 8393, 0, 0, 28.15, 180.00, 2505, 10251, 45
2026/09/16 19:24:05.565, NVIDIA GeForce RTX 4070 SUPER, 12282, 8393, 0, 0, 28.15, 180.00, 2505, 10251, 45
2026/09/16 19:24:05.765, NVIDIA GeForce RTX 4070 SUPER, 12282, 8393, 0, 0, 28.15, 180.00, 2505, 10251, 45
2026/09/16 19:24:05.966, NVIDIA GeForce RTX 4070 SUPER, 12282, 8393, 0, 0, 28.15, 180.00, 2505, 10251, 45
2026/09/16 19:24:06.166, NVIDIA GeForce RTX 4070 SUPER, 12282, 8393, 0, 0, 28.15, 180.00, 2505, 10251, 45
2026/09/16 19:24:06.367, NVIDIA GeForce RTX 4070 SUPER, 12282, 8393, 0, 0, 28.01, 180.00, 2505, 10251, 45
2026/09/16 19:24:06.567, NVIDIA GeForce RTX 4070 SUPER, 12282, 8393, 0, 0, 28.01, 180.00, 2505, 10251, 45
2026/09/16 19:24:06.767, NVIDIA GeForce RTX 4070 SUPER, 12282, 8393, 0, 0, 28.01, 180.00, 2505, 10251, 45
2026/09/16 19:24:06.968, NVIDIA GeForce RTX 4070 SUPER, 12282, 8393, 0, 0, 28.01, 180.00, 2505, 10251, 45
2026/09/16 19:24:07.168, NVIDIA GeForce RTX 4070 SUPER, 12282, 8393, 0, 0, 28.01, 180.00, 2505, 10251, 45
2026/09/16 19:24:07.369, NVIDIA GeForce RTX 4070 SUPER, 12282, 8393, 0, 0, 28.04, 180.00, 2505, 10251, 45
2026/09/16 19:24:07.569, NVIDIA GeForce RTX 4070 SUPER, 12282, 8393, 0, 0, 28.04, 180.00, 2505, 10251, 45
2026/09/16 19:24:07.770, NVIDIA GeForce RTX 4070 SUPER, 12282, 8393, 0, 0, 28.04, 180.00, 2505, 10251, 45
2026/09/16 19:24:07.970, NVIDIA GeForce RTX 4070 SUPER, 12282, 8393, 0, 0, 28.04, 180.00, 2505, 10251, 45
2026/09/16 19:24:08.171, NVIDIA GeForce RTX 4070 SUPER, 12282, 8393, 0, 0, 28.04, 180.00, 2505, 10251, 45
2026/09/16 19:24:08.371, NVIDIA GeForce RTX 4070 SUPER, 12282, 8393, 0, 0, 28.07, 180.00, 2505, 10251, 44
2026/09/16 19:24:08.571, NVIDIA GeForce RTX 4070 SUPER, 12282, 8393, 0, 0, 28.07, 180.00, 2505, 10251, 44
2026/09/16 19:24:08.772, NVIDIA GeForce RTX 4070 SUPER, 12282, 8393, 0, 0, 28.07, 180.00, 2505, 10251, 44
2026/09/16 19:24:08.972, NVIDIA GeForce RTX 4070 SUPER, 12282, 8393, 0, 0, 28.07, 180.00, 2505, 10251, 44
2026/09/16 19:24:09.173, NVIDIA GeForce RTX 4070 SUPER, 12282, 8393, 0, 0, 28.07, 180.00, 2505, 10251, 44
2026/09/16 19:24:09.373, NVIDIA GeForce RTX 4070 SUPER, 12282, 8393, 0, 0, 28.08, 180.00, 2505, 10251, 44
2026/09/16 19:24:09.573, NVIDIA GeForce RTX 4070 SUPER, 12282, 8393, 0, 0, 28.08, 180.00, 2505, 10251, 44
2026/09/16 19:24:09.774, NVIDIA GeForce RTX 4070 SUPER, 12282, 8393, 0, 0, 28.08, 180.00, 2505, 10251, 44
2026/09/16 19:24:09.974, NVIDIA GeForce RTX 4070 SUPER, 12282, 8393, 0, 0, 28.08, 180.00, 2505, 10251, 44
2026/09/16 19:24:10.174, NVIDIA GeForce RTX 4070 SUPER, 12282, 8393, 0, 0, 28.08, 180.00, 2505, 10251, 44
2026/09/16 19:24:10.375, NVIDIA GeForce RTX 4070 SUPER, 12282, 8393, 0, 0, 28.15, 180.00, 2505, 10251, 44
2026/09/16 19:24:10.575, NVIDIA GeForce RTX 4070 SUPER, 12282, 8393, 0, 0, 28.15, 180.00, 2505, 10251, 44
2026/09/16 19:24:10.775, NVIDIA GeForce RTX 4070 SUPER, 12282, 8393, 0, 0, 28.15, 180.00, 2505, 10251, 44
2026/09/16 19:24:10.976, NVIDIA GeForce RTX 4070 SUPER, 12282, 8393, 0, 0, 28.15, 180.00, 2505, 10251, 44
2026/09/16 19:24:11.176, NVIDIA GeForce RTX 4070 SUPER, 12282, 8393, 0, 0, 28.15, 180.00, 2505, 10251, 44
2026/09/16 19:24:11.377, NVIDIA GeForce RTX 4070 SUPER, 12282, 8393, 0, 0, 28.11, 180.00, 2505, 10251, 44
2026/09/16 19:24:11.577, NVIDIA GeForce RTX 4070 SUPER, 12282, 8393, 0, 0, 28.11, 180.00, 2505, 10251, 44
2026/09/16 19:24:11.778, NVIDIA GeForce RTX 4070 SUPER, 12282, 8393, 0, 0, 28.11, 180.00, 2505, 10251, 44
2026/09/16 19:24:11.978, NVIDIA GeForce RTX 4070 SUPER, 12282, 8393, 0, 0, 28.11, 180.00, 2505, 10251, 44
2026/09/16 19:24:12.179, NVIDIA GeForce RTX 4070 SUPER, 12282, 8393, 0, 0, 28.11, 180.00, 2505, 10251, 44
2026/09/16 19:24:12.379, NVIDIA GeForce RTX 4070 SUPER, 12282, 8393, 0, 0, 28.15, 180.00, 510, 810, 44
2026/09/16 19:24:12.580, NVIDIA GeForce RTX 4070 SUPER, 12282, 8393, 0, 0, 28.15, 180.00, 510, 810, 44
2026/09/16 19:24:12.780, NVIDIA GeForce RTX 4070 SUPER, 12282, 8393, 0, 0, 28.15, 180.00, 510, 810, 44
2026/09/16 19:24:12.981, NVIDIA GeForce RTX 4070 SUPER, 12282, 8393, 0, 0, 28.15, 180.00, 510, 810, 44
2026/09/16 19:24:13.181, NVIDIA GeForce RTX 4070 SUPER, 12282, 8393, 0, 0, 20.37, 180.00, 330, 405, 44
2026/09/16 19:24:13.381, NVIDIA GeForce RTX 4070 SUPER, 12282, 8393, 0, 0, 20.37, 180.00, 330, 405, 42
2026/09/16 19:24:13.582, NVIDIA GeForce RTX 4070 SUPER, 12282, 8393, 0, 0, 20.37, 180.00, 330, 405, 42
2026/09/16 19:24:13.782, NVIDIA GeForce RTX 4070 SUPER, 12282, 8393, 0, 0, 20.37, 180.00, 330, 405, 42
2026/09/16 19:24:13.983, NVIDIA GeForce RTX 4070 SUPER, 12282, 8393, 0, 0, 20.37, 180.00, 330, 405, 42
2026/09/16 19:24:14.183, NVIDIA GeForce RTX 4070 SUPER, 12282, 8393, 0, 0, 10.07, 180.00, 210, 405, 42
2026/09/16 19:24:14.384, NVIDIA GeForce RTX 4070 SUPER, 12282, 8393, 0, 0, 10.07, 180.00, 210, 405, 42
2026/09/16 19:24:14.584, NVIDIA GeForce RTX 4070 SUPER, 12282, 8393, 0, 0, 10.07, 180.00, 210, 405, 42
2026/09/16 19:24:14.785, NVIDIA GeForce RTX 4070 SUPER, 12282, 8393, 0, 0, 10.05, 180.00, 210, 405, 42
2026/09/16 19:24:14.985, NVIDIA GeForce RTX 4070 SUPER, 12282, 8393, 0, 0, 10.05, 180.00, 210, 405, 42
2026/09/16 19:24:15.186, NVIDIA GeForce RTX 4070 SUPER, 12282, 8393, 0, 0, 9.99, 180.00, 210, 405, 42
2026/09/16 19:24:15.386, NVIDIA GeForce RTX 4070 SUPER, 12282, 8393, 0, 0, 9.99, 180.00, 210, 405, 42
2026/09/16 19:24:15.587, NVIDIA GeForce RTX 4070 SUPER, 12282, 8393, 0, 0, 9.99, 180.00, 210, 405, 42
2026/09/16 19:24:15.787, NVIDIA GeForce RTX 4070 SUPER, 12282, 8393, 0, 0, 9.99, 180.00, 210, 405, 42
2026/09/16 19:24:15.988, NVIDIA GeForce RTX 4070 SUPER, 12282, 8393, 0, 0, 9.99, 180.00, 210, 405, 42
2026/09/16 19:24:16.188, NVIDIA GeForce RTX 4070 SUPER, 12282, 8393, 0, 0, 9.76, 180.00, 210, 405, 41
2026/09/16 19:24:16.389, NVIDIA GeForce RTX 4070 SUPER, 12282, 8393, 0, 0, 9.76, 180.00, 210, 405, 41
2026/09/16 19:24:16.589, NVIDIA GeForce RTX 4070 SUPER, 12282, 8393, 0, 0, 9.76, 180.00, 210, 405, 41
2026/09/16 19:24:16.789, NVIDIA GeForce RTX 4070 SUPER, 12282, 8393, 0, 0, 9.76, 180.00, 210, 405, 41
2026/09/16 19:24:16.990, NVIDIA GeForce RTX 4070 SUPER, 12282, 8393, 0, 0, 9.76, 180.00, 210, 405, 41
2026/09/16 19:24:17.190, NVIDIA GeForce RTX 4070 SUPER, 12282, 8393, 0, 0, 9.69, 180.00, 210, 405, 41
2026/09/16 19:24:17.390, NVIDIA GeForce RTX 4070 SUPER, 12282, 8393, 0, 0, 9.69, 180.00, 210, 405, 41
2026/09/16 19:24:17.591, NVIDIA GeForce RTX 4070 SUPER, 12282, 8393, 0, 0, 9.69, 180.00, 210, 405, 41
2026/09/16 19:24:17.791, NVIDIA GeForce RTX 4070 SUPER, 12282, 8393, 0, 0, 9.69, 180.00, 210, 405, 41
2026/09/16 19:24:17.991, NVIDIA GeForce RTX 4070 SUPER, 12282, 8393, 0, 0, 9.69, 180.00, 210, 405, 41
2026/09/16 19:24:18.192, NVIDIA GeForce RTX 4070 SUPER, 12282, 8393, 0, 0, 9.63, 180.00, 210, 405, 41
2026/09/16 19:24:18.392, NVIDIA GeForce RTX 4070 SUPER, 12282, 8393, 0, 0, 9.63, 180.00, 210, 405, 41
2026/09/16 19:24:18.593, NVIDIA GeForce RTX 4070 SUPER, 12282, 8393, 0, 0, 9.63, 180.00, 210, 405, 41
2026/09/16 19:24:18.793, NVIDIA GeForce RTX 4070 SUPER, 12282, 8393, 0, 0, 9.63, 180.00, 210, 405, 41
2026/09/16 19:24:18.993, NVIDIA GeForce RTX 4070 SUPER, 12282, 8393, 0, 0, 9.63, 180.00, 210, 405, 41
2026/09/16 19:24:19.194, NVIDIA GeForce RTX 4070 SUPER, 12282, 8393, 0, 0, 9.58, 180.00, 210, 405, 41
2026/09/16 19:24:19.394, NVIDIA GeForce RTX 4070 SUPER, 12282, 8393, 0, 0, 9.58, 180.00, 210, 405, 41
2026/09/16 19:24:19.595, NVIDIA GeForce RTX 4070 SUPER, 12282, 2487, 0, 0, 9.58, 180.00, 210, 405, 41
2026/09/16 19:24:19.843, NVIDIA GeForce RTX 4070 SUPER, 12282, 2487, 57, 53, 9.60, 180.00, 210, 405, 41
2026/09/16 19:24:20.043, NVIDIA GeForce RTX 4070 SUPER, 12282, 2487, 57, 53, 9.60, 180.00, 210, 405, 41
2026/09/16 19:24:20.244, NVIDIA GeForce RTX 4070 SUPER, 12282, 2487, 0, 0, 15.69, 180.00, 2460, 10251, 42
2026/09/16 19:24:20.444, NVIDIA GeForce RTX 4070 SUPER, 12282, 2487, 0, 0, 15.69, 180.00, 2460, 10251, 42
2026/09/16 19:24:20.644, NVIDIA GeForce RTX 4070 SUPER, 12282, 2487, 0, 0, 15.69, 180.00, 2460, 10251, 42
2026/09/16 19:24:20.845, NVIDIA GeForce RTX 4070 SUPER, 12282, 2487, 0, 0, 24.96, 180.00, 2460, 10251, 42
2026/09/16 19:24:21.045, NVIDIA GeForce RTX 4070 SUPER, 12282, 2487, 0, 0, 24.96, 180.00, 2460, 10251, 42
2026/09/16 19:24:21.245, NVIDIA GeForce RTX 4070 SUPER, 12282, 2487, 0, 0, 26.49, 180.00, 2460, 10251, 42
2026/09/16 19:24:21.446, NVIDIA GeForce RTX 4070 SUPER, 12282, 2487, 0, 0, 26.49, 180.00, 2460, 10251, 42
2026/09/16 19:24:21.646, NVIDIA GeForce RTX 4070 SUPER, 12282, 2487, 0, 0, 26.49, 180.00, 2460, 10251, 42
2026/09/16 19:24:21.847, NVIDIA GeForce RTX 4070 SUPER, 12282, 2487, 0, 0, 26.49, 180.00, 2460, 10251, 42
2026/09/16 19:24:22.048, NVIDIA GeForce RTX 4070 SUPER, 12282, 2487, 0, 0, 26.49, 180.00, 2460, 10251, 42
2026/09/16 19:24:22.248, NVIDIA GeForce RTX 4070 SUPER, 12282, 2487, 0, 0, 27.21, 180.00, 495, 5001, 42
2026/09/16 19:24:22.449, NVIDIA GeForce RTX 4070 SUPER, 12282, 2487, 0, 0, 27.21, 180.00, 495, 5001, 42
2026/09/16 19:24:22.649, NVIDIA GeForce RTX 4070 SUPER, 12282, 2487, 0, 0, 27.21, 180.00, 495, 5001, 42
2026/09/16 19:24:22.850, NVIDIA GeForce RTX 4070 SUPER, 12282, 2487, 0, 0, 27.21, 180.00, 495, 5001, 42
2026/09/16 19:24:23.050, NVIDIA GeForce RTX 4070 SUPER, 12282, 2487, 0, 0, 27.21, 180.00, 495, 5001, 42
2026/09/16 19:24:23.251, NVIDIA GeForce RTX 4070 SUPER, 12282, 2487, 0, 0, 22.40, 180.00, 315, 5001, 41
2026/09/16 19:24:23.451, NVIDIA GeForce RTX 4070 SUPER, 12282, 2487, 0, 0, 22.40, 180.00, 315, 5001, 41
2026/09/16 19:24:23.652, NVIDIA GeForce RTX 4070 SUPER, 12282, 2487, 0, 0, 22.40, 180.00, 315, 5001, 41
2026/09/16 19:24:23.852, NVIDIA GeForce RTX 4070 SUPER, 12282, 2487, 0, 0, 22.40, 180.00, 315, 5001, 41
2026/09/16 19:24:24.052, NVIDIA GeForce RTX 4070 SUPER, 12282, 2487, 0, 0, 22.40, 180.00, 315, 5001, 41
2026/09/16 19:24:24.253, NVIDIA GeForce RTX 4070 SUPER, 12282, 2487, 0, 0, 15.01, 180.00, 210, 810, 41
2026/09/16 19:24:24.453, NVIDIA GeForce RTX 4070 SUPER, 12282, 2487, 0, 0, 15.01, 180.00, 210, 810, 41
2026/09/16 19:24:24.653, NVIDIA GeForce RTX 4070 SUPER, 12282, 2487, 0, 0, 15.01, 180.00, 210, 810, 41
2026/09/16 19:24:24.854, NVIDIA GeForce RTX 4070 SUPER, 12282, 2487, 0, 0, 15.01, 180.00, 210, 810, 41
2026/09/16 19:24:25.054, NVIDIA GeForce RTX 4070 SUPER, 12282, 2487, 0, 0, 15.01, 180.00, 210, 810, 41
2026/09/16 19:24:25.255, NVIDIA GeForce RTX 4070 SUPER, 12282, 2487, 0, 0, 15.01, 180.00, 210, 810, 41
2026/09/16 19:24:25.455, NVIDIA GeForce RTX 4070 SUPER, 12282, 2487, 0, 0, 15.01, 180.00, 210, 810, 41
2026/09/16 19:24:25.656, NVIDIA GeForce RTX 4070 SUPER, 12282, 2487, 0, 0, 15.01, 180.00, 210, 810, 41
2026/09/16 19:24:25.856, NVIDIA GeForce RTX 4070 SUPER, 12282, 2487, 0, 0, 11.84, 180.00, 210, 405, 41
2026/09/16 19:24:26.057, NVIDIA GeForce RTX 4070 SUPER, 12282, 2487, 0, 0, 11.84, 180.00, 210, 405, 41
2026/09/16 19:24:26.257, NVIDIA GeForce RTX 4070 SUPER, 12282, 2487, 0, 0, 10.39, 180.00, 210, 405, 41
2026/09/16 19:24:26.458, NVIDIA GeForce RTX 4070 SUPER, 12282, 2487, 0, 0, 10.39, 180.00, 210, 405, 41
2026/09/16 19:24:26.659, NVIDIA GeForce RTX 4070 SUPER, 12282, 2487, 0, 0, 10.39, 180.00, 210, 405, 41
2026/09/16 19:24:26.859, NVIDIA GeForce RTX 4070 SUPER, 12282, 2487, 0, 0, 10.39, 180.00, 210, 405, 41
2026/09/16 19:24:27.060, NVIDIA GeForce RTX 4070 SUPER, 12282, 2487, 0, 0, 10.39, 180.00, 210, 405, 41
2026/09/16 19:24:27.260, NVIDIA GeForce RTX 4070 SUPER, 12282, 2487, 0, 0, 9.52, 180.00, 210, 405, 41
2026/09/16 19:24:27.461, NVIDIA GeForce RTX 4070 SUPER, 12282, 2487, 0, 0, 9.52, 180.00, 210, 405, 41
2026/09/16 19:24:27.661, NVIDIA GeForce RTX 4070 SUPER, 12282, 2487, 0, 0, 9.52, 180.00, 210, 405, 41
2026/09/16 19:24:27.862, NVIDIA GeForce RTX 4070 SUPER, 12282, 2487, 0, 0, 9.52, 180.00, 210, 405, 41
2026/09/16 19:24:28.062, NVIDIA GeForce RTX 4070 SUPER, 12282, 2487, 0, 0, 9.52, 180.00, 210, 405, 41
2026/09/16 19:24:28.262, NVIDIA GeForce RTX 4070 SUPER, 12282, 2487, 0, 0, 9.49, 180.00, 210, 405, 41
2026/09/16 19:24:28.463, NVIDIA GeForce RTX 4070 SUPER, 12282, 2487, 0, 0, 9.49, 180.00, 210, 405, 41
2026/09/16 19:24:28.663, NVIDIA GeForce RTX 4070 SUPER, 12282, 2487, 0, 0, 9.49, 180.00, 210, 405, 41
2026/09/16 19:24:28.864, NVIDIA GeForce RTX 4070 SUPER, 12282, 2487, 0, 0, 9.49, 180.00, 210, 405, 41
2026/09/16 19:24:29.064, NVIDIA GeForce RTX 4070 SUPER, 12282, 2487, 0, 0, 9.49, 180.00, 210, 405, 41
2026/09/16 19:24:29.264, NVIDIA GeForce RTX 4070 SUPER, 12282, 2487, 0, 0, 9.45, 180.00, 210, 405, 40
2026/09/16 19:24:29.465, NVIDIA GeForce RTX 4070 SUPER, 12282, 2487, 0, 0, 9.45, 180.00, 210, 405, 40
2026/09/16 19:24:29.665, NVIDIA GeForce RTX 4070 SUPER, 12282, 2487, 0, 0, 9.45, 180.00, 210, 405, 40
2026/09/16 19:24:29.866, NVIDIA GeForce RTX 4070 SUPER, 12282, 2487, 0, 0, 9.45, 180.00, 210, 405, 40
2026/09/16 19:24:30.066, NVIDIA GeForce RTX 4070 SUPER, 12282, 2487, 0, 0, 9.45, 180.00, 210, 405, 40
2026/09/16 19:24:30.267, NVIDIA GeForce RTX 4070 SUPER, 12282, 2487, 0, 0, 9.44, 180.00, 210, 405, 40
2026/09/16 19:24:30.467, NVIDIA GeForce RTX 4070 SUPER, 12282, 2487, 0, 0, 9.44, 180.00, 210, 405, 40
2026/09/16 19:24:30.668, NVIDIA GeForce RTX 4070 SUPER, 12282, 2487, 0, 0, 9.44, 180.00, 210, 405, 40
2026/09/16 19:24:30.868, NVIDIA GeForce RTX 4070 SUPER, 12282, 2487, 0, 0, 9.44, 180.00, 210, 405, 40
2026/09/16 19:24:31.068, NVIDIA GeForce RTX 4070 SUPER, 12282, 2487, 0, 0, 9.44, 180.00, 210, 405, 40
2026/09/16 19:24:31.269, NVIDIA GeForce RTX 4070 SUPER, 12282, 2487, 0, 0, 9.48, 180.00, 210, 405, 40
2026/09/16 19:24:31.469, NVIDIA GeForce RTX 4070 SUPER, 12282, 2487, 0, 0, 9.48, 180.00, 210, 405, 40
2026/09/16 19:24:31.670, NVIDIA GeForce RTX 4070 SUPER, 12282, 2487, 0, 0, 9.48, 180.00, 210, 405, 40
2026/09/16 19:24:31.870, NVIDIA GeForce RTX 4070 SUPER, 12282, 2487, 0, 0, 9.48, 180.00, 210, 405, 40
2026/09/16 19:24:32.070, NVIDIA GeForce RTX 4070 SUPER, 12282, 2487, 0, 0, 9.48, 180.00, 210, 405, 40
2026/09/16 19:24:32.271, NVIDIA GeForce RTX 4070 SUPER, 12282, 2487, 0, 0, 9.47, 180.00, 210, 405, 40
2026/09/16 19:24:32.471, NVIDIA GeForce RTX 4070 SUPER, 12282, 2487, 0, 0, 9.47, 180.00, 210, 405, 40
2026/09/16 19:24:32.671, NVIDIA GeForce RTX 4070 SUPER, 12282, 2487, 0, 0, 9.47, 180.00, 210, 405, 40
2026/09/16 19:24:32.872, NVIDIA GeForce RTX 4070 SUPER, 12282, 2487, 0, 0, 9.47, 180.00, 210, 405, 40
2026/09/16 19:24:33.072, NVIDIA GeForce RTX 4070 SUPER, 12282, 2487, 0, 0, 9.47, 180.00, 210, 405, 40
2026/09/16 19:24:33.273, NVIDIA GeForce RTX 4070 SUPER, 12282, 2487, 0, 0, 9.39, 180.00, 210, 405, 40
2026/09/16 19:24:33.473, NVIDIA GeForce RTX 4070 SUPER, 12282, 2487, 0, 0, 9.39, 180.00, 210, 405, 40
2026/09/16 19:24:33.674, NVIDIA GeForce RTX 4070 SUPER, 12282, 2487, 0, 0, 9.39, 180.00, 210, 405, 40
2026/09/16 19:24:33.874, NVIDIA GeForce RTX 4070 SUPER, 12282, 2487, 0, 0, 9.39, 180.00, 210, 405, 40
2026/09/16 19:24:34.074, NVIDIA GeForce RTX 4070 SUPER, 12282, 2487, 0, 0, 9.39, 180.00, 210, 405, 40
2026/09/16 19:24:34.275, NVIDIA GeForce RTX 4070 SUPER, 12282, 2487, 0, 0, 9.38, 180.00, 210, 405, 40
2026/09/16 19:24:34.475, NVIDIA GeForce RTX 4070 SUPER, 12282, 2487, 0, 0, 9.38, 180.00, 210, 405, 40
2026/09/16 19:24:34.676, NVIDIA GeForce RTX 4070 SUPER, 12282, 2487, 0, 0, 9.38, 180.00, 210, 405, 40
2026/09/16 19:24:34.876, NVIDIA GeForce RTX 4070 SUPER, 12282, 2487, 0, 0, 9.38, 180.00, 210, 405, 40
2026/09/16 19:24:35.077, NVIDIA GeForce RTX 4070 SUPER, 12282, 2487, 0, 0, 9.38, 180.00, 210, 405, 40
2026/09/16 19:24:35.277, NVIDIA GeForce RTX 4070 SUPER, 12282, 2487, 0, 0, 9.45, 180.00, 210, 405, 40
2026/09/16 19:24:35.477, NVIDIA GeForce RTX 4070 SUPER, 12282, 2487, 0, 0, 9.45, 180.00, 210, 405, 40
2026/09/16 19:24:35.678, NVIDIA GeForce RTX 4070 SUPER, 12282, 2487, 0, 0, 9.45, 180.00, 210, 405, 40
2026/09/16 19:24:35.878, NVIDIA GeForce RTX 4070 SUPER, 12282, 2487, 0, 0, 9.45, 180.00, 210, 405, 40
2026/09/16 19:24:36.078, NVIDIA GeForce RTX 4070 SUPER, 12282, 2487, 0, 0, 9.45, 180.00, 210, 405, 40
2026/09/16 19:24:36.279, NVIDIA GeForce RTX 4070 SUPER, 12282, 2487, 0, 0, 9.49, 180.00, 210, 405, 40
2026/09/16 19:24:36.479, NVIDIA GeForce RTX 4070 SUPER, 12282, 2487, 0, 0, 9.49, 180.00, 210, 405, 40
2026/09/16 19:24:36.680, NVIDIA GeForce RTX 4070 SUPER, 12282, 2487, 0, 0, 9.49, 180.00, 210, 405, 40
2026/09/16 19:24:36.880, NVIDIA GeForce RTX 4070 SUPER, 12282, 2502, 0, 0, 9.49, 180.00, 210, 405, 40
2026/09/16 19:24:37.080, NVIDIA GeForce RTX 4070 SUPER, 12282, 2675, 0, 0, 9.49, 180.00, 210, 405, 40
2026/09/16 19:24:37.281, NVIDIA GeForce RTX 4070 SUPER, 12282, 2675, 0, 0, 13.49, 180.00, 2505, 10251, 41
2026/09/16 19:24:37.481, NVIDIA GeForce RTX 4070 SUPER, 12282, 2675, 0, 0, 13.49, 180.00, 2505, 10251, 41
2026/09/16 19:24:37.681, NVIDIA GeForce RTX 4070 SUPER, 12282, 2675, 0, 0, 13.49, 180.00, 2505, 10251, 41
2026/09/16 19:24:37.882, NVIDIA GeForce RTX 4070 SUPER, 12282, 2675, 0, 0, 17.23, 180.00, 2505, 10251, 41
2026/09/16 19:24:38.082, NVIDIA GeForce RTX 4070 SUPER, 12282, 2675, 0, 0, 17.23, 180.00, 2505, 10251, 41
2026/09/16 19:24:38.282, NVIDIA GeForce RTX 4070 SUPER, 12282, 2675, 0, 0, 26.11, 180.00, 2505, 10251, 41
2026/09/16 19:24:38.483, NVIDIA GeForce RTX 4070 SUPER, 12282, 2675, 0, 0, 26.11, 180.00, 2505, 10251, 41
2026/09/16 19:24:38.683, NVIDIA GeForce RTX 4070 SUPER, 12282, 2931, 0, 0, 26.11, 180.00, 2505, 10251, 41
2026/09/16 19:24:38.883, NVIDIA GeForce RTX 4070 SUPER, 12282, 4141, 0, 0, 27.73, 180.00, 2505, 10251, 41
2026/09/16 19:24:39.084, NVIDIA GeForce RTX 4070 SUPER, 12282, 3619, 0, 0, 27.73, 180.00, 2505, 10251, 41
2026/09/16 19:24:39.284, NVIDIA GeForce RTX 4070 SUPER, 12282, 3619, 0, 0, 28.82, 180.00, 2505, 10251, 41
2026/09/16 19:24:39.485, NVIDIA GeForce RTX 4070 SUPER, 12282, 3619, 0, 0, 28.82, 180.00, 2505, 10251, 41
2026/09/16 19:24:39.685, NVIDIA GeForce RTX 4070 SUPER, 12282, 3619, 0, 0, 28.47, 180.00, 2505, 10251, 41
2026/09/16 19:24:39.886, NVIDIA GeForce RTX 4070 SUPER, 12282, 3619, 0, 0, 28.47, 180.00, 2505, 10251, 41
2026/09/16 19:24:40.086, NVIDIA GeForce RTX 4070 SUPER, 12282, 3619, 0, 0, 28.47, 180.00, 2505, 10251, 41
2026/09/16 19:24:40.286, NVIDIA GeForce RTX 4070 SUPER, 12282, 3619, 0, 0, 28.44, 180.00, 2505, 10251, 41
2026/09/16 19:24:40.487, NVIDIA GeForce RTX 4070 SUPER, 12282, 4355, 0, 0, 28.44, 180.00, 2505, 10251, 41
2026/09/16 19:24:40.687, NVIDIA GeForce RTX 4070 SUPER, 12282, 6671, 54, 4, 28.92, 180.00, 2505, 10251, 41
2026/09/16 19:24:40.888, NVIDIA GeForce RTX 4070 SUPER, 12282, 6671, 54, 4, 28.92, 180.00, 2505, 10251, 41
2026/09/16 19:24:41.088, NVIDIA GeForce RTX 4070 SUPER, 12282, 6671, 54, 4, 28.92, 180.00, 2505, 10251, 41
2026/09/16 19:24:41.288, NVIDIA GeForce RTX 4070 SUPER, 12282, 6671, 0, 0, 28.82, 180.00, 2505, 10251, 41
2026/09/16 19:24:41.489, NVIDIA GeForce RTX 4070 SUPER, 12282, 7069, 0, 0, 28.82, 180.00, 2505, 10251, 41
2026/09/16 19:24:41.689, NVIDIA GeForce RTX 4070 SUPER, 12282, 7105, 0, 0, 28.59, 180.00, 2505, 10251, 41
2026/09/16 19:24:41.889, NVIDIA GeForce RTX 4070 SUPER, 12282, 7105, 0, 0, 28.59, 180.00, 2505, 10251, 41
2026/09/16 19:24:42.090, NVIDIA GeForce RTX 4070 SUPER, 12282, 7105, 0, 0, 28.59, 180.00, 2505, 10251, 41
2026/09/16 19:24:42.290, NVIDIA GeForce RTX 4070 SUPER, 12282, 7105, 0, 0, 28.09, 180.00, 2505, 10251, 41
2026/09/16 19:24:42.491, NVIDIA GeForce RTX 4070 SUPER, 12282, 7105, 0, 0, 28.09, 180.00, 2505, 10251, 41
2026/09/16 19:24:42.691, NVIDIA GeForce RTX 4070 SUPER, 12282, 7105, 0, 0, 28.20, 180.00, 2505, 10251, 41
2026/09/16 19:24:42.891, NVIDIA GeForce RTX 4070 SUPER, 12282, 7105, 0, 0, 28.20, 180.00, 2505, 10251, 41
2026/09/16 19:24:43.092, NVIDIA GeForce RTX 4070 SUPER, 12282, 7855, 0, 0, 28.20, 180.00, 2505, 10251, 41
2026/09/16 19:24:43.292, NVIDIA GeForce RTX 4070 SUPER, 12282, 7865, 61, 25, 35.22, 180.00, 2505, 10251, 43
2026/09/16 19:24:43.493, NVIDIA GeForce RTX 4070 SUPER, 12282, 7865, 61, 25, 35.22, 180.00, 2505, 10251, 43
2026/09/16 19:24:43.693, NVIDIA GeForce RTX 4070 SUPER, 12282, 7875, 0, 0, 38.35, 180.00, 2505, 10251, 42
2026/09/16 19:24:43.893, NVIDIA GeForce RTX 4070 SUPER, 12282, 7875, 0, 0, 38.35, 180.00, 2505, 10251, 42
2026/09/16 19:24:44.094, NVIDIA GeForce RTX 4070 SUPER, 12282, 7875, 0, 0, 38.35, 180.00, 2505, 10251, 42
2026/09/16 19:24:44.294, NVIDIA GeForce RTX 4070 SUPER, 12282, 7875, 0, 0, 38.42, 180.00, 2505, 10251, 42
2026/09/16 19:24:44.495, NVIDIA GeForce RTX 4070 SUPER, 12282, 7875, 0, 0, 38.42, 180.00, 2505, 10251, 42
2026/09/16 19:24:44.695, NVIDIA GeForce RTX 4070 SUPER, 12282, 7875, 0, 0, 27.95, 180.00, 2505, 10251, 42
2026/09/16 19:24:44.895, NVIDIA GeForce RTX 4070 SUPER, 12282, 7875, 0, 0, 27.95, 180.00, 2505, 10251, 42
2026/09/16 19:24:45.096, NVIDIA GeForce RTX 4070 SUPER, 12282, 7875, 0, 0, 27.95, 180.00, 2505, 10251, 42
2026/09/16 19:24:45.296, NVIDIA GeForce RTX 4070 SUPER, 12282, 7875, 0, 0, 27.95, 180.00, 2505, 10251, 42
2026/09/16 19:24:45.496, NVIDIA GeForce RTX 4070 SUPER, 12282, 7875, 0, 0, 27.95, 180.00, 2505, 10251, 42
2026/09/16 19:24:45.697, NVIDIA GeForce RTX 4070 SUPER, 12282, 7875, 0, 0, 27.63, 180.00, 2505, 10251, 42
2026/09/16 19:24:45.897, NVIDIA GeForce RTX 4070 SUPER, 12282, 7875, 0, 0, 27.63, 180.00, 2505, 10251, 42
2026/09/16 19:24:46.097, NVIDIA GeForce RTX 4070 SUPER, 12282, 7875, 0, 0, 27.63, 180.00, 2505, 10251, 42
2026/09/16 19:24:46.298, NVIDIA GeForce RTX 4070 SUPER, 12282, 7875, 0, 0, 27.63, 180.00, 2505, 10251, 42
2026/09/16 19:24:46.498, NVIDIA GeForce RTX 4070 SUPER, 12282, 7875, 0, 0, 27.63, 180.00, 2505, 10251, 42
2026/09/16 19:24:46.698, NVIDIA GeForce RTX 4070 SUPER, 12282, 7875, 0, 0, 27.66, 180.00, 2505, 10251, 42
2026/09/16 19:24:46.898, NVIDIA GeForce RTX 4070 SUPER, 12282, 7875, 0, 0, 27.66, 180.00, 2505, 10251, 42
2026/09/16 19:24:47.099, NVIDIA GeForce RTX 4070 SUPER, 12282, 7875, 0, 0, 27.66, 180.00, 2505, 10251, 42
2026/09/16 19:24:47.299, NVIDIA GeForce RTX 4070 SUPER, 12282, 7875, 0, 0, 27.75, 180.00, 2505, 10251, 42
2026/09/16 19:24:47.500, NVIDIA GeForce RTX 4070 SUPER, 12282, 7875, 0, 0, 27.75, 180.00, 2505, 10251, 42
2026/09/16 19:24:47.700, NVIDIA GeForce RTX 4070 SUPER, 12282, 7875, 0, 0, 28.20, 180.00, 2505, 10251, 42
2026/09/16 19:24:47.900, NVIDIA GeForce RTX 4070 SUPER, 12282, 7875, 0, 0, 28.20, 180.00, 2505, 10251, 42
2026/09/16 19:24:48.101, NVIDIA GeForce RTX 4070 SUPER, 12282, 8031, 0, 0, 28.20, 180.00, 2505, 10251, 42
2026/09/16 19:24:48.301, NVIDIA GeForce RTX 4070 SUPER, 12282, 8031, 97, 100, 42.87, 180.00, 2805, 10251, 45
2026/09/16 19:24:48.502, NVIDIA GeForce RTX 4070 SUPER, 12282, 8033, 97, 100, 42.87, 180.00, 2805, 10251, 45
2026/09/16 19:24:48.703, NVIDIA GeForce RTX 4070 SUPER, 12282, 8033, 98, 100, 83.32, 180.00, 2805, 10251, 47
2026/09/16 19:24:48.904, NVIDIA GeForce RTX 4070 SUPER, 12282, 8037, 98, 100, 83.32, 180.00, 2805, 10251, 47
2026/09/16 19:24:49.104, NVIDIA GeForce RTX 4070 SUPER, 12282, 8037, 98, 100, 83.32, 180.00, 2805, 10251, 47
2026/09/16 19:24:49.304, NVIDIA GeForce RTX 4070 SUPER, 12282, 8037, 0, 0, 93.80, 180.00, 2805, 10251, 44
2026/09/16 19:24:49.505, NVIDIA GeForce RTX 4070 SUPER, 12282, 8037, 0, 0, 93.80, 180.00, 2805, 10251, 44
2026/09/16 19:24:49.705, NVIDIA GeForce RTX 4070 SUPER, 12282, 8063, 0, 0, 59.91, 180.00, 2805, 10251, 43
2026/09/16 19:24:49.906, NVIDIA GeForce RTX 4070 SUPER, 12282, 8063, 0, 0, 59.91, 180.00, 2805, 10251, 43
2026/09/16 19:24:50.106, NVIDIA GeForce RTX 4070 SUPER, 12282, 8063, 0, 0, 59.91, 180.00, 2805, 10251, 43
2026/09/16 19:24:50.306, NVIDIA GeForce RTX 4070 SUPER, 12282, 8063, 0, 0, 39.99, 180.00, 2805, 10251, 43
2026/09/16 19:24:50.507, NVIDIA GeForce RTX 4070 SUPER, 12282, 8063, 0, 0, 39.99, 180.00, 2805, 10251, 43
2026/09/16 19:24:50.707, NVIDIA GeForce RTX 4070 SUPER, 12282, 8063, 0, 0, 39.94, 180.00, 2805, 10251, 43
2026/09/16 19:24:50.907, NVIDIA GeForce RTX 4070 SUPER, 12282, 8063, 0, 0, 39.94, 180.00, 2805, 10251, 43
2026/09/16 19:24:51.108, NVIDIA GeForce RTX 4070 SUPER, 12282, 8063, 0, 0, 39.94, 180.00, 2805, 10251, 43
2026/09/16 19:24:51.308, NVIDIA GeForce RTX 4070 SUPER, 12282, 8063, 0, 0, 39.94, 180.00, 2805, 10251, 43
2026/09/16 19:24:51.508, NVIDIA GeForce RTX 4070 SUPER, 12282, 8063, 0, 0, 39.94, 180.00, 2805, 10251, 43
2026/09/16 19:24:51.709, NVIDIA GeForce RTX 4070 SUPER, 12282, 8063, 0, 0, 29.81, 180.00, 2505, 10251, 42
2026/09/16 19:24:51.909, NVIDIA GeForce RTX 4070 SUPER, 12282, 8063, 0, 0, 29.81, 180.00, 2505, 10251, 42
2026/09/16 19:24:52.109, NVIDIA GeForce RTX 4070 SUPER, 12282, 8063, 0, 0, 29.81, 180.00, 2505, 10251, 42
2026/09/16 19:24:52.310, NVIDIA GeForce RTX 4070 SUPER, 12282, 8063, 0, 0, 29.81, 180.00, 2505, 10251, 42
2026/09/16 19:24:52.510, NVIDIA GeForce RTX 4070 SUPER, 12282, 8063, 0, 0, 29.81, 180.00, 2505, 10251, 42
2026/09/16 19:24:52.710, NVIDIA GeForce RTX 4070 SUPER, 12282, 8063, 0, 0, 28.16, 180.00, 2505, 10251, 42
2026/09/16 19:24:52.911, NVIDIA GeForce RTX 4070 SUPER, 12282, 8063, 0, 0, 28.16, 180.00, 2505, 10251, 42
2026/09/16 19:24:53.111, NVIDIA GeForce RTX 4070 SUPER, 12282, 8063, 0, 0, 28.16, 180.00, 2505, 10251, 42
2026/09/16 19:24:53.311, NVIDIA GeForce RTX 4070 SUPER, 12282, 8063, 0, 0, 28.16, 180.00, 2505, 10251, 42
2026/09/16 19:24:53.512, NVIDIA GeForce RTX 4070 SUPER, 12282, 8063, 0, 0, 28.16, 180.00, 2505, 10251, 42
2026/09/16 19:24:53.712, NVIDIA GeForce RTX 4070 SUPER, 12282, 8063, 0, 0, 27.52, 180.00, 2505, 10251, 42
2026/09/16 19:24:53.912, NVIDIA GeForce RTX 4070 SUPER, 12282, 8063, 0, 0, 27.52, 180.00, 2505, 10251, 42
2026/09/16 19:24:54.113, NVIDIA GeForce RTX 4070 SUPER, 12282, 8063, 0, 0, 27.52, 180.00, 2505, 10251, 42
2026/09/16 19:24:54.313, NVIDIA GeForce RTX 4070 SUPER, 12282, 8063, 0, 0, 27.52, 180.00, 2505, 10251, 42
2026/09/16 19:24:54.513, NVIDIA GeForce RTX 4070 SUPER, 12282, 8063, 0, 0, 27.52, 180.00, 2505, 10251, 42
2026/09/16 19:24:54.714, NVIDIA GeForce RTX 4070 SUPER, 12282, 8063, 0, 0, 27.70, 180.00, 2505, 10251, 42
2026/09/16 19:24:54.914, NVIDIA GeForce RTX 4070 SUPER, 12282, 8063, 0, 0, 27.70, 180.00, 2505, 10251, 42
2026/09/16 19:24:55.115, NVIDIA GeForce RTX 4070 SUPER, 12282, 8063, 0, 0, 27.70, 180.00, 2505, 10251, 42
2026/09/16 19:24:55.315, NVIDIA GeForce RTX 4070 SUPER, 12282, 8063, 0, 0, 27.70, 180.00, 2505, 10251, 42
2026/09/16 19:24:55.515, NVIDIA GeForce RTX 4070 SUPER, 12282, 8063, 0, 0, 27.70, 180.00, 2505, 10251, 42
2026/09/16 19:24:55.716, NVIDIA GeForce RTX 4070 SUPER, 12282, 8063, 0, 0, 27.85, 180.00, 2505, 10251, 42
2026/09/16 19:24:55.916, NVIDIA GeForce RTX 4070 SUPER, 12282, 8063, 0, 0, 27.85, 180.00, 2505, 10251, 42
2026/09/16 19:24:56.116, NVIDIA GeForce RTX 4070 SUPER, 12282, 8063, 0, 0, 27.85, 180.00, 2505, 10251, 42
2026/09/16 19:24:56.317, NVIDIA GeForce RTX 4070 SUPER, 12282, 8063, 0, 0, 27.85, 180.00, 2505, 10251, 42
2026/09/16 19:24:56.517, NVIDIA GeForce RTX 4070 SUPER, 12282, 8063, 0, 0, 27.85, 180.00, 2505, 10251, 42
2026/09/16 19:24:56.717, NVIDIA GeForce RTX 4070 SUPER, 12282, 8063, 0, 0, 27.94, 180.00, 2505, 10251, 42
2026/09/16 19:24:56.918, NVIDIA GeForce RTX 4070 SUPER, 12282, 8063, 0, 0, 27.94, 180.00, 2505, 10251, 42
2026/09/16 19:24:57.118, NVIDIA GeForce RTX 4070 SUPER, 12282, 8063, 0, 0, 27.94, 180.00, 2505, 10251, 42
2026/09/16 19:24:57.318, NVIDIA GeForce RTX 4070 SUPER, 12282, 8063, 0, 0, 28.09, 180.00, 2505, 10251, 42
2026/09/16 19:24:57.519, NVIDIA GeForce RTX 4070 SUPER, 12282, 8063, 0, 0, 28.09, 180.00, 2505, 10251, 42
2026/09/16 19:24:57.719, NVIDIA GeForce RTX 4070 SUPER, 12282, 8063, 94, 53, 69.03, 180.00, 2745, 10251, 47
2026/09/16 19:24:57.920, NVIDIA GeForce RTX 4070 SUPER, 12282, 8063, 94, 53, 69.03, 180.00, 2745, 10251, 47
2026/09/16 19:24:58.120, NVIDIA GeForce RTX 4070 SUPER, 12282, 8063, 94, 53, 69.03, 180.00, 2745, 10251, 47
2026/09/16 19:24:58.320, NVIDIA GeForce RTX 4070 SUPER, 12282, 8063, 0, 0, 70.59, 180.00, 2805, 10251, 44
2026/09/16 19:24:58.521, NVIDIA GeForce RTX 4070 SUPER, 12282, 8063, 0, 0, 70.59, 180.00, 2805, 10251, 44
2026/09/16 19:24:58.721, NVIDIA GeForce RTX 4070 SUPER, 12282, 8063, 0, 0, 58.03, 180.00, 2805, 10251, 43
2026/09/16 19:24:58.921, NVIDIA GeForce RTX 4070 SUPER, 12282, 8063, 0, 0, 58.03, 180.00, 2805, 10251, 43
2026/09/16 19:24:59.122, NVIDIA GeForce RTX 4070 SUPER, 12282, 8063, 0, 0, 58.03, 180.00, 2805, 10251, 43
2026/09/16 19:24:59.322, NVIDIA GeForce RTX 4070 SUPER, 12282, 8063, 0, 0, 58.03, 180.00, 2805, 10251, 43
2026/09/16 19:24:59.522, NVIDIA GeForce RTX 4070 SUPER, 12282, 8063, 0, 0, 58.03, 180.00, 2805, 10251, 43
2026/09/16 19:24:59.723, NVIDIA GeForce RTX 4070 SUPER, 12282, 8063, 0, 0, 39.56, 180.00, 2505, 10251, 43
2026/09/16 19:24:59.923, NVIDIA GeForce RTX 4070 SUPER, 12282, 8063, 0, 0, 39.56, 180.00, 2505, 10251, 43
2026/09/16 19:25:00.123, NVIDIA GeForce RTX 4070 SUPER, 12282, 8063, 0, 0, 39.56, 180.00, 2505, 10251, 43
2026/09/16 19:25:00.324, NVIDIA GeForce RTX 4070 SUPER, 12282, 8063, 0, 0, 39.56, 180.00, 2505, 10251, 43
2026/09/16 19:25:00.524, NVIDIA GeForce RTX 4070 SUPER, 12282, 8063, 0, 0, 39.56, 180.00, 2505, 10251, 43
2026/09/16 19:25:00.724, NVIDIA GeForce RTX 4070 SUPER, 12282, 8063, 0, 0, 33.93, 180.00, 2505, 10251, 42
2026/09/16 19:25:00.925, NVIDIA GeForce RTX 4070 SUPER, 12282, 8063, 0, 0, 33.93, 180.00, 2505, 10251, 42
2026/09/16 19:25:01.125, NVIDIA GeForce RTX 4070 SUPER, 12282, 8063, 0, 0, 33.93, 180.00, 2505, 10251, 42
2026/09/16 19:25:01.325, NVIDIA GeForce RTX 4070 SUPER, 12282, 8063, 0, 0, 33.93, 180.00, 2505, 10251, 42
2026/09/16 19:25:01.526, NVIDIA GeForce RTX 4070 SUPER, 12282, 8063, 0, 0, 33.93, 180.00, 2505, 10251, 42
2026/09/16 19:25:01.726, NVIDIA GeForce RTX 4070 SUPER, 12282, 8063, 0, 0, 27.99, 180.00, 2505, 10251, 42
2026/09/16 19:25:01.926, NVIDIA GeForce RTX 4070 SUPER, 12282, 8063, 0, 0, 27.99, 180.00, 2505, 10251, 42
2026/09/16 19:25:02.127, NVIDIA GeForce RTX 4070 SUPER, 12282, 8063, 0, 0, 27.99, 180.00, 2505, 10251, 42
2026/09/16 19:25:02.327, NVIDIA GeForce RTX 4070 SUPER, 12282, 8063, 0, 0, 27.99, 180.00, 2505, 10251, 42
2026/09/16 19:25:02.527, NVIDIA GeForce RTX 4070 SUPER, 12282, 8063, 0, 0, 27.99, 180.00, 2505, 10251, 42
2026/09/16 19:25:02.728, NVIDIA GeForce RTX 4070 SUPER, 12282, 8063, 0, 0, 27.77, 180.00, 2505, 10251, 42
2026/09/16 19:25:02.928, NVIDIA GeForce RTX 4070 SUPER, 12282, 8063, 0, 0, 27.77, 180.00, 2505, 10251, 42
2026/09/16 19:25:03.128, NVIDIA GeForce RTX 4070 SUPER, 12282, 8063, 0, 0, 27.77, 180.00, 2505, 10251, 42
2026/09/16 19:25:03.329, NVIDIA GeForce RTX 4070 SUPER, 12282, 8063, 0, 0, 27.77, 180.00, 2505, 10251, 42
2026/09/16 19:25:03.529, NVIDIA GeForce RTX 4070 SUPER, 12282, 8063, 0, 0, 27.77, 180.00, 2505, 10251, 42
2026/09/16 19:25:03.729, NVIDIA GeForce RTX 4070 SUPER, 12282, 8063, 0, 0, 27.88, 180.00, 2505, 10251, 42
2026/09/16 19:25:03.930, NVIDIA GeForce RTX 4070 SUPER, 12282, 8063, 0, 0, 27.88, 180.00, 2505, 10251, 42
2026/09/16 19:25:04.130, NVIDIA GeForce RTX 4070 SUPER, 12282, 8063, 0, 0, 27.88, 180.00, 2505, 10251, 42
2026/09/16 19:25:04.330, NVIDIA GeForce RTX 4070 SUPER, 12282, 8063, 0, 0, 27.88, 180.00, 2505, 10251, 42
2026/09/16 19:25:04.531, NVIDIA GeForce RTX 4070 SUPER, 12282, 8063, 0, 0, 27.88, 180.00, 2505, 10251, 42
2026/09/16 19:25:04.731, NVIDIA GeForce RTX 4070 SUPER, 12282, 8063, 0, 0, 27.91, 180.00, 2505, 10251, 42
2026/09/16 19:25:04.931, NVIDIA GeForce RTX 4070 SUPER, 12282, 8063, 0, 0, 27.91, 180.00, 2505, 10251, 42
2026/09/16 19:25:05.132, NVIDIA GeForce RTX 4070 SUPER, 12282, 8063, 0, 0, 27.91, 180.00, 2505, 10251, 42
2026/09/16 19:25:05.332, NVIDIA GeForce RTX 4070 SUPER, 12282, 8065, 0, 0, 28.07, 180.00, 2505, 10251, 42
2026/09/16 19:25:05.535, NVIDIA GeForce RTX 4070 SUPER, 12282, 8065, 0, 0, 28.07, 180.00, 2505, 10251, 42
2026/09/16 19:25:05.736, NVIDIA GeForce RTX 4070 SUPER, 12282, 8065, 98, 94, 46.34, 180.00, 2805, 10251, 46
2026/09/16 19:25:05.936, NVIDIA GeForce RTX 4070 SUPER, 12282, 8065, 98, 94, 46.34, 180.00, 2805, 10251, 46
2026/09/16 19:25:06.137, NVIDIA GeForce RTX 4070 SUPER, 12282, 8065, 98, 94, 46.34, 180.00, 2805, 10251, 46
2026/09/16 19:25:06.337, NVIDIA GeForce RTX 4070 SUPER, 12282, 8065, 0, 0, 78.59, 180.00, 2805, 10251, 45
2026/09/16 19:25:06.537, NVIDIA GeForce RTX 4070 SUPER, 12282, 8065, 0, 0, 78.59, 180.00, 2805, 10251, 45
2026/09/16 19:25:06.738, NVIDIA GeForce RTX 4070 SUPER, 12282, 8065, 0, 0, 74.32, 180.00, 2805, 10251, 44
2026/09/16 19:25:06.938, NVIDIA GeForce RTX 4070 SUPER, 12282, 8065, 0, 0, 74.32, 180.00, 2805, 10251, 44
2026/09/16 19:25:07.139, NVIDIA GeForce RTX 4070 SUPER, 12282, 8067, 0, 0, 74.32, 180.00, 2805, 10251, 44
2026/09/16 19:25:07.339, NVIDIA GeForce RTX 4070 SUPER, 12282, 8799, 0, 0, 41.01, 180.00, 2805, 10251, 44
2026/09/16 19:25:07.539, NVIDIA GeForce RTX 4070 SUPER, 12282, 8799, 0, 0, 41.01, 180.00, 2805, 10251, 44
2026/09/16 19:25:07.740, NVIDIA GeForce RTX 4070 SUPER, 12282, 8799, 31, 29, 57.85, 180.00, 2790, 10251, 50
2026/09/16 19:25:07.940, NVIDIA GeForce RTX 4070 SUPER, 12282, 8799, 31, 29, 57.85, 180.00, 2790, 10251, 50
2026/09/16 19:25:08.140, NVIDIA GeForce RTX 4070 SUPER, 12282, 8799, 31, 29, 57.85, 180.00, 2790, 10251, 50
2026/09/16 19:25:08.341, NVIDIA GeForce RTX 4070 SUPER, 12282, 8799, 0, 0, 68.32, 180.00, 2805, 10251, 44
2026/09/16 19:25:08.541, NVIDIA GeForce RTX 4070 SUPER, 12282, 8799, 0, 0, 68.32, 180.00, 2805, 10251, 44
2026/09/16 19:25:08.741, NVIDIA GeForce RTX 4070 SUPER, 12282, 8799, 64, 77, 59.52, 180.00, 2805, 10251, 48
2026/09/16 19:25:08.942, NVIDIA GeForce RTX 4070 SUPER, 12282, 8799, 64, 77, 59.52, 180.00, 2805, 10251, 48
2026/09/16 19:25:09.143, NVIDIA GeForce RTX 4070 SUPER, 12282, 8799, 64, 77, 59.52, 180.00, 2805, 10251, 48
2026/09/16 19:25:09.343, NVIDIA GeForce RTX 4070 SUPER, 12282, 8799, 0, 0, 64.31, 180.00, 2805, 10251, 45
2026/09/16 19:25:09.543, NVIDIA GeForce RTX 4070 SUPER, 12282, 8799, 0, 0, 64.31, 180.00, 2805, 10251, 45
2026/09/16 19:25:09.743, NVIDIA GeForce RTX 4070 SUPER, 12282, 8799, 0, 0, 64.16, 180.00, 2805, 10251, 44
2026/09/16 19:25:09.944, NVIDIA GeForce RTX 4070 SUPER, 12282, 8799, 0, 0, 64.16, 180.00, 2805, 10251, 44
2026/09/16 19:25:10.144, NVIDIA GeForce RTX 4070 SUPER, 12282, 8799, 0, 0, 64.16, 180.00, 2805, 10251, 44
2026/09/16 19:25:10.344, NVIDIA GeForce RTX 4070 SUPER, 12282, 8799, 0, 0, 39.99, 180.00, 2805, 10251, 44
2026/09/16 19:25:10.545, NVIDIA GeForce RTX 4070 SUPER, 12282, 8799, 0, 0, 39.99, 180.00, 2805, 10251, 44
2026/09/16 19:25:10.745, NVIDIA GeForce RTX 4070 SUPER, 12282, 8799, 0, 0, 40.79, 180.00, 2700, 10251, 51
2026/09/16 19:25:10.946, NVIDIA GeForce RTX 4070 SUPER, 12282, 8799, 0, 0, 40.79, 180.00, 2700, 10251, 51
2026/09/16 19:25:11.146, NVIDIA GeForce RTX 4070 SUPER, 12282, 8799, 0, 0, 40.79, 180.00, 2700, 10251, 51
2026/09/16 19:25:11.347, NVIDIA GeForce RTX 4070 SUPER, 12282, 8799, 0, 0, 80.87, 180.00, 2790, 10251, 47
2026/09/16 19:25:11.547, NVIDIA GeForce RTX 4070 SUPER, 12282, 8799, 0, 0, 80.87, 180.00, 2790, 10251, 47
2026/09/16 19:25:11.747, NVIDIA GeForce RTX 4070 SUPER, 12282, 8799, 0, 0, 88.34, 180.00, 2790, 10251, 45
2026/09/16 19:25:11.948, NVIDIA GeForce RTX 4070 SUPER, 12282, 8799, 0, 0, 88.34, 180.00, 2790, 10251, 45
2026/09/16 19:25:12.148, NVIDIA GeForce RTX 4070 SUPER, 12282, 8829, 0, 0, 88.34, 180.00, 2790, 10251, 45
2026/09/16 19:25:12.348, NVIDIA GeForce RTX 4070 SUPER, 12282, 8829, 3, 2, 40.58, 180.00, 2790, 10251, 45
2026/09/16 19:25:12.549, NVIDIA GeForce RTX 4070 SUPER, 12282, 8829, 3, 2, 40.58, 180.00, 2790, 10251, 45
2026/09/16 19:25:12.749, NVIDIA GeForce RTX 4070 SUPER, 12282, 8829, 0, 0, 40.33, 180.00, 2790, 10251, 44
2026/09/16 19:25:12.950, NVIDIA GeForce RTX 4070 SUPER, 12282, 8829, 0, 0, 40.33, 180.00, 2790, 10251, 44
2026/09/16 19:25:13.150, NVIDIA GeForce RTX 4070 SUPER, 12282, 8829, 0, 0, 40.33, 180.00, 2790, 10251, 44
2026/09/16 19:25:13.350, NVIDIA GeForce RTX 4070 SUPER, 12282, 8829, 0, 0, 37.25, 180.00, 2505, 10251, 43
2026/09/16 19:25:13.551, NVIDIA GeForce RTX 4070 SUPER, 12282, 8829, 0, 0, 37.25, 180.00, 2505, 10251, 43
2026/09/16 19:25:13.751, NVIDIA GeForce RTX 4070 SUPER, 12282, 8829, 0, 0, 37.25, 180.00, 2505, 10251, 43
2026/09/16 19:25:13.951, NVIDIA GeForce RTX 4070 SUPER, 12282, 8829, 0, 0, 37.25, 180.00, 2505, 10251, 43
2026/09/16 19:25:14.152, NVIDIA GeForce RTX 4070 SUPER, 12282, 8829, 0, 0, 37.25, 180.00, 2505, 10251, 43
2026/09/16 19:25:14.352, NVIDIA GeForce RTX 4070 SUPER, 12282, 8829, 0, 0, 28.11, 180.00, 2505, 10251, 43
2026/09/16 19:25:14.552, NVIDIA GeForce RTX 4070 SUPER, 12282, 8829, 0, 0, 28.11, 180.00, 2505, 10251, 43
2026/09/16 19:25:14.753, NVIDIA GeForce RTX 4070 SUPER, 12282, 8829, 0, 0, 28.11, 180.00, 2505, 10251, 43
2026/09/16 19:25:14.953, NVIDIA GeForce RTX 4070 SUPER, 12282, 8829, 0, 0, 28.11, 180.00, 2505, 10251, 43
2026/09/16 19:25:15.153, NVIDIA GeForce RTX 4070 SUPER, 12282, 8829, 0, 0, 28.11, 180.00, 2505, 10251, 43
2026/09/16 19:25:15.353, NVIDIA GeForce RTX 4070 SUPER, 12282, 8829, 0, 0, 27.98, 180.00, 2505, 10251, 43
2026/09/16 19:25:15.554, NVIDIA GeForce RTX 4070 SUPER, 12282, 8829, 0, 0, 27.98, 180.00, 2505, 10251, 43
2026/09/16 19:25:15.754, NVIDIA GeForce RTX 4070 SUPER, 12282, 8829, 0, 0, 27.98, 180.00, 2505, 10251, 43
2026/09/16 19:25:15.954, NVIDIA GeForce RTX 4070 SUPER, 12282, 8829, 0, 0, 27.98, 180.00, 2505, 10251, 43
2026/09/16 19:25:16.155, NVIDIA GeForce RTX 4070 SUPER, 12282, 8829, 0, 0, 27.98, 180.00, 2505, 10251, 43
2026/09/16 19:25:16.355, NVIDIA GeForce RTX 4070 SUPER, 12282, 8829, 0, 0, 27.88, 180.00, 2505, 10251, 43
2026/09/16 19:25:16.555, NVIDIA GeForce RTX 4070 SUPER, 12282, 8829, 0, 0, 27.88, 180.00, 2505, 10251, 43
2026/09/16 19:25:16.756, NVIDIA GeForce RTX 4070 SUPER, 12282, 8829, 0, 0, 27.88, 180.00, 2505, 10251, 43
2026/09/16 19:25:16.956, NVIDIA GeForce RTX 4070 SUPER, 12282, 8829, 0, 0, 27.88, 180.00, 2505, 10251, 43
2026/09/16 19:25:17.156, NVIDIA GeForce RTX 4070 SUPER, 12282, 8829, 0, 0, 27.88, 180.00, 2505, 10251, 43
2026/09/16 19:25:17.357, NVIDIA GeForce RTX 4070 SUPER, 12282, 8829, 0, 0, 27.88, 180.00, 2505, 10251, 43
2026/09/16 19:25:17.557, NVIDIA GeForce RTX 4070 SUPER, 12282, 8829, 0, 0, 27.88, 180.00, 2505, 10251, 43
2026/09/16 19:25:17.758, NVIDIA GeForce RTX 4070 SUPER, 12282, 8829, 0, 0, 27.88, 180.00, 2505, 10251, 43
2026/09/16 19:25:17.958, NVIDIA GeForce RTX 4070 SUPER, 12282, 8829, 0, 0, 27.88, 180.00, 2505, 10251, 43
2026/09/16 19:25:18.158, NVIDIA GeForce RTX 4070 SUPER, 12282, 8829, 0, 0, 27.88, 180.00, 2505, 10251, 43
2026/09/16 19:25:18.359, NVIDIA GeForce RTX 4070 SUPER, 12282, 8829, 0, 0, 27.93, 180.00, 2505, 10251, 43
2026/09/16 19:25:18.559, NVIDIA GeForce RTX 4070 SUPER, 12282, 8829, 0, 0, 27.93, 180.00, 2505, 10251, 43
2026/09/16 19:25:18.759, NVIDIA GeForce RTX 4070 SUPER, 12282, 8829, 0, 0, 27.93, 180.00, 2505, 10251, 43
2026/09/16 19:25:18.960, NVIDIA GeForce RTX 4070 SUPER, 12282, 8829, 0, 0, 27.93, 180.00, 2505, 10251, 43
2026/09/16 19:25:19.160, NVIDIA GeForce RTX 4070 SUPER, 12282, 8829, 0, 0, 27.93, 180.00, 2505, 10251, 43
2026/09/16 19:25:19.360, NVIDIA GeForce RTX 4070 SUPER, 12282, 8829, 0, 0, 27.99, 180.00, 2505, 10251, 43
2026/09/16 19:25:19.561, NVIDIA GeForce RTX 4070 SUPER, 12282, 8829, 0, 0, 27.99, 180.00, 2505, 10251, 43
2026/09/16 19:25:19.761, NVIDIA GeForce RTX 4070 SUPER, 12282, 8829, 0, 0, 27.99, 180.00, 2505, 10251, 43
2026/09/16 19:25:19.961, NVIDIA GeForce RTX 4070 SUPER, 12282, 8829, 0, 0, 27.99, 180.00, 2505, 10251, 43
2026/09/16 19:25:20.162, NVIDIA GeForce RTX 4070 SUPER, 12282, 8829, 0, 0, 27.99, 180.00, 2505, 10251, 43
2026/09/16 19:25:20.362, NVIDIA GeForce RTX 4070 SUPER, 12282, 8829, 0, 0, 28.04, 180.00, 2505, 10251, 43
2026/09/16 19:25:20.562, NVIDIA GeForce RTX 4070 SUPER, 12282, 8829, 0, 0, 28.04, 180.00, 2505, 10251, 43
2026/09/16 19:25:20.763, NVIDIA GeForce RTX 4070 SUPER, 12282, 8829, 0, 0, 28.04, 180.00, 2505, 10251, 43
2026/09/16 19:25:20.963, NVIDIA GeForce RTX 4070 SUPER, 12282, 8829, 0, 0, 28.04, 180.00, 2505, 10251, 43
2026/09/16 19:25:21.163, NVIDIA GeForce RTX 4070 SUPER, 12282, 8829, 0, 0, 28.04, 180.00, 2505, 10251, 43
2026/09/16 19:25:21.364, NVIDIA GeForce RTX 4070 SUPER, 12282, 8829, 0, 0, 28.10, 180.00, 2505, 10251, 43
2026/09/16 19:25:21.564, NVIDIA GeForce RTX 4070 SUPER, 12282, 8829, 0, 0, 28.10, 180.00, 2505, 10251, 43
2026/09/16 19:25:21.764, NVIDIA GeForce RTX 4070 SUPER, 12282, 8829, 0, 0, 28.10, 180.00, 2505, 10251, 43
2026/09/16 19:25:21.965, NVIDIA GeForce RTX 4070 SUPER, 12282, 8829, 0, 0, 28.10, 180.00, 2505, 10251, 43
2026/09/16 19:25:22.165, NVIDIA GeForce RTX 4070 SUPER, 12282, 8829, 0, 0, 28.10, 180.00, 2505, 10251, 43
2026/09/16 19:25:22.365, NVIDIA GeForce RTX 4070 SUPER, 12282, 8829, 0, 0, 28.00, 180.00, 2505, 10251, 43
2026/09/16 19:25:22.566, NVIDIA GeForce RTX 4070 SUPER, 12282, 8829, 0, 0, 28.00, 180.00, 2505, 10251, 43
2026/09/16 19:25:22.766, NVIDIA GeForce RTX 4070 SUPER, 12282, 8829, 0, 0, 28.00, 180.00, 2505, 10251, 43
2026/09/16 19:25:22.966, NVIDIA GeForce RTX 4070 SUPER, 12282, 8829, 0, 0, 28.00, 180.00, 2505, 10251, 43
2026/09/16 19:25:23.167, NVIDIA GeForce RTX 4070 SUPER, 12282, 8829, 0, 0, 28.00, 180.00, 2505, 10251, 43
2026/09/16 19:25:23.367, NVIDIA GeForce RTX 4070 SUPER, 12282, 8829, 0, 0, 27.82, 180.00, 2505, 10251, 43
2026/09/16 19:25:23.567, NVIDIA GeForce RTX 4070 SUPER, 12282, 8829, 0, 0, 27.82, 180.00, 2505, 10251, 43
2026/09/16 19:25:23.768, NVIDIA GeForce RTX 4070 SUPER, 12282, 8829, 0, 0, 27.82, 180.00, 2505, 10251, 43
2026/09/16 19:25:23.968, NVIDIA GeForce RTX 4070 SUPER, 12282, 8829, 0, 0, 27.82, 180.00, 2505, 10251, 43
2026/09/16 19:25:24.168, NVIDIA GeForce RTX 4070 SUPER, 12282, 8829, 0, 0, 27.82, 180.00, 2505, 10251, 43
2026/09/16 19:25:24.368, NVIDIA GeForce RTX 4070 SUPER, 12282, 8829, 0, 0, 27.64, 180.00, 2505, 10251, 43
2026/09/16 19:25:24.569, NVIDIA GeForce RTX 4070 SUPER, 12282, 8829, 0, 0, 27.64, 180.00, 2505, 10251, 43
2026/09/16 19:25:24.769, NVIDIA GeForce RTX 4070 SUPER, 12282, 8829, 0, 0, 27.64, 180.00, 2505, 10251, 43
2026/09/16 19:25:24.969, NVIDIA GeForce RTX 4070 SUPER, 12282, 8829, 0, 0, 27.64, 180.00, 2505, 10251, 43
2026/09/16 19:25:25.170, NVIDIA GeForce RTX 4070 SUPER, 12282, 8829, 0, 0, 27.64, 180.00, 2505, 10251, 43
2026/09/16 19:25:25.370, NVIDIA GeForce RTX 4070 SUPER, 12282, 8829, 0, 0, 27.56, 180.00, 2505, 10251, 43
2026/09/16 19:25:25.571, NVIDIA GeForce RTX 4070 SUPER, 12282, 8829, 0, 0, 27.56, 180.00, 2505, 10251, 43
2026/09/16 19:25:25.771, NVIDIA GeForce RTX 4070 SUPER, 12282, 8829, 0, 0, 27.56, 180.00, 2505, 10251, 43
2026/09/16 19:25:25.971, NVIDIA GeForce RTX 4070 SUPER, 12282, 8829, 0, 0, 27.56, 180.00, 2505, 10251, 43
2026/09/16 19:25:26.172, NVIDIA GeForce RTX 4070 SUPER, 12282, 8829, 0, 0, 27.56, 180.00, 2505, 10251, 43
2026/09/16 19:25:26.372, NVIDIA GeForce RTX 4070 SUPER, 12282, 8829, 0, 0, 27.63, 180.00, 2505, 10251, 43
2026/09/16 19:25:26.572, NVIDIA GeForce RTX 4070 SUPER, 12282, 8829, 0, 0, 27.63, 180.00, 2505, 10251, 43
2026/09/16 19:25:26.773, NVIDIA GeForce RTX 4070 SUPER, 12282, 8829, 0, 0, 27.63, 180.00, 2505, 10251, 43
2026/09/16 19:25:26.973, NVIDIA GeForce RTX 4070 SUPER, 12282, 8829, 0, 0, 27.63, 180.00, 2505, 10251, 43
2026/09/16 19:25:27.173, NVIDIA GeForce RTX 4070 SUPER, 12282, 8829, 0, 0, 27.63, 180.00, 2505, 10251, 43
2026/09/16 19:25:27.374, NVIDIA GeForce RTX 4070 SUPER, 12282, 8829, 0, 0, 27.67, 180.00, 2505, 10251, 43
2026/09/16 19:25:27.574, NVIDIA GeForce RTX 4070 SUPER, 12282, 8829, 0, 0, 27.67, 180.00, 2505, 10251, 43
2026/09/16 19:25:27.774, NVIDIA GeForce RTX 4070 SUPER, 12282, 8829, 0, 0, 27.67, 180.00, 2505, 10251, 43
2026/09/16 19:25:27.975, NVIDIA GeForce RTX 4070 SUPER, 12282, 8829, 0, 0, 27.67, 180.00, 2505, 10251, 43
2026/09/16 19:25:28.175, NVIDIA GeForce RTX 4070 SUPER, 12282, 8829, 0, 0, 27.67, 180.00, 2505, 10251, 43
2026/09/16 19:25:28.375, NVIDIA GeForce RTX 4070 SUPER, 12282, 8829, 0, 0, 27.63, 180.00, 2505, 10251, 43
2026/09/16 19:25:28.575, NVIDIA GeForce RTX 4070 SUPER, 12282, 8829, 0, 0, 27.63, 180.00, 2505, 10251, 43
2026/09/16 19:25:28.776, NVIDIA GeForce RTX 4070 SUPER, 12282, 8829, 0, 0, 27.63, 180.00, 2505, 10251, 43
2026/09/16 19:25:28.976, NVIDIA GeForce RTX 4070 SUPER, 12282, 8829, 0, 0, 27.63, 180.00, 2505, 10251, 43
2026/09/16 19:25:29.177, NVIDIA GeForce RTX 4070 SUPER, 12282, 8829, 0, 0, 27.63, 180.00, 2505, 10251, 43
2026/09/16 19:25:29.377, NVIDIA GeForce RTX 4070 SUPER, 12282, 8829, 0, 0, 25.68, 180.00, 480, 810, 42
2026/09/16 19:25:29.577, NVIDIA GeForce RTX 4070 SUPER, 12282, 8829, 0, 0, 25.68, 180.00, 480, 810, 42
2026/09/16 19:25:29.778, NVIDIA GeForce RTX 4070 SUPER, 12282, 8829, 0, 0, 25.68, 180.00, 480, 810, 42
2026/09/16 19:25:29.978, NVIDIA GeForce RTX 4070 SUPER, 12282, 8829, 0, 0, 25.68, 180.00, 480, 810, 42
2026/09/16 19:25:30.179, NVIDIA GeForce RTX 4070 SUPER, 12282, 8829, 0, 0, 25.68, 180.00, 480, 810, 42
2026/09/16 19:25:30.379, NVIDIA GeForce RTX 4070 SUPER, 12282, 8829, 0, 0, 17.77, 180.00, 300, 810, 42
2026/09/16 19:25:30.579, NVIDIA GeForce RTX 4070 SUPER, 12282, 8829, 0, 0, 17.77, 180.00, 300, 810, 42
2026/09/16 19:25:30.780, NVIDIA GeForce RTX 4070 SUPER, 12282, 8829, 0, 0, 17.77, 180.00, 300, 810, 42
2026/09/16 19:25:30.980, NVIDIA GeForce RTX 4070 SUPER, 12282, 8829, 0, 0, 17.77, 180.00, 300, 810, 42
2026/09/16 19:25:31.181, NVIDIA GeForce RTX 4070 SUPER, 12282, 8829, 0, 0, 17.77, 180.00, 300, 810, 42
2026/09/16 19:25:31.381, NVIDIA GeForce RTX 4070 SUPER, 12282, 8829, 0, 0, 10.70, 180.00, 210, 405, 41
2026/09/16 19:25:31.582, NVIDIA GeForce RTX 4070 SUPER, 12282, 8829, 0, 0, 10.70, 180.00, 210, 405, 41
2026/09/16 19:25:31.782, NVIDIA GeForce RTX 4070 SUPER, 12282, 8829, 0, 0, 10.70, 180.00, 210, 405, 41
2026/09/16 19:25:31.983, NVIDIA GeForce RTX 4070 SUPER, 12282, 8829, 0, 0, 10.70, 180.00, 210, 405, 41
2026/09/16 19:25:32.183, NVIDIA GeForce RTX 4070 SUPER, 12282, 8829, 0, 0, 10.70, 180.00, 210, 405, 41
2026/09/16 19:25:32.384, NVIDIA GeForce RTX 4070 SUPER, 12282, 8829, 0, 0, 9.46, 180.00, 210, 405, 41
2026/09/16 19:25:32.584, NVIDIA GeForce RTX 4070 SUPER, 12282, 8829, 0, 0, 9.46, 180.00, 210, 405, 41
2026/09/16 19:25:32.785, NVIDIA GeForce RTX 4070 SUPER, 12282, 8829, 0, 0, 10.27, 180.00, 2505, 10251, 42
2026/09/16 19:25:32.985, NVIDIA GeForce RTX 4070 SUPER, 12282, 8829, 0, 0, 10.27, 180.00, 2505, 10251, 42
2026/09/16 19:25:33.185, NVIDIA GeForce RTX 4070 SUPER, 12282, 8829, 0, 0, 10.27, 180.00, 2505, 10251, 42
2026/09/16 19:25:33.386, NVIDIA GeForce RTX 4070 SUPER, 12282, 8829, 0, 0, 19.17, 180.00, 2505, 10251, 42
2026/09/16 19:25:33.586, NVIDIA GeForce RTX 4070 SUPER, 12282, 8829, 0, 0, 19.17, 180.00, 2505, 10251, 42
2026/09/16 19:25:33.787, NVIDIA GeForce RTX 4070 SUPER, 12282, 8831, 99, 92, 64.00, 180.00, 2790, 10251, 48
2026/09/16 19:25:33.987, NVIDIA GeForce RTX 4070 SUPER, 12282, 8831, 99, 92, 64.00, 180.00, 2790, 10251, 48
2026/09/16 19:25:34.187, NVIDIA GeForce RTX 4070 SUPER, 12282, 8831, 100, 34, 131.68, 180.00, 2760, 10251, 55
2026/09/16 19:25:34.388, NVIDIA GeForce RTX 4070 SUPER, 12282, 8893, 100, 34, 131.68, 180.00, 2760, 10251, 55
2026/09/16 19:25:34.588, NVIDIA GeForce RTX 4070 SUPER, 12282, 8893, 100, 34, 131.68, 180.00, 2760, 10251, 55
2026/09/16 19:25:34.789, NVIDIA GeForce RTX 4070 SUPER, 12282, 8893, 100, 25, 174.21, 180.00, 2625, 10251, 58
2026/09/16 19:25:34.989, NVIDIA GeForce RTX 4070 SUPER, 12282, 8893, 100, 25, 174.21, 180.00, 2625, 10251, 58
2026/09/16 19:25:35.190, NVIDIA GeForce RTX 4070 SUPER, 12282, 8893, 100, 26, 178.65, 180.00, 2610, 10251, 59
2026/09/16 19:25:35.390, NVIDIA GeForce RTX 4070 SUPER, 12282, 8893, 100, 26, 178.65, 180.00, 2610, 10251, 59
2026/09/16 19:25:35.591, NVIDIA GeForce RTX 4070 SUPER, 12282, 8893, 100, 26, 178.65, 180.00, 2610, 10251, 59
2026/09/16 19:25:35.791, NVIDIA GeForce RTX 4070 SUPER, 12282, 8893, 99, 28, 178.09, 180.00, 2670, 10251, 59
2026/09/16 19:25:35.992, NVIDIA GeForce RTX 4070 SUPER, 12282, 8893, 99, 28, 178.09, 180.00, 2670, 10251, 59
2026/09/16 19:25:36.192, NVIDIA GeForce RTX 4070 SUPER, 12282, 8893, 100, 26, 179.22, 180.00, 2625, 10251, 59
2026/09/16 19:25:36.393, NVIDIA GeForce RTX 4070 SUPER, 12282, 8893, 100, 26, 179.22, 180.00, 2625, 10251, 59
2026/09/16 19:25:36.593, NVIDIA GeForce RTX 4070 SUPER, 12282, 8893, 100, 26, 179.22, 180.00, 2625, 10251, 59
2026/09/16 19:25:36.794, NVIDIA GeForce RTX 4070 SUPER, 12282, 8893, 100, 35, 179.67, 180.00, 2700, 10251, 59
2026/09/16 19:25:36.994, NVIDIA GeForce RTX 4070 SUPER, 12282, 8893, 100, 35, 179.67, 180.00, 2700, 10251, 59
2026/09/16 19:25:37.194, NVIDIA GeForce RTX 4070 SUPER, 12282, 8893, 100, 30, 179.62, 180.00, 2595, 10251, 60
2026/09/16 19:25:37.395, NVIDIA GeForce RTX 4070 SUPER, 12282, 8893, 100, 30, 179.62, 180.00, 2595, 10251, 60
2026/09/16 19:25:37.595, NVIDIA GeForce RTX 4070 SUPER, 12282, 8893, 100, 30, 179.62, 180.00, 2595, 10251, 60
2026/09/16 19:25:37.795, NVIDIA GeForce RTX 4070 SUPER, 12282, 8893, 99, 32, 179.23, 180.00, 2655, 10251, 60
2026/09/16 19:25:37.996, NVIDIA GeForce RTX 4070 SUPER, 12282, 8893, 99, 32, 179.23, 180.00, 2655, 10251, 60
2026/09/16 19:25:38.196, NVIDIA GeForce RTX 4070 SUPER, 12282, 8893, 100, 32, 179.52, 180.00, 2595, 10251, 60
2026/09/16 19:25:38.397, NVIDIA GeForce RTX 4070 SUPER, 12282, 8893, 100, 32, 179.52, 180.00, 2595, 10251, 60
2026/09/16 19:25:38.597, NVIDIA GeForce RTX 4070 SUPER, 12282, 8893, 100, 32, 179.52, 180.00, 2595, 10251, 60
2026/09/16 19:25:38.798, NVIDIA GeForce RTX 4070 SUPER, 12282, 8893, 100, 30, 179.61, 180.00, 2595, 10251, 60
2026/09/16 19:25:38.998, NVIDIA GeForce RTX 4070 SUPER, 12282, 8893, 100, 30, 179.61, 180.00, 2595, 10251, 60
2026/09/16 19:25:39.198, NVIDIA GeForce RTX 4070 SUPER, 12282, 8893, 99, 36, 179.50, 180.00, 2670, 10251, 60
2026/09/16 19:25:39.399, NVIDIA GeForce RTX 4070 SUPER, 12282, 8893, 99, 36, 179.50, 180.00, 2670, 10251, 60
2026/09/16 19:25:39.599, NVIDIA GeForce RTX 4070 SUPER, 12282, 8893, 99, 36, 179.50, 180.00, 2670, 10251, 60
2026/09/16 19:25:39.800, NVIDIA GeForce RTX 4070 SUPER, 12282, 8893, 0, 0, 132.49, 180.00, 2790, 10251, 49
2026/09/16 19:25:40.000, NVIDIA GeForce RTX 4070 SUPER, 12282, 8893, 0, 0, 132.49, 180.00, 2790, 10251, 49
2026/09/16 19:25:40.200, NVIDIA GeForce RTX 4070 SUPER, 12282, 8893, 0, 0, 69.74, 180.00, 2790, 10251, 48
2026/09/16 19:25:40.401, NVIDIA GeForce RTX 4070 SUPER, 12282, 8893, 0, 0, 69.74, 180.00, 2790, 10251, 48
2026/09/16 19:25:40.601, NVIDIA GeForce RTX 4070 SUPER, 12282, 8895, 0, 0, 69.74, 180.00, 2790, 10251, 48
2026/09/16 19:25:40.801, NVIDIA GeForce RTX 4070 SUPER, 12282, 8895, 0, 0, 41.80, 180.00, 2790, 10251, 47
2026/09/16 19:25:41.002, NVIDIA GeForce RTX 4070 SUPER, 12282, 8895, 0, 0, 41.80, 180.00, 2790, 10251, 47
2026/09/16 19:25:41.202, NVIDIA GeForce RTX 4070 SUPER, 12282, 8895, 100, 24, 73.00, 180.00, 2670, 10251, 58
2026/09/16 19:25:41.404, NVIDIA GeForce RTX 4070 SUPER, 12282, 7211, 100, 24, 73.00, 180.00, 2670, 10251, 58
2026/09/16 19:25:41.604, NVIDIA GeForce RTX 4070 SUPER, 12282, 7211, 100, 24, 73.00, 180.00, 2670, 10251, 58
2026/09/16 19:25:41.804, NVIDIA GeForce RTX 4070 SUPER, 12282, 7211, 0, 0, 88.35, 180.00, 2790, 10251, 48
2026/09/16 19:25:42.005, NVIDIA GeForce RTX 4070 SUPER, 12282, 7211, 0, 0, 88.35, 180.00, 2790, 10251, 48
2026/09/16 19:25:42.205, NVIDIA GeForce RTX 4070 SUPER, 12282, 7211, 0, 0, 68.00, 180.00, 2790, 10251, 47
2026/09/16 19:25:42.405, NVIDIA GeForce RTX 4070 SUPER, 12282, 7211, 0, 0, 68.00, 180.00, 2790, 10251, 47
2026/09/16 19:25:42.606, NVIDIA GeForce RTX 4070 SUPER, 12282, 7211, 0, 0, 68.00, 180.00, 2790, 10251, 47
2026/09/16 19:25:42.806, NVIDIA GeForce RTX 4070 SUPER, 12282, 7211, 0, 0, 68.00, 180.00, 2790, 10251, 47
2026/09/16 19:25:43.006, NVIDIA GeForce RTX 4070 SUPER, 12282, 7211, 0, 0, 68.00, 180.00, 2790, 10251, 47
2026/09/16 19:25:43.207, NVIDIA GeForce RTX 4070 SUPER, 12282, 7211, 0, 0, 56.32, 180.00, 2790, 10251, 47
2026/09/16 19:25:43.407, NVIDIA GeForce RTX 4070 SUPER, 12282, 7211, 0, 0, 56.32, 180.00, 2790, 10251, 47
2026/09/16 19:25:43.607, NVIDIA GeForce RTX 4070 SUPER, 12282, 7211, 0, 0, 56.32, 180.00, 2790, 10251, 47
2026/09/16 19:25:43.808, NVIDIA GeForce RTX 4070 SUPER, 12282, 7211, 0, 0, 39.30, 180.00, 2505, 10251, 46
2026/09/16 19:25:44.008, NVIDIA GeForce RTX 4070 SUPER, 12282, 7211, 0, 0, 39.30, 180.00, 2505, 10251, 46
2026/09/16 19:25:44.208, NVIDIA GeForce RTX 4070 SUPER, 12282, 7211, 0, 0, 39.30, 180.00, 2505, 10251, 46
2026/09/16 19:25:44.409, NVIDIA GeForce RTX 4070 SUPER, 12282, 7211, 0, 0, 39.30, 180.00, 2505, 10251, 46
2026/09/16 19:25:44.609, NVIDIA GeForce RTX 4070 SUPER, 12282, 7211, 0, 0, 39.30, 180.00, 2505, 10251, 46
2026/09/16 19:25:44.810, NVIDIA GeForce RTX 4070 SUPER, 12282, 7211, 0, 0, 33.80, 180.00, 2505, 10251, 46
2026/09/16 19:25:45.010, NVIDIA GeForce RTX 4070 SUPER, 12282, 7211, 0, 0, 33.80, 180.00, 2505, 10251, 46
2026/09/16 19:25:45.210, NVIDIA GeForce RTX 4070 SUPER, 12282, 7211, 0, 0, 33.80, 180.00, 2505, 10251, 46
2026/09/16 19:25:45.411, NVIDIA GeForce RTX 4070 SUPER, 12282, 7211, 0, 0, 33.80, 180.00, 2505, 10251, 46
2026/09/16 19:25:45.611, NVIDIA GeForce RTX 4070 SUPER, 12282, 7211, 0, 0, 33.80, 180.00, 2505, 10251, 46
2026/09/16 19:25:45.811, NVIDIA GeForce RTX 4070 SUPER, 12282, 7211, 0, 0, 28.17, 180.00, 2505, 10251, 45
2026/09/16 19:25:46.012, NVIDIA GeForce RTX 4070 SUPER, 12282, 7211, 0, 0, 28.17, 180.00, 2505, 10251, 45
2026/09/16 19:25:46.212, NVIDIA GeForce RTX 4070 SUPER, 12282, 7211, 0, 0, 28.17, 180.00, 2505, 10251, 45
2026/09/16 19:25:46.413, NVIDIA GeForce RTX 4070 SUPER, 12282, 7211, 0, 0, 28.17, 180.00, 2505, 10251, 45
2026/09/16 19:25:46.613, NVIDIA GeForce RTX 4070 SUPER, 12282, 7211, 0, 0, 28.17, 180.00, 2505, 10251, 45
2026/09/16 19:25:46.813, NVIDIA GeForce RTX 4070 SUPER, 12282, 7211, 0, 0, 28.02, 180.00, 2505, 10251, 45
2026/09/16 19:25:47.014, NVIDIA GeForce RTX 4070 SUPER, 12282, 7211, 0, 0, 28.02, 180.00, 2505, 10251, 45
2026/09/16 19:25:47.214, NVIDIA GeForce RTX 4070 SUPER, 12282, 7211, 0, 0, 28.02, 180.00, 2505, 10251, 45
2026/09/16 19:25:47.414, NVIDIA GeForce RTX 4070 SUPER, 12282, 7211, 0, 0, 28.02, 180.00, 2505, 10251, 45
2026/09/16 19:25:47.615, NVIDIA GeForce RTX 4070 SUPER, 12282, 7211, 0, 0, 28.02, 180.00, 2505, 10251, 45
2026/09/16 19:25:47.815, NVIDIA GeForce RTX 4070 SUPER, 12282, 7211, 0, 0, 28.02, 180.00, 2505, 10251, 45
2026/09/16 19:25:48.015, NVIDIA GeForce RTX 4070 SUPER, 12282, 7211, 0, 0, 28.02, 180.00, 2505, 10251, 45
2026/09/16 19:25:48.216, NVIDIA GeForce RTX 4070 SUPER, 12282, 7211, 0, 0, 28.02, 180.00, 2505, 10251, 45
2026/09/16 19:25:48.416, NVIDIA GeForce RTX 4070 SUPER, 12282, 7211, 0, 0, 28.02, 180.00, 2505, 10251, 45
2026/09/16 19:25:48.616, NVIDIA GeForce RTX 4070 SUPER, 12282, 7211, 0, 0, 28.02, 180.00, 2505, 10251, 45
2026/09/16 19:25:48.817, NVIDIA GeForce RTX 4070 SUPER, 12282, 7211, 0, 0, 27.94, 180.00, 2505, 10251, 45
2026/09/16 19:25:49.017, NVIDIA GeForce RTX 4070 SUPER, 12282, 7211, 0, 0, 27.94, 180.00, 2505, 10251, 45
2026/09/16 19:25:49.217, NVIDIA GeForce RTX 4070 SUPER, 12282, 7211, 0, 0, 27.94, 180.00, 2505, 10251, 45
2026/09/16 19:25:49.418, NVIDIA GeForce RTX 4070 SUPER, 12282, 7211, 0, 0, 27.94, 180.00, 2505, 10251, 45
2026/09/16 19:25:49.618, NVIDIA GeForce RTX 4070 SUPER, 12282, 7211, 0, 0, 27.94, 180.00, 2505, 10251, 45
2026/09/16 19:25:49.819, NVIDIA GeForce RTX 4070 SUPER, 12282, 7211, 0, 0, 27.87, 180.00, 2505, 10251, 45
2026/09/16 19:25:50.019, NVIDIA GeForce RTX 4070 SUPER, 12282, 7211, 0, 0, 27.87, 180.00, 2505, 10251, 45
2026/09/16 19:25:50.219, NVIDIA GeForce RTX 4070 SUPER, 12282, 7211, 0, 0, 27.87, 180.00, 2505, 10251, 45
2026/09/16 19:25:50.420, NVIDIA GeForce RTX 4070 SUPER, 12282, 7211, 0, 0, 27.87, 180.00, 2505, 10251, 45
2026/09/16 19:25:50.620, NVIDIA GeForce RTX 4070 SUPER, 12282, 7211, 0, 0, 27.87, 180.00, 2505, 10251, 45
2026/09/16 19:25:50.820, NVIDIA GeForce RTX 4070 SUPER, 12282, 7211, 0, 0, 27.91, 180.00, 2505, 10251, 45
2026/09/16 19:25:51.021, NVIDIA GeForce RTX 4070 SUPER, 12282, 7211, 0, 0, 27.91, 180.00, 2505, 10251, 45
2026/09/16 19:25:51.221, NVIDIA GeForce RTX 4070 SUPER, 12282, 7211, 0, 0, 27.99, 180.00, 2505, 10251, 45
2026/09/16 19:25:51.421, NVIDIA GeForce RTX 4070 SUPER, 12282, 7211, 0, 0, 27.99, 180.00, 2505, 10251, 45
2026/09/16 19:25:51.622, NVIDIA GeForce RTX 4070 SUPER, 12282, 7211, 0, 0, 27.99, 180.00, 2505, 10251, 45
2026/09/16 19:25:51.822, NVIDIA GeForce RTX 4070 SUPER, 12282, 7459, 0, 0, 28.17, 180.00, 2505, 10251, 45
2026/09/16 19:25:52.022, NVIDIA GeForce RTX 4070 SUPER, 12282, 7669, 0, 0, 28.17, 180.00, 2505, 10251, 45
2026/09/16 19:25:52.223, NVIDIA GeForce RTX 4070 SUPER, 12282, 7803, 100, 26, 65.70, 180.00, 2625, 10251, 58
2026/09/16 19:25:52.423, NVIDIA GeForce RTX 4070 SUPER, 12282, 8401, 100, 26, 65.70, 180.00, 2625, 10251, 58
2026/09/16 19:25:52.624, NVIDIA GeForce RTX 4070 SUPER, 12282, 8401, 100, 26, 65.70, 180.00, 2625, 10251, 58
2026/09/16 19:25:52.824, NVIDIA GeForce RTX 4070 SUPER, 12282, 8401, 99, 27, 134.11, 180.00, 2670, 10251, 60
2026/09/16 19:25:53.025, NVIDIA GeForce RTX 4070 SUPER, 12282, 8401, 99, 27, 134.11, 180.00, 2670, 10251, 60
2026/09/16 19:25:53.225, NVIDIA GeForce RTX 4070 SUPER, 12282, 8401, 100, 30, 174.43, 180.00, 2610, 10251, 60
2026/09/16 19:25:53.426, NVIDIA GeForce RTX 4070 SUPER, 12282, 8401, 100, 30, 174.43, 180.00, 2610, 10251, 60
2026/09/16 19:25:53.626, NVIDIA GeForce RTX 4070 SUPER, 12282, 8401, 100, 30, 174.43, 180.00, 2610, 10251, 60
2026/09/16 19:25:53.827, NVIDIA GeForce RTX 4070 SUPER, 12282, 8401, 100, 30, 175.59, 180.00, 2610, 10251, 60
2026/09/16 19:25:54.027, NVIDIA GeForce RTX 4070 SUPER, 12282, 8401, 100, 30, 175.59, 180.00, 2610, 10251, 60
2026/09/16 19:25:54.228, NVIDIA GeForce RTX 4070 SUPER, 12282, 8401, 99, 28, 179.43, 180.00, 2670, 10251, 60
2026/09/16 19:25:54.428, NVIDIA GeForce RTX 4070 SUPER, 12282, 8401, 99, 28, 179.43, 180.00, 2670, 10251, 60
2026/09/16 19:25:54.629, NVIDIA GeForce RTX 4070 SUPER, 12282, 8401, 99, 28, 179.43, 180.00, 2670, 10251, 60
2026/09/16 19:25:54.829, NVIDIA GeForce RTX 4070 SUPER, 12282, 8401, 100, 30, 175.94, 180.00, 2610, 10251, 61
2026/09/16 19:25:55.029, NVIDIA GeForce RTX 4070 SUPER, 12282, 8401, 100, 30, 175.94, 180.00, 2610, 10251, 61
2026/09/16 19:25:55.230, NVIDIA GeForce RTX 4070 SUPER, 12282, 8401, 99, 29, 176.97, 180.00, 2595, 10251, 61
2026/09/16 19:25:55.430, NVIDIA GeForce RTX 4070 SUPER, 12282, 8401, 99, 29, 176.97, 180.00, 2595, 10251, 61
2026/09/16 19:25:55.631, NVIDIA GeForce RTX 4070 SUPER, 12282, 8401, 99, 29, 176.97, 180.00, 2595, 10251, 61
2026/09/16 19:25:55.831, NVIDIA GeForce RTX 4070 SUPER, 12282, 8401, 100, 30, 177.87, 180.00, 2610, 10251, 62
2026/09/16 19:25:56.032, NVIDIA GeForce RTX 4070 SUPER, 12282, 8401, 100, 30, 177.87, 180.00, 2610, 10251, 62
2026/09/16 19:25:56.232, NVIDIA GeForce RTX 4070 SUPER, 12282, 8401, 100, 30, 178.23, 180.00, 2595, 10251, 62
2026/09/16 19:25:56.433, NVIDIA GeForce RTX 4070 SUPER, 12282, 8401, 100, 30, 178.23, 180.00, 2595, 10251, 62
2026/09/16 19:25:56.633, NVIDIA GeForce RTX 4070 SUPER, 12282, 8401, 100, 30, 178.23, 180.00, 2595, 10251, 62
2026/09/16 19:25:56.834, NVIDIA GeForce RTX 4070 SUPER, 12282, 8401, 99, 27, 179.35, 180.00, 2655, 10251, 62
2026/09/16 19:25:57.034, NVIDIA GeForce RTX 4070 SUPER, 12282, 8401, 99, 27, 179.35, 180.00, 2655, 10251, 62
2026/09/16 19:25:57.235, NVIDIA GeForce RTX 4070 SUPER, 12282, 8401, 100, 30, 177.82, 180.00, 2610, 10251, 62
2026/09/16 19:25:57.435, NVIDIA GeForce RTX 4070 SUPER, 12282, 8401, 100, 30, 177.82, 180.00, 2610, 10251, 62
2026/09/16 19:25:57.636, NVIDIA GeForce RTX 4070 SUPER, 12282, 8401, 100, 30, 177.82, 180.00, 2610, 10251, 62
2026/09/16 19:25:57.836, NVIDIA GeForce RTX 4070 SUPER, 12282, 8401, 99, 28, 179.01, 180.00, 2625, 10251, 62
2026/09/16 19:25:58.036, NVIDIA GeForce RTX 4070 SUPER, 12282, 8401, 99, 28, 179.01, 180.00, 2625, 10251, 62
2026/09/16 19:25:58.237, NVIDIA GeForce RTX 4070 SUPER, 12282, 8401, 100, 30, 177.96, 180.00, 2595, 10251, 63
2026/09/16 19:25:58.437, NVIDIA GeForce RTX 4070 SUPER, 12282, 8401, 100, 30, 177.96, 180.00, 2595, 10251, 63
2026/09/16 19:25:58.638, NVIDIA GeForce RTX 4070 SUPER, 12282, 8401, 100, 30, 177.96, 180.00, 2595, 10251, 63
2026/09/16 19:25:58.838, NVIDIA GeForce RTX 4070 SUPER, 12282, 8401, 100, 30, 178.36, 180.00, 2595, 10251, 63
2026/09/16 19:25:59.039, NVIDIA GeForce RTX 4070 SUPER, 12282, 8401, 100, 30, 178.36, 180.00, 2595, 10251, 63
2026/09/16 19:25:59.239, NVIDIA GeForce RTX 4070 SUPER, 12282, 8401, 99, 28, 179.54, 180.00, 2655, 10251, 63
2026/09/16 19:25:59.440, NVIDIA GeForce RTX 4070 SUPER, 12282, 8401, 99, 28, 179.54, 180.00, 2655, 10251, 63
2026/09/16 19:25:59.640, NVIDIA GeForce RTX 4070 SUPER, 12282, 8401, 99, 28, 179.54, 180.00, 2655, 10251, 63
2026/09/16 19:25:59.841, NVIDIA GeForce RTX 4070 SUPER, 12282, 8401, 100, 30, 177.90, 180.00, 2595, 10251, 63
2026/09/16 19:26:00.041, NVIDIA GeForce RTX 4070 SUPER, 12282, 8401, 100, 30, 177.90, 180.00, 2595, 10251, 63
2026/09/16 19:26:00.241, NVIDIA GeForce RTX 4070 SUPER, 12282, 8401, 99, 29, 178.86, 180.00, 2610, 10251, 63
2026/09/16 19:26:00.442, NVIDIA GeForce RTX 4070 SUPER, 12282, 8401, 99, 29, 178.86, 180.00, 2610, 10251, 63
2026/09/16 19:26:00.642, NVIDIA GeForce RTX 4070 SUPER, 12282, 8401, 99, 29, 178.86, 180.00, 2610, 10251, 63
2026/09/16 19:26:00.843, NVIDIA GeForce RTX 4070 SUPER, 12282, 8401, 100, 30, 178.80, 180.00, 2595, 10251, 63
2026/09/16 19:26:01.043, NVIDIA GeForce RTX 4070 SUPER, 12282, 8401, 100, 30, 178.80, 180.00, 2595, 10251, 63
2026/09/16 19:26:01.244, NVIDIA GeForce RTX 4070 SUPER, 12282, 8401, 100, 30, 178.92, 180.00, 2610, 10251, 63
2026/09/16 19:26:01.445, NVIDIA GeForce RTX 4070 SUPER, 12282, 8401, 100, 30, 178.92, 180.00, 2610, 10251, 63
2026/09/16 19:26:01.645, NVIDIA GeForce RTX 4070 SUPER, 12282, 8401, 100, 30, 178.92, 180.00, 2610, 10251, 63
2026/09/16 19:26:01.846, NVIDIA GeForce RTX 4070 SUPER, 12282, 8401, 99, 27, 179.04, 180.00, 2655, 10251, 63
2026/09/16 19:26:02.046, NVIDIA GeForce RTX 4070 SUPER, 12282, 8401, 99, 27, 179.04, 180.00, 2655, 10251, 63
2026/09/16 19:26:02.246, NVIDIA GeForce RTX 4070 SUPER, 12282, 8401, 100, 30, 177.98, 180.00, 2595, 10251, 64
2026/09/16 19:26:02.447, NVIDIA GeForce RTX 4070 SUPER, 12282, 8401, 100, 30, 177.98, 180.00, 2595, 10251, 64
2026/09/16 19:26:02.647, NVIDIA GeForce RTX 4070 SUPER, 12282, 8401, 100, 30, 177.98, 180.00, 2595, 10251, 64
2026/09/16 19:26:02.848, NVIDIA GeForce RTX 4070 SUPER, 12282, 8401, 99, 28, 178.75, 180.00, 2595, 10251, 62
2026/09/16 19:26:03.048, NVIDIA GeForce RTX 4070 SUPER, 12282, 8401, 99, 28, 178.75, 180.00, 2595, 10251, 62
2026/09/16 19:26:03.249, NVIDIA GeForce RTX 4070 SUPER, 12282, 8401, 0, 0, 159.58, 180.00, 2790, 10251, 53
2026/09/16 19:26:03.449, NVIDIA GeForce RTX 4070 SUPER, 12282, 8401, 0, 0, 159.58, 180.00, 2790, 10251, 53
2026/09/16 19:26:03.649, NVIDIA GeForce RTX 4070 SUPER, 12282, 8401, 0, 0, 159.58, 180.00, 2790, 10251, 53
2026/09/16 19:26:03.850, NVIDIA GeForce RTX 4070 SUPER, 12282, 8401, 0, 0, 96.79, 180.00, 2790, 10251, 51
2026/09/16 19:26:04.050, NVIDIA GeForce RTX 4070 SUPER, 12282, 8401, 0, 0, 96.79, 180.00, 2790, 10251, 51
2026/09/16 19:26:04.250, NVIDIA GeForce RTX 4070 SUPER, 12282, 8401, 0, 0, 59.86, 180.00, 2790, 10251, 51
2026/09/16 19:26:04.451, NVIDIA GeForce RTX 4070 SUPER, 12282, 8401, 0, 0, 59.86, 180.00, 2790, 10251, 51
2026/09/16 19:26:04.651, NVIDIA GeForce RTX 4070 SUPER, 12282, 8401, 0, 0, 59.86, 180.00, 2790, 10251, 51
2026/09/16 19:26:04.851, NVIDIA GeForce RTX 4070 SUPER, 12282, 8401, 0, 0, 59.86, 180.00, 2790, 10251, 51
2026/09/16 19:26:05.052, NVIDIA GeForce RTX 4070 SUPER, 12282, 8401, 0, 0, 59.86, 180.00, 2790, 10251, 51
2026/09/16 19:26:05.252, NVIDIA GeForce RTX 4070 SUPER, 12282, 8401, 0, 0, 38.96, 180.00, 2505, 10251, 49
2026/09/16 19:26:05.452, NVIDIA GeForce RTX 4070 SUPER, 12282, 8401, 0, 0, 38.96, 180.00, 2505, 10251, 49
2026/09/16 19:26:05.653, NVIDIA GeForce RTX 4070 SUPER, 12282, 8401, 0, 0, 38.96, 180.00, 2505, 10251, 49
2026/09/16 19:26:05.853, NVIDIA GeForce RTX 4070 SUPER, 12282, 8401, 0, 0, 38.96, 180.00, 2505, 10251, 49
2026/09/16 19:26:06.054, NVIDIA GeForce RTX 4070 SUPER, 12282, 8401, 0, 0, 38.96, 180.00, 2505, 10251, 49
2026/09/16 19:26:06.254, NVIDIA GeForce RTX 4070 SUPER, 12282, 8401, 0, 0, 33.74, 180.00, 2505, 10251, 48
2026/09/16 19:26:06.454, NVIDIA GeForce RTX 4070 SUPER, 12282, 8401, 0, 0, 33.74, 180.00, 2505, 10251, 48
2026/09/16 19:26:06.655, NVIDIA GeForce RTX 4070 SUPER, 12282, 8401, 0, 0, 33.74, 180.00, 2505, 10251, 48
2026/09/16 19:26:06.855, NVIDIA GeForce RTX 4070 SUPER, 12282, 8401, 0, 0, 33.74, 180.00, 2505, 10251, 48
2026/09/16 19:26:07.056, NVIDIA GeForce RTX 4070 SUPER, 12282, 8401, 0, 0, 33.74, 180.00, 2505, 10251, 48
2026/09/16 19:26:07.256, NVIDIA GeForce RTX 4070 SUPER, 12282, 8401, 0, 0, 28.37, 180.00, 2505, 10251, 48
2026/09/16 19:26:07.456, NVIDIA GeForce RTX 4070 SUPER, 12282, 8401, 0, 0, 28.37, 180.00, 2505, 10251, 48
2026/09/16 19:26:07.657, NVIDIA GeForce RTX 4070 SUPER, 12282, 8401, 0, 0, 28.37, 180.00, 2505, 10251, 48
2026/09/16 19:26:07.857, NVIDIA GeForce RTX 4070 SUPER, 12282, 8401, 0, 0, 28.37, 180.00, 2505, 10251, 48
2026/09/16 19:26:08.057, NVIDIA GeForce RTX 4070 SUPER, 12282, 8401, 0, 0, 28.37, 180.00, 2505, 10251, 48
2026/09/16 19:26:08.258, NVIDIA GeForce RTX 4070 SUPER, 12282, 8401, 0, 0, 28.02, 180.00, 2505, 10251, 47
2026/09/16 19:26:08.458, NVIDIA GeForce RTX 4070 SUPER, 12282, 8401, 0, 0, 28.02, 180.00, 2505, 10251, 47
2026/09/16 19:26:08.659, NVIDIA GeForce RTX 4070 SUPER, 12282, 8401, 0, 0, 28.02, 180.00, 2505, 10251, 47
2026/09/16 19:26:08.859, NVIDIA GeForce RTX 4070 SUPER, 12282, 8401, 0, 0, 28.02, 180.00, 2505, 10251, 47
2026/09/16 19:26:09.060, NVIDIA GeForce RTX 4070 SUPER, 12282, 8401, 0, 0, 28.02, 180.00, 2505, 10251, 47
2026/09/16 19:26:09.260, NVIDIA GeForce RTX 4070 SUPER, 12282, 8401, 0, 0, 28.06, 180.00, 2505, 10251, 47
2026/09/16 19:26:09.460, NVIDIA GeForce RTX 4070 SUPER, 12282, 8401, 0, 0, 28.06, 180.00, 2505, 10251, 47
2026/09/16 19:26:09.661, NVIDIA GeForce RTX 4070 SUPER, 12282, 8401, 0, 0, 28.06, 180.00, 2505, 10251, 47
2026/09/16 19:26:09.861, NVIDIA GeForce RTX 4070 SUPER, 12282, 8401, 0, 0, 28.06, 180.00, 2505, 10251, 47
2026/09/16 19:26:10.061, NVIDIA GeForce RTX 4070 SUPER, 12282, 8401, 0, 0, 28.06, 180.00, 2505, 10251, 47
2026/09/16 19:26:10.262, NVIDIA GeForce RTX 4070 SUPER, 12282, 8401, 0, 0, 28.11, 180.00, 2505, 10251, 47
2026/09/16 19:26:10.462, NVIDIA GeForce RTX 4070 SUPER, 12282, 8401, 0, 0, 28.11, 180.00, 2505, 10251, 47
2026/09/16 19:26:10.663, NVIDIA GeForce RTX 4070 SUPER, 12282, 8401, 0, 0, 28.11, 180.00, 2505, 10251, 47
2026/09/16 19:26:10.863, NVIDIA GeForce RTX 4070 SUPER, 12282, 8401, 0, 0, 28.11, 180.00, 2505, 10251, 47
2026/09/16 19:26:11.063, NVIDIA GeForce RTX 4070 SUPER, 12282, 8401, 0, 0, 28.11, 180.00, 2505, 10251, 47
2026/09/16 19:26:11.264, NVIDIA GeForce RTX 4070 SUPER, 12282, 8401, 0, 0, 28.17, 180.00, 2505, 10251, 46
2026/09/16 19:26:11.464, NVIDIA GeForce RTX 4070 SUPER, 12282, 8401, 0, 0, 28.17, 180.00, 2505, 10251, 46
2026/09/16 19:26:11.664, NVIDIA GeForce RTX 4070 SUPER, 12282, 8401, 0, 0, 28.17, 180.00, 2505, 10251, 46
2026/09/16 19:26:11.865, NVIDIA GeForce RTX 4070 SUPER, 12282, 8401, 0, 0, 28.17, 180.00, 2505, 10251, 46
2026/09/16 19:26:12.065, NVIDIA GeForce RTX 4070 SUPER, 12282, 8401, 0, 0, 28.17, 180.00, 2505, 10251, 46
2026/09/16 19:26:12.265, NVIDIA GeForce RTX 4070 SUPER, 12282, 8401, 0, 0, 28.09, 180.00, 2505, 10251, 46
2026/09/16 19:26:12.466, NVIDIA GeForce RTX 4070 SUPER, 12282, 8401, 0, 0, 28.09, 180.00, 2505, 10251, 46
2026/09/16 19:26:12.666, NVIDIA GeForce RTX 4070 SUPER, 12282, 8401, 0, 0, 28.09, 180.00, 2505, 10251, 46
2026/09/16 19:26:12.867, NVIDIA GeForce RTX 4070 SUPER, 12282, 8401, 0, 0, 28.09, 180.00, 2505, 10251, 46
2026/09/16 19:26:13.067, NVIDIA GeForce RTX 4070 SUPER, 12282, 8401, 0, 0, 28.09, 180.00, 2505, 10251, 46
2026/09/16 19:26:13.267, NVIDIA GeForce RTX 4070 SUPER, 12282, 8401, 0, 0, 27.98, 180.00, 2505, 10251, 46
2026/09/16 19:26:13.468, NVIDIA GeForce RTX 4070 SUPER, 12282, 8401, 0, 0, 27.98, 180.00, 2505, 10251, 46
2026/09/16 19:26:13.668, NVIDIA GeForce RTX 4070 SUPER, 12282, 8401, 0, 0, 27.98, 180.00, 2505, 10251, 46
2026/09/16 19:26:13.869, NVIDIA GeForce RTX 4070 SUPER, 12282, 8401, 0, 0, 27.98, 180.00, 2505, 10251, 46
2026/09/16 19:26:14.069, NVIDIA GeForce RTX 4070 SUPER, 12282, 8401, 0, 0, 27.98, 180.00, 2505, 10251, 46
2026/09/16 19:26:14.269, NVIDIA GeForce RTX 4070 SUPER, 12282, 8401, 0, 0, 27.98, 180.00, 2505, 10251, 46
2026/09/16 19:26:14.470, NVIDIA GeForce RTX 4070 SUPER, 12282, 8401, 0, 0, 27.98, 180.00, 2505, 10251, 46
2026/09/16 19:26:14.670, NVIDIA GeForce RTX 4070 SUPER, 12282, 8401, 0, 0, 27.98, 180.00, 2505, 10251, 46
2026/09/16 19:26:14.871, NVIDIA GeForce RTX 4070 SUPER, 12282, 8401, 0, 0, 27.98, 180.00, 2505, 10251, 46
2026/09/16 19:26:15.071, NVIDIA GeForce RTX 4070 SUPER, 12282, 8401, 0, 0, 27.98, 180.00, 2505, 10251, 46
2026/09/16 19:26:15.271, NVIDIA GeForce RTX 4070 SUPER, 12282, 8401, 0, 0, 28.04, 180.00, 2505, 10251, 45
2026/09/16 19:26:15.472, NVIDIA GeForce RTX 4070 SUPER, 12282, 8401, 0, 0, 28.04, 180.00, 2505, 10251, 45
2026/09/16 19:26:15.672, NVIDIA GeForce RTX 4070 SUPER, 12282, 8401, 0, 0, 28.04, 180.00, 2505, 10251, 45
2026/09/16 19:26:15.872, NVIDIA GeForce RTX 4070 SUPER, 12282, 8401, 0, 0, 28.04, 180.00, 2505, 10251, 45
2026/09/16 19:26:16.073, NVIDIA GeForce RTX 4070 SUPER, 12282, 8401, 0, 0, 28.04, 180.00, 2505, 10251, 45
2026/09/16 19:26:16.273, NVIDIA GeForce RTX 4070 SUPER, 12282, 8401, 0, 0, 28.00, 180.00, 2505, 10251, 45
2026/09/16 19:26:16.474, NVIDIA GeForce RTX 4070 SUPER, 12282, 8401, 0, 0, 28.00, 180.00, 2505, 10251, 45
2026/09/16 19:26:16.674, NVIDIA GeForce RTX 4070 SUPER, 12282, 8401, 0, 0, 28.00, 180.00, 2505, 10251, 45
2026/09/16 19:26:16.875, NVIDIA GeForce RTX 4070 SUPER, 12282, 8401, 0, 0, 28.00, 180.00, 2505, 10251, 45
2026/09/16 19:26:17.075, NVIDIA GeForce RTX 4070 SUPER, 12282, 8401, 0, 0, 28.00, 180.00, 2505, 10251, 45
2026/09/16 19:26:17.275, NVIDIA GeForce RTX 4070 SUPER, 12282, 8401, 0, 0, 27.96, 180.00, 2505, 10251, 45
2026/09/16 19:26:17.476, NVIDIA GeForce RTX 4070 SUPER, 12282, 8401, 0, 0, 27.96, 180.00, 2505, 10251, 45
2026/09/16 19:26:17.676, NVIDIA GeForce RTX 4070 SUPER, 12282, 8401, 0, 0, 27.96, 180.00, 2505, 10251, 45
2026/09/16 19:26:17.877, NVIDIA GeForce RTX 4070 SUPER, 12282, 8401, 0, 0, 27.96, 180.00, 2505, 10251, 45
2026/09/16 19:26:18.077, NVIDIA GeForce RTX 4070 SUPER, 12282, 8401, 0, 0, 27.96, 180.00, 2505, 10251, 45
2026/09/16 19:26:18.277, NVIDIA GeForce RTX 4070 SUPER, 12282, 8401, 0, 0, 28.06, 180.00, 2505, 10251, 45
2026/09/16 19:26:18.478, NVIDIA GeForce RTX 4070 SUPER, 12282, 8401, 0, 0, 28.06, 180.00, 2505, 10251, 45
2026/09/16 19:26:18.678, NVIDIA GeForce RTX 4070 SUPER, 12282, 8401, 0, 0, 28.06, 180.00, 2505, 10251, 45
2026/09/16 19:26:18.878, NVIDIA GeForce RTX 4070 SUPER, 12282, 8401, 0, 0, 28.06, 180.00, 2505, 10251, 45
2026/09/16 19:26:19.079, NVIDIA GeForce RTX 4070 SUPER, 12282, 8401, 0, 0, 28.06, 180.00, 2505, 10251, 45
2026/09/16 19:26:19.279, NVIDIA GeForce RTX 4070 SUPER, 12282, 8401, 0, 0, 28.15, 180.00, 2505, 10251, 45
2026/09/16 19:26:19.479, NVIDIA GeForce RTX 4070 SUPER, 12282, 8401, 0, 0, 28.15, 180.00, 2505, 10251, 45
2026/09/16 19:26:19.680, NVIDIA GeForce RTX 4070 SUPER, 12282, 8401, 0, 0, 28.15, 180.00, 2505, 10251, 45
2026/09/16 19:26:19.880, NVIDIA GeForce RTX 4070 SUPER, 12282, 8401, 0, 0, 28.15, 180.00, 2505, 10251, 45
2026/09/16 19:26:20.081, NVIDIA GeForce RTX 4070 SUPER, 12282, 8401, 0, 0, 28.15, 180.00, 2505, 10251, 45
2026/09/16 19:26:20.281, NVIDIA GeForce RTX 4070 SUPER, 12282, 8401, 0, 0, 27.15, 180.00, 480, 810, 44
2026/09/16 19:26:20.481, NVIDIA GeForce RTX 4070 SUPER, 12282, 8401, 0, 0, 27.15, 180.00, 480, 810, 44
2026/09/16 19:26:20.682, NVIDIA GeForce RTX 4070 SUPER, 12282, 8401, 0, 0, 27.15, 180.00, 480, 810, 44
2026/09/16 19:26:20.882, NVIDIA GeForce RTX 4070 SUPER, 12282, 8401, 0, 0, 27.15, 180.00, 480, 810, 44
2026/09/16 19:26:21.083, NVIDIA GeForce RTX 4070 SUPER, 12282, 8401, 0, 0, 27.15, 180.00, 480, 810, 44
2026/09/16 19:26:21.283, NVIDIA GeForce RTX 4070 SUPER, 12282, 8401, 0, 0, 19.02, 180.00, 300, 810, 43
2026/09/16 19:26:21.484, NVIDIA GeForce RTX 4070 SUPER, 12282, 8401, 0, 0, 19.02, 180.00, 300, 810, 43
2026/09/16 19:26:21.684, NVIDIA GeForce RTX 4070 SUPER, 12282, 8401, 0, 0, 19.02, 180.00, 300, 810, 43
2026/09/16 19:26:21.884, NVIDIA GeForce RTX 4070 SUPER, 12282, 8401, 0, 0, 19.02, 180.00, 300, 810, 43
2026/09/16 19:26:22.085, NVIDIA GeForce RTX 4070 SUPER, 12282, 8401, 0, 0, 19.02, 180.00, 300, 810, 43
2026/09/16 19:26:22.285, NVIDIA GeForce RTX 4070 SUPER, 12282, 8401, 0, 0, 11.19, 180.00, 210, 405, 43
2026/09/16 19:26:22.486, NVIDIA GeForce RTX 4070 SUPER, 12282, 8401, 0, 0, 11.19, 180.00, 210, 405, 43
2026/09/16 19:26:22.686, NVIDIA GeForce RTX 4070 SUPER, 12282, 8401, 0, 0, 11.19, 180.00, 210, 405, 43
2026/09/16 19:26:22.887, NVIDIA GeForce RTX 4070 SUPER, 12282, 8401, 0, 0, 11.19, 180.00, 210, 405, 43
2026/09/16 19:26:23.087, NVIDIA GeForce RTX 4070 SUPER, 12282, 8401, 0, 0, 11.19, 180.00, 210, 405, 43
2026/09/16 19:26:23.288, NVIDIA GeForce RTX 4070 SUPER, 12282, 8401, 0, 0, 10.09, 180.00, 210, 405, 42
2026/09/16 19:26:23.488, NVIDIA GeForce RTX 4070 SUPER, 12282, 8401, 0, 0, 10.09, 180.00, 210, 405, 42
2026/09/16 19:26:23.689, NVIDIA GeForce RTX 4070 SUPER, 12282, 8401, 0, 0, 10.09, 180.00, 210, 405, 42
2026/09/16 19:26:23.889, NVIDIA GeForce RTX 4070 SUPER, 12282, 8401, 0, 0, 10.09, 180.00, 210, 405, 42
2026/09/16 19:26:24.090, NVIDIA GeForce RTX 4070 SUPER, 12282, 8401, 0, 0, 10.09, 180.00, 210, 405, 42
2026/09/16 19:26:24.290, NVIDIA GeForce RTX 4070 SUPER, 12282, 8401, 0, 0, 9.53, 180.00, 210, 405, 42
2026/09/16 19:26:24.491, NVIDIA GeForce RTX 4070 SUPER, 12282, 8401, 0, 0, 9.53, 180.00, 210, 405, 42
2026/09/16 19:26:24.691, NVIDIA GeForce RTX 4070 SUPER, 12282, 8401, 0, 0, 9.53, 180.00, 210, 405, 42
2026/09/16 19:26:24.892, NVIDIA GeForce RTX 4070 SUPER, 12282, 8401, 0, 0, 9.53, 180.00, 210, 405, 42
2026/09/16 19:26:25.092, NVIDIA GeForce RTX 4070 SUPER, 12282, 8401, 0, 0, 9.53, 180.00, 210, 405, 42
2026/09/16 19:26:25.293, NVIDIA GeForce RTX 4070 SUPER, 12282, 8401, 0, 0, 9.38, 180.00, 210, 405, 42
2026/09/16 19:26:25.493, NVIDIA GeForce RTX 4070 SUPER, 12282, 8401, 0, 0, 9.38, 180.00, 210, 405, 42
2026/09/16 19:26:25.694, NVIDIA GeForce RTX 4070 SUPER, 12282, 8401, 0, 0, 9.38, 180.00, 210, 405, 42
2026/09/16 19:26:25.895, NVIDIA GeForce RTX 4070 SUPER, 12282, 8401, 0, 0, 9.38, 180.00, 210, 405, 42
2026/09/16 19:26:26.095, NVIDIA GeForce RTX 4070 SUPER, 12282, 8401, 0, 0, 9.38, 180.00, 210, 405, 42
2026/09/16 19:26:26.296, NVIDIA GeForce RTX 4070 SUPER, 12282, 8401, 0, 0, 9.43, 180.00, 210, 405, 42
2026/09/16 19:26:26.496, NVIDIA GeForce RTX 4070 SUPER, 12282, 8401, 0, 0, 9.43, 180.00, 210, 405, 42
2026/09/16 19:26:26.697, NVIDIA GeForce RTX 4070 SUPER, 12282, 8401, 0, 0, 9.43, 180.00, 210, 405, 42
2026/09/16 19:26:26.897, NVIDIA GeForce RTX 4070 SUPER, 12282, 8401, 0, 0, 9.43, 180.00, 210, 405, 42
2026/09/16 19:26:27.098, NVIDIA GeForce RTX 4070 SUPER, 12282, 8401, 0, 0, 9.43, 180.00, 210, 405, 42
2026/09/16 19:26:27.298, NVIDIA GeForce RTX 4070 SUPER, 12282, 8401, 0, 0, 9.41, 180.00, 210, 405, 42
2026/09/16 19:26:27.499, NVIDIA GeForce RTX 4070 SUPER, 12282, 8401, 0, 0, 9.41, 180.00, 210, 405, 42
2026/09/16 19:26:27.699, NVIDIA GeForce RTX 4070 SUPER, 12282, 8401, 0, 0, 9.41, 180.00, 210, 405, 42
2026/09/16 19:26:27.899, NVIDIA GeForce RTX 4070 SUPER, 12282, 8401, 0, 0, 9.41, 180.00, 210, 405, 42
2026/09/16 19:26:28.100, NVIDIA GeForce RTX 4070 SUPER, 12282, 8401, 0, 0, 9.41, 180.00, 210, 405, 42
2026/09/16 19:26:28.300, NVIDIA GeForce RTX 4070 SUPER, 12282, 8401, 0, 0, 9.33, 180.00, 210, 405, 42
2026/09/16 19:26:28.501, NVIDIA GeForce RTX 4070 SUPER, 12282, 8401, 0, 0, 9.33, 180.00, 210, 405, 42
2026/09/16 19:26:28.701, NVIDIA GeForce RTX 4070 SUPER, 12282, 8401, 0, 0, 9.33, 180.00, 210, 405, 42
2026/09/16 19:26:28.902, NVIDIA GeForce RTX 4070 SUPER, 12282, 8401, 0, 0, 9.33, 180.00, 210, 405, 42
2026/09/16 19:26:29.102, NVIDIA GeForce RTX 4070 SUPER, 12282, 8401, 0, 0, 9.33, 180.00, 210, 405, 42
2026/09/16 19:26:29.303, NVIDIA GeForce RTX 4070 SUPER, 12282, 8401, 0, 0, 9.34, 180.00, 210, 405, 42
2026/09/16 19:26:29.503, NVIDIA GeForce RTX 4070 SUPER, 12282, 8401, 0, 0, 9.34, 180.00, 210, 405, 42
2026/09/16 19:26:29.704, NVIDIA GeForce RTX 4070 SUPER, 12282, 8401, 0, 0, 9.34, 180.00, 210, 405, 42
2026/09/16 19:26:29.905, NVIDIA GeForce RTX 4070 SUPER, 12282, 8401, 0, 0, 9.34, 180.00, 210, 405, 42
2026/09/16 19:26:30.105, NVIDIA GeForce RTX 4070 SUPER, 12282, 8401, 0, 0, 9.34, 180.00, 210, 405, 42
2026/09/16 19:26:30.306, NVIDIA GeForce RTX 4070 SUPER, 12282, 8401, 0, 0, 9.33, 180.00, 210, 405, 42
2026/09/16 19:26:30.506, NVIDIA GeForce RTX 4070 SUPER, 12282, 8401, 0, 0, 9.33, 180.00, 210, 405, 42
2026/09/16 19:26:30.707, NVIDIA GeForce RTX 4070 SUPER, 12282, 8401, 0, 0, 9.33, 180.00, 210, 405, 42
2026/09/16 19:26:30.907, NVIDIA GeForce RTX 4070 SUPER, 12282, 8401, 0, 0, 9.33, 180.00, 210, 405, 42
2026/09/16 19:26:31.108, NVIDIA GeForce RTX 4070 SUPER, 12282, 8401, 0, 0, 9.33, 180.00, 210, 405, 42
2026/09/16 19:26:31.308, NVIDIA GeForce RTX 4070 SUPER, 12282, 8401, 0, 0, 9.26, 180.00, 210, 405, 41
2026/09/16 19:26:31.509, NVIDIA GeForce RTX 4070 SUPER, 12282, 8401, 0, 0, 9.26, 180.00, 210, 405, 41
2026/09/16 19:26:31.709, NVIDIA GeForce RTX 4070 SUPER, 12282, 8401, 0, 0, 9.26, 180.00, 210, 405, 41
2026/09/16 19:26:31.910, NVIDIA GeForce RTX 4070 SUPER, 12282, 8401, 0, 0, 9.26, 180.00, 210, 405, 41
2026/09/16 19:26:32.110, NVIDIA GeForce RTX 4070 SUPER, 12282, 8401, 0, 0, 9.26, 180.00, 210, 405, 41
2026/09/16 19:26:32.311, NVIDIA GeForce RTX 4070 SUPER, 12282, 8401, 0, 0, 9.23, 180.00, 210, 405, 41
2026/09/16 19:26:32.511, NVIDIA GeForce RTX 4070 SUPER, 12282, 8401, 0, 0, 9.23, 180.00, 210, 405, 41
2026/09/16 19:26:32.712, NVIDIA GeForce RTX 4070 SUPER, 12282, 8401, 0, 0, 9.23, 180.00, 210, 405, 41
2026/09/16 19:26:32.912, NVIDIA GeForce RTX 4070 SUPER, 12282, 8401, 0, 0, 9.23, 180.00, 210, 405, 41
2026/09/16 19:26:33.113, NVIDIA GeForce RTX 4070 SUPER, 12282, 8401, 0, 0, 9.23, 180.00, 210, 405, 41
2026/09/16 19:26:33.313, NVIDIA GeForce RTX 4070 SUPER, 12282, 8401, 0, 0, 9.24, 180.00, 210, 405, 41
2026/09/16 19:26:33.514, NVIDIA GeForce RTX 4070 SUPER, 12282, 8401, 0, 0, 9.24, 180.00, 210, 405, 41
2026/09/16 19:26:33.714, NVIDIA GeForce RTX 4070 SUPER, 12282, 8401, 0, 0, 9.24, 180.00, 210, 405, 41
2026/09/16 19:26:33.915, NVIDIA GeForce RTX 4070 SUPER, 12282, 8401, 0, 0, 9.24, 180.00, 210, 405, 41
2026/09/16 19:26:34.115, NVIDIA GeForce RTX 4070 SUPER, 12282, 8401, 0, 0, 9.24, 180.00, 210, 405, 41
2026/09/16 19:26:34.315, NVIDIA GeForce RTX 4070 SUPER, 12282, 8401, 0, 0, 9.24, 180.00, 210, 405, 41
2026/09/16 19:26:34.516, NVIDIA GeForce RTX 4070 SUPER, 12282, 8401, 0, 0, 9.24, 180.00, 210, 405, 41
2026/09/16 19:26:34.716, NVIDIA GeForce RTX 4070 SUPER, 12282, 8401, 0, 0, 9.22, 180.00, 210, 405, 41
2026/09/16 19:26:34.917, NVIDIA GeForce RTX 4070 SUPER, 12282, 8401, 0, 0, 9.22, 180.00, 210, 405, 41
2026/09/16 19:26:35.117, NVIDIA GeForce RTX 4070 SUPER, 12282, 2487, 0, 0, 9.22, 180.00, 210, 405, 41
2026/09/16 19:26:35.321, NVIDIA GeForce RTX 4070 SUPER, 12282, 2487, 100, 94, 9.35, 180.00, 2505, 10251, 42
2026/09/16 19:26:35.521, NVIDIA GeForce RTX 4070 SUPER, 12282, 2487, 100, 94, 9.35, 180.00, 2505, 10251, 42
2026/09/16 19:26:35.721, NVIDIA GeForce RTX 4070 SUPER, 12282, 2487, 0, 0, 16.12, 180.00, 2430, 10251, 42
2026/09/16 19:26:35.922, NVIDIA GeForce RTX 4070 SUPER, 12282, 2487, 0, 0, 16.12, 180.00, 2430, 10251, 42
2026/09/16 19:26:36.122, NVIDIA GeForce RTX 4070 SUPER, 12282, 2487, 0, 0, 16.12, 180.00, 2430, 10251, 42
2026/09/16 19:26:36.322, NVIDIA GeForce RTX 4070 SUPER, 12282, 2487, 0, 0, 25.99, 180.00, 2430, 10251, 42
2026/09/16 19:26:36.523, NVIDIA GeForce RTX 4070 SUPER, 12282, 2487, 0, 0, 25.99, 180.00, 2430, 10251, 42
2026/09/16 19:26:36.723, NVIDIA GeForce RTX 4070 SUPER, 12282, 2487, 0, 0, 25.99, 180.00, 2430, 10251, 42
2026/09/16 19:26:36.923, NVIDIA GeForce RTX 4070 SUPER, 12282, 2487, 0, 0, 25.99, 180.00, 2430, 10251, 42
2026/09/16 19:26:37.124, NVIDIA GeForce RTX 4070 SUPER, 12282, 2487, 0, 0, 25.99, 180.00, 2430, 10251, 42
2026/09/16 19:26:37.324, NVIDIA GeForce RTX 4070 SUPER, 12282, 2487, 0, 0, 26.64, 180.00, 495, 5001, 42
2026/09/16 19:26:37.524, NVIDIA GeForce RTX 4070 SUPER, 12282, 2487, 0, 0, 26.64, 180.00, 495, 5001, 42
2026/09/16 19:26:37.725, NVIDIA GeForce RTX 4070 SUPER, 12282, 2487, 0, 0, 26.64, 180.00, 495, 5001, 42
2026/09/16 19:26:37.925, NVIDIA GeForce RTX 4070 SUPER, 12282, 2487, 0, 0, 26.64, 180.00, 495, 5001, 42
2026/09/16 19:26:38.125, NVIDIA GeForce RTX 4070 SUPER, 12282, 2487, 0, 0, 26.64, 180.00, 495, 5001, 42
2026/09/16 19:26:38.326, NVIDIA GeForce RTX 4070 SUPER, 12282, 2487, 0, 0, 21.99, 180.00, 315, 5001, 42
2026/09/16 19:26:38.526, NVIDIA GeForce RTX 4070 SUPER, 12282, 2487, 0, 0, 21.99, 180.00, 315, 5001, 42
2026/09/16 19:26:38.727, NVIDIA GeForce RTX 4070 SUPER, 12282, 2487, 0, 0, 21.99, 180.00, 315, 5001, 42
2026/09/16 19:26:38.927, NVIDIA GeForce RTX 4070 SUPER, 12282, 2487, 0, 0, 21.99, 180.00, 315, 5001, 42
2026/09/16 19:26:39.127, NVIDIA GeForce RTX 4070 SUPER, 12282, 2487, 0, 0, 21.99, 180.00, 315, 5001, 42
2026/09/16 19:26:39.328, NVIDIA GeForce RTX 4070 SUPER, 12282, 2487, 0, 0, 16.87, 180.00, 210, 5001, 42
2026/09/16 19:26:39.528, NVIDIA GeForce RTX 4070 SUPER, 12282, 2487, 0, 0, 16.87, 180.00, 210, 5001, 42
2026/09/16 19:26:39.729, NVIDIA GeForce RTX 4070 SUPER, 12282, 2487, 0, 0, 16.87, 180.00, 210, 5001, 42
2026/09/16 19:26:39.929, NVIDIA GeForce RTX 4070 SUPER, 12282, 2487, 0, 0, 16.87, 180.00, 210, 5001, 42
2026/09/16 19:26:40.130, NVIDIA GeForce RTX 4070 SUPER, 12282, 2487, 0, 0, 16.87, 180.00, 210, 5001, 42
2026/09/16 19:26:40.330, NVIDIA GeForce RTX 4070 SUPER, 12282, 2487, 0, 0, 15.25, 180.00, 210, 810, 41
2026/09/16 19:26:40.531, NVIDIA GeForce RTX 4070 SUPER, 12282, 2487, 0, 0, 15.25, 180.00, 210, 810, 41
2026/09/16 19:26:40.731, NVIDIA GeForce RTX 4070 SUPER, 12282, 2487, 0, 0, 15.25, 180.00, 210, 810, 41
2026/09/16 19:26:40.931, NVIDIA GeForce RTX 4070 SUPER, 12282, 2487, 0, 0, 15.25, 180.00, 210, 810, 41
2026/09/16 19:26:41.132, NVIDIA GeForce RTX 4070 SUPER, 12282, 2487, 0, 0, 15.25, 180.00, 210, 810, 41
2026/09/16 19:26:41.332, NVIDIA GeForce RTX 4070 SUPER, 12282, 2487, 0, 0, 12.65, 180.00, 210, 810, 41
2026/09/16 19:26:41.532, NVIDIA GeForce RTX 4070 SUPER, 12282, 2487, 0, 0, 12.65, 180.00, 210, 810, 41
2026/09/16 19:26:41.733, NVIDIA GeForce RTX 4070 SUPER, 12282, 2487, 0, 0, 12.65, 180.00, 210, 810, 41
2026/09/16 19:26:41.933, NVIDIA GeForce RTX 4070 SUPER, 12282, 2487, 0, 0, 12.65, 180.00, 210, 810, 41
2026/09/16 19:26:42.134, NVIDIA GeForce RTX 4070 SUPER, 12282, 2487, 0, 0, 12.65, 180.00, 210, 810, 41
2026/09/16 19:26:42.334, NVIDIA GeForce RTX 4070 SUPER, 12282, 2487, 0, 0, 10.63, 180.00, 210, 405, 41
2026/09/16 19:26:42.534, NVIDIA GeForce RTX 4070 SUPER, 12282, 2487, 0, 0, 10.63, 180.00, 210, 405, 41
2026/09/16 19:26:42.735, NVIDIA GeForce RTX 4070 SUPER, 12282, 2487, 0, 0, 10.63, 180.00, 210, 405, 41
2026/09/16 19:26:42.935, NVIDIA GeForce RTX 4070 SUPER, 12282, 2487, 0, 0, 10.63, 180.00, 210, 405, 41
2026/09/16 19:26:43.136, NVIDIA GeForce RTX 4070 SUPER, 12282, 2487, 0, 0, 10.63, 180.00, 210, 405, 41
2026/09/16 19:26:43.336, NVIDIA GeForce RTX 4070 SUPER, 12282, 2487, 0, 0, 9.60, 180.00, 210, 405, 41
2026/09/16 19:26:43.536, NVIDIA GeForce RTX 4070 SUPER, 12282, 2487, 0, 0, 9.60, 180.00, 210, 405, 41
2026/09/16 19:26:43.737, NVIDIA GeForce RTX 4070 SUPER, 12282, 2487, 0, 0, 9.60, 180.00, 210, 405, 41
2026/09/16 19:26:43.937, NVIDIA GeForce RTX 4070 SUPER, 12282, 2487, 0, 0, 9.60, 180.00, 210, 405, 41
2026/09/16 19:26:44.138, NVIDIA GeForce RTX 4070 SUPER, 12282, 2487, 0, 0, 9.60, 180.00, 210, 405, 41
2026/09/16 19:26:44.338, NVIDIA GeForce RTX 4070 SUPER, 12282, 2487, 0, 0, 9.19, 180.00, 210, 405, 41
2026/09/16 19:26:44.538, NVIDIA GeForce RTX 4070 SUPER, 12282, 2487, 0, 0, 9.19, 180.00, 210, 405, 41
2026/09/16 19:26:44.739, NVIDIA GeForce RTX 4070 SUPER, 12282, 2487, 0, 0, 9.19, 180.00, 210, 405, 41
2026/09/16 19:26:44.939, NVIDIA GeForce RTX 4070 SUPER, 12282, 2487, 0, 0, 9.19, 180.00, 210, 405, 41
2026/09/16 19:26:45.140, NVIDIA GeForce RTX 4070 SUPER, 12282, 2487, 0, 0, 9.19, 180.00, 210, 405, 41
2026/09/16 19:26:45.340, NVIDIA GeForce RTX 4070 SUPER, 12282, 2487, 0, 0, 9.21, 180.00, 210, 405, 41
2026/09/16 19:26:45.540, NVIDIA GeForce RTX 4070 SUPER, 12282, 2487, 0, 0, 9.21, 180.00, 210, 405, 41
2026/09/16 19:26:45.741, NVIDIA GeForce RTX 4070 SUPER, 12282, 2487, 0, 0, 9.21, 180.00, 210, 405, 41
2026/09/16 19:26:45.941, NVIDIA GeForce RTX 4070 SUPER, 12282, 2487, 0, 0, 9.21, 180.00, 210, 405, 41
2026/09/16 19:26:46.142, NVIDIA GeForce RTX 4070 SUPER, 12282, 2487, 0, 0, 9.21, 180.00, 210, 405, 41
2026/09/16 19:26:46.342, NVIDIA GeForce RTX 4070 SUPER, 12282, 2487, 0, 0, 9.19, 180.00, 210, 405, 41
2026/09/16 19:26:46.542, NVIDIA GeForce RTX 4070 SUPER, 12282, 2487, 0, 0, 9.19, 180.00, 210, 405, 41
2026/09/16 19:26:46.743, NVIDIA GeForce RTX 4070 SUPER, 12282, 2487, 0, 0, 9.19, 180.00, 210, 405, 41
2026/09/16 19:26:46.943, NVIDIA GeForce RTX 4070 SUPER, 12282, 2487, 0, 0, 9.19, 180.00, 210, 405, 41
2026/09/16 19:26:47.144, NVIDIA GeForce RTX 4070 SUPER, 12282, 2487, 0, 0, 9.19, 180.00, 210, 405, 41
2026/09/16 19:26:47.344, NVIDIA GeForce RTX 4070 SUPER, 12282, 2487, 0, 0, 9.17, 180.00, 210, 405, 41
2026/09/16 19:26:47.545, NVIDIA GeForce RTX 4070 SUPER, 12282, 2487, 0, 0, 9.17, 180.00, 210, 405, 41
2026/09/16 19:26:47.745, NVIDIA GeForce RTX 4070 SUPER, 12282, 2487, 0, 0, 9.17, 180.00, 210, 405, 41
2026/09/16 19:26:47.945, NVIDIA GeForce RTX 4070 SUPER, 12282, 2487, 0, 0, 9.17, 180.00, 210, 405, 41
2026/09/16 19:26:48.146, NVIDIA GeForce RTX 4070 SUPER, 12282, 2487, 0, 0, 9.17, 180.00, 210, 405, 41
2026/09/16 19:26:48.346, NVIDIA GeForce RTX 4070 SUPER, 12282, 2487, 0, 0, 9.18, 180.00, 210, 405, 41
2026/09/16 19:26:48.547, NVIDIA GeForce RTX 4070 SUPER, 12282, 2487, 0, 0, 9.18, 180.00, 210, 405, 41
2026/09/16 19:26:48.747, NVIDIA GeForce RTX 4070 SUPER, 12282, 2502, 0, 0, 9.18, 180.00, 210, 405, 41
2026/09/16 19:26:48.949, NVIDIA GeForce RTX 4070 SUPER, 12282, 2675, 0, 0, 9.18, 180.00, 210, 405, 41
2026/09/16 19:26:49.149, NVIDIA GeForce RTX 4070 SUPER, 12282, 2675, 0, 0, 9.18, 180.00, 210, 405, 41
2026/09/16 19:26:49.349, NVIDIA GeForce RTX 4070 SUPER, 12282, 2675, 0, 0, 12.84, 180.00, 2505, 10251, 42
2026/09/16 19:26:49.550, NVIDIA GeForce RTX 4070 SUPER, 12282, 2675, 0, 0, 12.84, 180.00, 2505, 10251, 42
2026/09/16 19:26:49.750, NVIDIA GeForce RTX 4070 SUPER, 12282, 2675, 0, 0, 20.24, 180.00, 2505, 10251, 42
2026/09/16 19:26:49.950, NVIDIA GeForce RTX 4070 SUPER, 12282, 2675, 0, 0, 20.24, 180.00, 2505, 10251, 42
2026/09/16 19:26:50.151, NVIDIA GeForce RTX 4070 SUPER, 12282, 2675, 0, 0, 20.24, 180.00, 2505, 10251, 42
2026/09/16 19:26:50.351, NVIDIA GeForce RTX 4070 SUPER, 12282, 2675, 0, 0, 20.70, 180.00, 2505, 10251, 42
2026/09/16 19:26:50.552, NVIDIA GeForce RTX 4070 SUPER, 12282, 3707, 0, 0, 20.70, 180.00, 2505, 10251, 42
2026/09/16 19:26:50.752, NVIDIA GeForce RTX 4070 SUPER, 12282, 3619, 64, 4, 28.09, 180.00, 2505, 10251, 42
2026/09/16 19:26:50.952, NVIDIA GeForce RTX 4070 SUPER, 12282, 3619, 64, 4, 28.09, 180.00, 2505, 10251, 42
2026/09/16 19:26:51.153, NVIDIA GeForce RTX 4070 SUPER, 12282, 3619, 64, 4, 28.09, 180.00, 2505, 10251, 42
2026/09/16 19:26:51.353, NVIDIA GeForce RTX 4070 SUPER, 12282, 3619, 0, 0, 28.47, 180.00, 2505, 10251, 42
2026/09/16 19:26:51.554, NVIDIA GeForce RTX 4070 SUPER, 12282, 3619, 0, 0, 28.47, 180.00, 2505, 10251, 42
2026/09/16 19:26:51.754, NVIDIA GeForce RTX 4070 SUPER, 12282, 3619, 0, 0, 28.83, 180.00, 2505, 10251, 42
2026/09/16 19:26:51.954, NVIDIA GeForce RTX 4070 SUPER, 12282, 3619, 0, 0, 28.83, 180.00, 2505, 10251, 42
2026/09/16 19:26:52.155, NVIDIA GeForce RTX 4070 SUPER, 12282, 3619, 0, 0, 28.83, 180.00, 2505, 10251, 42
2026/09/16 19:26:52.355, NVIDIA GeForce RTX 4070 SUPER, 12282, 5911, 0, 0, 28.18, 180.00, 2505, 10251, 42
2026/09/16 19:26:52.555, NVIDIA GeForce RTX 4070 SUPER, 12282, 6671, 0, 0, 28.18, 180.00, 2505, 10251, 42
2026/09/16 19:26:52.756, NVIDIA GeForce RTX 4070 SUPER, 12282, 6671, 0, 0, 28.52, 180.00, 2505, 10251, 42
2026/09/16 19:26:52.956, NVIDIA GeForce RTX 4070 SUPER, 12282, 6671, 0, 0, 28.52, 180.00, 2505, 10251, 42
2026/09/16 19:26:53.157, NVIDIA GeForce RTX 4070 SUPER, 12282, 6671, 0, 0, 28.52, 180.00, 2505, 10251, 42
2026/09/16 19:26:53.357, NVIDIA GeForce RTX 4070 SUPER, 12282, 7105, 0, 0, 28.27, 180.00, 2505, 10251, 42
2026/09/16 19:26:53.557, NVIDIA GeForce RTX 4070 SUPER, 12282, 7105, 0, 0, 28.27, 180.00, 2505, 10251, 42
2026/09/16 19:26:53.758, NVIDIA GeForce RTX 4070 SUPER, 12282, 7105, 0, 0, 27.62, 180.00, 2505, 10251, 42
2026/09/16 19:26:53.958, NVIDIA GeForce RTX 4070 SUPER, 12282, 7105, 0, 0, 27.62, 180.00, 2505, 10251, 42
2026/09/16 19:26:54.159, NVIDIA GeForce RTX 4070 SUPER, 12282, 7105, 0, 0, 27.62, 180.00, 2505, 10251, 42
2026/09/16 19:26:54.359, NVIDIA GeForce RTX 4070 SUPER, 12282, 7105, 0, 0, 27.72, 180.00, 2505, 10251, 42
2026/09/16 19:26:54.559, NVIDIA GeForce RTX 4070 SUPER, 12282, 7105, 0, 0, 27.72, 180.00, 2505, 10251, 42
2026/09/16 19:26:54.760, NVIDIA GeForce RTX 4070 SUPER, 12282, 7105, 0, 0, 28.32, 180.00, 2505, 10251, 42
2026/09/16 19:26:54.960, NVIDIA GeForce RTX 4070 SUPER, 12282, 7863, 0, 0, 28.32, 180.00, 2505, 10251, 42
2026/09/16 19:26:55.160, NVIDIA GeForce RTX 4070 SUPER, 12282, 7865, 0, 0, 28.32, 180.00, 2505, 10251, 42
2026/09/16 19:26:55.361, NVIDIA GeForce RTX 4070 SUPER, 12282, 8033, 8, 1, 38.73, 180.00, 2505, 10251, 43
2026/09/16 19:26:55.561, NVIDIA GeForce RTX 4070 SUPER, 12282, 8039, 8, 1, 38.73, 180.00, 2505, 10251, 43
2026/09/16 19:26:55.761, NVIDIA GeForce RTX 4070 SUPER, 12282, 8039, 0, 0, 39.31, 180.00, 2505, 10251, 42
2026/09/16 19:26:55.962, NVIDIA GeForce RTX 4070 SUPER, 12282, 8039, 0, 0, 39.31, 180.00, 2505, 10251, 42
2026/09/16 19:26:56.162, NVIDIA GeForce RTX 4070 SUPER, 12282, 8063, 0, 0, 39.31, 180.00, 2505, 10251, 42
2026/09/16 19:26:56.363, NVIDIA GeForce RTX 4070 SUPER, 12282, 8063, 2, 1, 29.66, 180.00, 2505, 10251, 42
2026/09/16 19:26:56.563, NVIDIA GeForce RTX 4070 SUPER, 12282, 8063, 2, 1, 29.66, 180.00, 2505, 10251, 42
2026/09/16 19:26:56.764, NVIDIA GeForce RTX 4070 SUPER, 12282, 8063, 0, 0, 27.83, 180.00, 2505, 10251, 42
2026/09/16 19:26:56.964, NVIDIA GeForce RTX 4070 SUPER, 12282, 8063, 0, 0, 27.83, 180.00, 2505, 10251, 42
2026/09/16 19:26:57.164, NVIDIA GeForce RTX 4070 SUPER, 12282, 8063, 0, 0, 27.83, 180.00, 2505, 10251, 42
2026/09/16 19:26:57.365, NVIDIA GeForce RTX 4070 SUPER, 12282, 8063, 0, 0, 27.68, 180.00, 2505, 10251, 42
2026/09/16 19:26:57.565, NVIDIA GeForce RTX 4070 SUPER, 12282, 8063, 0, 0, 27.68, 180.00, 2505, 10251, 42
2026/09/16 19:26:57.765, NVIDIA GeForce RTX 4070 SUPER, 12282, 8063, 0, 0, 27.68, 180.00, 2505, 10251, 42
2026/09/16 19:26:57.966, NVIDIA GeForce RTX 4070 SUPER, 12282, 8063, 0, 0, 27.68, 180.00, 2505, 10251, 42
2026/09/16 19:26:58.166, NVIDIA GeForce RTX 4070 SUPER, 12282, 8063, 0, 0, 27.68, 180.00, 2505, 10251, 42
2026/09/16 19:26:58.366, NVIDIA GeForce RTX 4070 SUPER, 12282, 8063, 0, 0, 27.35, 180.00, 2505, 10251, 42
2026/09/16 19:26:58.567, NVIDIA GeForce RTX 4070 SUPER, 12282, 8063, 0, 0, 27.35, 180.00, 2505, 10251, 42
2026/09/16 19:26:58.767, NVIDIA GeForce RTX 4070 SUPER, 12282, 8063, 0, 0, 27.35, 180.00, 2505, 10251, 42
2026/09/16 19:26:58.967, NVIDIA GeForce RTX 4070 SUPER, 12282, 8063, 0, 0, 27.35, 180.00, 2505, 10251, 42
2026/09/16 19:26:59.168, NVIDIA GeForce RTX 4070 SUPER, 12282, 8063, 0, 0, 27.35, 180.00, 2505, 10251, 42
2026/09/16 19:26:59.368, NVIDIA GeForce RTX 4070 SUPER, 12282, 8063, 0, 0, 27.29, 180.00, 2505, 10251, 42
2026/09/16 19:26:59.568, NVIDIA GeForce RTX 4070 SUPER, 12282, 8063, 0, 0, 27.29, 180.00, 2505, 10251, 42
2026/09/16 19:26:59.769, NVIDIA GeForce RTX 4070 SUPER, 12282, 8063, 0, 0, 27.29, 180.00, 2505, 10251, 42
2026/09/16 19:26:59.969, NVIDIA GeForce RTX 4070 SUPER, 12282, 8063, 0, 0, 27.29, 180.00, 2505, 10251, 42
2026/09/16 19:27:00.169, NVIDIA GeForce RTX 4070 SUPER, 12282, 8063, 0, 0, 27.29, 180.00, 2505, 10251, 42
2026/09/16 19:27:00.370, NVIDIA GeForce RTX 4070 SUPER, 12282, 8063, 0, 0, 27.29, 180.00, 2505, 10251, 42
2026/09/16 19:27:00.570, NVIDIA GeForce RTX 4070 SUPER, 12282, 8063, 0, 0, 27.29, 180.00, 2505, 10251, 42
2026/09/16 19:27:00.770, NVIDIA GeForce RTX 4070 SUPER, 12282, 8063, 0, 0, 27.38, 180.00, 2505, 10251, 42
2026/09/16 19:27:00.970, NVIDIA GeForce RTX 4070 SUPER, 12282, 8063, 0, 0, 27.38, 180.00, 2505, 10251, 42
2026/09/16 19:27:01.171, NVIDIA GeForce RTX 4070 SUPER, 12282, 8063, 0, 0, 27.38, 180.00, 2505, 10251, 42
2026/09/16 19:27:01.371, NVIDIA GeForce RTX 4070 SUPER, 12282, 8063, 0, 0, 27.40, 180.00, 2505, 10251, 42
2026/09/16 19:27:01.572, NVIDIA GeForce RTX 4070 SUPER, 12282, 8063, 0, 0, 27.40, 180.00, 2505, 10251, 42
2026/09/16 19:27:01.772, NVIDIA GeForce RTX 4070 SUPER, 12282, 8063, 0, 0, 27.40, 180.00, 2505, 10251, 42
2026/09/16 19:27:01.972, NVIDIA GeForce RTX 4070 SUPER, 12282, 8063, 0, 0, 27.40, 180.00, 2505, 10251, 42
2026/09/16 19:27:02.173, NVIDIA GeForce RTX 4070 SUPER, 12282, 8063, 0, 0, 27.40, 180.00, 2505, 10251, 42
2026/09/16 19:27:02.373, NVIDIA GeForce RTX 4070 SUPER, 12282, 8063, 0, 0, 27.35, 180.00, 2505, 10251, 42
2026/09/16 19:27:02.573, NVIDIA GeForce RTX 4070 SUPER, 12282, 8063, 0, 0, 27.35, 180.00, 2505, 10251, 42
2026/09/16 19:27:02.773, NVIDIA GeForce RTX 4070 SUPER, 12282, 8063, 0, 0, 27.35, 180.00, 2505, 10251, 42
2026/09/16 19:27:02.974, NVIDIA GeForce RTX 4070 SUPER, 12282, 8063, 0, 0, 27.35, 180.00, 2505, 10251, 42
2026/09/16 19:27:03.174, NVIDIA GeForce RTX 4070 SUPER, 12282, 8063, 0, 0, 27.35, 180.00, 2505, 10251, 42
2026/09/16 19:27:03.375, NVIDIA GeForce RTX 4070 SUPER, 12282, 8063, 0, 0, 27.38, 180.00, 2505, 10251, 42
2026/09/16 19:27:03.575, NVIDIA GeForce RTX 4070 SUPER, 12282, 8063, 0, 0, 27.38, 180.00, 2505, 10251, 42
2026/09/16 19:27:03.776, NVIDIA GeForce RTX 4070 SUPER, 12282, 8063, 0, 0, 27.63, 180.00, 2505, 10251, 42
2026/09/16 19:27:03.976, NVIDIA GeForce RTX 4070 SUPER, 12282, 8063, 0, 0, 27.63, 180.00, 2505, 10251, 42
2026/09/16 19:27:04.177, NVIDIA GeForce RTX 4070 SUPER, 12282, 8063, 0, 0, 27.63, 180.00, 2505, 10251, 42
2026/09/16 19:27:04.377, NVIDIA GeForce RTX 4070 SUPER, 12282, 8063, 99, 76, 44.22, 180.00, 2805, 10251, 50
2026/09/16 19:27:04.578, NVIDIA GeForce RTX 4070 SUPER, 12282, 8063, 99, 76, 44.22, 180.00, 2805, 10251, 50
2026/09/16 19:27:04.778, NVIDIA GeForce RTX 4070 SUPER, 12282, 8063, 0, 0, 67.39, 180.00, 2805, 10251, 44
2026/09/16 19:27:04.978, NVIDIA GeForce RTX 4070 SUPER, 12282, 8063, 0, 0, 67.39, 180.00, 2805, 10251, 44
2026/09/16 19:27:05.179, NVIDIA GeForce RTX 4070 SUPER, 12282, 8063, 0, 0, 67.39, 180.00, 2805, 10251, 44
2026/09/16 19:27:05.379, NVIDIA GeForce RTX 4070 SUPER, 12282, 8063, 0, 0, 52.05, 180.00, 2805, 10251, 44
2026/09/16 19:27:05.579, NVIDIA GeForce RTX 4070 SUPER, 12282, 8063, 0, 0, 52.05, 180.00, 2805, 10251, 44
2026/09/16 19:27:05.780, NVIDIA GeForce RTX 4070 SUPER, 12282, 8063, 0, 0, 52.05, 180.00, 2805, 10251, 44
2026/09/16 19:27:05.980, NVIDIA GeForce RTX 4070 SUPER, 12282, 8063, 0, 0, 52.05, 180.00, 2805, 10251, 44
2026/09/16 19:27:06.180, NVIDIA GeForce RTX 4070 SUPER, 12282, 8063, 0, 0, 52.05, 180.00, 2805, 10251, 44
2026/09/16 19:27:06.381, NVIDIA GeForce RTX 4070 SUPER, 12282, 8063, 0, 0, 37.00, 180.00, 2505, 10251, 43
2026/09/16 19:27:06.581, NVIDIA GeForce RTX 4070 SUPER, 12282, 8063, 0, 0, 37.00, 180.00, 2505, 10251, 43
2026/09/16 19:27:06.781, NVIDIA GeForce RTX 4070 SUPER, 12282, 8063, 0, 0, 37.00, 180.00, 2505, 10251, 43
2026/09/16 19:27:06.982, NVIDIA GeForce RTX 4070 SUPER, 12282, 8063, 0, 0, 37.00, 180.00, 2505, 10251, 43
2026/09/16 19:27:07.182, NVIDIA GeForce RTX 4070 SUPER, 12282, 8063, 0, 0, 37.00, 180.00, 2505, 10251, 43
2026/09/16 19:27:07.382, NVIDIA GeForce RTX 4070 SUPER, 12282, 8063, 0, 0, 32.30, 180.00, 2505, 10251, 42
2026/09/16 19:27:07.583, NVIDIA GeForce RTX 4070 SUPER, 12282, 8063, 0, 0, 32.30, 180.00, 2505, 10251, 42
2026/09/16 19:27:07.783, NVIDIA GeForce RTX 4070 SUPER, 12282, 8063, 0, 0, 32.30, 180.00, 2505, 10251, 42
2026/09/16 19:27:07.983, NVIDIA GeForce RTX 4070 SUPER, 12282, 8063, 0, 0, 32.30, 180.00, 2505, 10251, 42
2026/09/16 19:27:08.184, NVIDIA GeForce RTX 4070 SUPER, 12282, 8063, 0, 0, 32.30, 180.00, 2505, 10251, 42
2026/09/16 19:27:08.384, NVIDIA GeForce RTX 4070 SUPER, 12282, 8063, 0, 0, 27.57, 180.00, 2505, 10251, 42
2026/09/16 19:27:08.584, NVIDIA GeForce RTX 4070 SUPER, 12282, 8063, 0, 0, 27.57, 180.00, 2505, 10251, 42
2026/09/16 19:27:08.785, NVIDIA GeForce RTX 4070 SUPER, 12282, 8063, 0, 0, 27.57, 180.00, 2505, 10251, 42
2026/09/16 19:27:08.985, NVIDIA GeForce RTX 4070 SUPER, 12282, 8063, 0, 0, 27.57, 180.00, 2505, 10251, 42
2026/09/16 19:27:09.186, NVIDIA GeForce RTX 4070 SUPER, 12282, 8063, 0, 0, 27.57, 180.00, 2505, 10251, 42
2026/09/16 19:27:09.386, NVIDIA GeForce RTX 4070 SUPER, 12282, 8063, 0, 0, 27.51, 180.00, 2505, 10251, 42
2026/09/16 19:27:09.586, NVIDIA GeForce RTX 4070 SUPER, 12282, 8063, 0, 0, 27.51, 180.00, 2505, 10251, 42
2026/09/16 19:27:09.787, NVIDIA GeForce RTX 4070 SUPER, 12282, 8063, 0, 0, 27.51, 180.00, 2505, 10251, 42
2026/09/16 19:27:09.987, NVIDIA GeForce RTX 4070 SUPER, 12282, 8063, 0, 0, 27.51, 180.00, 2505, 10251, 42
2026/09/16 19:27:10.187, NVIDIA GeForce RTX 4070 SUPER, 12282, 8063, 0, 0, 27.51, 180.00, 2505, 10251, 42
2026/09/16 19:27:10.388, NVIDIA GeForce RTX 4070 SUPER, 12282, 8063, 0, 0, 27.61, 180.00, 2505, 10251, 42
2026/09/16 19:27:10.588, NVIDIA GeForce RTX 4070 SUPER, 12282, 8063, 0, 0, 27.61, 180.00, 2505, 10251, 42
2026/09/16 19:27:10.788, NVIDIA GeForce RTX 4070 SUPER, 12282, 8063, 0, 0, 27.61, 180.00, 2505, 10251, 42
2026/09/16 19:27:10.989, NVIDIA GeForce RTX 4070 SUPER, 12282, 8063, 0, 0, 27.61, 180.00, 2505, 10251, 42
2026/09/16 19:27:11.189, NVIDIA GeForce RTX 4070 SUPER, 12282, 8063, 0, 0, 27.61, 180.00, 2505, 10251, 42
2026/09/16 19:27:11.389, NVIDIA GeForce RTX 4070 SUPER, 12282, 8063, 0, 0, 27.63, 180.00, 2505, 10251, 42
2026/09/16 19:27:11.590, NVIDIA GeForce RTX 4070 SUPER, 12282, 8063, 0, 0, 27.63, 180.00, 2505, 10251, 42
2026/09/16 19:27:11.790, NVIDIA GeForce RTX 4070 SUPER, 12282, 8063, 0, 0, 27.91, 180.00, 2505, 10251, 42
2026/09/16 19:27:11.990, NVIDIA GeForce RTX 4070 SUPER, 12282, 8063, 0, 0, 27.91, 180.00, 2505, 10251, 42
2026/09/16 19:27:12.191, NVIDIA GeForce RTX 4070 SUPER, 12282, 8065, 85, 68, 30.13, 180.00, 2670, 10251, 44
2026/09/16 19:27:12.391, NVIDIA GeForce RTX 4070 SUPER, 12282, 8065, 85, 68, 30.13, 180.00, 2670, 10251, 44
2026/09/16 19:27:12.591, NVIDIA GeForce RTX 4070 SUPER, 12282, 8065, 85, 68, 30.13, 180.00, 2670, 10251, 44
2026/09/16 19:27:12.792, NVIDIA GeForce RTX 4070 SUPER, 12282, 8065, 71, 17, 78.06, 180.00, 2790, 10251, 47
2026/09/16 19:27:12.992, NVIDIA GeForce RTX 4070 SUPER, 12282, 8065, 71, 17, 78.06, 180.00, 2790, 10251, 47
2026/09/16 19:27:13.193, NVIDIA GeForce RTX 4070 SUPER, 12282, 8065, 0, 0, 83.48, 180.00, 2805, 10251, 44
2026/09/16 19:27:13.393, NVIDIA GeForce RTX 4070 SUPER, 12282, 8067, 0, 0, 83.48, 180.00, 2805, 10251, 44
2026/09/16 19:27:13.593, NVIDIA GeForce RTX 4070 SUPER, 12282, 8799, 0, 0, 83.48, 180.00, 2805, 10251, 44
2026/09/16 19:27:13.794, NVIDIA GeForce RTX 4070 SUPER, 12282, 8799, 27, 6, 54.67, 180.00, 2685, 10251, 53
2026/09/16 19:27:13.994, NVIDIA GeForce RTX 4070 SUPER, 12282, 8799, 27, 6, 54.67, 180.00, 2685, 10251, 53
2026/09/16 19:27:14.194, NVIDIA GeForce RTX 4070 SUPER, 12282, 8799, 0, 0, 55.16, 180.00, 2805, 10251, 44
2026/09/16 19:27:14.395, NVIDIA GeForce RTX 4070 SUPER, 12282, 8799, 0, 0, 55.16, 180.00, 2805, 10251, 44
2026/09/16 19:27:14.595, NVIDIA GeForce RTX 4070 SUPER, 12282, 8799, 0, 0, 55.16, 180.00, 2805, 10251, 44
2026/09/16 19:27:14.795, NVIDIA GeForce RTX 4070 SUPER, 12282, 8799, 0, 0, 54.29, 180.00, 2805, 10251, 44
2026/09/16 19:27:14.996, NVIDIA GeForce RTX 4070 SUPER, 12282, 8799, 0, 0, 54.29, 180.00, 2805, 10251, 44
2026/09/16 19:27:15.196, NVIDIA GeForce RTX 4070 SUPER, 12282, 8799, 0, 0, 40.55, 180.00, 2805, 10251, 44
2026/09/16 19:27:15.396, NVIDIA GeForce RTX 4070 SUPER, 12282, 8799, 0, 0, 40.55, 180.00, 2805, 10251, 44
2026/09/16 19:27:15.597, NVIDIA GeForce RTX 4070 SUPER, 12282, 8799, 0, 0, 40.55, 180.00, 2805, 10251, 44
2026/09/16 19:27:15.797, NVIDIA GeForce RTX 4070 SUPER, 12282, 8799, 99, 25, 64.34, 180.00, 2505, 10251, 53
2026/09/16 19:27:15.997, NVIDIA GeForce RTX 4070 SUPER, 12282, 8799, 99, 25, 64.34, 180.00, 2505, 10251, 53
2026/09/16 19:27:16.198, NVIDIA GeForce RTX 4070 SUPER, 12282, 8799, 0, 0, 83.75, 180.00, 2790, 10251, 46
2026/09/16 19:27:16.398, NVIDIA GeForce RTX 4070 SUPER, 12282, 8799, 0, 0, 83.75, 180.00, 2790, 10251, 46
2026/09/16 19:27:16.599, NVIDIA GeForce RTX 4070 SUPER, 12282, 8799, 0, 0, 83.75, 180.00, 2790, 10251, 46
2026/09/16 19:27:16.799, NVIDIA GeForce RTX 4070 SUPER, 12282, 8799, 0, 0, 71.14, 180.00, 2790, 10251, 45
2026/09/16 19:27:16.999, NVIDIA GeForce RTX 4070 SUPER, 12282, 8799, 0, 0, 71.14, 180.00, 2790, 10251, 45
2026/09/16 19:27:17.200, NVIDIA GeForce RTX 4070 SUPER, 12282, 8799, 0, 0, 39.80, 180.00, 2790, 10251, 44
2026/09/16 19:27:17.400, NVIDIA GeForce RTX 4070 SUPER, 12282, 8829, 0, 0, 39.80, 180.00, 2790, 10251, 44
2026/09/16 19:27:17.600, NVIDIA GeForce RTX 4070 SUPER, 12282, 8829, 0, 0, 39.80, 180.00, 2790, 10251, 44
2026/09/16 19:27:17.801, NVIDIA GeForce RTX 4070 SUPER, 12282, 8829, 0, 0, 40.03, 180.00, 2790, 10251, 44
2026/09/16 19:27:18.001, NVIDIA GeForce RTX 4070 SUPER, 12282, 8829, 0, 0, 40.03, 180.00, 2790, 10251, 44
2026/09/16 19:27:18.201, NVIDIA GeForce RTX 4070 SUPER, 12282, 8829, 0, 0, 34.67, 180.00, 2505, 10251, 43
2026/09/16 19:27:18.402, NVIDIA GeForce RTX 4070 SUPER, 12282, 8829, 0, 0, 34.67, 180.00, 2505, 10251, 43
2026/09/16 19:27:18.602, NVIDIA GeForce RTX 4070 SUPER, 12282, 8829, 0, 0, 34.67, 180.00, 2505, 10251, 43
2026/09/16 19:27:18.802, NVIDIA GeForce RTX 4070 SUPER, 12282, 8829, 0, 0, 33.56, 180.00, 2505, 10251, 43
2026/09/16 19:27:19.003, NVIDIA GeForce RTX 4070 SUPER, 12282, 8829, 0, 0, 33.56, 180.00, 2505, 10251, 43
2026/09/16 19:27:19.203, NVIDIA GeForce RTX 4070 SUPER, 12282, 8829, 0, 0, 33.56, 180.00, 2505, 10251, 43
2026/09/16 19:27:19.403, NVIDIA GeForce RTX 4070 SUPER, 12282, 8829, 0, 0, 33.56, 180.00, 2505, 10251, 43
2026/09/16 19:27:19.604, NVIDIA GeForce RTX 4070 SUPER, 12282, 8829, 0, 0, 33.56, 180.00, 2505, 10251, 43
2026/09/16 19:27:19.804, NVIDIA GeForce RTX 4070 SUPER, 12282, 8829, 0, 0, 27.47, 180.00, 2505, 10251, 43
2026/09/16 19:27:20.004, NVIDIA GeForce RTX 4070 SUPER, 12282, 8829, 0, 0, 27.47, 180.00, 2505, 10251, 43
2026/09/16 19:27:20.205, NVIDIA GeForce RTX 4070 SUPER, 12282, 8829, 0, 0, 27.47, 180.00, 2505, 10251, 43
2026/09/16 19:27:20.405, NVIDIA GeForce RTX 4070 SUPER, 12282, 8829, 0, 0, 27.47, 180.00, 2505, 10251, 43
2026/09/16 19:27:20.605, NVIDIA GeForce RTX 4070 SUPER, 12282, 8829, 0, 0, 27.47, 180.00, 2505, 10251, 43
2026/09/16 19:27:20.806, NVIDIA GeForce RTX 4070 SUPER, 12282, 8829, 0, 0, 27.47, 180.00, 2505, 10251, 43
2026/09/16 19:27:21.006, NVIDIA GeForce RTX 4070 SUPER, 12282, 8829, 0, 0, 27.47, 180.00, 2505, 10251, 43
2026/09/16 19:27:21.206, NVIDIA GeForce RTX 4070 SUPER, 12282, 8829, 0, 0, 27.47, 180.00, 2505, 10251, 43
2026/09/16 19:27:21.407, NVIDIA GeForce RTX 4070 SUPER, 12282, 8829, 0, 0, 27.47, 180.00, 2505, 10251, 43
2026/09/16 19:27:21.607, NVIDIA GeForce RTX 4070 SUPER, 12282, 8829, 0, 0, 27.47, 180.00, 2505, 10251, 43
2026/09/16 19:27:21.807, NVIDIA GeForce RTX 4070 SUPER, 12282, 8829, 0, 0, 27.53, 180.00, 2505, 10251, 43
2026/09/16 19:27:22.008, NVIDIA GeForce RTX 4070 SUPER, 12282, 8829, 0, 0, 27.53, 180.00, 2505, 10251, 43
2026/09/16 19:27:22.208, NVIDIA GeForce RTX 4070 SUPER, 12282, 8829, 0, 0, 27.53, 180.00, 2505, 10251, 43
2026/09/16 19:27:22.408, NVIDIA GeForce RTX 4070 SUPER, 12282, 8829, 0, 0, 27.53, 180.00, 2505, 10251, 43
2026/09/16 19:27:22.609, NVIDIA GeForce RTX 4070 SUPER, 12282, 8829, 0, 0, 27.53, 180.00, 2505, 10251, 43
2026/09/16 19:27:22.809, NVIDIA GeForce RTX 4070 SUPER, 12282, 8829, 0, 0, 27.49, 180.00, 2505, 10251, 43
2026/09/16 19:27:23.009, NVIDIA GeForce RTX 4070 SUPER, 12282, 8829, 0, 0, 27.49, 180.00, 2505, 10251, 43
2026/09/16 19:27:23.210, NVIDIA GeForce RTX 4070 SUPER, 12282, 8829, 0, 0, 27.49, 180.00, 2505, 10251, 43
2026/09/16 19:27:23.410, NVIDIA GeForce RTX 4070 SUPER, 12282, 8829, 0, 0, 27.49, 180.00, 2505, 10251, 43
2026/09/16 19:27:23.610, NVIDIA GeForce RTX 4070 SUPER, 12282, 8829, 0, 0, 27.49, 180.00, 2505, 10251, 43
2026/09/16 19:27:23.811, NVIDIA GeForce RTX 4070 SUPER, 12282, 8829, 0, 0, 27.43, 180.00, 2505, 10251, 43
2026/09/16 19:27:24.011, NVIDIA GeForce RTX 4070 SUPER, 12282, 8829, 0, 0, 27.43, 180.00, 2505, 10251, 43
2026/09/16 19:27:24.211, NVIDIA GeForce RTX 4070 SUPER, 12282, 8829, 0, 0, 27.43, 180.00, 2505, 10251, 43
2026/09/16 19:27:24.412, NVIDIA GeForce RTX 4070 SUPER, 12282, 8829, 0, 0, 27.43, 180.00, 2505, 10251, 43
2026/09/16 19:27:24.612, NVIDIA GeForce RTX 4070 SUPER, 12282, 8829, 0, 0, 27.43, 180.00, 2505, 10251, 43
2026/09/16 19:27:24.812, NVIDIA GeForce RTX 4070 SUPER, 12282, 8829, 0, 0, 27.49, 180.00, 2505, 10251, 43
2026/09/16 19:27:25.013, NVIDIA GeForce RTX 4070 SUPER, 12282, 8829, 0, 0, 27.49, 180.00, 2505, 10251, 43
2026/09/16 19:27:25.213, NVIDIA GeForce RTX 4070 SUPER, 12282, 8829, 0, 0, 27.49, 180.00, 2505, 10251, 43
2026/09/16 19:27:25.413, NVIDIA GeForce RTX 4070 SUPER, 12282, 8829, 0, 0, 27.49, 180.00, 2505, 10251, 43
2026/09/16 19:27:25.614, NVIDIA GeForce RTX 4070 SUPER, 12282, 8829, 0, 0, 27.49, 180.00, 2505, 10251, 43
2026/09/16 19:27:25.814, NVIDIA GeForce RTX 4070 SUPER, 12282, 8829, 0, 0, 27.55, 180.00, 2505, 10251, 43
2026/09/16 19:27:26.014, NVIDIA GeForce RTX 4070 SUPER, 12282, 8829, 0, 0, 27.55, 180.00, 2505, 10251, 43
2026/09/16 19:27:26.214, NVIDIA GeForce RTX 4070 SUPER, 12282, 8829, 0, 0, 27.55, 180.00, 2505, 10251, 43
2026/09/16 19:27:26.415, NVIDIA GeForce RTX 4070 SUPER, 12282, 8829, 0, 0, 27.55, 180.00, 2505, 10251, 43
2026/09/16 19:27:26.615, NVIDIA GeForce RTX 4070 SUPER, 12282, 8829, 0, 0, 27.55, 180.00, 2505, 10251, 43
2026/09/16 19:27:26.816, NVIDIA GeForce RTX 4070 SUPER, 12282, 8829, 0, 0, 27.59, 180.00, 2505, 10251, 43
2026/09/16 19:27:27.016, NVIDIA GeForce RTX 4070 SUPER, 12282, 8829, 0, 0, 27.59, 180.00, 2505, 10251, 43
2026/09/16 19:27:27.216, NVIDIA GeForce RTX 4070 SUPER, 12282, 8829, 0, 0, 27.59, 180.00, 2505, 10251, 43
2026/09/16 19:27:27.417, NVIDIA GeForce RTX 4070 SUPER, 12282, 8829, 0, 0, 27.59, 180.00, 2505, 10251, 43
2026/09/16 19:27:27.617, NVIDIA GeForce RTX 4070 SUPER, 12282, 8829, 0, 0, 27.59, 180.00, 2505, 10251, 43
2026/09/16 19:27:27.817, NVIDIA GeForce RTX 4070 SUPER, 12282, 8829, 0, 0, 27.52, 180.00, 2505, 10251, 43
2026/09/16 19:27:28.018, NVIDIA GeForce RTX 4070 SUPER, 12282, 8829, 0, 0, 27.52, 180.00, 2505, 10251, 43
2026/09/16 19:27:28.218, NVIDIA GeForce RTX 4070 SUPER, 12282, 8829, 0, 0, 27.52, 180.00, 2505, 10251, 43
2026/09/16 19:27:28.418, NVIDIA GeForce RTX 4070 SUPER, 12282, 8829, 0, 0, 27.52, 180.00, 2505, 10251, 43
2026/09/16 19:27:28.619, NVIDIA GeForce RTX 4070 SUPER, 12282, 8829, 0, 0, 27.52, 180.00, 2505, 10251, 43
2026/09/16 19:27:28.819, NVIDIA GeForce RTX 4070 SUPER, 12282, 8829, 0, 0, 27.60, 180.00, 2505, 10251, 43
2026/09/16 19:27:29.019, NVIDIA GeForce RTX 4070 SUPER, 12282, 8829, 0, 0, 27.60, 180.00, 2505, 10251, 43
2026/09/16 19:27:29.220, NVIDIA GeForce RTX 4070 SUPER, 12282, 8829, 0, 0, 27.60, 180.00, 2505, 10251, 43
2026/09/16 19:27:29.420, NVIDIA GeForce RTX 4070 SUPER, 12282, 8829, 0, 0, 27.60, 180.00, 2505, 10251, 43
2026/09/16 19:27:29.620, NVIDIA GeForce RTX 4070 SUPER, 12282, 8829, 0, 0, 27.60, 180.00, 2505, 10251, 43
2026/09/16 19:27:29.821, NVIDIA GeForce RTX 4070 SUPER, 12282, 8829, 0, 0, 27.68, 180.00, 2505, 10251, 43
2026/09/16 19:27:30.021, NVIDIA GeForce RTX 4070 SUPER, 12282, 8829, 0, 0, 27.68, 180.00, 2505, 10251, 43
2026/09/16 19:27:30.221, NVIDIA GeForce RTX 4070 SUPER, 12282, 8829, 0, 0, 27.68, 180.00, 2505, 10251, 43
2026/09/16 19:27:30.422, NVIDIA GeForce RTX 4070 SUPER, 12282, 8829, 0, 0, 27.68, 180.00, 2505, 10251, 43
2026/09/16 19:27:30.622, NVIDIA GeForce RTX 4070 SUPER, 12282, 8829, 0, 0, 27.68, 180.00, 2505, 10251, 43
2026/09/16 19:27:30.822, NVIDIA GeForce RTX 4070 SUPER, 12282, 8829, 0, 0, 27.71, 180.00, 2505, 10251, 43
2026/09/16 19:27:31.023, NVIDIA GeForce RTX 4070 SUPER, 12282, 8829, 0, 0, 27.71, 180.00, 2505, 10251, 43
2026/09/16 19:27:31.223, NVIDIA GeForce RTX 4070 SUPER, 12282, 8829, 0, 0, 27.71, 180.00, 2505, 10251, 43
2026/09/16 19:27:31.423, NVIDIA GeForce RTX 4070 SUPER, 12282, 8829, 0, 0, 27.71, 180.00, 2505, 10251, 43
2026/09/16 19:27:31.624, NVIDIA GeForce RTX 4070 SUPER, 12282, 8829, 0, 0, 27.71, 180.00, 2505, 10251, 43
2026/09/16 19:27:31.824, NVIDIA GeForce RTX 4070 SUPER, 12282, 8829, 0, 0, 27.71, 180.00, 2505, 10251, 43
2026/09/16 19:27:32.024, NVIDIA GeForce RTX 4070 SUPER, 12282, 8829, 0, 0, 27.71, 180.00, 2505, 10251, 43
2026/09/16 19:27:32.225, NVIDIA GeForce RTX 4070 SUPER, 12282, 8829, 0, 0, 27.71, 180.00, 2505, 10251, 43
2026/09/16 19:27:32.425, NVIDIA GeForce RTX 4070 SUPER, 12282, 8829, 0, 0, 27.71, 180.00, 2505, 10251, 43
2026/09/16 19:27:32.625, NVIDIA GeForce RTX 4070 SUPER, 12282, 8829, 0, 0, 27.71, 180.00, 2505, 10251, 43
2026/09/16 19:27:32.826, NVIDIA GeForce RTX 4070 SUPER, 12282, 8829, 0, 0, 27.62, 180.00, 2505, 10251, 43
2026/09/16 19:27:33.026, NVIDIA GeForce RTX 4070 SUPER, 12282, 8829, 0, 0, 27.62, 180.00, 2505, 10251, 43
2026/09/16 19:27:33.227, NVIDIA GeForce RTX 4070 SUPER, 12282, 8829, 0, 0, 27.62, 180.00, 2505, 10251, 43
2026/09/16 19:27:33.427, NVIDIA GeForce RTX 4070 SUPER, 12282, 8829, 0, 0, 27.62, 180.00, 2505, 10251, 43
2026/09/16 19:27:33.627, NVIDIA GeForce RTX 4070 SUPER, 12282, 8829, 0, 0, 27.62, 180.00, 2505, 10251, 43
2026/09/16 19:27:33.828, NVIDIA GeForce RTX 4070 SUPER, 12282, 8829, 0, 0, 27.64, 180.00, 2505, 10251, 43
2026/09/16 19:27:34.028, NVIDIA GeForce RTX 4070 SUPER, 12282, 8829, 0, 0, 27.64, 180.00, 2505, 10251, 43
2026/09/16 19:27:34.228, NVIDIA GeForce RTX 4070 SUPER, 12282, 8829, 0, 0, 27.64, 180.00, 2505, 10251, 43
2026/09/16 19:27:34.429, NVIDIA GeForce RTX 4070 SUPER, 12282, 8829, 0, 0, 27.64, 180.00, 2505, 10251, 43
2026/09/16 19:27:34.629, NVIDIA GeForce RTX 4070 SUPER, 12282, 8829, 0, 0, 27.64, 180.00, 2505, 10251, 43
2026/09/16 19:27:34.830, NVIDIA GeForce RTX 4070 SUPER, 12282, 8829, 0, 0, 23.61, 180.00, 405, 810, 42
2026/09/16 19:27:35.030, NVIDIA GeForce RTX 4070 SUPER, 12282, 8829, 0, 0, 23.61, 180.00, 405, 810, 42
2026/09/16 19:27:35.230, NVIDIA GeForce RTX 4070 SUPER, 12282, 8829, 0, 0, 23.61, 180.00, 405, 810, 42
2026/09/16 19:27:35.431, NVIDIA GeForce RTX 4070 SUPER, 12282, 8829, 0, 0, 23.61, 180.00, 405, 810, 42
2026/09/16 19:27:35.631, NVIDIA GeForce RTX 4070 SUPER, 12282, 8829, 0, 0, 23.61, 180.00, 405, 810, 42
2026/09/16 19:27:35.832, NVIDIA GeForce RTX 4070 SUPER, 12282, 8829, 0, 0, 15.21, 180.00, 255, 405, 42
2026/09/16 19:27:36.032, NVIDIA GeForce RTX 4070 SUPER, 12282, 8829, 0, 0, 15.21, 180.00, 255, 405, 42
2026/09/16 19:27:36.233, NVIDIA GeForce RTX 4070 SUPER, 12282, 8829, 0, 0, 15.21, 180.00, 255, 405, 42
2026/09/16 19:27:36.433, NVIDIA GeForce RTX 4070 SUPER, 12282, 8829, 0, 0, 15.21, 180.00, 255, 405, 42
2026/09/16 19:27:36.634, NVIDIA GeForce RTX 4070 SUPER, 12282, 8829, 0, 0, 15.21, 180.00, 255, 405, 42
2026/09/16 19:27:36.834, NVIDIA GeForce RTX 4070 SUPER, 12282, 8829, 0, 0, 10.15, 180.00, 210, 405, 41
2026/09/16 19:27:37.035, NVIDIA GeForce RTX 4070 SUPER, 12282, 8829, 0, 0, 10.15, 180.00, 210, 405, 41
2026/09/16 19:27:37.235, NVIDIA GeForce RTX 4070 SUPER, 12282, 8829, 0, 0, 10.15, 180.00, 210, 405, 41
2026/09/16 19:27:37.436, NVIDIA GeForce RTX 4070 SUPER, 12282, 8829, 0, 0, 10.15, 180.00, 210, 405, 41
2026/09/16 19:27:37.636, NVIDIA GeForce RTX 4070 SUPER, 12282, 8829, 0, 0, 10.15, 180.00, 210, 405, 41
2026/09/16 19:27:37.837, NVIDIA GeForce RTX 4070 SUPER, 12282, 8829, 0, 0, 11.80, 180.00, 2505, 10251, 42
2026/09/16 19:27:38.037, NVIDIA GeForce RTX 4070 SUPER, 12282, 8829, 0, 0, 11.80, 180.00, 2505, 10251, 42
2026/09/16 19:27:38.237, NVIDIA GeForce RTX 4070 SUPER, 12282, 8829, 39, 43, 17.53, 180.00, 2505, 10251, 42
2026/09/16 19:27:38.438, NVIDIA GeForce RTX 4070 SUPER, 12282, 8829, 39, 43, 17.53, 180.00, 2505, 10251, 42
2026/09/16 19:27:38.639, NVIDIA GeForce RTX 4070 SUPER, 12282, 8829, 39, 43, 17.53, 180.00, 2505, 10251, 42
2026/09/16 19:27:38.839, NVIDIA GeForce RTX 4070 SUPER, 12282, 8831, 99, 64, 75.53, 180.00, 2625, 10251, 48
2026/09/16 19:27:39.039, NVIDIA GeForce RTX 4070 SUPER, 12282, 8831, 99, 64, 75.53, 180.00, 2625, 10251, 48
2026/09/16 19:27:39.240, NVIDIA GeForce RTX 4070 SUPER, 12282, 8831, 99, 30, 144.95, 180.00, 2685, 10251, 57
2026/09/16 19:27:39.440, NVIDIA GeForce RTX 4070 SUPER, 12282, 8893, 99, 30, 144.95, 180.00, 2685, 10251, 57
2026/09/16 19:27:39.641, NVIDIA GeForce RTX 4070 SUPER, 12282, 8893, 99, 30, 144.95, 180.00, 2685, 10251, 57
2026/09/16 19:27:39.841, NVIDIA GeForce RTX 4070 SUPER, 12282, 8893, 100, 31, 178.85, 180.00, 2670, 10251, 58
2026/09/16 19:27:40.042, NVIDIA GeForce RTX 4070 SUPER, 12282, 8893, 100, 31, 178.85, 180.00, 2670, 10251, 58
2026/09/16 19:27:40.242, NVIDIA GeForce RTX 4070 SUPER, 12282, 8893, 100, 26, 179.34, 180.00, 2610, 10251, 59
2026/09/16 19:27:40.442, NVIDIA GeForce RTX 4070 SUPER, 12282, 8893, 100, 26, 179.34, 180.00, 2610, 10251, 59
2026/09/16 19:27:40.643, NVIDIA GeForce RTX 4070 SUPER, 12282, 8893, 100, 26, 179.34, 180.00, 2610, 10251, 59
2026/09/16 19:27:40.843, NVIDIA GeForce RTX 4070 SUPER, 12282, 8893, 98, 36, 178.59, 180.00, 2670, 10251, 59
2026/09/16 19:27:41.044, NVIDIA GeForce RTX 4070 SUPER, 12282, 8893, 98, 36, 178.59, 180.00, 2670, 10251, 59
2026/09/16 19:27:41.244, NVIDIA GeForce RTX 4070 SUPER, 12282, 8893, 100, 26, 179.29, 180.00, 2625, 10251, 59
2026/09/16 19:27:41.445, NVIDIA GeForce RTX 4070 SUPER, 12282, 8893, 100, 26, 179.29, 180.00, 2625, 10251, 59
2026/09/16 19:27:41.645, NVIDIA GeForce RTX 4070 SUPER, 12282, 8893, 100, 26, 179.29, 180.00, 2625, 10251, 59
2026/09/16 19:27:41.846, NVIDIA GeForce RTX 4070 SUPER, 12282, 8893, 99, 29, 179.44, 180.00, 2685, 10251, 57
2026/09/16 19:27:42.046, NVIDIA GeForce RTX 4070 SUPER, 12282, 8893, 99, 29, 179.44, 180.00, 2685, 10251, 57
2026/09/16 19:27:42.247, NVIDIA GeForce RTX 4070 SUPER, 12282, 8893, 100, 30, 179.38, 180.00, 2610, 10251, 60
2026/09/16 19:27:42.447, NVIDIA GeForce RTX 4070 SUPER, 12282, 8893, 100, 30, 179.38, 180.00, 2610, 10251, 60
2026/09/16 19:27:42.647, NVIDIA GeForce RTX 4070 SUPER, 12282, 8893, 100, 30, 179.38, 180.00, 2610, 10251, 60
2026/09/16 19:27:42.848, NVIDIA GeForce RTX 4070 SUPER, 12282, 8893, 99, 32, 178.73, 180.00, 2640, 10251, 61
2026/09/16 19:27:43.048, NVIDIA GeForce RTX 4070 SUPER, 12282, 8893, 99, 32, 178.73, 180.00, 2640, 10251, 61
2026/09/16 19:27:43.249, NVIDIA GeForce RTX 4070 SUPER, 12282, 8893, 100, 30, 179.51, 180.00, 2595, 10251, 60
2026/09/16 19:27:43.449, NVIDIA GeForce RTX 4070 SUPER, 12282, 8893, 100, 30, 179.51, 180.00, 2595, 10251, 60
2026/09/16 19:27:43.649, NVIDIA GeForce RTX 4070 SUPER, 12282, 8893, 100, 30, 179.51, 180.00, 2595, 10251, 60
2026/09/16 19:27:43.850, NVIDIA GeForce RTX 4070 SUPER, 12282, 8893, 100, 30, 179.28, 180.00, 2595, 10251, 60
2026/09/16 19:27:44.050, NVIDIA GeForce RTX 4070 SUPER, 12282, 8893, 100, 30, 179.28, 180.00, 2595, 10251, 60
2026/09/16 19:27:44.251, NVIDIA GeForce RTX 4070 SUPER, 12282, 8893, 99, 29, 179.36, 180.00, 2685, 10251, 59
2026/09/16 19:27:44.451, NVIDIA GeForce RTX 4070 SUPER, 12282, 8893, 99, 29, 179.36, 180.00, 2685, 10251, 59
2026/09/16 19:27:44.651, NVIDIA GeForce RTX 4070 SUPER, 12282, 8893, 99, 29, 179.36, 180.00, 2685, 10251, 59
2026/09/16 19:27:44.852, NVIDIA GeForce RTX 4070 SUPER, 12282, 8893, 100, 33, 178.96, 180.00, 2580, 10251, 60
2026/09/16 19:27:45.052, NVIDIA GeForce RTX 4070 SUPER, 12282, 8893, 100, 33, 178.96, 180.00, 2580, 10251, 60
2026/09/16 19:27:45.253, NVIDIA GeForce RTX 4070 SUPER, 12282, 8893, 100, 31, 179.02, 180.00, 2655, 10251, 61
2026/09/16 19:27:45.453, NVIDIA GeForce RTX 4070 SUPER, 12282, 8893, 100, 31, 179.02, 180.00, 2655, 10251, 61
2026/09/16 19:27:45.654, NVIDIA GeForce RTX 4070 SUPER, 12282, 8893, 100, 31, 179.02, 180.00, 2655, 10251, 61
2026/09/16 19:27:45.854, NVIDIA GeForce RTX 4070 SUPER, 12282, 8893, 98, 34, 178.63, 180.00, 2655, 10251, 61
2026/09/16 19:27:46.054, NVIDIA GeForce RTX 4070 SUPER, 12282, 8893, 98, 34, 178.63, 180.00, 2655, 10251, 61
2026/09/16 19:27:46.255, NVIDIA GeForce RTX 4070 SUPER, 12282, 8893, 100, 33, 179.27, 180.00, 2550, 10251, 61
2026/09/16 19:27:46.455, NVIDIA GeForce RTX 4070 SUPER, 12282, 8893, 100, 33, 179.27, 180.00, 2550, 10251, 61
2026/09/16 19:27:46.656, NVIDIA GeForce RTX 4070 SUPER, 12282, 8893, 100, 33, 179.27, 180.00, 2550, 10251, 61
2026/09/16 19:27:46.856, NVIDIA GeForce RTX 4070 SUPER, 12282, 8893, 100, 31, 179.28, 180.00, 2580, 10251, 61
2026/09/16 19:27:47.057, NVIDIA GeForce RTX 4070 SUPER, 12282, 8893, 100, 31, 179.28, 180.00, 2580, 10251, 61
2026/09/16 19:27:47.258, NVIDIA GeForce RTX 4070 SUPER, 12282, 8893, 99, 34, 179.30, 180.00, 2670, 10251, 62
2026/09/16 19:27:47.458, NVIDIA GeForce RTX 4070 SUPER, 12282, 8893, 99, 34, 179.30, 180.00, 2670, 10251, 62
2026/09/16 19:27:47.658, NVIDIA GeForce RTX 4070 SUPER, 12282, 8893, 99, 34, 179.30, 180.00, 2670, 10251, 62
2026/09/16 19:27:47.859, NVIDIA GeForce RTX 4070 SUPER, 12282, 8893, 0, 0, 138.93, 180.00, 2790, 10251, 51
2026/09/16 19:27:48.059, NVIDIA GeForce RTX 4070 SUPER, 12282, 8893, 0, 0, 138.93, 180.00, 2790, 10251, 51
2026/09/16 19:27:48.259, NVIDIA GeForce RTX 4070 SUPER, 12282, 8893, 0, 0, 76.49, 180.00, 2790, 10251, 49
2026/09/16 19:27:48.460, NVIDIA GeForce RTX 4070 SUPER, 12282, 8893, 0, 0, 76.49, 180.00, 2790, 10251, 49
2026/09/16 19:27:48.660, NVIDIA GeForce RTX 4070 SUPER, 12282, 8893, 0, 0, 76.49, 180.00, 2790, 10251, 49
2026/09/16 19:27:48.861, NVIDIA GeForce RTX 4070 SUPER, 12282, 8895, 0, 0, 42.30, 180.00, 2790, 10251, 49
2026/09/16 19:27:49.061, NVIDIA GeForce RTX 4070 SUPER, 12282, 8895, 0, 0, 42.30, 180.00, 2790, 10251, 49
2026/09/16 19:27:49.261, NVIDIA GeForce RTX 4070 SUPER, 12282, 8895, 100, 24, 70.43, 180.00, 2565, 10251, 58
2026/09/16 19:27:49.462, NVIDIA GeForce RTX 4070 SUPER, 12282, 7267, 100, 24, 70.43, 180.00, 2565, 10251, 58
2026/09/16 19:27:49.662, NVIDIA GeForce RTX 4070 SUPER, 12282, 7267, 100, 24, 70.43, 180.00, 2565, 10251, 58
2026/09/16 19:27:49.863, NVIDIA GeForce RTX 4070 SUPER, 12282, 7267, 0, 0, 87.04, 180.00, 2790, 10251, 49
2026/09/16 19:27:50.063, NVIDIA GeForce RTX 4070 SUPER, 12282, 7267, 0, 0, 87.04, 180.00, 2790, 10251, 49
2026/09/16 19:27:50.263, NVIDIA GeForce RTX 4070 SUPER, 12282, 7267, 0, 0, 70.92, 180.00, 2790, 10251, 48
2026/09/16 19:27:50.464, NVIDIA GeForce RTX 4070 SUPER, 12282, 7267, 0, 0, 70.92, 180.00, 2790, 10251, 48
2026/09/16 19:27:50.664, NVIDIA GeForce RTX 4070 SUPER, 12282, 7267, 0, 0, 70.92, 180.00, 2790, 10251, 48
2026/09/16 19:27:50.864, NVIDIA GeForce RTX 4070 SUPER, 12282, 7267, 0, 0, 58.11, 180.00, 2790, 10251, 48
2026/09/16 19:27:51.065, NVIDIA GeForce RTX 4070 SUPER, 12282, 7267, 0, 0, 58.11, 180.00, 2790, 10251, 48
2026/09/16 19:27:51.265, NVIDIA GeForce RTX 4070 SUPER, 12282, 7267, 0, 0, 58.11, 180.00, 2790, 10251, 48
2026/09/16 19:27:51.465, NVIDIA GeForce RTX 4070 SUPER, 12282, 7267, 0, 0, 58.11, 180.00, 2790, 10251, 48
2026/09/16 19:27:51.666, NVIDIA GeForce RTX 4070 SUPER, 12282, 7267, 0, 0, 58.11, 180.00, 2790, 10251, 48
2026/09/16 19:27:51.866, NVIDIA GeForce RTX 4070 SUPER, 12282, 7267, 0, 0, 38.63, 180.00, 2505, 10251, 47
2026/09/16 19:27:52.066, NVIDIA GeForce RTX 4070 SUPER, 12282, 7267, 0, 0, 38.63, 180.00, 2505, 10251, 47
2026/09/16 19:27:52.267, NVIDIA GeForce RTX 4070 SUPER, 12282, 7267, 0, 0, 38.63, 180.00, 2505, 10251, 47
2026/09/16 19:27:52.467, NVIDIA GeForce RTX 4070 SUPER, 12282, 7267, 0, 0, 38.63, 180.00, 2505, 10251, 47
2026/09/16 19:27:52.668, NVIDIA GeForce RTX 4070 SUPER, 12282, 7267, 0, 0, 38.63, 180.00, 2505, 10251, 47
2026/09/16 19:27:52.868, NVIDIA GeForce RTX 4070 SUPER, 12282, 7267, 0, 0, 33.47, 180.00, 2505, 10251, 46
2026/09/16 19:27:53.068, NVIDIA GeForce RTX 4070 SUPER, 12282, 7267, 0, 0, 33.47, 180.00, 2505, 10251, 46
2026/09/16 19:27:53.269, NVIDIA GeForce RTX 4070 SUPER, 12282, 7267, 0, 0, 33.47, 180.00, 2505, 10251, 46
2026/09/16 19:27:53.469, NVIDIA GeForce RTX 4070 SUPER, 12282, 7267, 0, 0, 33.47, 180.00, 2505, 10251, 46
2026/09/16 19:27:53.669, NVIDIA GeForce RTX 4070 SUPER, 12282, 7267, 0, 0, 33.47, 180.00, 2505, 10251, 46
2026/09/16 19:27:53.870, NVIDIA GeForce RTX 4070 SUPER, 12282, 7267, 0, 0, 28.47, 180.00, 2505, 10251, 46
2026/09/16 19:27:54.070, NVIDIA GeForce RTX 4070 SUPER, 12282, 7267, 0, 0, 28.47, 180.00, 2505, 10251, 46
2026/09/16 19:27:54.271, NVIDIA GeForce RTX 4070 SUPER, 12282, 7267, 0, 0, 28.47, 180.00, 2505, 10251, 46
2026/09/16 19:27:54.471, NVIDIA GeForce RTX 4070 SUPER, 12282, 7267, 0, 0, 28.47, 180.00, 2505, 10251, 46
2026/09/16 19:27:54.671, NVIDIA GeForce RTX 4070 SUPER, 12282, 7267, 0, 0, 28.47, 180.00, 2505, 10251, 46
2026/09/16 19:27:54.872, NVIDIA GeForce RTX 4070 SUPER, 12282, 7267, 0, 0, 28.36, 180.00, 2505, 10251, 46
2026/09/16 19:27:55.072, NVIDIA GeForce RTX 4070 SUPER, 12282, 7267, 0, 0, 28.36, 180.00, 2505, 10251, 46
2026/09/16 19:27:55.273, NVIDIA GeForce RTX 4070 SUPER, 12282, 7267, 0, 0, 28.36, 180.00, 2505, 10251, 46
2026/09/16 19:27:55.473, NVIDIA GeForce RTX 4070 SUPER, 12282, 7267, 0, 0, 28.36, 180.00, 2505, 10251, 46
2026/09/16 19:27:55.673, NVIDIA GeForce RTX 4070 SUPER, 12282, 7267, 0, 0, 28.36, 180.00, 2505, 10251, 46
2026/09/16 19:27:55.874, NVIDIA GeForce RTX 4070 SUPER, 12282, 7267, 0, 0, 28.37, 180.00, 2505, 10251, 45
2026/09/16 19:27:56.074, NVIDIA GeForce RTX 4070 SUPER, 12282, 7267, 0, 0, 28.37, 180.00, 2505, 10251, 45
2026/09/16 19:27:56.274, NVIDIA GeForce RTX 4070 SUPER, 12282, 7267, 0, 0, 28.37, 180.00, 2505, 10251, 45
2026/09/16 19:27:56.475, NVIDIA GeForce RTX 4070 SUPER, 12282, 7267, 0, 0, 28.37, 180.00, 2505, 10251, 45
2026/09/16 19:27:56.675, NVIDIA GeForce RTX 4070 SUPER, 12282, 7267, 0, 0, 28.37, 180.00, 2505, 10251, 45
2026/09/16 19:27:56.875, NVIDIA GeForce RTX 4070 SUPER, 12282, 7267, 0, 0, 28.41, 180.00, 2505, 10251, 45
2026/09/16 19:27:57.076, NVIDIA GeForce RTX 4070 SUPER, 12282, 7267, 0, 0, 28.41, 180.00, 2505, 10251, 45
2026/09/16 19:27:57.276, NVIDIA GeForce RTX 4070 SUPER, 12282, 7267, 0, 0, 28.41, 180.00, 2505, 10251, 45
2026/09/16 19:27:57.476, NVIDIA GeForce RTX 4070 SUPER, 12282, 7267, 0, 0, 28.41, 180.00, 2505, 10251, 45
2026/09/16 19:27:57.677, NVIDIA GeForce RTX 4070 SUPER, 12282, 7267, 0, 0, 28.41, 180.00, 2505, 10251, 45
2026/09/16 19:27:57.877, NVIDIA GeForce RTX 4070 SUPER, 12282, 7267, 0, 0, 28.24, 180.00, 2505, 10251, 45
2026/09/16 19:27:58.078, NVIDIA GeForce RTX 4070 SUPER, 12282, 7267, 0, 0, 28.24, 180.00, 2505, 10251, 45
2026/09/16 19:27:58.278, NVIDIA GeForce RTX 4070 SUPER, 12282, 7267, 0, 0, 28.24, 180.00, 2505, 10251, 45
2026/09/16 19:27:58.478, NVIDIA GeForce RTX 4070 SUPER, 12282, 7267, 0, 0, 28.24, 180.00, 2505, 10251, 45
2026/09/16 19:27:58.679, NVIDIA GeForce RTX 4070 SUPER, 12282, 7267, 0, 0, 28.24, 180.00, 2505, 10251, 45
2026/09/16 19:27:58.879, NVIDIA GeForce RTX 4070 SUPER, 12282, 7267, 0, 0, 28.04, 180.00, 2505, 10251, 44
2026/09/16 19:27:59.079, NVIDIA GeForce RTX 4070 SUPER, 12282, 7267, 0, 0, 28.04, 180.00, 2505, 10251, 44
2026/09/16 19:27:59.280, NVIDIA GeForce RTX 4070 SUPER, 12282, 7267, 0, 0, 28.12, 180.00, 2505, 10251, 44
2026/09/16 19:27:59.480, NVIDIA GeForce RTX 4070 SUPER, 12282, 7267, 0, 0, 28.12, 180.00, 2505, 10251, 44
2026/09/16 19:27:59.680, NVIDIA GeForce RTX 4070 SUPER, 12282, 7267, 0, 0, 28.12, 180.00, 2505, 10251, 44
2026/09/16 19:27:59.881, NVIDIA GeForce RTX 4070 SUPER, 12282, 7267, 0, 0, 28.26, 180.00, 2505, 10251, 44
2026/09/16 19:28:00.081, NVIDIA GeForce RTX 4070 SUPER, 12282, 7733, 0, 0, 28.26, 180.00, 2505, 10251, 44
2026/09/16 19:28:00.282, NVIDIA GeForce RTX 4070 SUPER, 12282, 8465, 100, 25, 61.72, 180.00, 2640, 10251, 55
2026/09/16 19:28:00.482, NVIDIA GeForce RTX 4070 SUPER, 12282, 8465, 100, 25, 61.72, 180.00, 2640, 10251, 55
2026/09/16 19:28:00.683, NVIDIA GeForce RTX 4070 SUPER, 12282, 8465, 100, 25, 61.72, 180.00, 2640, 10251, 55
2026/09/16 19:28:00.883, NVIDIA GeForce RTX 4070 SUPER, 12282, 8465, 67, 18, 127.08, 180.00, 2700, 10251, 52
2026/09/16 19:28:01.083, NVIDIA GeForce RTX 4070 SUPER, 12282, 8465, 67, 18, 127.08, 180.00, 2700, 10251, 52
2026/09/16 19:28:01.284, NVIDIA GeForce RTX 4070 SUPER, 12282, 8465, 100, 34, 177.09, 180.00, 2595, 10251, 59
2026/09/16 19:28:01.484, NVIDIA GeForce RTX 4070 SUPER, 12282, 8465, 100, 34, 177.09, 180.00, 2595, 10251, 59
2026/09/16 19:28:01.685, NVIDIA GeForce RTX 4070 SUPER, 12282, 8465, 100, 34, 177.09, 180.00, 2595, 10251, 59
2026/09/16 19:28:01.886, NVIDIA GeForce RTX 4070 SUPER, 12282, 8465, 98, 34, 175.64, 180.00, 2640, 10251, 59
2026/09/16 19:28:02.086, NVIDIA GeForce RTX 4070 SUPER, 12282, 8465, 98, 34, 175.64, 180.00, 2640, 10251, 59
2026/09/16 19:28:02.286, NVIDIA GeForce RTX 4070 SUPER, 12282, 8465, 97, 28, 178.70, 180.00, 2670, 10251, 59
2026/09/16 19:28:02.487, NVIDIA GeForce RTX 4070 SUPER, 12282, 8465, 97, 28, 178.70, 180.00, 2670, 10251, 59
2026/09/16 19:28:02.687, NVIDIA GeForce RTX 4070 SUPER, 12282, 8465, 97, 28, 178.70, 180.00, 2670, 10251, 59
2026/09/16 19:28:02.888, NVIDIA GeForce RTX 4070 SUPER, 12282, 8465, 100, 34, 175.75, 180.00, 2595, 10251, 60
2026/09/16 19:28:03.088, NVIDIA GeForce RTX 4070 SUPER, 12282, 8465, 100, 34, 175.75, 180.00, 2595, 10251, 60
2026/09/16 19:28:03.288, NVIDIA GeForce RTX 4070 SUPER, 12282, 8465, 100, 31, 176.85, 180.00, 2580, 10251, 60
2026/09/16 19:28:03.489, NVIDIA GeForce RTX 4070 SUPER, 12282, 8465, 100, 31, 176.85, 180.00, 2580, 10251, 60
2026/09/16 19:28:03.689, NVIDIA GeForce RTX 4070 SUPER, 12282, 8465, 100, 31, 176.85, 180.00, 2580, 10251, 60
2026/09/16 19:28:03.890, NVIDIA GeForce RTX 4070 SUPER, 12282, 8465, 99, 34, 179.04, 180.00, 2670, 10251, 61
2026/09/16 19:28:04.090, NVIDIA GeForce RTX 4070 SUPER, 12282, 8465, 99, 34, 179.04, 180.00, 2670, 10251, 61
2026/09/16 19:28:04.291, NVIDIA GeForce RTX 4070 SUPER, 12282, 8465, 100, 34, 178.15, 180.00, 2580, 10251, 61
2026/09/16 19:28:04.491, NVIDIA GeForce RTX 4070 SUPER, 12282, 8465, 100, 34, 178.15, 180.00, 2580, 10251, 61
2026/09/16 19:28:04.691, NVIDIA GeForce RTX 4070 SUPER, 12282, 8465, 100, 34, 178.15, 180.00, 2580, 10251, 61
2026/09/16 19:28:04.892, NVIDIA GeForce RTX 4070 SUPER, 12282, 8465, 100, 34, 179.90, 180.00, 2595, 10251, 61
2026/09/16 19:28:05.092, NVIDIA GeForce RTX 4070 SUPER, 12282, 8465, 100, 34, 179.90, 180.00, 2595, 10251, 61
2026/09/16 19:28:05.293, NVIDIA GeForce RTX 4070 SUPER, 12282, 8465, 98, 28, 179.12, 180.00, 2670, 10251, 60
2026/09/16 19:28:05.493, NVIDIA GeForce RTX 4070 SUPER, 12282, 8465, 98, 28, 179.12, 180.00, 2670, 10251, 60
2026/09/16 19:28:05.694, NVIDIA GeForce RTX 4070 SUPER, 12282, 8465, 100, 34, 176.73, 180.00, 2595, 10251, 61
2026/09/16 19:28:05.894, NVIDIA GeForce RTX 4070 SUPER, 12282, 8465, 100, 34, 176.73, 180.00, 2595, 10251, 61
2026/09/16 19:28:06.095, NVIDIA GeForce RTX 4070 SUPER, 12282, 8465, 100, 34, 176.73, 180.00, 2595, 10251, 61
2026/09/16 19:28:06.295, NVIDIA GeForce RTX 4070 SUPER, 12282, 8465, 100, 34, 179.01, 180.00, 2595, 10251, 61
2026/09/16 19:28:06.496, NVIDIA GeForce RTX 4070 SUPER, 12282, 8465, 100, 34, 179.01, 180.00, 2595, 10251, 61
2026/09/16 19:28:06.696, NVIDIA GeForce RTX 4070 SUPER, 12282, 8465, 98, 34, 179.60, 180.00, 2655, 10251, 61
2026/09/16 19:28:06.896, NVIDIA GeForce RTX 4070 SUPER, 12282, 8465, 98, 34, 179.60, 180.00, 2655, 10251, 61
2026/09/16 19:28:07.097, NVIDIA GeForce RTX 4070 SUPER, 12282, 8465, 98, 34, 179.60, 180.00, 2655, 10251, 61
2026/09/16 19:28:07.297, NVIDIA GeForce RTX 4070 SUPER, 12282, 8465, 100, 34, 177.51, 180.00, 2595, 10251, 61
2026/09/16 19:28:07.498, NVIDIA GeForce RTX 4070 SUPER, 12282, 8465, 100, 34, 177.51, 180.00, 2595, 10251, 61
2026/09/16 19:28:07.698, NVIDIA GeForce RTX 4070 SUPER, 12282, 8465, 100, 33, 179.80, 180.00, 2595, 10251, 61
2026/09/16 19:28:07.899, NVIDIA GeForce RTX 4070 SUPER, 12282, 8465, 100, 33, 179.80, 180.00, 2595, 10251, 61
2026/09/16 19:28:08.099, NVIDIA GeForce RTX 4070 SUPER, 12282, 8465, 100, 33, 179.80, 180.00, 2595, 10251, 61
2026/09/16 19:28:08.300, NVIDIA GeForce RTX 4070 SUPER, 12282, 8465, 98, 28, 179.45, 180.00, 2670, 10251, 61
2026/09/16 19:28:08.500, NVIDIA GeForce RTX 4070 SUPER, 12282, 8465, 98, 28, 179.45, 180.00, 2670, 10251, 61
2026/09/16 19:28:08.700, NVIDIA GeForce RTX 4070 SUPER, 12282, 8465, 100, 34, 177.02, 180.00, 2595, 10251, 62
2026/09/16 19:28:08.901, NVIDIA GeForce RTX 4070 SUPER, 12282, 8465, 100, 34, 177.02, 180.00, 2595, 10251, 62
2026/09/16 19:28:09.101, NVIDIA GeForce RTX 4070 SUPER, 12282, 8465, 100, 34, 177.02, 180.00, 2595, 10251, 62
2026/09/16 19:28:09.302, NVIDIA GeForce RTX 4070 SUPER, 12282, 8465, 100, 33, 179.28, 180.00, 2580, 10251, 62
2026/09/16 19:28:09.502, NVIDIA GeForce RTX 4070 SUPER, 12282, 8465, 100, 33, 179.28, 180.00, 2580, 10251, 62
2026/09/16 19:28:09.703, NVIDIA GeForce RTX 4070 SUPER, 12282, 8465, 99, 35, 180.18, 180.00, 2670, 10251, 62
2026/09/16 19:28:09.903, NVIDIA GeForce RTX 4070 SUPER, 12282, 8465, 99, 35, 180.18, 180.00, 2670, 10251, 62
2026/09/16 19:28:10.104, NVIDIA GeForce RTX 4070 SUPER, 12282, 8465, 99, 35, 180.18, 180.00, 2670, 10251, 62
2026/09/16 19:28:10.304, NVIDIA GeForce RTX 4070 SUPER, 12282, 8465, 89, 28, 177.33, 180.00, 2610, 10251, 58
2026/09/16 19:28:10.505, NVIDIA GeForce RTX 4070 SUPER, 12282, 8465, 89, 28, 177.33, 180.00, 2610, 10251, 58
2026/09/16 19:28:10.705, NVIDIA GeForce RTX 4070 SUPER, 12282, 8465, 100, 24, 179.01, 180.00, 2655, 10251, 62
2026/09/16 19:28:10.906, NVIDIA GeForce RTX 4070 SUPER, 12282, 8465, 100, 24, 179.01, 180.00, 2655, 10251, 62
2026/09/16 19:28:11.107, NVIDIA GeForce RTX 4070 SUPER, 12282, 8465, 100, 24, 179.01, 180.00, 2655, 10251, 62
2026/09/16 19:28:11.307, NVIDIA GeForce RTX 4070 SUPER, 12282, 8465, 0, 0, 163.56, 180.00, 2775, 10251, 54
2026/09/16 19:28:11.507, NVIDIA GeForce RTX 4070 SUPER, 12282, 8465, 0, 0, 163.56, 180.00, 2775, 10251, 54
2026/09/16 19:28:11.708, NVIDIA GeForce RTX 4070 SUPER, 12282, 8465, 0, 0, 101.21, 180.00, 2790, 10251, 50
2026/09/16 19:28:11.908, NVIDIA GeForce RTX 4070 SUPER, 12282, 8465, 0, 0, 101.21, 180.00, 2790, 10251, 50
2026/09/16 19:28:12.108, NVIDIA GeForce RTX 4070 SUPER, 12282, 8465, 0, 0, 101.21, 180.00, 2790, 10251, 50
2026/09/16 19:28:12.309, NVIDIA GeForce RTX 4070 SUPER, 12282, 8465, 0, 0, 63.57, 180.00, 2790, 10251, 49
2026/09/16 19:28:12.509, NVIDIA GeForce RTX 4070 SUPER, 12282, 8465, 0, 0, 63.57, 180.00, 2790, 10251, 49
2026/09/16 19:28:12.709, NVIDIA GeForce RTX 4070 SUPER, 12282, 8465, 0, 0, 63.57, 180.00, 2790, 10251, 49
2026/09/16 19:28:12.910, NVIDIA GeForce RTX 4070 SUPER, 12282, 8465, 0, 0, 63.57, 180.00, 2790, 10251, 49
2026/09/16 19:28:13.110, NVIDIA GeForce RTX 4070 SUPER, 12282, 8465, 0, 0, 63.57, 180.00, 2790, 10251, 49
2026/09/16 19:28:13.311, NVIDIA GeForce RTX 4070 SUPER, 12282, 8465, 0, 0, 39.38, 180.00, 2505, 10251, 48
2026/09/16 19:28:13.511, NVIDIA GeForce RTX 4070 SUPER, 12282, 8465, 0, 0, 39.38, 180.00, 2505, 10251, 48
2026/09/16 19:28:13.711, NVIDIA GeForce RTX 4070 SUPER, 12282, 8465, 0, 0, 39.38, 180.00, 2505, 10251, 48
2026/09/16 19:28:13.912, NVIDIA GeForce RTX 4070 SUPER, 12282, 8465, 0, 0, 39.38, 180.00, 2505, 10251, 48
2026/09/16 19:28:14.112, NVIDIA GeForce RTX 4070 SUPER, 12282, 8465, 0, 0, 39.38, 180.00, 2505, 10251, 48
2026/09/16 19:28:14.312, NVIDIA GeForce RTX 4070 SUPER, 12282, 8465, 0, 0, 34.00, 180.00, 2505, 10251, 47
2026/09/16 19:28:14.513, NVIDIA GeForce RTX 4070 SUPER, 12282, 8465, 0, 0, 34.00, 180.00, 2505, 10251, 47
2026/09/16 19:28:14.713, NVIDIA GeForce RTX 4070 SUPER, 12282, 8465, 0, 0, 34.00, 180.00, 2505, 10251, 47
2026/09/16 19:28:14.914, NVIDIA GeForce RTX 4070 SUPER, 12282, 8465, 0, 0, 34.00, 180.00, 2505, 10251, 47
2026/09/16 19:28:15.114, NVIDIA GeForce RTX 4070 SUPER, 12282, 8465, 0, 0, 34.00, 180.00, 2505, 10251, 47
2026/09/16 19:28:15.314, NVIDIA GeForce RTX 4070 SUPER, 12282, 8465, 0, 0, 28.71, 180.00, 2505, 10251, 46
2026/09/16 19:28:15.515, NVIDIA GeForce RTX 4070 SUPER, 12282, 8465, 0, 0, 28.71, 180.00, 2505, 10251, 46
2026/09/16 19:28:15.715, NVIDIA GeForce RTX 4070 SUPER, 12282, 8465, 0, 0, 28.71, 180.00, 2505, 10251, 46
2026/09/16 19:28:15.915, NVIDIA GeForce RTX 4070 SUPER, 12282, 8465, 0, 0, 28.71, 180.00, 2505, 10251, 46
2026/09/16 19:28:16.116, NVIDIA GeForce RTX 4070 SUPER, 12282, 8465, 0, 0, 28.71, 180.00, 2505, 10251, 46
2026/09/16 19:28:16.316, NVIDIA GeForce RTX 4070 SUPER, 12282, 8465, 0, 0, 28.50, 180.00, 2505, 10251, 46
2026/09/16 19:28:16.516, NVIDIA GeForce RTX 4070 SUPER, 12282, 8465, 0, 0, 28.50, 180.00, 2505, 10251, 46
2026/09/16 19:28:16.717, NVIDIA GeForce RTX 4070 SUPER, 12282, 8465, 0, 0, 28.50, 180.00, 2505, 10251, 46
2026/09/16 19:28:16.917, NVIDIA GeForce RTX 4070 SUPER, 12282, 8465, 0, 0, 28.50, 180.00, 2505, 10251, 46
2026/09/16 19:28:17.118, NVIDIA GeForce RTX 4070 SUPER, 12282, 8465, 0, 0, 28.50, 180.00, 2505, 10251, 46
2026/09/16 19:28:17.318, NVIDIA GeForce RTX 4070 SUPER, 12282, 8465, 0, 0, 28.27, 180.00, 2505, 10251, 46
2026/09/16 19:28:17.518, NVIDIA GeForce RTX 4070 SUPER, 12282, 8465, 0, 0, 28.27, 180.00, 2505, 10251, 46
2026/09/16 19:28:17.719, NVIDIA GeForce RTX 4070 SUPER, 12282, 8465, 0, 0, 28.27, 180.00, 2505, 10251, 46
2026/09/16 19:28:17.919, NVIDIA GeForce RTX 4070 SUPER, 12282, 8465, 0, 0, 28.27, 180.00, 2505, 10251, 46
2026/09/16 19:28:18.119, NVIDIA GeForce RTX 4070 SUPER, 12282, 8465, 0, 0, 28.27, 180.00, 2505, 10251, 46
2026/09/16 19:28:18.320, NVIDIA GeForce RTX 4070 SUPER, 12282, 8465, 0, 0, 28.07, 180.00, 2505, 10251, 45
2026/09/16 19:28:18.520, NVIDIA GeForce RTX 4070 SUPER, 12282, 8465, 0, 0, 28.07, 180.00, 2505, 10251, 45
2026/09/16 19:28:18.720, NVIDIA GeForce RTX 4070 SUPER, 12282, 8465, 0, 0, 28.07, 180.00, 2505, 10251, 45
2026/09/16 19:28:18.921, NVIDIA GeForce RTX 4070 SUPER, 12282, 8465, 0, 0, 28.07, 180.00, 2505, 10251, 45
2026/09/16 19:28:19.121, NVIDIA GeForce RTX 4070 SUPER, 12282, 8465, 0, 0, 28.07, 180.00, 2505, 10251, 45
2026/09/16 19:28:19.322, NVIDIA GeForce RTX 4070 SUPER, 12282, 8465, 0, 0, 27.96, 180.00, 2505, 10251, 45
2026/09/16 19:28:19.522, NVIDIA GeForce RTX 4070 SUPER, 12282, 8465, 0, 0, 27.96, 180.00, 2505, 10251, 45
2026/09/16 19:28:19.723, NVIDIA GeForce RTX 4070 SUPER, 12282, 8465, 0, 0, 27.96, 180.00, 2505, 10251, 45
2026/09/16 19:28:19.924, NVIDIA GeForce RTX 4070 SUPER, 12282, 8465, 0, 0, 27.96, 180.00, 2505, 10251, 45
2026/09/16 19:28:20.124, NVIDIA GeForce RTX 4070 SUPER, 12282, 8465, 0, 0, 27.96, 180.00, 2505, 10251, 45
2026/09/16 19:28:20.324, NVIDIA GeForce RTX 4070 SUPER, 12282, 8465, 0, 0, 27.91, 180.00, 2505, 10251, 45
2026/09/16 19:28:20.525, NVIDIA GeForce RTX 4070 SUPER, 12282, 8465, 0, 0, 27.91, 180.00, 2505, 10251, 45
2026/09/16 19:28:20.725, NVIDIA GeForce RTX 4070 SUPER, 12282, 8465, 0, 0, 27.87, 180.00, 2505, 10251, 45
2026/09/16 19:28:20.925, NVIDIA GeForce RTX 4070 SUPER, 12282, 8465, 0, 0, 27.87, 180.00, 2505, 10251, 45
2026/09/16 19:28:21.126, NVIDIA GeForce RTX 4070 SUPER, 12282, 8465, 0, 0, 27.87, 180.00, 2505, 10251, 45
2026/09/16 19:28:21.326, NVIDIA GeForce RTX 4070 SUPER, 12282, 8465, 0, 0, 27.94, 180.00, 2505, 10251, 45
2026/09/16 19:28:21.526, NVIDIA GeForce RTX 4070 SUPER, 12282, 8465, 0, 0, 27.94, 180.00, 2505, 10251, 45
2026/09/16 19:28:21.727, NVIDIA GeForce RTX 4070 SUPER, 12282, 8465, 0, 0, 28.10, 180.00, 2505, 10251, 45
2026/09/16 19:28:21.927, NVIDIA GeForce RTX 4070 SUPER, 12282, 8465, 0, 0, 28.10, 180.00, 2505, 10251, 45
2026/09/16 19:28:22.128, NVIDIA GeForce RTX 4070 SUPER, 12282, 8465, 0, 0, 28.10, 180.00, 2505, 10251, 45
2026/09/16 19:28:22.328, NVIDIA GeForce RTX 4070 SUPER, 12282, 8465, 89, 25, 88.49, 180.00, 2730, 10251, 52
2026/09/16 19:28:22.528, NVIDIA GeForce RTX 4070 SUPER, 12282, 8465, 89, 25, 88.49, 180.00, 2730, 10251, 52
2026/09/16 19:28:22.729, NVIDIA GeForce RTX 4070 SUPER, 12282, 8465, 100, 34, 153.20, 180.00, 2595, 10251, 59
2026/09/16 19:28:22.929, NVIDIA GeForce RTX 4070 SUPER, 12282, 8465, 100, 34, 153.20, 180.00, 2595, 10251, 59
2026/09/16 19:28:23.130, NVIDIA GeForce RTX 4070 SUPER, 12282, 8465, 100, 34, 153.20, 180.00, 2595, 10251, 59
2026/09/16 19:28:23.330, NVIDIA GeForce RTX 4070 SUPER, 12282, 8465, 100, 32, 178.20, 180.00, 2655, 10251, 59
2026/09/16 19:28:23.531, NVIDIA GeForce RTX 4070 SUPER, 12282, 8465, 100, 32, 178.20, 180.00, 2655, 10251, 59
2026/09/16 19:28:23.731, NVIDIA GeForce RTX 4070 SUPER, 12282, 8465, 98, 29, 178.96, 180.00, 2670, 10251, 59
2026/09/16 19:28:23.932, NVIDIA GeForce RTX 4070 SUPER, 12282, 8465, 98, 29, 178.96, 180.00, 2670, 10251, 59
2026/09/16 19:28:24.132, NVIDIA GeForce RTX 4070 SUPER, 12282, 8465, 98, 29, 178.96, 180.00, 2670, 10251, 59
2026/09/16 19:28:24.333, NVIDIA GeForce RTX 4070 SUPER, 12282, 8465, 100, 34, 178.28, 180.00, 2595, 10251, 60
2026/09/16 19:28:24.533, NVIDIA GeForce RTX 4070 SUPER, 12282, 8465, 100, 34, 178.28, 180.00, 2595, 10251, 60
2026/09/16 19:28:24.733, NVIDIA GeForce RTX 4070 SUPER, 12282, 8465, 100, 29, 179.10, 180.00, 2610, 10251, 61
2026/09/16 19:28:24.934, NVIDIA GeForce RTX 4070 SUPER, 12282, 8465, 100, 29, 179.10, 180.00, 2610, 10251, 61
2026/09/16 19:28:25.135, NVIDIA GeForce RTX 4070 SUPER, 12282, 8465, 100, 29, 179.10, 180.00, 2610, 10251, 61
2026/09/16 19:28:25.335, NVIDIA GeForce RTX 4070 SUPER, 12282, 8465, 98, 34, 179.08, 180.00, 2670, 10251, 60
2026/09/16 19:28:25.536, NVIDIA GeForce RTX 4070 SUPER, 12282, 8465, 98, 34, 179.08, 180.00, 2670, 10251, 60
2026/09/16 19:28:25.736, NVIDIA GeForce RTX 4070 SUPER, 12282, 8465, 100, 34, 177.13, 180.00, 2595, 10251, 61
2026/09/16 19:28:25.937, NVIDIA GeForce RTX 4070 SUPER, 12282, 8465, 100, 34, 177.13, 180.00, 2595, 10251, 61
2026/09/16 19:28:26.137, NVIDIA GeForce RTX 4070 SUPER, 12282, 8465, 100, 34, 177.13, 180.00, 2595, 10251, 61
2026/09/16 19:28:26.337, NVIDIA GeForce RTX 4070 SUPER, 12282, 8465, 100, 34, 179.77, 180.00, 2580, 10251, 61
2026/09/16 19:28:26.538, NVIDIA GeForce RTX 4070 SUPER, 12282, 8465, 100, 34, 179.77, 180.00, 2580, 10251, 61
2026/09/16 19:28:26.738, NVIDIA GeForce RTX 4070 SUPER, 12282, 8465, 98, 28, 178.71, 180.00, 2670, 10251, 60
2026/09/16 19:28:26.939, NVIDIA GeForce RTX 4070 SUPER, 12282, 8465, 98, 28, 178.71, 180.00, 2670, 10251, 60
2026/09/16 19:28:27.139, NVIDIA GeForce RTX 4070 SUPER, 12282, 8465, 98, 28, 178.71, 180.00, 2670, 10251, 60
2026/09/16 19:28:27.340, NVIDIA GeForce RTX 4070 SUPER, 12282, 8465, 100, 34, 177.28, 180.00, 2595, 10251, 61
2026/09/16 19:28:27.540, NVIDIA GeForce RTX 4070 SUPER, 12282, 8465, 100, 34, 177.28, 180.00, 2595, 10251, 61
2026/09/16 19:28:27.741, NVIDIA GeForce RTX 4070 SUPER, 12282, 8465, 100, 34, 178.81, 180.00, 2580, 10251, 61
2026/09/16 19:28:27.941, NVIDIA GeForce RTX 4070 SUPER, 12282, 8465, 100, 34, 178.81, 180.00, 2580, 10251, 61
2026/09/16 19:28:28.141, NVIDIA GeForce RTX 4070 SUPER, 12282, 8465, 100, 34, 178.81, 180.00, 2580, 10251, 61
2026/09/16 19:28:28.342, NVIDIA GeForce RTX 4070 SUPER, 12282, 8465, 98, 35, 179.17, 180.00, 2670, 10251, 62
2026/09/16 19:28:28.542, NVIDIA GeForce RTX 4070 SUPER, 12282, 8465, 98, 35, 179.17, 180.00, 2670, 10251, 62
2026/09/16 19:28:28.743, NVIDIA GeForce RTX 4070 SUPER, 12282, 8465, 100, 34, 177.72, 180.00, 2595, 10251, 61
2026/09/16 19:28:28.943, NVIDIA GeForce RTX 4070 SUPER, 12282, 8465, 100, 34, 177.72, 180.00, 2595, 10251, 61
2026/09/16 19:28:29.143, NVIDIA GeForce RTX 4070 SUPER, 12282, 8465, 100, 34, 177.72, 180.00, 2595, 10251, 61
2026/09/16 19:28:29.344, NVIDIA GeForce RTX 4070 SUPER, 12282, 8465, 100, 33, 179.27, 180.00, 2595, 10251, 62
2026/09/16 19:28:29.544, NVIDIA GeForce RTX 4070 SUPER, 12282, 8465, 100, 33, 179.27, 180.00, 2595, 10251, 62
2026/09/16 19:28:29.745, NVIDIA GeForce RTX 4070 SUPER, 12282, 8465, 99, 28, 179.82, 180.00, 2595, 10251, 59
2026/09/16 19:28:29.945, NVIDIA GeForce RTX 4070 SUPER, 12282, 8465, 99, 28, 179.82, 180.00, 2595, 10251, 59
2026/09/16 19:28:30.146, NVIDIA GeForce RTX 4070 SUPER, 12282, 8465, 99, 28, 179.82, 180.00, 2595, 10251, 59
2026/09/16 19:28:30.347, NVIDIA GeForce RTX 4070 SUPER, 12282, 8465, 100, 34, 177.76, 180.00, 2580, 10251, 62
2026/09/16 19:28:30.547, NVIDIA GeForce RTX 4070 SUPER, 12282, 8465, 100, 34, 177.76, 180.00, 2580, 10251, 62
2026/09/16 19:28:30.748, NVIDIA GeForce RTX 4070 SUPER, 12282, 8465, 100, 33, 179.09, 180.00, 2580, 10251, 62
2026/09/16 19:28:30.948, NVIDIA GeForce RTX 4070 SUPER, 12282, 8465, 100, 33, 179.09, 180.00, 2580, 10251, 62
2026/09/16 19:28:31.149, NVIDIA GeForce RTX 4070 SUPER, 12282, 8465, 100, 33, 179.09, 180.00, 2580, 10251, 62
2026/09/16 19:28:31.349, NVIDIA GeForce RTX 4070 SUPER, 12282, 8465, 98, 37, 179.59, 180.00, 2700, 10251, 62
2026/09/16 19:28:31.549, NVIDIA GeForce RTX 4070 SUPER, 12282, 8465, 98, 37, 179.59, 180.00, 2700, 10251, 62
2026/09/16 19:28:31.750, NVIDIA GeForce RTX 4070 SUPER, 12282, 8465, 83, 28, 177.46, 180.00, 2580, 10251, 59
2026/09/16 19:28:31.950, NVIDIA GeForce RTX 4070 SUPER, 12282, 8465, 83, 28, 177.46, 180.00, 2580, 10251, 59
2026/09/16 19:28:32.151, NVIDIA GeForce RTX 4070 SUPER, 12282, 8465, 83, 28, 177.46, 180.00, 2580, 10251, 59
2026/09/16 19:28:32.351, NVIDIA GeForce RTX 4070 SUPER, 12282, 8465, 100, 30, 179.29, 180.00, 2610, 10251, 62
2026/09/16 19:28:32.552, NVIDIA GeForce RTX 4070 SUPER, 12282, 8465, 100, 30, 179.29, 180.00, 2610, 10251, 62
2026/09/16 19:28:32.753, NVIDIA GeForce RTX 4070 SUPER, 12282, 8465, 100, 33, 177.61, 180.00, 2640, 10251, 63
2026/09/16 19:28:32.953, NVIDIA GeForce RTX 4070 SUPER, 12282, 8465, 100, 33, 177.61, 180.00, 2640, 10251, 63
2026/09/16 19:28:33.154, NVIDIA GeForce RTX 4070 SUPER, 12282, 8465, 100, 33, 177.61, 180.00, 2640, 10251, 63
2026/09/16 19:28:33.354, NVIDIA GeForce RTX 4070 SUPER, 12282, 8465, 0, 0, 138.90, 180.00, 2790, 10251, 51
2026/09/16 19:28:33.554, NVIDIA GeForce RTX 4070 SUPER, 12282, 8465, 0, 0, 138.90, 180.00, 2790, 10251, 51
2026/09/16 19:28:33.755, NVIDIA GeForce RTX 4070 SUPER, 12282, 8465, 25, 7, 80.24, 180.00, 2790, 10251, 50
2026/09/16 19:28:33.955, NVIDIA GeForce RTX 4070 SUPER, 12282, 8465, 25, 7, 80.24, 180.00, 2790, 10251, 50
2026/09/16 19:28:34.156, NVIDIA GeForce RTX 4070 SUPER, 12282, 8465, 25, 7, 80.24, 180.00, 2790, 10251, 50
2026/09/16 19:28:34.356, NVIDIA GeForce RTX 4070 SUPER, 12282, 8465, 100, 24, 111.55, 180.00, 2565, 10251, 61
2026/09/16 19:28:34.557, NVIDIA GeForce RTX 4070 SUPER, 12282, 8465, 100, 24, 111.55, 180.00, 2565, 10251, 61
2026/09/16 19:28:34.757, NVIDIA GeForce RTX 4070 SUPER, 12282, 8465, 87, 32, 170.65, 180.00, 2700, 10251, 61
2026/09/16 19:28:34.957, NVIDIA GeForce RTX 4070 SUPER, 12282, 8465, 87, 32, 170.65, 180.00, 2700, 10251, 61
2026/09/16 19:28:35.158, NVIDIA GeForce RTX 4070 SUPER, 12282, 8465, 87, 32, 170.65, 180.00, 2700, 10251, 61
2026/09/16 19:28:35.358, NVIDIA GeForce RTX 4070 SUPER, 12282, 8465, 0, 0, 113.44, 180.00, 2790, 10251, 50
2026/09/16 19:28:35.559, NVIDIA GeForce RTX 4070 SUPER, 12282, 8465, 0, 0, 113.44, 180.00, 2790, 10251, 50
2026/09/16 19:28:35.759, NVIDIA GeForce RTX 4070 SUPER, 12282, 8465, 99, 32, 78.33, 180.00, 2610, 10251, 58
2026/09/16 19:28:35.960, NVIDIA GeForce RTX 4070 SUPER, 12282, 8465, 99, 32, 78.33, 180.00, 2610, 10251, 58
2026/09/16 19:28:36.160, NVIDIA GeForce RTX 4070 SUPER, 12282, 8465, 99, 32, 78.33, 180.00, 2610, 10251, 58
2026/09/16 19:28:36.361, NVIDIA GeForce RTX 4070 SUPER, 12282, 8465, 100, 30, 131.82, 180.00, 2610, 10251, 62
2026/09/16 19:28:36.561, NVIDIA GeForce RTX 4070 SUPER, 12282, 8465, 100, 30, 131.82, 180.00, 2610, 10251, 62
2026/09/16 19:28:36.761, NVIDIA GeForce RTX 4070 SUPER, 12282, 8465, 98, 32, 179.70, 180.00, 2655, 10251, 62
2026/09/16 19:28:36.962, NVIDIA GeForce RTX 4070 SUPER, 12282, 8465, 98, 32, 179.70, 180.00, 2655, 10251, 62
2026/09/16 19:28:37.162, NVIDIA GeForce RTX 4070 SUPER, 12282, 8465, 98, 32, 179.70, 180.00, 2655, 10251, 62
2026/09/16 19:28:37.363, NVIDIA GeForce RTX 4070 SUPER, 12282, 8465, 100, 34, 178.14, 180.00, 2595, 10251, 62
2026/09/16 19:28:37.563, NVIDIA GeForce RTX 4070 SUPER, 12282, 8465, 100, 34, 178.14, 180.00, 2595, 10251, 62
2026/09/16 19:28:37.764, NVIDIA GeForce RTX 4070 SUPER, 12282, 8465, 100, 33, 180.09, 180.00, 2580, 10251, 62
2026/09/16 19:28:37.964, NVIDIA GeForce RTX 4070 SUPER, 12282, 8465, 100, 33, 180.09, 180.00, 2580, 10251, 62
2026/09/16 19:28:38.164, NVIDIA GeForce RTX 4070 SUPER, 12282, 8465, 100, 33, 180.09, 180.00, 2580, 10251, 62
2026/09/16 19:28:38.365, NVIDIA GeForce RTX 4070 SUPER, 12282, 8465, 97, 25, 179.76, 180.00, 2685, 10251, 63
2026/09/16 19:28:38.565, NVIDIA GeForce RTX 4070 SUPER, 12282, 8465, 97, 25, 179.76, 180.00, 2685, 10251, 63
2026/09/16 19:28:38.766, NVIDIA GeForce RTX 4070 SUPER, 12282, 8465, 100, 33, 178.55, 180.00, 2580, 10251, 63
2026/09/16 19:28:38.967, NVIDIA GeForce RTX 4070 SUPER, 12282, 8465, 100, 33, 178.55, 180.00, 2580, 10251, 63
2026/09/16 19:28:39.167, NVIDIA GeForce RTX 4070 SUPER, 12282, 8465, 100, 33, 178.55, 180.00, 2580, 10251, 63
2026/09/16 19:28:39.367, NVIDIA GeForce RTX 4070 SUPER, 12282, 8465, 100, 34, 178.90, 180.00, 2580, 10251, 63
2026/09/16 19:28:39.568, NVIDIA GeForce RTX 4070 SUPER, 12282, 8465, 100, 34, 178.90, 180.00, 2580, 10251, 63
2026/09/16 19:28:39.768, NVIDIA GeForce RTX 4070 SUPER, 12282, 8465, 98, 35, 179.30, 180.00, 2655, 10251, 62
2026/09/16 19:28:39.969, NVIDIA GeForce RTX 4070 SUPER, 12282, 8465, 98, 35, 179.30, 180.00, 2655, 10251, 62
2026/09/16 19:28:40.169, NVIDIA GeForce RTX 4070 SUPER, 12282, 8465, 98, 35, 179.30, 180.00, 2655, 10251, 62
2026/09/16 19:28:40.369, NVIDIA GeForce RTX 4070 SUPER, 12282, 8465, 100, 34, 177.94, 180.00, 2580, 10251, 63
2026/09/16 19:28:40.570, NVIDIA GeForce RTX 4070 SUPER, 12282, 8465, 100, 34, 177.94, 180.00, 2580, 10251, 63
2026/09/16 19:28:40.770, NVIDIA GeForce RTX 4070 SUPER, 12282, 8465, 100, 34, 179.49, 180.00, 2580, 10251, 63
2026/09/16 19:28:40.971, NVIDIA GeForce RTX 4070 SUPER, 12282, 8465, 100, 34, 179.49, 180.00, 2580, 10251, 63
2026/09/16 19:28:41.171, NVIDIA GeForce RTX 4070 SUPER, 12282, 8465, 100, 34, 179.49, 180.00, 2580, 10251, 63
2026/09/16 19:28:41.372, NVIDIA GeForce RTX 4070 SUPER, 12282, 8465, 98, 28, 179.53, 180.00, 2670, 10251, 62
2026/09/16 19:28:41.572, NVIDIA GeForce RTX 4070 SUPER, 12282, 8465, 98, 28, 179.53, 180.00, 2670, 10251, 62
2026/09/16 19:28:41.772, NVIDIA GeForce RTX 4070 SUPER, 12282, 8465, 100, 34, 176.67, 180.00, 2580, 10251, 63
2026/09/16 19:28:41.973, NVIDIA GeForce RTX 4070 SUPER, 12282, 8465, 100, 34, 176.67, 180.00, 2580, 10251, 63
2026/09/16 19:28:42.173, NVIDIA GeForce RTX 4070 SUPER, 12282, 8465, 100, 34, 176.67, 180.00, 2580, 10251, 63
2026/09/16 19:28:42.374, NVIDIA GeForce RTX 4070 SUPER, 12282, 8465, 100, 34, 178.13, 180.00, 2580, 10251, 63
2026/09/16 19:28:42.574, NVIDIA GeForce RTX 4070 SUPER, 12282, 8465, 100, 34, 178.13, 180.00, 2580, 10251, 63
2026/09/16 19:28:42.775, NVIDIA GeForce RTX 4070 SUPER, 12282, 8465, 99, 35, 179.84, 180.00, 2670, 10251, 63
2026/09/16 19:28:42.975, NVIDIA GeForce RTX 4070 SUPER, 12282, 8465, 99, 35, 179.84, 180.00, 2670, 10251, 63
2026/09/16 19:28:43.176, NVIDIA GeForce RTX 4070 SUPER, 12282, 8465, 99, 35, 179.84, 180.00, 2670, 10251, 63
2026/09/16 19:28:43.376, NVIDIA GeForce RTX 4070 SUPER, 12282, 8465, 87, 29, 177.20, 180.00, 2580, 10251, 59
2026/09/16 19:28:43.577, NVIDIA GeForce RTX 4070 SUPER, 12282, 8465, 87, 29, 177.20, 180.00, 2580, 10251, 59
2026/09/16 19:28:43.777, NVIDIA GeForce RTX 4070 SUPER, 12282, 8465, 100, 30, 179.39, 180.00, 2580, 10251, 64
2026/09/16 19:28:43.978, NVIDIA GeForce RTX 4070 SUPER, 12282, 8465, 100, 30, 179.39, 180.00, 2580, 10251, 64
2026/09/16 19:28:44.178, NVIDIA GeForce RTX 4070 SUPER, 12282, 8465, 100, 30, 179.39, 180.00, 2580, 10251, 64
2026/09/16 19:28:44.379, NVIDIA GeForce RTX 4070 SUPER, 12282, 8465, 99, 29, 178.19, 180.00, 2655, 10251, 63
2026/09/16 19:28:44.580, NVIDIA GeForce RTX 4070 SUPER, 12282, 8465, 99, 29, 178.19, 180.00, 2655, 10251, 63
2026/09/16 19:28:44.780, NVIDIA GeForce RTX 4070 SUPER, 12282, 8465, 100, 30, 177.69, 180.00, 2580, 10251, 64
2026/09/16 19:28:44.981, NVIDIA GeForce RTX 4070 SUPER, 12282, 8465, 100, 30, 177.69, 180.00, 2580, 10251, 64
2026/09/16 19:28:45.181, NVIDIA GeForce RTX 4070 SUPER, 12282, 8465, 100, 30, 177.69, 180.00, 2580, 10251, 64
2026/09/16 19:28:45.382, NVIDIA GeForce RTX 4070 SUPER, 12282, 8465, 100, 33, 178.67, 180.00, 2655, 10251, 64
2026/09/16 19:28:45.582, NVIDIA GeForce RTX 4070 SUPER, 12282, 8465, 100, 33, 178.67, 180.00, 2655, 10251, 64
2026/09/16 19:28:45.782, NVIDIA GeForce RTX 4070 SUPER, 12282, 8465, 67, 24, 175.36, 180.00, 2745, 10251, 63
2026/09/16 19:28:45.983, NVIDIA GeForce RTX 4070 SUPER, 12282, 8465, 67, 24, 175.36, 180.00, 2745, 10251, 63
2026/09/16 19:28:46.183, NVIDIA GeForce RTX 4070 SUPER, 12282, 8465, 67, 24, 175.36, 180.00, 2745, 10251, 63
2026/09/16 19:28:46.384, NVIDIA GeForce RTX 4070 SUPER, 12282, 8465, 100, 24, 177.24, 180.00, 2565, 10251, 64
2026/09/16 19:28:46.584, NVIDIA GeForce RTX 4070 SUPER, 12282, 8465, 100, 24, 177.24, 180.00, 2565, 10251, 64
2026/09/16 19:28:46.784, NVIDIA GeForce RTX 4070 SUPER, 12282, 8465, 98, 35, 176.72, 180.00, 2670, 10251, 63
2026/09/16 19:28:46.985, NVIDIA GeForce RTX 4070 SUPER, 12282, 8465, 98, 35, 176.72, 180.00, 2670, 10251, 63
2026/09/16 19:28:47.185, NVIDIA GeForce RTX 4070 SUPER, 12282, 8465, 98, 35, 176.72, 180.00, 2670, 10251, 63
2026/09/16 19:28:47.385, NVIDIA GeForce RTX 4070 SUPER, 12282, 8465, 0, 0, 117.47, 180.00, 2775, 10251, 52
2026/09/16 19:28:47.586, NVIDIA GeForce RTX 4070 SUPER, 12282, 8465, 0, 0, 117.47, 180.00, 2775, 10251, 52
2026/09/16 19:28:47.786, NVIDIA GeForce RTX 4070 SUPER, 12282, 8465, 0, 0, 55.45, 180.00, 2790, 10251, 51
2026/09/16 19:28:47.987, NVIDIA GeForce RTX 4070 SUPER, 12282, 8465, 0, 0, 55.45, 180.00, 2790, 10251, 51
2026/09/16 19:28:48.187, NVIDIA GeForce RTX 4070 SUPER, 12282, 8465, 0, 0, 55.45, 180.00, 2790, 10251, 51
2026/09/16 19:28:48.387, NVIDIA GeForce RTX 4070 SUPER, 12282, 8465, 35, 10, 87.01, 180.00, 2775, 10251, 61
2026/09/16 19:28:48.588, NVIDIA GeForce RTX 4070 SUPER, 12282, 8465, 35, 10, 87.01, 180.00, 2775, 10251, 61
2026/09/16 19:28:48.788, NVIDIA GeForce RTX 4070 SUPER, 12282, 8465, 100, 27, 105.17, 180.00, 2625, 10251, 61
2026/09/16 19:28:48.989, NVIDIA GeForce RTX 4070 SUPER, 12282, 8465, 100, 27, 105.17, 180.00, 2625, 10251, 61
2026/09/16 19:28:49.189, NVIDIA GeForce RTX 4070 SUPER, 12282, 8465, 100, 27, 105.17, 180.00, 2625, 10251, 61
2026/09/16 19:28:49.389, NVIDIA GeForce RTX 4070 SUPER, 12282, 8465, 98, 34, 130.57, 180.00, 2670, 10251, 63
2026/09/16 19:28:49.590, NVIDIA GeForce RTX 4070 SUPER, 12282, 8465, 98, 34, 130.57, 180.00, 2670, 10251, 63
2026/09/16 19:28:49.790, NVIDIA GeForce RTX 4070 SUPER, 12282, 8465, 100, 30, 179.90, 180.00, 2595, 10251, 63
2026/09/16 19:28:49.991, NVIDIA GeForce RTX 4070 SUPER, 12282, 8465, 100, 30, 179.90, 180.00, 2595, 10251, 63
2026/09/16 19:28:50.191, NVIDIA GeForce RTX 4070 SUPER, 12282, 8465, 100, 30, 179.90, 180.00, 2595, 10251, 63
2026/09/16 19:28:50.392, NVIDIA GeForce RTX 4070 SUPER, 12282, 8465, 99, 28, 178.83, 180.00, 2640, 10251, 61
2026/09/16 19:28:50.593, NVIDIA GeForce RTX 4070 SUPER, 12282, 8465, 99, 28, 178.83, 180.00, 2640, 10251, 61
2026/09/16 19:28:50.793, NVIDIA GeForce RTX 4070 SUPER, 12282, 8465, 100, 33, 178.76, 180.00, 2580, 10251, 63
2026/09/16 19:28:50.993, NVIDIA GeForce RTX 4070 SUPER, 12282, 8465, 100, 33, 178.76, 180.00, 2580, 10251, 63
2026/09/16 19:28:51.194, NVIDIA GeForce RTX 4070 SUPER, 12282, 8465, 100, 33, 178.76, 180.00, 2580, 10251, 63
2026/09/16 19:28:51.394, NVIDIA GeForce RTX 4070 SUPER, 12282, 8465, 100, 34, 179.19, 180.00, 2580, 10251, 64
2026/09/16 19:28:51.595, NVIDIA GeForce RTX 4070 SUPER, 12282, 8465, 100, 34, 179.19, 180.00, 2580, 10251, 64
2026/09/16 19:28:51.795, NVIDIA GeForce RTX 4070 SUPER, 12282, 8465, 98, 37, 179.63, 180.00, 2670, 10251, 64
2026/09/16 19:28:51.995, NVIDIA GeForce RTX 4070 SUPER, 12282, 8465, 98, 37, 179.63, 180.00, 2670, 10251, 64
2026/09/16 19:28:52.196, NVIDIA GeForce RTX 4070 SUPER, 12282, 8465, 87, 32, 177.88, 180.00, 2580, 10251, 61
2026/09/16 19:28:52.396, NVIDIA GeForce RTX 4070 SUPER, 12282, 8465, 87, 32, 177.88, 180.00, 2580, 10251, 61
2026/09/16 19:28:52.597, NVIDIA GeForce RTX 4070 SUPER, 12282, 8465, 87, 32, 177.88, 180.00, 2580, 10251, 61
2026/09/16 19:28:52.797, NVIDIA GeForce RTX 4070 SUPER, 12282, 8465, 100, 34, 179.88, 180.00, 2580, 10251, 64
2026/09/16 19:28:52.998, NVIDIA GeForce RTX 4070 SUPER, 12282, 8465, 100, 34, 179.88, 180.00, 2580, 10251, 64
2026/09/16 19:28:53.198, NVIDIA GeForce RTX 4070 SUPER, 12282, 8465, 99, 31, 178.26, 180.00, 2655, 10251, 64
2026/09/16 19:28:53.398, NVIDIA GeForce RTX 4070 SUPER, 12282, 8465, 99, 31, 178.26, 180.00, 2655, 10251, 64
2026/09/16 19:28:53.599, NVIDIA GeForce RTX 4070 SUPER, 12282, 8465, 99, 31, 178.26, 180.00, 2655, 10251, 64
2026/09/16 19:28:53.800, NVIDIA GeForce RTX 4070 SUPER, 12282, 8465, 84, 32, 176.85, 180.00, 2685, 10251, 64
2026/09/16 19:28:54.000, NVIDIA GeForce RTX 4070 SUPER, 12282, 8465, 84, 32, 176.85, 180.00, 2685, 10251, 64
2026/09/16 19:28:54.200, NVIDIA GeForce RTX 4070 SUPER, 12282, 8465, 100, 33, 179.19, 180.00, 2580, 10251, 64
2026/09/16 19:28:54.401, NVIDIA GeForce RTX 4070 SUPER, 12282, 8465, 100, 33, 179.19, 180.00, 2580, 10251, 64
2026/09/16 19:28:54.601, NVIDIA GeForce RTX 4070 SUPER, 12282, 8465, 100, 33, 179.19, 180.00, 2580, 10251, 64
2026/09/16 19:28:54.802, NVIDIA GeForce RTX 4070 SUPER, 12282, 8465, 97, 32, 177.96, 180.00, 2670, 10251, 64
2026/09/16 19:28:55.002, NVIDIA GeForce RTX 4070 SUPER, 12282, 8465, 97, 32, 177.96, 180.00, 2670, 10251, 64
2026/09/16 19:28:55.203, NVIDIA GeForce RTX 4070 SUPER, 12282, 8465, 100, 34, 179.21, 180.00, 2655, 10251, 65
2026/09/16 19:28:55.404, NVIDIA GeForce RTX 4070 SUPER, 12282, 8465, 100, 34, 179.21, 180.00, 2655, 10251, 65
2026/09/16 19:28:55.604, NVIDIA GeForce RTX 4070 SUPER, 12282, 8465, 100, 34, 179.21, 180.00, 2655, 10251, 65
2026/09/16 19:28:55.804, NVIDIA GeForce RTX 4070 SUPER, 12282, 8465, 100, 30, 178.80, 180.00, 2580, 10251, 65
2026/09/16 19:28:56.005, NVIDIA GeForce RTX 4070 SUPER, 12282, 8465, 100, 30, 178.80, 180.00, 2580, 10251, 65
2026/09/16 19:28:56.205, NVIDIA GeForce RTX 4070 SUPER, 12282, 8465, 99, 35, 178.79, 180.00, 2625, 10251, 64
2026/09/16 19:28:56.406, NVIDIA GeForce RTX 4070 SUPER, 12282, 8465, 99, 35, 178.79, 180.00, 2625, 10251, 64
2026/09/16 19:28:56.606, NVIDIA GeForce RTX 4070 SUPER, 12282, 8465, 99, 35, 178.79, 180.00, 2625, 10251, 64
2026/09/16 19:28:56.807, NVIDIA GeForce RTX 4070 SUPER, 12282, 8465, 100, 30, 178.11, 180.00, 2595, 10251, 64
2026/09/16 19:28:57.007, NVIDIA GeForce RTX 4070 SUPER, 12282, 8465, 100, 30, 178.11, 180.00, 2595, 10251, 64
2026/09/16 19:28:57.207, NVIDIA GeForce RTX 4070 SUPER, 12282, 8465, 100, 30, 178.83, 180.00, 2610, 10251, 64
2026/09/16 19:28:57.408, NVIDIA GeForce RTX 4070 SUPER, 12282, 8465, 100, 30, 178.83, 180.00, 2610, 10251, 64
2026/09/16 19:28:57.608, NVIDIA GeForce RTX 4070 SUPER, 12282, 8465, 100, 30, 178.83, 180.00, 2610, 10251, 64
2026/09/16 19:28:57.809, NVIDIA GeForce RTX 4070 SUPER, 12282, 8465, 99, 29, 179.20, 180.00, 2655, 10251, 63
2026/09/16 19:28:58.009, NVIDIA GeForce RTX 4070 SUPER, 12282, 8465, 99, 29, 179.20, 180.00, 2655, 10251, 63
2026/09/16 19:28:58.210, NVIDIA GeForce RTX 4070 SUPER, 12282, 8465, 100, 27, 177.41, 180.00, 2655, 10251, 64
2026/09/16 19:28:58.410, NVIDIA GeForce RTX 4070 SUPER, 12282, 8465, 100, 27, 177.41, 180.00, 2655, 10251, 64
2026/09/16 19:28:58.611, NVIDIA GeForce RTX 4070 SUPER, 12282, 8465, 100, 27, 177.41, 180.00, 2655, 10251, 64
2026/09/16 19:28:58.811, NVIDIA GeForce RTX 4070 SUPER, 12282, 8465, 0, 0, 143.39, 180.00, 2790, 10251, 53
2026/09/16 19:28:59.011, NVIDIA GeForce RTX 4070 SUPER, 12282, 8465, 0, 0, 143.39, 180.00, 2790, 10251, 53
2026/09/16 19:28:59.212, NVIDIA GeForce RTX 4070 SUPER, 12282, 8465, 0, 0, 81.85, 180.00, 2790, 10251, 52
2026/09/16 19:28:59.412, NVIDIA GeForce RTX 4070 SUPER, 12282, 8465, 0, 0, 81.85, 180.00, 2790, 10251, 52
2026/09/16 19:28:59.612, NVIDIA GeForce RTX 4070 SUPER, 12282, 8465, 0, 0, 81.85, 180.00, 2790, 10251, 52
2026/09/16 19:28:59.813, NVIDIA GeForce RTX 4070 SUPER, 12282, 8465, 0, 0, 57.15, 180.00, 2790, 10251, 52
2026/09/16 19:29:00.013, NVIDIA GeForce RTX 4070 SUPER, 12282, 8465, 0, 0, 57.15, 180.00, 2790, 10251, 52
2026/09/16 19:29:00.213, NVIDIA GeForce RTX 4070 SUPER, 12282, 8465, 0, 0, 57.15, 180.00, 2790, 10251, 52
2026/09/16 19:29:00.414, NVIDIA GeForce RTX 4070 SUPER, 12282, 8465, 0, 0, 57.15, 180.00, 2790, 10251, 52
2026/09/16 19:29:00.614, NVIDIA GeForce RTX 4070 SUPER, 12282, 8465, 0, 0, 57.15, 180.00, 2790, 10251, 52
2026/09/16 19:29:00.814, NVIDIA GeForce RTX 4070 SUPER, 12282, 8465, 0, 0, 40.37, 180.00, 2505, 10251, 50
2026/09/16 19:29:01.015, NVIDIA GeForce RTX 4070 SUPER, 12282, 8465, 0, 0, 40.37, 180.00, 2505, 10251, 50
2026/09/16 19:29:01.215, NVIDIA GeForce RTX 4070 SUPER, 12282, 8465, 0, 0, 40.37, 180.00, 2505, 10251, 50
2026/09/16 19:29:01.415, NVIDIA GeForce RTX 4070 SUPER, 12282, 8465, 0, 0, 40.37, 180.00, 2505, 10251, 50
2026/09/16 19:29:01.616, NVIDIA GeForce RTX 4070 SUPER, 12282, 8465, 0, 0, 40.37, 180.00, 2505, 10251, 50
2026/09/16 19:29:01.816, NVIDIA GeForce RTX 4070 SUPER, 12282, 8465, 0, 0, 34.59, 180.00, 2505, 10251, 49
2026/09/16 19:29:02.016, NVIDIA GeForce RTX 4070 SUPER, 12282, 8465, 0, 0, 34.59, 180.00, 2505, 10251, 49
2026/09/16 19:29:02.217, NVIDIA GeForce RTX 4070 SUPER, 12282, 8465, 0, 0, 34.59, 180.00, 2505, 10251, 49
2026/09/16 19:29:02.417, NVIDIA GeForce RTX 4070 SUPER, 12282, 8465, 0, 0, 34.59, 180.00, 2505, 10251, 49
2026/09/16 19:29:02.617, NVIDIA GeForce RTX 4070 SUPER, 12282, 8465, 0, 0, 34.59, 180.00, 2505, 10251, 49
2026/09/16 19:29:02.818, NVIDIA GeForce RTX 4070 SUPER, 12282, 8465, 0, 0, 28.90, 180.00, 2505, 10251, 49
2026/09/16 19:29:03.018, NVIDIA GeForce RTX 4070 SUPER, 12282, 8465, 0, 0, 28.90, 180.00, 2505, 10251, 49
2026/09/16 19:29:03.219, NVIDIA GeForce RTX 4070 SUPER, 12282, 8465, 0, 0, 28.90, 180.00, 2505, 10251, 49
2026/09/16 19:29:03.419, NVIDIA GeForce RTX 4070 SUPER, 12282, 8465, 0, 0, 28.90, 180.00, 2505, 10251, 49
2026/09/16 19:29:03.619, NVIDIA GeForce RTX 4070 SUPER, 12282, 8465, 0, 0, 28.90, 180.00, 2505, 10251, 49
2026/09/16 19:29:03.820, NVIDIA GeForce RTX 4070 SUPER, 12282, 8465, 0, 0, 28.89, 180.00, 2505, 10251, 48
2026/09/16 19:29:04.020, NVIDIA GeForce RTX 4070 SUPER, 12282, 8465, 0, 0, 28.89, 180.00, 2505, 10251, 48
2026/09/16 19:29:04.220, NVIDIA GeForce RTX 4070 SUPER, 12282, 8465, 0, 0, 28.89, 180.00, 2505, 10251, 48
2026/09/16 19:29:04.421, NVIDIA GeForce RTX 4070 SUPER, 12282, 8465, 0, 0, 28.89, 180.00, 2505, 10251, 48
2026/09/16 19:29:04.621, NVIDIA GeForce RTX 4070 SUPER, 12282, 8465, 0, 0, 28.89, 180.00, 2505, 10251, 48
2026/09/16 19:29:04.821, NVIDIA GeForce RTX 4070 SUPER, 12282, 8465, 0, 0, 28.93, 180.00, 2505, 10251, 48
2026/09/16 19:29:05.022, NVIDIA GeForce RTX 4070 SUPER, 12282, 8465, 0, 0, 28.93, 180.00, 2505, 10251, 48
2026/09/16 19:29:05.222, NVIDIA GeForce RTX 4070 SUPER, 12282, 8465, 0, 0, 28.93, 180.00, 2505, 10251, 48
2026/09/16 19:29:05.423, NVIDIA GeForce RTX 4070 SUPER, 12282, 8465, 0, 0, 28.93, 180.00, 2505, 10251, 48
2026/09/16 19:29:05.623, NVIDIA GeForce RTX 4070 SUPER, 12282, 8465, 0, 0, 28.93, 180.00, 2505, 10251, 48
2026/09/16 19:29:05.824, NVIDIA GeForce RTX 4070 SUPER, 12282, 8465, 0, 0, 28.93, 180.00, 2505, 10251, 47
2026/09/16 19:29:06.024, NVIDIA GeForce RTX 4070 SUPER, 12282, 8465, 0, 0, 28.93, 180.00, 2505, 10251, 47
2026/09/16 19:29:06.224, NVIDIA GeForce RTX 4070 SUPER, 12282, 8465, 0, 0, 28.93, 180.00, 2505, 10251, 47
2026/09/16 19:29:06.425, NVIDIA GeForce RTX 4070 SUPER, 12282, 8465, 0, 0, 28.93, 180.00, 2505, 10251, 47
2026/09/16 19:29:06.625, NVIDIA GeForce RTX 4070 SUPER, 12282, 8465, 0, 0, 28.93, 180.00, 2505, 10251, 47
2026/09/16 19:29:06.826, NVIDIA GeForce RTX 4070 SUPER, 12282, 8465, 0, 0, 28.77, 180.00, 2505, 10251, 47
2026/09/16 19:29:07.026, NVIDIA GeForce RTX 4070 SUPER, 12282, 8465, 0, 0, 28.77, 180.00, 2505, 10251, 47
2026/09/16 19:29:07.226, NVIDIA GeForce RTX 4070 SUPER, 12282, 8465, 0, 0, 28.77, 180.00, 2505, 10251, 47
2026/09/16 19:29:07.427, NVIDIA GeForce RTX 4070 SUPER, 12282, 8465, 0, 0, 28.77, 180.00, 2505, 10251, 47
2026/09/16 19:29:07.627, NVIDIA GeForce RTX 4070 SUPER, 12282, 8465, 0, 0, 28.77, 180.00, 2505, 10251, 47
2026/09/16 19:29:07.827, NVIDIA GeForce RTX 4070 SUPER, 12282, 8465, 0, 0, 28.33, 180.00, 2505, 10251, 47
2026/09/16 19:29:08.028, NVIDIA GeForce RTX 4070 SUPER, 12282, 8465, 0, 0, 28.33, 180.00, 2505, 10251, 47
2026/09/16 19:29:08.228, NVIDIA GeForce RTX 4070 SUPER, 12282, 8465, 0, 0, 28.33, 180.00, 2505, 10251, 47
2026/09/16 19:29:08.428, NVIDIA GeForce RTX 4070 SUPER, 12282, 8465, 0, 0, 28.33, 180.00, 2505, 10251, 47
2026/09/16 19:29:08.629, NVIDIA GeForce RTX 4070 SUPER, 12282, 8465, 0, 0, 28.33, 180.00, 2505, 10251, 47
2026/09/16 19:29:08.829, NVIDIA GeForce RTX 4070 SUPER, 12282, 8465, 0, 0, 28.07, 180.00, 2505, 10251, 46
2026/09/16 19:29:09.029, NVIDIA GeForce RTX 4070 SUPER, 12282, 8465, 0, 0, 28.07, 180.00, 2505, 10251, 46
2026/09/16 19:29:09.230, NVIDIA GeForce RTX 4070 SUPER, 12282, 8465, 0, 0, 28.07, 180.00, 2505, 10251, 46
2026/09/16 19:29:09.430, NVIDIA GeForce RTX 4070 SUPER, 12282, 8465, 0, 0, 28.07, 180.00, 2505, 10251, 46
2026/09/16 19:29:09.630, NVIDIA GeForce RTX 4070 SUPER, 12282, 8465, 0, 0, 28.07, 180.00, 2505, 10251, 46
2026/09/16 19:29:09.831, NVIDIA GeForce RTX 4070 SUPER, 12282, 8465, 0, 0, 28.03, 180.00, 2505, 10251, 46
2026/09/16 19:29:10.031, NVIDIA GeForce RTX 4070 SUPER, 12282, 8465, 0, 0, 28.03, 180.00, 2505, 10251, 46
2026/09/16 19:29:10.231, NVIDIA GeForce RTX 4070 SUPER, 12282, 8465, 0, 0, 28.03, 180.00, 2505, 10251, 46
2026/09/16 19:29:10.432, NVIDIA GeForce RTX 4070 SUPER, 12282, 8465, 0, 0, 28.03, 180.00, 2505, 10251, 46
2026/09/16 19:29:10.632, NVIDIA GeForce RTX 4070 SUPER, 12282, 8465, 0, 0, 28.03, 180.00, 2505, 10251, 46
2026/09/16 19:29:10.833, NVIDIA GeForce RTX 4070 SUPER, 12282, 8465, 99, 29, 46.28, 180.00, 2625, 10251, 56
2026/09/16 19:29:11.033, NVIDIA GeForce RTX 4070 SUPER, 12282, 8465, 99, 29, 46.28, 180.00, 2625, 10251, 56
2026/09/16 19:29:11.233, NVIDIA GeForce RTX 4070 SUPER, 12282, 8465, 100, 30, 116.33, 180.00, 2610, 10251, 60
2026/09/16 19:29:11.434, NVIDIA GeForce RTX 4070 SUPER, 12282, 8465, 100, 30, 116.33, 180.00, 2610, 10251, 60
2026/09/16 19:29:11.634, NVIDIA GeForce RTX 4070 SUPER, 12282, 8465, 100, 30, 116.33, 180.00, 2610, 10251, 60
2026/09/16 19:29:11.835, NVIDIA GeForce RTX 4070 SUPER, 12282, 8465, 99, 29, 176.81, 180.00, 2640, 10251, 60
2026/09/16 19:29:12.035, NVIDIA GeForce RTX 4070 SUPER, 12282, 8465, 99, 29, 176.81, 180.00, 2640, 10251, 60
2026/09/16 19:29:12.236, NVIDIA GeForce RTX 4070 SUPER, 12282, 8465, 100, 33, 178.51, 180.00, 2595, 10251, 61
2026/09/16 19:29:12.436, NVIDIA GeForce RTX 4070 SUPER, 12282, 8465, 100, 33, 178.51, 180.00, 2595, 10251, 61
2026/09/16 19:29:12.636, NVIDIA GeForce RTX 4070 SUPER, 12282, 8465, 100, 33, 178.51, 180.00, 2595, 10251, 61
2026/09/16 19:29:12.837, NVIDIA GeForce RTX 4070 SUPER, 12282, 8465, 100, 33, 178.64, 180.00, 2580, 10251, 61
2026/09/16 19:29:13.037, NVIDIA GeForce RTX 4070 SUPER, 12282, 8465, 100, 33, 178.64, 180.00, 2580, 10251, 61
2026/09/16 19:29:13.238, NVIDIA GeForce RTX 4070 SUPER, 12282, 8465, 99, 33, 179.09, 180.00, 2685, 10251, 61
2026/09/16 19:29:13.438, NVIDIA GeForce RTX 4070 SUPER, 12282, 8465, 99, 33, 179.09, 180.00, 2685, 10251, 61
2026/09/16 19:29:13.639, NVIDIA GeForce RTX 4070 SUPER, 12282, 8465, 99, 33, 179.09, 180.00, 2685, 10251, 61
2026/09/16 19:29:13.839, NVIDIA GeForce RTX 4070 SUPER, 12282, 8465, 100, 33, 176.59, 180.00, 2580, 10251, 62
2026/09/16 19:29:14.040, NVIDIA GeForce RTX 4070 SUPER, 12282, 8465, 100, 33, 176.59, 180.00, 2580, 10251, 62
2026/09/16 19:29:14.240, NVIDIA GeForce RTX 4070 SUPER, 12282, 8465, 100, 34, 179.44, 180.00, 2580, 10251, 62
2026/09/16 19:29:14.440, NVIDIA GeForce RTX 4070 SUPER, 12282, 8465, 100, 34, 179.44, 180.00, 2580, 10251, 62
2026/09/16 19:29:14.641, NVIDIA GeForce RTX 4070 SUPER, 12282, 8465, 100, 34, 179.44, 180.00, 2580, 10251, 62
2026/09/16 19:29:14.841, NVIDIA GeForce RTX 4070 SUPER, 12282, 8465, 98, 30, 179.70, 180.00, 2670, 10251, 62
2026/09/16 19:29:15.042, NVIDIA GeForce RTX 4070 SUPER, 12282, 8465, 98, 30, 179.70, 180.00, 2670, 10251, 62
2026/09/16 19:29:15.242, NVIDIA GeForce RTX 4070 SUPER, 12282, 8465, 100, 36, 177.03, 180.00, 2580, 10251, 61
2026/09/16 19:29:15.443, NVIDIA GeForce RTX 4070 SUPER, 12282, 8465, 100, 36, 177.03, 180.00, 2580, 10251, 61
2026/09/16 19:29:15.643, NVIDIA GeForce RTX 4070 SUPER, 12282, 8465, 100, 36, 177.03, 180.00, 2580, 10251, 61
2026/09/16 19:29:15.844, NVIDIA GeForce RTX 4070 SUPER, 12282, 8465, 100, 33, 178.99, 180.00, 2580, 10251, 62
2026/09/16 19:29:16.044, NVIDIA GeForce RTX 4070 SUPER, 12282, 8465, 100, 33, 178.99, 180.00, 2580, 10251, 62
2026/09/16 19:29:16.245, NVIDIA GeForce RTX 4070 SUPER, 12282, 8465, 98, 34, 180.24, 180.00, 2670, 10251, 60
2026/09/16 19:29:16.445, NVIDIA GeForce RTX 4070 SUPER, 12282, 8465, 98, 34, 180.24, 180.00, 2670, 10251, 60
2026/09/16 19:29:16.645, NVIDIA GeForce RTX 4070 SUPER, 12282, 8465, 98, 34, 180.24, 180.00, 2670, 10251, 60
2026/09/16 19:29:16.846, NVIDIA GeForce RTX 4070 SUPER, 12282, 8465, 86, 31, 176.77, 180.00, 2565, 10251, 62
2026/09/16 19:29:17.047, NVIDIA GeForce RTX 4070 SUPER, 12282, 8465, 86, 31, 176.77, 180.00, 2565, 10251, 62
2026/09/16 19:29:17.247, NVIDIA GeForce RTX 4070 SUPER, 12282, 8465, 100, 33, 179.33, 180.00, 2595, 10251, 63
2026/09/16 19:29:17.448, NVIDIA GeForce RTX 4070 SUPER, 12282, 8465, 100, 33, 179.33, 180.00, 2595, 10251, 63
2026/09/16 19:29:17.648, NVIDIA GeForce RTX 4070 SUPER, 12282, 8465, 100, 33, 179.33, 180.00, 2595, 10251, 63
2026/09/16 19:29:17.849, NVIDIA GeForce RTX 4070 SUPER, 12282, 8465, 97, 27, 177.71, 180.00, 2670, 10251, 63
2026/09/16 19:29:18.049, NVIDIA GeForce RTX 4070 SUPER, 12282, 8465, 97, 27, 177.71, 180.00, 2670, 10251, 63
2026/09/16 19:29:18.250, NVIDIA GeForce RTX 4070 SUPER, 12282, 8465, 98, 36, 178.77, 180.00, 2700, 10251, 59
2026/09/16 19:29:18.450, NVIDIA GeForce RTX 4070 SUPER, 12282, 8465, 98, 36, 178.77, 180.00, 2700, 10251, 59
2026/09/16 19:29:18.651, NVIDIA GeForce RTX 4070 SUPER, 12282, 8465, 98, 36, 178.77, 180.00, 2700, 10251, 59
2026/09/16 19:29:18.851, NVIDIA GeForce RTX 4070 SUPER, 12282, 8465, 100, 34, 178.61, 180.00, 2580, 10251, 63
2026/09/16 19:29:19.052, NVIDIA GeForce RTX 4070 SUPER, 12282, 8465, 100, 34, 178.61, 180.00, 2580, 10251, 63
2026/09/16 19:29:19.252, NVIDIA GeForce RTX 4070 SUPER, 12282, 8465, 98, 35, 178.24, 180.00, 2670, 10251, 63
2026/09/16 19:29:19.453, NVIDIA GeForce RTX 4070 SUPER, 12282, 8465, 98, 35, 178.24, 180.00, 2670, 10251, 63
2026/09/16 19:29:19.653, NVIDIA GeForce RTX 4070 SUPER, 12282, 8465, 98, 35, 178.24, 180.00, 2670, 10251, 63
2026/09/16 19:29:19.854, NVIDIA GeForce RTX 4070 SUPER, 12282, 8465, 99, 28, 179.33, 180.00, 2670, 10251, 62
2026/09/16 19:29:20.054, NVIDIA GeForce RTX 4070 SUPER, 12282, 8465, 99, 28, 179.33, 180.00, 2670, 10251, 62
2026/09/16 19:29:20.255, NVIDIA GeForce RTX 4070 SUPER, 12282, 8465, 100, 34, 178.70, 180.00, 2565, 10251, 63
2026/09/16 19:29:20.455, NVIDIA GeForce RTX 4070 SUPER, 12282, 8465, 100, 34, 178.70, 180.00, 2565, 10251, 63
2026/09/16 19:29:20.655, NVIDIA GeForce RTX 4070 SUPER, 12282, 8465, 100, 34, 178.70, 180.00, 2565, 10251, 63
2026/09/16 19:29:20.856, NVIDIA GeForce RTX 4070 SUPER, 12282, 8465, 100, 30, 178.68, 180.00, 2625, 10251, 62
2026/09/16 19:29:21.056, NVIDIA GeForce RTX 4070 SUPER, 12282, 8465, 100, 30, 178.68, 180.00, 2625, 10251, 62
2026/09/16 19:29:21.257, NVIDIA GeForce RTX 4070 SUPER, 12282, 8465, 97, 35, 178.29, 180.00, 2700, 10251, 64
2026/09/16 19:29:21.457, NVIDIA GeForce RTX 4070 SUPER, 12282, 8465, 97, 35, 178.29, 180.00, 2700, 10251, 64
2026/09/16 19:29:21.658, NVIDIA GeForce RTX 4070 SUPER, 12282, 8465, 97, 35, 178.29, 180.00, 2700, 10251, 64
2026/09/16 19:29:21.858, NVIDIA GeForce RTX 4070 SUPER, 12282, 8465, 100, 34, 178.54, 180.00, 2580, 10251, 63
2026/09/16 19:29:22.059, NVIDIA GeForce RTX 4070 SUPER, 12282, 8465, 100, 34, 178.54, 180.00, 2580, 10251, 63
2026/09/16 19:29:22.259, NVIDIA GeForce RTX 4070 SUPER, 12282, 8465, 100, 33, 179.67, 180.00, 2580, 10251, 63
2026/09/16 19:29:22.460, NVIDIA GeForce RTX 4070 SUPER, 12282, 8465, 100, 33, 179.67, 180.00, 2580, 10251, 63
2026/09/16 19:29:22.660, NVIDIA GeForce RTX 4070 SUPER, 12282, 8465, 100, 33, 179.67, 180.00, 2580, 10251, 63
2026/09/16 19:29:22.861, NVIDIA GeForce RTX 4070 SUPER, 12282, 8465, 99, 29, 178.89, 180.00, 2655, 10251, 63
2026/09/16 19:29:23.061, NVIDIA GeForce RTX 4070 SUPER, 12282, 8465, 99, 29, 178.89, 180.00, 2655, 10251, 63
2026/09/16 19:29:23.262, NVIDIA GeForce RTX 4070 SUPER, 12282, 8465, 100, 26, 177.85, 180.00, 2610, 10251, 64
2026/09/16 19:29:23.462, NVIDIA GeForce RTX 4070 SUPER, 12282, 8465, 100, 26, 177.85, 180.00, 2610, 10251, 64
2026/09/16 19:29:23.663, NVIDIA GeForce RTX 4070 SUPER, 12282, 8465, 100, 26, 177.85, 180.00, 2610, 10251, 64
2026/09/16 19:29:23.863, NVIDIA GeForce RTX 4070 SUPER, 12282, 8465, 99, 35, 179.24, 180.00, 2685, 10251, 64
2026/09/16 19:29:24.064, NVIDIA GeForce RTX 4070 SUPER, 12282, 8465, 99, 35, 179.24, 180.00, 2685, 10251, 64
2026/09/16 19:29:24.264, NVIDIA GeForce RTX 4070 SUPER, 12282, 8465, 0, 0, 136.20, 180.00, 2790, 10251, 52
2026/09/16 19:29:24.464, NVIDIA GeForce RTX 4070 SUPER, 12282, 8465, 0, 0, 136.20, 180.00, 2790, 10251, 52
2026/09/16 19:29:24.665, NVIDIA GeForce RTX 4070 SUPER, 12282, 8465, 0, 0, 136.20, 180.00, 2790, 10251, 52
2026/09/16 19:29:24.865, NVIDIA GeForce RTX 4070 SUPER, 12282, 8465, 0, 0, 73.20, 180.00, 2790, 10251, 51
2026/09/16 19:29:25.065, NVIDIA GeForce RTX 4070 SUPER, 12282, 8465, 0, 0, 73.20, 180.00, 2790, 10251, 51
2026/09/16 19:29:25.266, NVIDIA GeForce RTX 4070 SUPER, 12282, 8465, 0, 0, 60.30, 180.00, 2790, 10251, 51
2026/09/16 19:29:25.466, NVIDIA GeForce RTX 4070 SUPER, 12282, 8465, 0, 0, 60.30, 180.00, 2790, 10251, 51
2026/09/16 19:29:25.666, NVIDIA GeForce RTX 4070 SUPER, 12282, 8465, 0, 0, 60.30, 180.00, 2790, 10251, 51
2026/09/16 19:29:25.867, NVIDIA GeForce RTX 4070 SUPER, 12282, 8465, 0, 0, 60.30, 180.00, 2790, 10251, 51
2026/09/16 19:29:26.067, NVIDIA GeForce RTX 4070 SUPER, 12282, 8465, 0, 0, 60.30, 180.00, 2790, 10251, 51
2026/09/16 19:29:26.267, NVIDIA GeForce RTX 4070 SUPER, 12282, 8465, 0, 0, 39.83, 180.00, 2505, 10251, 49
2026/09/16 19:29:26.468, NVIDIA GeForce RTX 4070 SUPER, 12282, 8465, 0, 0, 39.83, 180.00, 2505, 10251, 49
2026/09/16 19:29:26.668, NVIDIA GeForce RTX 4070 SUPER, 12282, 8465, 0, 0, 39.83, 180.00, 2505, 10251, 49
2026/09/16 19:29:26.868, NVIDIA GeForce RTX 4070 SUPER, 12282, 8465, 0, 0, 39.83, 180.00, 2505, 10251, 49
2026/09/16 19:29:27.069, NVIDIA GeForce RTX 4070 SUPER, 12282, 8465, 0, 0, 39.83, 180.00, 2505, 10251, 49
2026/09/16 19:29:27.269, NVIDIA GeForce RTX 4070 SUPER, 12282, 8465, 0, 0, 34.12, 180.00, 2505, 10251, 48
2026/09/16 19:29:27.469, NVIDIA GeForce RTX 4070 SUPER, 12282, 8465, 0, 0, 34.12, 180.00, 2505, 10251, 48
2026/09/16 19:29:27.670, NVIDIA GeForce RTX 4070 SUPER, 12282, 8465, 0, 0, 34.12, 180.00, 2505, 10251, 48
2026/09/16 19:29:27.870, NVIDIA GeForce RTX 4070 SUPER, 12282, 8465, 0, 0, 34.12, 180.00, 2505, 10251, 48
2026/09/16 19:29:28.071, NVIDIA GeForce RTX 4070 SUPER, 12282, 8465, 0, 0, 34.12, 180.00, 2505, 10251, 48
2026/09/16 19:29:28.271, NVIDIA GeForce RTX 4070 SUPER, 12282, 8465, 0, 0, 28.33, 180.00, 2505, 10251, 48
2026/09/16 19:29:28.472, NVIDIA GeForce RTX 4070 SUPER, 12282, 8465, 0, 0, 28.33, 180.00, 2505, 10251, 48
2026/09/16 19:29:28.672, NVIDIA GeForce RTX 4070 SUPER, 12282, 8465, 0, 0, 28.33, 180.00, 2505, 10251, 48
2026/09/16 19:29:28.873, NVIDIA GeForce RTX 4070 SUPER, 12282, 8465, 0, 0, 28.33, 180.00, 2505, 10251, 48
2026/09/16 19:29:29.073, NVIDIA GeForce RTX 4070 SUPER, 12282, 8465, 0, 0, 28.33, 180.00, 2505, 10251, 48
2026/09/16 19:29:29.274, NVIDIA GeForce RTX 4070 SUPER, 12282, 8465, 0, 0, 28.17, 180.00, 2505, 10251, 47
2026/09/16 19:29:29.474, NVIDIA GeForce RTX 4070 SUPER, 12282, 8465, 0, 0, 28.17, 180.00, 2505, 10251, 47
2026/09/16 19:29:29.675, NVIDIA GeForce RTX 4070 SUPER, 12282, 8465, 0, 0, 28.17, 180.00, 2505, 10251, 47
2026/09/16 19:29:29.875, NVIDIA GeForce RTX 4070 SUPER, 12282, 8465, 0, 0, 28.17, 180.00, 2505, 10251, 47
2026/09/16 19:29:30.075, NVIDIA GeForce RTX 4070 SUPER, 12282, 8465, 0, 0, 28.17, 180.00, 2505, 10251, 47
2026/09/16 19:29:30.276, NVIDIA GeForce RTX 4070 SUPER, 12282, 8465, 0, 0, 28.31, 180.00, 2505, 10251, 47
2026/09/16 19:29:30.476, NVIDIA GeForce RTX 4070 SUPER, 12282, 8465, 0, 0, 28.31, 180.00, 2505, 10251, 47
2026/09/16 19:29:30.676, NVIDIA GeForce RTX 4070 SUPER, 12282, 8465, 0, 0, 28.31, 180.00, 2505, 10251, 47
2026/09/16 19:29:30.877, NVIDIA GeForce RTX 4070 SUPER, 12282, 8465, 0, 0, 28.31, 180.00, 2505, 10251, 47
2026/09/16 19:29:31.077, NVIDIA GeForce RTX 4070 SUPER, 12282, 8465, 0, 0, 28.31, 180.00, 2505, 10251, 47
2026/09/16 19:29:31.278, NVIDIA GeForce RTX 4070 SUPER, 12282, 8465, 0, 0, 28.18, 180.00, 2505, 10251, 47
2026/09/16 19:29:31.478, NVIDIA GeForce RTX 4070 SUPER, 12282, 8465, 0, 0, 28.18, 180.00, 2505, 10251, 47
2026/09/16 19:29:31.678, NVIDIA GeForce RTX 4070 SUPER, 12282, 8465, 0, 0, 28.18, 180.00, 2505, 10251, 47
2026/09/16 19:29:31.879, NVIDIA GeForce RTX 4070 SUPER, 12282, 8465, 0, 0, 28.18, 180.00, 2505, 10251, 47
2026/09/16 19:29:32.079, NVIDIA GeForce RTX 4070 SUPER, 12282, 8465, 0, 0, 28.18, 180.00, 2505, 10251, 47
2026/09/16 19:29:32.279, NVIDIA GeForce RTX 4070 SUPER, 12282, 8465, 0, 0, 28.03, 180.00, 2505, 10251, 46
2026/09/16 19:29:32.480, NVIDIA GeForce RTX 4070 SUPER, 12282, 8465, 0, 0, 28.03, 180.00, 2505, 10251, 46
2026/09/16 19:29:32.680, NVIDIA GeForce RTX 4070 SUPER, 12282, 8465, 0, 0, 28.03, 180.00, 2505, 10251, 46
2026/09/16 19:29:32.880, NVIDIA GeForce RTX 4070 SUPER, 12282, 8465, 0, 0, 28.03, 180.00, 2505, 10251, 46
2026/09/16 19:29:33.081, NVIDIA GeForce RTX 4070 SUPER, 12282, 8465, 0, 0, 28.03, 180.00, 2505, 10251, 46
2026/09/16 19:29:33.281, NVIDIA GeForce RTX 4070 SUPER, 12282, 8465, 0, 0, 28.05, 180.00, 2505, 10251, 46
2026/09/16 19:29:33.482, NVIDIA GeForce RTX 4070 SUPER, 12282, 8465, 0, 0, 28.05, 180.00, 2505, 10251, 46
2026/09/16 19:29:33.682, NVIDIA GeForce RTX 4070 SUPER, 12282, 8465, 0, 0, 28.05, 180.00, 2505, 10251, 46
2026/09/16 19:29:33.882, NVIDIA GeForce RTX 4070 SUPER, 12282, 8465, 0, 0, 28.05, 180.00, 2505, 10251, 46
2026/09/16 19:29:34.083, NVIDIA GeForce RTX 4070 SUPER, 12282, 8465, 0, 0, 28.05, 180.00, 2505, 10251, 46
2026/09/16 19:29:34.283, NVIDIA GeForce RTX 4070 SUPER, 12282, 8465, 0, 0, 28.07, 180.00, 2505, 10251, 46
2026/09/16 19:29:34.483, NVIDIA GeForce RTX 4070 SUPER, 12282, 8465, 0, 0, 28.07, 180.00, 2505, 10251, 46
2026/09/16 19:29:34.684, NVIDIA GeForce RTX 4070 SUPER, 12282, 8465, 0, 0, 28.07, 180.00, 2505, 10251, 46
2026/09/16 19:29:34.884, NVIDIA GeForce RTX 4070 SUPER, 12282, 8465, 0, 0, 28.07, 180.00, 2505, 10251, 46
2026/09/16 19:29:35.084, NVIDIA GeForce RTX 4070 SUPER, 12282, 8465, 0, 0, 28.07, 180.00, 2505, 10251, 46
2026/09/16 19:29:35.285, NVIDIA GeForce RTX 4070 SUPER, 12282, 8465, 0, 0, 28.17, 180.00, 2505, 10251, 46
2026/09/16 19:29:35.485, NVIDIA GeForce RTX 4070 SUPER, 12282, 8465, 0, 0, 28.17, 180.00, 2505, 10251, 46
2026/09/16 19:29:35.685, NVIDIA GeForce RTX 4070 SUPER, 12282, 8465, 0, 0, 28.17, 180.00, 2505, 10251, 46
2026/09/16 19:29:35.886, NVIDIA GeForce RTX 4070 SUPER, 12282, 8465, 0, 0, 28.17, 180.00, 2505, 10251, 46
2026/09/16 19:29:36.086, NVIDIA GeForce RTX 4070 SUPER, 12282, 8465, 0, 0, 28.17, 180.00, 2505, 10251, 46
2026/09/16 19:29:36.286, NVIDIA GeForce RTX 4070 SUPER, 12282, 8465, 0, 0, 28.14, 180.00, 2505, 10251, 45
2026/09/16 19:29:36.487, NVIDIA GeForce RTX 4070 SUPER, 12282, 8465, 0, 0, 28.14, 180.00, 2505, 10251, 45
2026/09/16 19:29:36.687, NVIDIA GeForce RTX 4070 SUPER, 12282, 8465, 0, 0, 28.14, 180.00, 2505, 10251, 45
2026/09/16 19:29:36.888, NVIDIA GeForce RTX 4070 SUPER, 12282, 8465, 0, 0, 28.25, 180.00, 2505, 10251, 45
2026/09/16 19:29:37.088, NVIDIA GeForce RTX 4070 SUPER, 12282, 8465, 0, 0, 28.25, 180.00, 2505, 10251, 45
2026/09/16 19:29:37.288, NVIDIA GeForce RTX 4070 SUPER, 12282, 8465, 99, 26, 41.31, 180.00, 2505, 10251, 54
2026/09/16 19:29:37.489, NVIDIA GeForce RTX 4070 SUPER, 12282, 8465, 99, 26, 41.31, 180.00, 2505, 10251, 54
2026/09/16 19:29:37.689, NVIDIA GeForce RTX 4070 SUPER, 12282, 8465, 99, 26, 41.31, 180.00, 2505, 10251, 54
2026/09/16 19:29:37.890, NVIDIA GeForce RTX 4070 SUPER, 12282, 8465, 98, 28, 106.44, 180.00, 2670, 10251, 59
2026/09/16 19:29:38.090, NVIDIA GeForce RTX 4070 SUPER, 12282, 8465, 98, 28, 106.44, 180.00, 2670, 10251, 59
2026/09/16 19:29:38.291, NVIDIA GeForce RTX 4070 SUPER, 12282, 8465, 100, 34, 173.58, 180.00, 2580, 10251, 60
2026/09/16 19:29:38.491, NVIDIA GeForce RTX 4070 SUPER, 12282, 8465, 100, 34, 173.58, 180.00, 2580, 10251, 60
2026/09/16 19:29:38.692, NVIDIA GeForce RTX 4070 SUPER, 12282, 8465, 100, 34, 173.58, 180.00, 2580, 10251, 60
2026/09/16 19:29:38.892, NVIDIA GeForce RTX 4070 SUPER, 12282, 8465, 100, 34, 179.44, 180.00, 2550, 10251, 60
2026/09/16 19:29:39.093, NVIDIA GeForce RTX 4070 SUPER, 12282, 8465, 100, 34, 179.44, 180.00, 2550, 10251, 60
2026/09/16 19:29:39.293, NVIDIA GeForce RTX 4070 SUPER, 12282, 8465, 97, 29, 179.13, 180.00, 2685, 10251, 61
2026/09/16 19:29:39.494, NVIDIA GeForce RTX 4070 SUPER, 12282, 8465, 97, 29, 179.13, 180.00, 2685, 10251, 61
2026/09/16 19:29:39.694, NVIDIA GeForce RTX 4070 SUPER, 12282, 8465, 97, 29, 179.13, 180.00, 2685, 10251, 61
2026/09/16 19:29:39.895, NVIDIA GeForce RTX 4070 SUPER, 12282, 8465, 100, 34, 178.98, 180.00, 2580, 10251, 60
2026/09/16 19:29:40.095, NVIDIA GeForce RTX 4070 SUPER, 12282, 8465, 100, 34, 178.98, 180.00, 2580, 10251, 60
2026/09/16 19:29:40.296, NVIDIA GeForce RTX 4070 SUPER, 12282, 8465, 100, 34, 179.34, 180.00, 2580, 10251, 61
2026/09/16 19:29:40.496, NVIDIA GeForce RTX 4070 SUPER, 12282, 8465, 100, 34, 179.34, 180.00, 2580, 10251, 61
2026/09/16 19:29:40.697, NVIDIA GeForce RTX 4070 SUPER, 12282, 8465, 100, 34, 179.34, 180.00, 2580, 10251, 61
2026/09/16 19:29:40.897, NVIDIA GeForce RTX 4070 SUPER, 12282, 8465, 98, 35, 179.39, 180.00, 2670, 10251, 60
2026/09/16 19:29:41.097, NVIDIA GeForce RTX 4070 SUPER, 12282, 8465, 98, 35, 179.39, 180.00, 2670, 10251, 60
2026/09/16 19:29:41.298, NVIDIA GeForce RTX 4070 SUPER, 12282, 8465, 100, 34, 178.16, 180.00, 2595, 10251, 62
2026/09/16 19:29:41.498, NVIDIA GeForce RTX 4070 SUPER, 12282, 8465, 100, 34, 178.16, 180.00, 2595, 10251, 62
2026/09/16 19:29:41.699, NVIDIA GeForce RTX 4070 SUPER, 12282, 8465, 100, 34, 179.81, 180.00, 2580, 10251, 61
2026/09/16 19:29:41.899, NVIDIA GeForce RTX 4070 SUPER, 12282, 8465, 100, 34, 179.81, 180.00, 2580, 10251, 61
2026/09/16 19:29:42.100, NVIDIA GeForce RTX 4070 SUPER, 12282, 8465, 100, 34, 179.81, 180.00, 2580, 10251, 61
2026/09/16 19:29:42.300, NVIDIA GeForce RTX 4070 SUPER, 12282, 8465, 98, 28, 179.30, 180.00, 2670, 10251, 60
2026/09/16 19:29:42.500, NVIDIA GeForce RTX 4070 SUPER, 12282, 8465, 98, 28, 179.30, 180.00, 2670, 10251, 60
2026/09/16 19:29:42.701, NVIDIA GeForce RTX 4070 SUPER, 12282, 8465, 100, 35, 177.24, 180.00, 2580, 10251, 62
2026/09/16 19:29:42.901, NVIDIA GeForce RTX 4070 SUPER, 12282, 8465, 100, 35, 177.24, 180.00, 2580, 10251, 62
2026/09/16 19:29:43.102, NVIDIA GeForce RTX 4070 SUPER, 12282, 8465, 100, 35, 177.24, 180.00, 2580, 10251, 62
2026/09/16 19:29:43.302, NVIDIA GeForce RTX 4070 SUPER, 12282, 8465, 100, 34, 179.54, 180.00, 2565, 10251, 61
2026/09/16 19:29:43.503, NVIDIA GeForce RTX 4070 SUPER, 12282, 8465, 100, 34, 179.54, 180.00, 2565, 10251, 61
2026/09/16 19:29:43.703, NVIDIA GeForce RTX 4070 SUPER, 12282, 8465, 98, 35, 180.40, 180.00, 2730, 10251, 63
2026/09/16 19:29:43.904, NVIDIA GeForce RTX 4070 SUPER, 12282, 8465, 98, 35, 180.40, 180.00, 2730, 10251, 63
2026/09/16 19:29:44.105, NVIDIA GeForce RTX 4070 SUPER, 12282, 8465, 98, 35, 180.40, 180.00, 2730, 10251, 63
2026/09/16 19:29:44.306, NVIDIA GeForce RTX 4070 SUPER, 12282, 8465, 86, 31, 177.48, 180.00, 2580, 10251, 61
2026/09/16 19:29:44.506, NVIDIA GeForce RTX 4070 SUPER, 12282, 8465, 86, 31, 177.48, 180.00, 2580, 10251, 61
2026/09/16 19:29:44.707, NVIDIA GeForce RTX 4070 SUPER, 12282, 8465, 100, 33, 179.20, 180.00, 2580, 10251, 62
2026/09/16 19:29:44.907, NVIDIA GeForce RTX 4070 SUPER, 12282, 8465, 100, 33, 179.20, 180.00, 2580, 10251, 62
2026/09/16 19:29:45.107, NVIDIA GeForce RTX 4070 SUPER, 12282, 8465, 100, 33, 179.20, 180.00, 2580, 10251, 62
2026/09/16 19:29:45.308, NVIDIA GeForce RTX 4070 SUPER, 12282, 8465, 99, 28, 178.12, 180.00, 2655, 10251, 61
2026/09/16 19:29:45.508, NVIDIA GeForce RTX 4070 SUPER, 12282, 8465, 99, 28, 178.12, 180.00, 2655, 10251, 61
2026/09/16 19:29:45.709, NVIDIA GeForce RTX 4070 SUPER, 12282, 8465, 87, 33, 177.84, 180.00, 2700, 10251, 60
2026/09/16 19:29:45.909, NVIDIA GeForce RTX 4070 SUPER, 12282, 8465, 87, 33, 177.84, 180.00, 2700, 10251, 60
2026/09/16 19:29:46.110, NVIDIA GeForce RTX 4070 SUPER, 12282, 8465, 87, 33, 177.84, 180.00, 2700, 10251, 60
2026/09/16 19:29:46.310, NVIDIA GeForce RTX 4070 SUPER, 12282, 8465, 100, 34, 178.88, 180.00, 2580, 10251, 62
2026/09/16 19:29:46.510, NVIDIA GeForce RTX 4070 SUPER, 12282, 8465, 100, 34, 178.88, 180.00, 2580, 10251, 62
2026/09/16 19:29:46.711, NVIDIA GeForce RTX 4070 SUPER, 12282, 8465, 98, 37, 178.11, 180.00, 2670, 10251, 63
2026/09/16 19:29:46.911, NVIDIA GeForce RTX 4070 SUPER, 12282, 8465, 98, 37, 178.11, 180.00, 2670, 10251, 63
2026/09/16 19:29:47.112, NVIDIA GeForce RTX 4070 SUPER, 12282, 8465, 98, 37, 178.11, 180.00, 2670, 10251, 63
2026/09/16 19:29:47.312, NVIDIA GeForce RTX 4070 SUPER, 12282, 8465, 99, 31, 179.42, 180.00, 2655, 10251, 62
2026/09/16 19:29:47.512, NVIDIA GeForce RTX 4070 SUPER, 12282, 8465, 99, 31, 179.42, 180.00, 2655, 10251, 62
2026/09/16 19:29:47.713, NVIDIA GeForce RTX 4070 SUPER, 12282, 8465, 100, 26, 179.26, 180.00, 2610, 10251, 63
2026/09/16 19:29:47.913, NVIDIA GeForce RTX 4070 SUPER, 12282, 8465, 100, 26, 179.26, 180.00, 2610, 10251, 63
2026/09/16 19:29:48.114, NVIDIA GeForce RTX 4070 SUPER, 12282, 8465, 100, 26, 179.26, 180.00, 2610, 10251, 63
2026/09/16 19:29:48.315, NVIDIA GeForce RTX 4070 SUPER, 12282, 8465, 98, 35, 178.57, 180.00, 2775, 10251, 56
2026/09/16 19:29:48.515, NVIDIA GeForce RTX 4070 SUPER, 12282, 8465, 98, 35, 178.57, 180.00, 2775, 10251, 56
2026/09/16 19:29:48.715, NVIDIA GeForce RTX 4070 SUPER, 12282, 8465, 0, 0, 117.63, 180.00, 2790, 10251, 51
2026/09/16 19:29:48.916, NVIDIA GeForce RTX 4070 SUPER, 12282, 8465, 0, 0, 117.63, 180.00, 2790, 10251, 51
2026/09/16 19:29:49.116, NVIDIA GeForce RTX 4070 SUPER, 12282, 8465, 0, 0, 117.63, 180.00, 2790, 10251, 51
2026/09/16 19:29:49.316, NVIDIA GeForce RTX 4070 SUPER, 12282, 8465, 0, 0, 54.44, 180.00, 2790, 10251, 50
2026/09/16 19:29:49.517, NVIDIA GeForce RTX 4070 SUPER, 12282, 8465, 0, 0, 54.44, 180.00, 2790, 10251, 50
2026/09/16 19:29:49.717, NVIDIA GeForce RTX 4070 SUPER, 12282, 8465, 0, 0, 54.44, 180.00, 2790, 10251, 50
2026/09/16 19:29:49.917, NVIDIA GeForce RTX 4070 SUPER, 12282, 8465, 0, 0, 54.44, 180.00, 2790, 10251, 50
2026/09/16 19:29:50.118, NVIDIA GeForce RTX 4070 SUPER, 12282, 8465, 0, 0, 54.44, 180.00, 2790, 10251, 50
2026/09/16 19:29:50.318, NVIDIA GeForce RTX 4070 SUPER, 12282, 8465, 0, 0, 39.91, 180.00, 2505, 10251, 48
2026/09/16 19:29:50.519, NVIDIA GeForce RTX 4070 SUPER, 12282, 8465, 0, 0, 39.91, 180.00, 2505, 10251, 48
2026/09/16 19:29:50.719, NVIDIA GeForce RTX 4070 SUPER, 12282, 8465, 0, 0, 39.91, 180.00, 2505, 10251, 48
2026/09/16 19:29:50.919, NVIDIA GeForce RTX 4070 SUPER, 12282, 8465, 0, 0, 39.91, 180.00, 2505, 10251, 48
2026/09/16 19:29:51.120, NVIDIA GeForce RTX 4070 SUPER, 12282, 8465, 0, 0, 39.91, 180.00, 2505, 10251, 48
2026/09/16 19:29:51.320, NVIDIA GeForce RTX 4070 SUPER, 12282, 8465, 0, 0, 34.22, 180.00, 2505, 10251, 47
2026/09/16 19:29:51.520, NVIDIA GeForce RTX 4070 SUPER, 12282, 8465, 0, 0, 34.22, 180.00, 2505, 10251, 47
2026/09/16 19:29:51.721, NVIDIA GeForce RTX 4070 SUPER, 12282, 8465, 0, 0, 34.22, 180.00, 2505, 10251, 47
2026/09/16 19:29:51.921, NVIDIA GeForce RTX 4070 SUPER, 12282, 8465, 0, 0, 34.22, 180.00, 2505, 10251, 47
2026/09/16 19:29:52.122, NVIDIA GeForce RTX 4070 SUPER, 12282, 8465, 0, 0, 34.22, 180.00, 2505, 10251, 47
2026/09/16 19:29:52.322, NVIDIA GeForce RTX 4070 SUPER, 12282, 8465, 0, 0, 28.76, 180.00, 2505, 10251, 47
2026/09/16 19:29:52.522, NVIDIA GeForce RTX 4070 SUPER, 12282, 8465, 0, 0, 28.76, 180.00, 2505, 10251, 47
2026/09/16 19:29:52.723, NVIDIA GeForce RTX 4070 SUPER, 12282, 8465, 0, 0, 28.76, 180.00, 2505, 10251, 47
2026/09/16 19:29:52.923, NVIDIA GeForce RTX 4070 SUPER, 12282, 8465, 0, 0, 28.76, 180.00, 2505, 10251, 47
2026/09/16 19:29:53.123, NVIDIA GeForce RTX 4070 SUPER, 12282, 8465, 0, 0, 28.76, 180.00, 2505, 10251, 47
2026/09/16 19:29:53.324, NVIDIA GeForce RTX 4070 SUPER, 12282, 8465, 0, 0, 28.67, 180.00, 2505, 10251, 47
2026/09/16 19:29:53.524, NVIDIA GeForce RTX 4070 SUPER, 12282, 8465, 0, 0, 28.67, 180.00, 2505, 10251, 47
2026/09/16 19:29:53.724, NVIDIA GeForce RTX 4070 SUPER, 12282, 8465, 0, 0, 28.67, 180.00, 2505, 10251, 47
2026/09/16 19:29:53.925, NVIDIA GeForce RTX 4070 SUPER, 12282, 8465, 0, 0, 28.67, 180.00, 2505, 10251, 47
2026/09/16 19:29:54.125, NVIDIA GeForce RTX 4070 SUPER, 12282, 8465, 0, 0, 28.67, 180.00, 2505, 10251, 47
2026/09/16 19:29:54.325, NVIDIA GeForce RTX 4070 SUPER, 12282, 8465, 0, 0, 28.39, 180.00, 2505, 10251, 46
2026/09/16 19:29:54.526, NVIDIA GeForce RTX 4070 SUPER, 12282, 8465, 0, 0, 28.39, 180.00, 2505, 10251, 46
2026/09/16 19:29:54.726, NVIDIA GeForce RTX 4070 SUPER, 12282, 8465, 0, 0, 28.39, 180.00, 2505, 10251, 46
2026/09/16 19:29:54.927, NVIDIA GeForce RTX 4070 SUPER, 12282, 8465, 0, 0, 28.39, 180.00, 2505, 10251, 46
2026/09/16 19:29:55.127, NVIDIA GeForce RTX 4070 SUPER, 12282, 8465, 0, 0, 28.39, 180.00, 2505, 10251, 46
2026/09/16 19:29:55.327, NVIDIA GeForce RTX 4070 SUPER, 12282, 8465, 0, 0, 28.24, 180.00, 2505, 10251, 46
2026/09/16 19:29:55.527, NVIDIA GeForce RTX 4070 SUPER, 12282, 8465, 0, 0, 28.24, 180.00, 2505, 10251, 46
2026/09/16 19:29:55.728, NVIDIA GeForce RTX 4070 SUPER, 12282, 8465, 0, 0, 28.24, 180.00, 2505, 10251, 46
2026/09/16 19:29:55.928, NVIDIA GeForce RTX 4070 SUPER, 12282, 8465, 0, 0, 28.24, 180.00, 2505, 10251, 46
2026/09/16 19:29:56.129, NVIDIA GeForce RTX 4070 SUPER, 12282, 8465, 0, 0, 28.24, 180.00, 2505, 10251, 46
2026/09/16 19:29:56.329, NVIDIA GeForce RTX 4070 SUPER, 12282, 8465, 0, 0, 28.20, 180.00, 2505, 10251, 46
2026/09/16 19:29:56.529, NVIDIA GeForce RTX 4070 SUPER, 12282, 8465, 0, 0, 28.20, 180.00, 2505, 10251, 46
2026/09/16 19:29:56.730, NVIDIA GeForce RTX 4070 SUPER, 12282, 8465, 0, 0, 28.20, 180.00, 2505, 10251, 46
2026/09/16 19:29:56.930, NVIDIA GeForce RTX 4070 SUPER, 12282, 8465, 0, 0, 28.20, 180.00, 2505, 10251, 46
2026/09/16 19:29:57.131, NVIDIA GeForce RTX 4070 SUPER, 12282, 8465, 0, 0, 28.20, 180.00, 2505, 10251, 46
2026/09/16 19:29:57.331, NVIDIA GeForce RTX 4070 SUPER, 12282, 8465, 0, 0, 28.15, 180.00, 2505, 10251, 45
2026/09/16 19:29:57.531, NVIDIA GeForce RTX 4070 SUPER, 12282, 8465, 0, 0, 28.15, 180.00, 2505, 10251, 45
2026/09/16 19:29:57.732, NVIDIA GeForce RTX 4070 SUPER, 12282, 8465, 0, 0, 28.15, 180.00, 2505, 10251, 45
2026/09/16 19:29:57.932, NVIDIA GeForce RTX 4070 SUPER, 12282, 8465, 0, 0, 28.15, 180.00, 2505, 10251, 45
2026/09/16 19:29:58.132, NVIDIA GeForce RTX 4070 SUPER, 12282, 8465, 0, 0, 28.15, 180.00, 2505, 10251, 45
2026/09/16 19:29:58.333, NVIDIA GeForce RTX 4070 SUPER, 12282, 8465, 0, 0, 28.25, 180.00, 2505, 10251, 45
2026/09/16 19:29:58.533, NVIDIA GeForce RTX 4070 SUPER, 12282, 8465, 0, 0, 28.25, 180.00, 2505, 10251, 45
2026/09/16 19:29:58.733, NVIDIA GeForce RTX 4070 SUPER, 12282, 8465, 0, 0, 28.25, 180.00, 2505, 10251, 45
2026/09/16 19:29:58.934, NVIDIA GeForce RTX 4070 SUPER, 12282, 8465, 0, 0, 28.25, 180.00, 2505, 10251, 45
2026/09/16 19:29:59.134, NVIDIA GeForce RTX 4070 SUPER, 12282, 8465, 0, 0, 28.25, 180.00, 2505, 10251, 45
2026/09/16 19:29:59.334, NVIDIA GeForce RTX 4070 SUPER, 12282, 8465, 0, 0, 28.28, 180.00, 2505, 10251, 45
2026/09/16 19:29:59.535, NVIDIA GeForce RTX 4070 SUPER, 12282, 8465, 0, 0, 28.28, 180.00, 2505, 10251, 45
2026/09/16 19:29:59.735, NVIDIA GeForce RTX 4070 SUPER, 12282, 8465, 0, 0, 28.28, 180.00, 2505, 10251, 45
2026/09/16 19:29:59.936, NVIDIA GeForce RTX 4070 SUPER, 12282, 8465, 0, 0, 28.28, 180.00, 2505, 10251, 45
2026/09/16 19:30:00.136, NVIDIA GeForce RTX 4070 SUPER, 12282, 8465, 0, 0, 28.28, 180.00, 2505, 10251, 45
2026/09/16 19:30:00.336, NVIDIA GeForce RTX 4070 SUPER, 12282, 8465, 0, 0, 28.15, 180.00, 2505, 10251, 45
2026/09/16 19:30:00.537, NVIDIA GeForce RTX 4070 SUPER, 12282, 8465, 0, 0, 28.15, 180.00, 2505, 10251, 45
2026/09/16 19:30:00.737, NVIDIA GeForce RTX 4070 SUPER, 12282, 8465, 0, 0, 28.15, 180.00, 2505, 10251, 45
2026/09/16 19:30:00.937, NVIDIA GeForce RTX 4070 SUPER, 12282, 8465, 0, 0, 28.15, 180.00, 2505, 10251, 45
2026/09/16 19:30:01.138, NVIDIA GeForce RTX 4070 SUPER, 12282, 8465, 0, 0, 28.15, 180.00, 2505, 10251, 45
2026/09/16 19:30:01.338, NVIDIA GeForce RTX 4070 SUPER, 12282, 8465, 0, 0, 28.10, 180.00, 2505, 10251, 44
2026/09/16 19:30:01.539, NVIDIA GeForce RTX 4070 SUPER, 12282, 8465, 0, 0, 28.10, 180.00, 2505, 10251, 44
2026/09/16 19:30:01.739, NVIDIA GeForce RTX 4070 SUPER, 12282, 8465, 0, 0, 28.10, 180.00, 2505, 10251, 44
2026/09/16 19:30:01.940, NVIDIA GeForce RTX 4070 SUPER, 12282, 8465, 0, 0, 28.10, 180.00, 2505, 10251, 44
2026/09/16 19:30:02.140, NVIDIA GeForce RTX 4070 SUPER, 12282, 8465, 0, 0, 28.10, 180.00, 2505, 10251, 44
2026/09/16 19:30:02.340, NVIDIA GeForce RTX 4070 SUPER, 12282, 8465, 0, 0, 28.06, 180.00, 2505, 10251, 44
2026/09/16 19:30:02.541, NVIDIA GeForce RTX 4070 SUPER, 12282, 8465, 0, 0, 28.06, 180.00, 2505, 10251, 44
2026/09/16 19:30:02.741, NVIDIA GeForce RTX 4070 SUPER, 12282, 8465, 0, 0, 28.06, 180.00, 2505, 10251, 44
2026/09/16 19:30:02.941, NVIDIA GeForce RTX 4070 SUPER, 12282, 8465, 0, 0, 28.06, 180.00, 2505, 10251, 44
2026/09/16 19:30:03.142, NVIDIA GeForce RTX 4070 SUPER, 12282, 8465, 0, 0, 28.06, 180.00, 2505, 10251, 44
2026/09/16 19:30:03.342, NVIDIA GeForce RTX 4070 SUPER, 12282, 8465, 0, 0, 28.14, 180.00, 2505, 10251, 44
2026/09/16 19:30:03.543, NVIDIA GeForce RTX 4070 SUPER, 12282, 8465, 0, 0, 28.14, 180.00, 2505, 10251, 44
2026/09/16 19:30:03.743, NVIDIA GeForce RTX 4070 SUPER, 12282, 8465, 0, 0, 28.14, 180.00, 2505, 10251, 44
2026/09/16 19:30:03.943, NVIDIA GeForce RTX 4070 SUPER, 12282, 8465, 0, 0, 28.14, 180.00, 2505, 10251, 44
2026/09/16 19:30:04.144, NVIDIA GeForce RTX 4070 SUPER, 12282, 8465, 0, 0, 28.14, 180.00, 2505, 10251, 44
2026/09/16 19:30:04.344, NVIDIA GeForce RTX 4070 SUPER, 12282, 8465, 0, 0, 28.07, 180.00, 2505, 10251, 44
2026/09/16 19:30:04.544, NVIDIA GeForce RTX 4070 SUPER, 12282, 8465, 0, 0, 28.07, 180.00, 2505, 10251, 44
2026/09/16 19:30:04.745, NVIDIA GeForce RTX 4070 SUPER, 12282, 8465, 0, 0, 28.07, 180.00, 2505, 10251, 44
2026/09/16 19:30:04.945, NVIDIA GeForce RTX 4070 SUPER, 12282, 8465, 0, 0, 28.07, 180.00, 2505, 10251, 44
2026/09/16 19:30:05.146, NVIDIA GeForce RTX 4070 SUPER, 12282, 8465, 0, 0, 28.07, 180.00, 2505, 10251, 44
2026/09/16 19:30:05.346, NVIDIA GeForce RTX 4070 SUPER, 12282, 8465, 0, 0, 25.11, 180.00, 450, 810, 43
2026/09/16 19:30:05.546, NVIDIA GeForce RTX 4070 SUPER, 12282, 8465, 0, 0, 25.11, 180.00, 450, 810, 43
2026/09/16 19:30:05.747, NVIDIA GeForce RTX 4070 SUPER, 12282, 8465, 0, 0, 25.11, 180.00, 450, 810, 43
2026/09/16 19:30:05.947, NVIDIA GeForce RTX 4070 SUPER, 12282, 8465, 0, 0, 25.11, 180.00, 450, 810, 43
2026/09/16 19:30:06.148, NVIDIA GeForce RTX 4070 SUPER, 12282, 8465, 0, 0, 25.11, 180.00, 450, 810, 43
2026/09/16 19:30:06.348, NVIDIA GeForce RTX 4070 SUPER, 12282, 8465, 0, 0, 16.76, 180.00, 285, 405, 43
2026/09/16 19:30:06.548, NVIDIA GeForce RTX 4070 SUPER, 12282, 8465, 0, 0, 16.76, 180.00, 285, 405, 43
2026/09/16 19:30:06.749, NVIDIA GeForce RTX 4070 SUPER, 12282, 8465, 0, 0, 16.76, 180.00, 285, 405, 43
2026/09/16 19:30:06.949, NVIDIA GeForce RTX 4070 SUPER, 12282, 8465, 0, 0, 16.76, 180.00, 285, 405, 43
2026/09/16 19:30:07.150, NVIDIA GeForce RTX 4070 SUPER, 12282, 8465, 0, 0, 16.76, 180.00, 285, 405, 43
2026/09/16 19:30:07.350, NVIDIA GeForce RTX 4070 SUPER, 12282, 8465, 0, 0, 10.69, 180.00, 210, 405, 42
2026/09/16 19:30:07.551, NVIDIA GeForce RTX 4070 SUPER, 12282, 8465, 0, 0, 10.69, 180.00, 210, 405, 42
2026/09/16 19:30:07.751, NVIDIA GeForce RTX 4070 SUPER, 12282, 8465, 0, 0, 10.69, 180.00, 210, 405, 42
2026/09/16 19:30:07.952, NVIDIA GeForce RTX 4070 SUPER, 12282, 8465, 0, 0, 10.69, 180.00, 210, 405, 42
2026/09/16 19:30:08.152, NVIDIA GeForce RTX 4070 SUPER, 12282, 8465, 0, 0, 10.69, 180.00, 210, 405, 42
2026/09/16 19:30:08.353, NVIDIA GeForce RTX 4070 SUPER, 12282, 8465, 0, 0, 10.07, 180.00, 210, 405, 42
2026/09/16 19:30:08.553, NVIDIA GeForce RTX 4070 SUPER, 12282, 8465, 0, 0, 10.07, 180.00, 210, 405, 42
2026/09/16 19:30:08.754, NVIDIA GeForce RTX 4070 SUPER, 12282, 8465, 0, 0, 10.07, 180.00, 210, 405, 42
2026/09/16 19:30:08.954, NVIDIA GeForce RTX 4070 SUPER, 12282, 8465, 0, 0, 10.07, 180.00, 210, 405, 42
2026/09/16 19:30:09.154, NVIDIA GeForce RTX 4070 SUPER, 12282, 8465, 0, 0, 10.07, 180.00, 210, 405, 42
2026/09/16 19:30:09.355, NVIDIA GeForce RTX 4070 SUPER, 12282, 8465, 0, 0, 9.84, 180.00, 210, 405, 42
2026/09/16 19:30:09.555, NVIDIA GeForce RTX 4070 SUPER, 12282, 8465, 0, 0, 9.84, 180.00, 210, 405, 42
2026/09/16 19:30:09.756, NVIDIA GeForce RTX 4070 SUPER, 12282, 8465, 0, 0, 9.84, 180.00, 210, 405, 42
2026/09/16 19:30:09.956, NVIDIA GeForce RTX 4070 SUPER, 12282, 8465, 0, 0, 9.84, 180.00, 210, 405, 42
2026/09/16 19:30:10.157, NVIDIA GeForce RTX 4070 SUPER, 12282, 8465, 0, 0, 9.84, 180.00, 210, 405, 42
2026/09/16 19:30:10.357, NVIDIA GeForce RTX 4070 SUPER, 12282, 8465, 0, 0, 9.53, 180.00, 210, 405, 41
2026/09/16 19:30:10.558, NVIDIA GeForce RTX 4070 SUPER, 12282, 8465, 0, 0, 9.53, 180.00, 210, 405, 41
2026/09/16 19:30:10.758, NVIDIA GeForce RTX 4070 SUPER, 12282, 8465, 0, 0, 9.53, 180.00, 210, 405, 41
2026/09/16 19:30:10.959, NVIDIA GeForce RTX 4070 SUPER, 12282, 8465, 0, 0, 9.53, 180.00, 210, 405, 41
2026/09/16 19:30:11.159, NVIDIA GeForce RTX 4070 SUPER, 12282, 8465, 0, 0, 9.53, 180.00, 210, 405, 41
2026/09/16 19:30:11.360, NVIDIA GeForce RTX 4070 SUPER, 12282, 8465, 0, 0, 9.40, 180.00, 210, 405, 41
2026/09/16 19:30:11.560, NVIDIA GeForce RTX 4070 SUPER, 12282, 8465, 0, 0, 9.40, 180.00, 210, 405, 41
2026/09/16 19:30:11.761, NVIDIA GeForce RTX 4070 SUPER, 12282, 8465, 0, 0, 9.40, 180.00, 210, 405, 41
2026/09/16 19:30:11.961, NVIDIA GeForce RTX 4070 SUPER, 12282, 8465, 0, 0, 9.40, 180.00, 210, 405, 41
2026/09/16 19:30:12.162, NVIDIA GeForce RTX 4070 SUPER, 12282, 8465, 0, 0, 9.40, 180.00, 210, 405, 41
2026/09/16 19:30:12.362, NVIDIA GeForce RTX 4070 SUPER, 12282, 8465, 0, 0, 9.34, 180.00, 210, 405, 41
2026/09/16 19:30:12.563, NVIDIA GeForce RTX 4070 SUPER, 12282, 8465, 0, 0, 9.34, 180.00, 210, 405, 41
2026/09/16 19:30:12.763, NVIDIA GeForce RTX 4070 SUPER, 12282, 8465, 0, 0, 9.34, 180.00, 210, 405, 41
2026/09/16 19:30:12.964, NVIDIA GeForce RTX 4070 SUPER, 12282, 8465, 0, 0, 9.34, 180.00, 210, 405, 41
2026/09/16 19:30:13.164, NVIDIA GeForce RTX 4070 SUPER, 12282, 8465, 0, 0, 9.34, 180.00, 210, 405, 41
2026/09/16 19:30:13.364, NVIDIA GeForce RTX 4070 SUPER, 12282, 8465, 0, 0, 9.31, 180.00, 210, 405, 41
2026/09/16 19:30:13.565, NVIDIA GeForce RTX 4070 SUPER, 12282, 8465, 0, 0, 9.31, 180.00, 210, 405, 41
2026/09/16 19:30:13.765, NVIDIA GeForce RTX 4070 SUPER, 12282, 8465, 0, 0, 9.31, 180.00, 210, 405, 41
2026/09/16 19:30:13.966, NVIDIA GeForce RTX 4070 SUPER, 12282, 8465, 0, 0, 9.31, 180.00, 210, 405, 41
2026/09/16 19:30:14.166, NVIDIA GeForce RTX 4070 SUPER, 12282, 8465, 0, 0, 9.31, 180.00, 210, 405, 41
2026/09/16 19:30:14.367, NVIDIA GeForce RTX 4070 SUPER, 12282, 8465, 0, 0, 9.28, 180.00, 210, 405, 41
2026/09/16 19:30:14.567, NVIDIA GeForce RTX 4070 SUPER, 12282, 8465, 0, 0, 9.28, 180.00, 210, 405, 41
2026/09/16 19:30:14.768, NVIDIA GeForce RTX 4070 SUPER, 12282, 8465, 0, 0, 9.28, 180.00, 210, 405, 41
2026/09/16 19:30:14.968, NVIDIA GeForce RTX 4070 SUPER, 12282, 8465, 0, 0, 9.28, 180.00, 210, 405, 41
2026/09/16 19:30:15.169, NVIDIA GeForce RTX 4070 SUPER, 12282, 8465, 0, 0, 9.28, 180.00, 210, 405, 41
2026/09/16 19:30:15.369, NVIDIA GeForce RTX 4070 SUPER, 12282, 8465, 0, 0, 9.29, 180.00, 210, 405, 41
2026/09/16 19:30:15.570, NVIDIA GeForce RTX 4070 SUPER, 12282, 8465, 0, 0, 9.29, 180.00, 210, 405, 41
2026/09/16 19:30:15.770, NVIDIA GeForce RTX 4070 SUPER, 12282, 8465, 0, 0, 9.29, 180.00, 210, 405, 41
2026/09/16 19:30:15.971, NVIDIA GeForce RTX 4070 SUPER, 12282, 8465, 0, 0, 9.29, 180.00, 210, 405, 41
2026/09/16 19:30:16.171, NVIDIA GeForce RTX 4070 SUPER, 12282, 8465, 0, 0, 9.29, 180.00, 210, 405, 41
2026/09/16 19:30:16.371, NVIDIA GeForce RTX 4070 SUPER, 12282, 8465, 0, 0, 9.24, 180.00, 210, 405, 41
2026/09/16 19:30:16.572, NVIDIA GeForce RTX 4070 SUPER, 12282, 8465, 0, 0, 9.24, 180.00, 210, 405, 41
2026/09/16 19:30:16.772, NVIDIA GeForce RTX 4070 SUPER, 12282, 8465, 0, 0, 9.24, 180.00, 210, 405, 41
2026/09/16 19:30:16.973, NVIDIA GeForce RTX 4070 SUPER, 12282, 8465, 0, 0, 9.24, 180.00, 210, 405, 41
2026/09/16 19:30:17.173, NVIDIA GeForce RTX 4070 SUPER, 12282, 8465, 0, 0, 9.24, 180.00, 210, 405, 41
