name,calls,device_type,self_cpu_time_us,cpu_time_us,self_cuda_time_us,self_cuda_time_us_source,cuda_time_us,cuda_time_us_source,self_cuda_memory_bytes,self_cuda_memory_bytes_source,cuda_memory_bytes,cuda_memory_bytes_source
aten::slice,1620,DeviceType.CPU,2052.7029999881324,2573.921999986076,0,self_device_time_total,0,device_time_total,0,self_device_memory_usage,0,device_memory_usage
aten::as_strided,2558,DeviceType.CPU,909.5069999957559,909.5069999957559,0,self_device_time_total,0,device_time_total,0,self_device_memory_usage,0,device_memory_usage
aten::clone,173,DeviceType.CPU,664.7570000020114,3210.9330000005248,0.0,self_device_time_total,12204.796000001923,device_time_total,0,self_device_memory_usage,3081394176,device_memory_usage
aten::empty_like,203,DeviceType.CPU,637.230000000558,1352.6699999995599,0,self_device_time_total,0,device_time_total,0,self_device_memory_usage,4571831296,device_memory_usage
aten::empty_strided,467,DeviceType.CPU,1519.2090000028238,6275.58900000149,0,self_device_time_total,0,device_time_total,8667649024,self_device_memory_usage,8667649024,device_memory_usage
aten::copy_,525,DeviceType.CPU,1991.9660000007407,67572.36899999937,103851.3720000028,self_device_time_total,103854.0280000028,device_time_total,0,self_device_memory_usage,0,device_memory_usage
Activity Buffer Request,2,DeviceType.CPU,112.96000000005733,112.96000000005733,3.808000000000902,self_device_time_total,3.808000000000902,device_time_total,0,self_device_memory_usage,0,device_memory_usage
cudaLaunchKernel,5793,DeviceType.CPU,16261.693000010977,16261.693000010977,0,self_device_time_total,0,device_time_total,0,self_device_memory_usage,0,device_memory_usage
"void at::native::elementwise_kernel<128, 4, at::native::gpu_kernel_impl_nocast<at::native::direct_copy_kernel_cuda(at::TensorIteratorBase&)::{lambda()#3}::operator()() const::{lambda()#12}::operator()() const::{lambda(c10::BFloat16)#1}>(at::TensorIteratorBase&, at::native::direct_copy_kernel_cuda(at::TensorIteratorBase&)::{lambda()#3}::operator()() const::{lambda()#12}::operator()() const::{lambda(c10::BFloat16)#1} const&)::{lambda(int)#1}>(int, at::native::gpu_kernel_impl_nocast<at::native::direct_copy_kernel_cuda(at::TensorIteratorBase&)::{lambda()#3}::operator()() const::{lambda()#12}::operator()() const::{lambda(c10::BFloat16)#1}>(at::TensorIteratorBase&, at::native::direct_copy_kernel_cuda(at::TensorIteratorBase&)::{lambda()#3}::operator()() const::{lambda()#12}::operator()() const::{lambda(c10::BFloat16)#1} const&)::{lambda(int)#1})",367,DeviceType.CUDA,0,0,37798.25700000151,self_device_time_total,37798.25700000151,device_time_total,0,self_device_memory_usage,0,device_memory_usage
[memory],3696,DeviceType.CPU,0.0,0.0,0,self_device_time_total,0,device_time_total,-59797200896,self_device_memory_usage,-59797200896,device_memory_usage
cudaStreamIsCapturing,412,DeviceType.CPU,136.96999999957552,136.96999999957552,0,self_device_time_total,0,device_time_total,0,self_device_memory_usage,0,device_memory_usage
cudaEventRecord,458,DeviceType.CPU,321.6199999999444,321.6199999999444,35.42399999999907,self_device_time_total,35.42399999999907,device_time_total,0,self_device_memory_usage,0,device_memory_usage
aten::lift_fresh,14,DeviceType.CPU,8.049999999348074,8.049999999348074,0,self_device_time_total,0,device_time_total,0,self_device_memory_usage,0,device_memory_usage
aten::to,676,DeviceType.CPU,247.12899999502224,71820.83299999667,0.0,self_device_time_total,75608.48700000142,device_time_total,0,self_device_memory_usage,6681719808,device_memory_usage
aten::_to_copy,244,DeviceType.CPU,691.9089999982662,71573.70400000164,0.0,self_device_time_total,75608.48700000142,device_time_total,0,self_device_memory_usage,6681719808,device_memory_usage
cudaMemcpyAsync,140,DeviceType.CPU,50516.61499999876,50516.61499999876,0,self_device_time_total,0,device_time_total,0,self_device_memory_usage,0,device_memory_usage
cudaStreamSynchronize,18,DeviceType.CPU,13678.434999999548,13678.434999999548,0,self_device_time_total,0,device_time_total,0,self_device_memory_usage,0,device_memory_usage
Memcpy HtoD (Pageable -> Device),16,DeviceType.CUDA,0,0,47.1689999993323,self_device_time_total,47.1689999993323,device_time_total,0,self_device_memory_usage,0,device_memory_usage
aten::unsqueeze,152,DeviceType.CPU,202.93799999892144,257.14799999829484,0,self_device_time_total,0,device_time_total,0,self_device_memory_usage,0,device_memory_usage
aten::conv1d,16,DeviceType.CPU,25.51000000008571,1553.3469999999088,0.0,self_device_time_total,11012.465000000273,device_time_total,0,self_device_memory_usage,212643840,device_memory_usage
aten::convolution,410,DeviceType.CPU,1046.1879999997927,20085.50800000014,0.0,self_device_time_total,524794.9460000005,device_time_total,0,self_device_memory_usage,7759034368,device_memory_usage
aten::_convolution,410,DeviceType.CPU,2032.5650000029036,19039.320000000345,0.0,self_device_time_total,524794.9460000005,device_time_total,-115589120,self_device_memory_usage,7759034368,device_memory_usage
aten::cudnn_convolution,410,DeviceType.CPU,7870.126999997528,15569.959000002471,510456.5290000001,self_device_time_total,510456.5290000001,device_time_total,7759034368,self_device_memory_usage,7759034368,device_memory_usage
"void implicit_convolve_sgemm<float, float, 1024, 5, 5, 3, 3, 3, 1, false, false, true>(int, int, int, float const*, int, float*, float const*, kernel_conv_params, unsigned long long, int, float, float, int, float const*, float const*, bool, bool, int, int)",2,DeviceType.CUDA,0,0,415.9720000000434,self_device_time_total,415.9720000000434,device_time_total,0,self_device_memory_usage,0,device_memory_usage
aten::squeeze,24,DeviceType.CPU,47.94999999986612,56.71999999931904,0,self_device_time_total,0,device_time_total,0,self_device_memory_usage,0,device_memory_usage
aten::group_norm,2,DeviceType.CPU,11.879999999982829,139.73999999987063,0.0,self_device_time_total,536.7740000000376,device_time_total,-4096,self_device_memory_usage,104855552,device_memory_usage
aten::native_group_norm,2,DeviceType.CPU,59.27999999995336,127.8599999998878,536.7740000000376,self_device_time_total,536.7740000000376,device_time_total,-8192,self_device_memory_usage,104861696,device_memory_usage
aten::empty,2378,DeviceType.CPU,5119.953999995583,26566.700999995322,0,self_device_time_total,0,device_time_total,23494691840,self_device_memory_usage,23494691840,device_memory_usage
"void at::native::(anonymous namespace)::RowwiseMomentsCUDAKernel<float>(long, float, float const*, float*, float*)",2,DeviceType.CUDA,0,0,182.43400000005386,self_device_time_total,182.43400000005386,device_time_total,0,self_device_memory_usage,0,device_memory_usage
aten::view,1422,DeviceType.CPU,1171.4360000014622,1171.4360000014622,0,self_device_time_total,0,device_time_total,0,self_device_memory_usage,0,device_memory_usage
aten::gelu,40,DeviceType.CPU,204.6300000010524,326.2800000003226,718.568000000223,self_device_time_total,718.568000000223,device_time_total,270831616,self_device_memory_usage,270831616,device_memory_usage
"void at::native::(anonymous namespace)::ComputeFusedParamsCUDAKernel<float>(long, long, long, float const*, float const*, float const*, float const*, at::AccumulateType<float, true>::type*, at::AccumulateType<float, true>::type*)",2,DeviceType.CUDA,0,0,3.584000000009837,self_device_time_total,3.584000000009837,device_time_total,0,self_device_memory_usage,0,device_memory_usage
"void at::native::elementwise_kernel<128, 2, at::native::gpu_kernel_impl_nocast<at::native::(anonymous namespace)::GroupNormKernelImplInternal<float>(at::Tensor const&, at::Tensor const&, at::Tensor const&, long, long, long, long, float, at::Tensor&, at::Tensor&, at::Tensor&)::{lambda(float, float, float)#2}>(at::TensorIteratorBase&, at::native::(anonymous namespace)::GroupNormKernelImplInternal<float>(at::Tensor const&, at::Tensor const&, at::Tensor const&, long, long, long, long, float, at::Tensor&, at::Tensor&, at::Tensor&)::{lambda(float, float, float)#2} const&)::{lambda(int)#1}>(int, at::native::gpu_kernel_impl_nocast<at::native::(anonymous namespace)::GroupNormKernelImplInternal<float>(at::Tensor const&, at::Tensor const&, at::Tensor const&, long, long, long, long, float, at::Tensor&, at::Tensor&, at::Tensor&)::{lambda(float, float, float)#2}>(at::TensorIteratorBase&, at::native::(anonymous namespace)::GroupNormKernelImplInternal<float>(at::Tensor const&, at::Tensor const&, at::Tensor const&, long, long, long, long, float, at::Tensor&, at::Tensor&, at::Tensor&)::{lambda(float, float, float)#2} const&)::{lambda(int)#1})",2,DeviceType.CUDA,0,0,350.75599999997394,self_device_time_total,350.75599999997394,device_time_total,0,self_device_memory_usage,0,device_memory_usage
cudaPeekAtLastError,1444,DeviceType.CPU,63.429999998174026,63.429999998174026,0,self_device_time_total,0,device_time_total,0,self_device_memory_usage,0,device_memory_usage
cudaFuncGetAttributes,344,DeviceType.CPU,589.7699999983997,589.7699999983997,0,self_device_time_total,0,device_time_total,0,self_device_memory_usage,0,device_memory_usage
cudaLaunchKernelExC,1056,DeviceType.CPU,3408.1979999971663,3408.1979999971663,0,self_device_time_total,0,device_time_total,0,self_device_memory_usage,0,device_memory_usage
"void at::native::vectorized_elementwise_kernel<4, at::native::GeluCUDAKernelImpl(at::TensorIteratorBase&, at::native::GeluType)::{lambda()#2}::operator()() const::{lambda()#2}::operator()() const::{lambda(float)#1}, std::array<char*, 2ul> >(int, at::native::GeluCUDAKernelImpl(at::TensorIteratorBase&, at::native::GeluType)::{lambda()#2}::operator()() const::{lambda()#2}::operator()() const::{lambda(float)#1}, std::array<char*, 2ul>)",38,DeviceType.CUDA,0,0,714.7280000002993,self_device_time_total,714.7280000002993,device_time_total,0,self_device_memory_usage,0,device_memory_usage
aten::transpose,548,DeviceType.CPU,464.41800000061994,644.7769999984339,0,self_device_time_total,0,device_time_total,0,self_device_memory_usage,0,device_memory_usage
"void cudnn::engines_precompiled::nchwToNhwcKernel<float, float, float, false, true, (cudnnKernelDataType_t)2>(cudnn::engines_precompiled::nchw2nhwc_params_t<float>, float const*, float*)",88,DeviceType.CUDA,0,0,1216.3620000003575,self_device_time_total,1216.3620000003575,device_time_total,0,self_device_memory_usage,0,device_memory_usage
aten::upsample_linear1d,2,DeviceType.CPU,245.53900000017893,283.2090000000753,108.64000000001761,self_device_time_total,110.46400000009089,device_time_total,819200,self_device_memory_usage,819200,device_memory_usage
sm86_xmma_fprop_implicit_gemm_tf32f32_tf32f32_f32_nhwckrsc_nchw_tilesize128x128x32_stage3_warpsize2x2x1_g1_tensor16x8x8_alignc4_execute_kernel__5x_cudnn,12,DeviceType.CUDA,0,0,2472.860000000108,self_device_time_total,2472.860000000108,device_time_total,0,self_device_memory_usage,0,device_memory_usage
aten::zero_,2,DeviceType.CPU,5.950000000064392,29.659999999943466,0.0,self_device_time_total,1.8240000000732834,device_time_total,0,self_device_memory_usage,0,device_memory_usage
aten::fill_,106,DeviceType.CPU,278.109000000768,623.137999999486,8897.948999999608,self_device_time_total,8897.948999999608,device_time_total,0,self_device_memory_usage,0,device_memory_usage
aten::layer_norm,56,DeviceType.CPU,90.8400000004658,1025.6780000003928,0.0,self_device_time_total,195.2659999996431,device_time_total,-3772416,self_device_memory_usage,38896640,device_memory_usage
aten::native_layer_norm,54,DeviceType.CPU,339.90900000209695,825.2680000001128,163.1689999994669,self_device_time_total,169.24999999943248,device_time_total,-819200,self_device_memory_usage,35321856,device_memory_usage
aten::contiguous,32,DeviceType.CPU,29.000000001915396,483.13900000167996,0.0,self_device_time_total,2146.1670000004306,device_time_total,0,self_device_memory_usage,362643456,device_memory_usage
aten::linear,274,DeviceType.CPU,670.9669999988055,6678.519999999822,0.0,self_device_time_total,11536.21600000134,device_time_total,0,self_device_memory_usage,243879936,device_memory_usage
aten::reshape,610,DeviceType.CPU,395.6289999976925,981.8889999963776,0,self_device_time_total,0,device_time_total,0,self_device_memory_usage,0,device_memory_usage
aten::t,274,DeviceType.CPU,250.1300000001993,569.0769999986132,0,self_device_time_total,0,device_time_total,0,self_device_memory_usage,0,device_memory_usage
aten::addmm,278,DeviceType.CPU,2981.6039999975765,5110.6160000004165,11637.467000001328,self_device_time_total,11637.467000001328,device_time_total,-47624192,self_device_memory_usage,243879936,device_memory_usage
cudaMemsetAsync,268,DeviceType.CPU,746.9179999987282,746.9179999987282,0,self_device_time_total,0,device_time_total,0,self_device_memory_usage,0,device_memory_usage
aten::dropout,116,DeviceType.CPU,36.739999999437714,36.739999999437714,0,self_device_time_total,0,device_time_total,0,self_device_memory_usage,0,device_memory_usage
aten::_weight_norm,2,DeviceType.CPU,5.349999999645661,44.11999999986983,0.0,self_device_time_total,456.2279999999773,device_time_total,-1024,self_device_memory_usage,37748736,device_memory_usage
aten::_weight_norm_interface,2,DeviceType.CPU,13.050000000223008,38.77000000022417,456.2279999999773,self_device_time_total,456.2279999999773,device_time_total,0,self_device_memory_usage,37749760,device_memory_usage
cudaStreamWaitEvent,116,DeviceType.CPU,96.23000000040338,96.23000000040338,0,self_device_time_total,0,device_time_total,0,self_device_memory_usage,0,device_memory_usage
cudaFuncSetAttribute,308,DeviceType.CPU,265.70899999972426,265.70899999972426,0,self_device_time_total,0,device_time_total,0,self_device_memory_usage,0,device_memory_usage
aten::add_,124,DeviceType.CPU,520.706999995331,863.6469999965957,13558.952999999685,self_device_time_total,13558.952999999685,device_time_total,0,self_device_memory_usage,0,device_memory_usage
aten::add,274,DeviceType.CPU,1313.9970000011672,2112.6449999996294,18659.71399999742,self_device_time_total,18659.71399999742,device_time_total,4189403136,self_device_memory_usage,4189403136,device_memory_usage
aten::rand,24,DeviceType.CPU,43.10999999935302,121.28999999997905,0,self_device_time_total,0,device_time_total,0,self_device_memory_usage,0,device_memory_usage
aten::uniform_,24,DeviceType.CPU,46.80000000066866,46.80000000066866,0,self_device_time_total,0,device_time_total,0,self_device_memory_usage,0,device_memory_usage
aten::scaled_dot_product_attention,28,DeviceType.CPU,178.60000000052605,840.1980000001276,0.0,self_device_time_total,2510.0739999991565,device_time_total,0,self_device_memory_usage,24313856,device_memory_usage
aten::_scaled_dot_product_efficient_attention,42,DeviceType.CPU,207.0999999994565,1188.5159999990829,0.0,self_device_time_total,9514.787999998553,device_time_total,0,self_device_memory_usage,57802752,device_memory_usage
aten::_efficient_attention_forward,42,DeviceType.CPU,322.5380000001569,808.9159999994772,9514.787999998553,self_device_time_total,9514.787999998553,device_time_total,-79626240,self_device_memory_usage,57802752,device_memory_usage
cudaOccupancyMaxActiveBlocksPerMultiprocessor,170,DeviceType.CPU,105.41900000079113,105.41900000079113,0,self_device_time_total,0,device_time_total,0,self_device_memory_usage,0,device_memory_usage
"void at::native::vectorized_elementwise_kernel<4, at::native::FillFunctor<float>, std::array<char*, 1ul> >(int, at::native::FillFunctor<float>, std::array<char*, 1ul>)",2,DeviceType.CUDA,0,0,1.8240000000732834,self_device_time_total,1.8240000000732834,device_time_total,0,self_device_memory_usage,0,device_memory_usage
"void at::native::(anonymous namespace)::upsample_linear1d_out_frame<float, float>(int, float, bool, at::GenericPackedTensorAccessor<float const, 3ul, at::DefaultPtrTraits, long>, at::GenericPackedTensorAccessor<float, 3ul, at::DefaultPtrTraits, long>)",2,DeviceType.CUDA,0,0,108.64000000001761,self_device_time_total,108.64000000001761,device_time_total,0,self_device_memory_usage,0,device_memory_usage
"void at::native::elementwise_kernel<128, 2, at::native::gpu_kernel_impl_nocast<at::native::direct_copy_kernel_cuda(at::TensorIteratorBase&)::{lambda()#3}::operator()() const::{lambda()#7}::operator()() const::{lambda(float)#1}>(at::TensorIteratorBase&, at::native::direct_copy_kernel_cuda(at::TensorIteratorBase&)::{lambda()#3}::operator()() const::{lambda()#7}::operator()() const::{lambda(float)#1} const&)::{lambda(int)#1}>(int, at::native::gpu_kernel_impl_nocast<at::native::direct_copy_kernel_cuda(at::TensorIteratorBase&)::{lambda()#3}::operator()() const::{lambda()#7}::operator()() const::{lambda(float)#1}>(at::TensorIteratorBase&, at::native::direct_copy_kernel_cuda(at::TensorIteratorBase&)::{lambda()#3}::operator()() const::{lambda()#7}::operator()() const::{lambda(float)#1} const&)::{lambda(int)#1})",6,DeviceType.CUDA,0,0,660.9040000001041,self_device_time_total,660.9040000001041,device_time_total,0,self_device_memory_usage,0,device_memory_usage
"void at::native::(anonymous namespace)::vectorized_layer_norm_kernel<float, float>(int, float, float const*, float const*, float const*, float*, float*, float*)",54,DeviceType.CUDA,0,0,163.1689999994669,self_device_time_total,163.1689999994669,device_time_total,0,self_device_memory_usage,0,device_memory_usage
Memset (Device),264,DeviceType.CUDA,0,0,152.7020000014163,self_device_time_total,152.7020000014163,device_time_total,0,self_device_memory_usage,0,device_memory_usage
ampere_sgemm_128x32_tn,122,DeviceType.CUDA,0,0,4284.044000000136,self_device_time_total,4284.044000000136,device_time_total,0,self_device_memory_usage,0,device_memory_usage
"void at::native::(anonymous namespace)::weight_norm_fwd_last_dim_kernel<float, float>(float*, float*, float const*, float const*, int, int)",2,DeviceType.CUDA,0,0,456.2279999999773,self_device_time_total,456.2279999999773,device_time_total,0,self_device_memory_usage,0,device_memory_usage
void cutlass__5x_cudnn::Kernel<cutlass_tensorop_s1688fprop_analytic_tf32_128x64_16x6_nhwc_align4>(cutlass_tensorop_s1688fprop_analytic_tf32_128x64_16x6_nhwc_align4::Params),32,DeviceType.CUDA,0,0,6855.943999999519,self_device_time_total,6855.943999999519,device_time_total,0,self_device_memory_usage,0,device_memory_usage
"void cudnn::engines_precompiled::nhwcToNchwKernel<float, float, float, true, false, (cudnnKernelDataType_t)0>(cudnn::engines_precompiled::nhwc2nchw_params_t<float>, float const*, float*)",32,DeviceType.CUDA,0,0,40.703000000190514,self_device_time_total,40.703000000190514,device_time_total,0,self_device_memory_usage,0,device_memory_usage
"void at::native::elementwise_kernel<128, 2, at::native::gpu_kernel_impl_nocast<at::native::CUDAFunctor_add<float> >(at::TensorIteratorBase&, at::native::CUDAFunctor_add<float> const&)::{lambda(int)#1}>(int, at::native::gpu_kernel_impl_nocast<at::native::CUDAFunctor_add<float> >(at::TensorIteratorBase&, at::native::CUDAFunctor_add<float> const&)::{lambda(int)#1})",4,DeviceType.CUDA,0,0,13.184000000081141,self_device_time_total,13.184000000081141,device_time_total,0,self_device_memory_usage,0,device_memory_usage
"void at::native::elementwise_kernel<128, 2, at::native::gpu_kernel_impl_nocast<at::native::GeluCUDAKernelImpl(at::TensorIteratorBase&, at::native::GeluType)::{lambda()#2}::operator()() const::{lambda()#2}::operator()() const::{lambda(float)#1}>(at::TensorIteratorBase&, at::native::GeluCUDAKernelImpl(at::TensorIteratorBase&, at::native::GeluType)::{lambda()#2}::operator()() const::{lambda()#2}::operator()() const::{lambda(float)#1} const&)::{lambda(int)#1}>(int, at::native::gpu_kernel_impl_nocast<at::native::GeluCUDAKernelImpl(at::TensorIteratorBase&, at::native::GeluType)::{lambda()#2}::operator()() const::{lambda()#2}::operator()() const::{lambda(float)#1}>(at::TensorIteratorBase&, at::native::GeluCUDAKernelImpl(at::TensorIteratorBase&, at::native::GeluType)::{lambda()#2}::operator()() const::{lambda()#2}::operator()() const::{lambda(float)#1} const&)::{lambda(int)#1})",2,DeviceType.CUDA,0,0,3.839999999923748,self_device_time_total,3.839999999923748,device_time_total,0,self_device_memory_usage,0,device_memory_usage
"fmha_cutlassF_f32_aligned_64x64_rf_sm80(PyTorchMemEffAttention::AttentionKernel<float, cutlass::arch::Sm80, true, 64, 64, 64, true, true>::Params)",24,DeviceType.CUDA,0,0,781.095999999503,self_device_time_total,781.095999999503,device_time_total,0,self_device_memory_usage,0,device_memory_usage
"void at::native::vectorized_elementwise_kernel<4, at::native::CUDAFunctor_add<float>, std::array<char*, 3ul> >(int, at::native::CUDAFunctor_add<float>, std::array<char*, 3ul>)",48,DeviceType.CUDA,0,0,71.93400000041947,self_device_time_total,71.93400000041947,device_time_total,0,self_device_memory_usage,0,device_memory_usage
ampere_sgemm_128x64_tn,24,DeviceType.CUDA,0,0,1913.3949999999495,self_device_time_total,1913.3949999999495,device_time_total,0,self_device_memory_usage,0,device_memory_usage
aten::stack,8,DeviceType.CPU,35.290000001168664,287.07999999983076,0.0,self_device_time_total,1050.9230000002863,device_time_total,0,self_device_memory_usage,163528704,device_memory_usage
aten::cat,108,DeviceType.CPU,1482.4700000026132,2749.507999999845,12735.304999999862,self_device_time_total,12735.304999999862,device_time_total,2931353600,self_device_memory_usage,2931353600,device_memory_usage
aten::permute,56,DeviceType.CPU,120.59999999555293,155.4399999972884,0,self_device_time_total,0,device_time_total,0,self_device_memory_usage,0,device_memory_usage
aten::arange,8,DeviceType.CPU,28.740000000208966,58.099999999943975,0,self_device_time_total,0,device_time_total,0,self_device_memory_usage,0,device_memory_usage
aten::resize_,26,DeviceType.CPU,43.06000000123095,43.06000000123095,0,self_device_time_total,0,device_time_total,299305984,self_device_memory_usage,299305984,device_memory_usage
aten::sub,36,DeviceType.CPU,166.17899999994552,260.20900000012625,1425.131999999663,self_device_time_total,1425.131999999663,device_time_total,370853888,self_device_memory_usage,370853888,device_memory_usage
aten::mul,350,DeviceType.CPU,4701.987999995577,5880.724999995873,22480.44499999965,self_device_time_total,22480.44499999965,device_time_total,5701091328,self_device_memory_usage,5701091328,device_memory_usage
aten::clamp,10,DeviceType.CPU,69.66900000040187,99.42900000002192,1224.234999999404,self_device_time_total,1224.234999999404,device_time_total,295632896,self_device_memory_usage,295632896,device_memory_usage
aten::index,2,DeviceType.CPU,35.45899999980975,2489.412999999924,24.32000000005064,self_device_time_total,24.960000000115542,device_time_total,13628416,self_device_memory_usage,13631488,device_memory_usage
"void at::native::(anonymous namespace)::CatArrayBatchedCopy_aligned16_contig<at::native::(anonymous namespace)::OpaqueType<4u>, unsigned int, 3, 128, 1>(at::native::(anonymous namespace)::OpaqueType<4u>*, at::native::(anonymous namespace)::CatArrInputTensorMetadata<at::native::(anonymous namespace)::OpaqueType<4u>, unsigned int, 128, 1>, at::native::(anonymous namespace)::TensorSizeStride<unsigned int, 4u>, int, unsigned int)",2,DeviceType.CUDA,0,0,31.103999999919324,self_device_time_total,31.103999999919324,device_time_total,0,self_device_memory_usage,0,device_memory_usage
"void at::native::index_elementwise_kernel<128, 4, at::native::gpu_index_kernel<at::native::index_kernel_impl<at::native::OpaqueType<4> >(at::TensorIteratorBase&, c10::ArrayRef<long>, c10::ArrayRef<long>)::{lambda(char*, char const*, long)#1}>(at::TensorIteratorBase&, c10::ArrayRef<long>, c10::ArrayRef<long>, at::native::index_kernel_impl<at::native::OpaqueType<4> >(at::TensorIteratorBase&, c10::ArrayRef<long>, c10::ArrayRef<long>)::{lambda(char*, char const*, long)#1} const&)::{lambda(int)#1}>(long, at::native::gpu_index_kernel<at::native::index_kernel_impl<at::native::OpaqueType<4> >(at::TensorIteratorBase&, c10::ArrayRef<long>, c10::ArrayRef<long>)::{lambda(char*, char const*, long)#1}>(at::TensorIteratorBase&, c10::ArrayRef<long>, c10::ArrayRef<long>, at::native::index_kernel_impl<at::native::OpaqueType<4> >(at::TensorIteratorBase&, c10::ArrayRef<long>, c10::ArrayRef<long>)::{lambda(char*, char const*, long)#1} const&)::{lambda(int)#1})",2,DeviceType.CUDA,0,0,24.32000000005064,self_device_time_total,24.32000000005064,device_time_total,0,self_device_memory_usage,0,device_memory_usage
"void at::native::vectorized_elementwise_kernel<4, at::native::bfloat16_copy_kernel_cuda(at::TensorIteratorBase&)::{lambda(float)#1}, std::array<char*, 2ul> >(int, at::native::bfloat16_copy_kernel_cuda(at::TensorIteratorBase&)::{lambda(float)#1}, std::array<char*, 2ul>)",72,DeviceType.CUDA,0,0,120.57700000059049,self_device_time_total,120.57700000059049,device_time_total,0,self_device_memory_usage,0,device_memory_usage
aten::_reshape_alias,18,DeviceType.CPU,25.509999999143474,25.509999999143474,0,self_device_time_total,0,device_time_total,0,self_device_memory_usage,0,device_memory_usage
aten::narrow,696,DeviceType.CPU,494.11900000501555,1274.0569999974286,0,self_device_time_total,0,device_time_total,0,self_device_memory_usage,0,device_memory_usage
"std::enable_if<!(false), void>::type internal::gemvx::kernel<int, int, __nv_bfloat16, float, float, float, false, true, true, false, 7, false, cublasGemvParamsEx<int, cublasGemvTensorStridedBatched<__nv_bfloat16 const>, cublasGemvTensorStridedBatched<float const>, cublasGemvTensorStridedBatched<float>, float> >(cublasGemvParamsEx<int, cublasGemvTensorStridedBatched<__nv_bfloat16 const>, cublasGemvTensorStridedBatched<float const>, cublasGemvTensorStridedBatched<float>, float>)",2,DeviceType.CUDA,0,0,215.9060000000427,self_device_time_total,215.9060000000427,device_time_total,0,self_device_memory_usage,0,device_memory_usage
aten::relu,6,DeviceType.CPU,11.040000000230066,64.85000000028958,0.0,self_device_time_total,6.399000000434171,device_time_total,0,self_device_memory_usage,36864,device_memory_usage
aten::clamp_min,94,DeviceType.CPU,419.8379999992976,674.5279999990053,141.59699999959412,self_device_time_total,141.59699999959412,device_time_total,22151168,self_device_memory_usage,22151168,device_memory_usage
cudaDeviceGetAttribute,988,DeviceType.CPU,184.59900000445123,184.59900000445123,0,self_device_time_total,0,device_time_total,0,self_device_memory_usage,0,device_memory_usage
cuLaunchKernel,4814,DeviceType.CPU,14727.457999995215,14727.457999995215,0,self_device_time_total,0,device_time_total,0,self_device_memory_usage,0,device_memory_usage
aten::concat,2,DeviceType.CPU,2.5900000000328873,26.690000000038708,0.0,self_device_time_total,3.2639999999846623,device_time_total,0,self_device_memory_usage,18432,device_memory_usage
"void cublasLt::splitKreduce_kernel<32, 16, int, float, __nv_bfloat16, float, __nv_bfloat16, false, __nv_bfloat16, __nv_bfloat16, __nv_bfloat16, true, false, false>(cublasLt::cublasSplitKParams<float>, float const*, __nv_bfloat16 const*, __nv_bfloat16*, __nv_bfloat16*, float const*, float const*, __nv_bfloat16 const*, float const*, __nv_bfloat16*, void*, long, float*, int*, float*, float*, float const*, float const*, float const*, float const*, float const*)",2,DeviceType.CUDA,0,0,2.401000000012573,self_device_time_total,2.401000000012573,device_time_total,0,self_device_memory_usage,0,device_memory_usage
"void cublasLt::epilogue::impl::globalKernel<8, 32, __nv_bfloat16, __nv_bfloat16, float, true, true, 1>(int, int, long, __nv_bfloat16*, cublasLtEpilogue_t, int, __nv_bfloat16*, long, void*, long, long, long, float*, long, int*)",2,DeviceType.CUDA,0,0,2.4320000000152504,self_device_time_total,2.4320000000152504,device_time_total,0,self_device_memory_usage,0,device_memory_usage
"void at::native::vectorized_elementwise_kernel<4, at::native::(anonymous namespace)::launch_clamp_scalar(at::TensorIteratorBase&, c10::Scalar, c10::Scalar, at::native::detail::ClampLimits)::{lambda()#1}::operator()() const::{lambda()#9}::operator()() const::{lambda(c10::BFloat16)#1}, std::array<char*, 2ul> >(int, at::native::(anonymous namespace)::launch_clamp_scalar(at::TensorIteratorBase&, c10::Scalar, c10::Scalar, at::native::detail::ClampLimits)::{lambda()#1}::operator()() const::{lambda()#9}::operator()() const::{lambda(c10::BFloat16)#1}, std::array<char*, 2ul>)",102,DeviceType.CUDA,0,0,788.8659999994488,self_device_time_total,788.8659999994488,device_time_total,0,self_device_memory_usage,0,device_memory_usage
void cutlass::Kernel2<cutlass_80_wmma_tensorop_bf16_s161616gemm_bf16_32x32_128x2_tn_align8>(cutlass_80_wmma_tensorop_bf16_s161616gemm_bf16_32x32_128x2_tn_align8::Params),2,DeviceType.CUDA,0,0,425.060000000085,self_device_time_total,425.060000000085,device_time_total,0,self_device_memory_usage,0,device_memory_usage
"void cublasLt::splitKreduce_kernel<32, 16, int, __nv_bfloat16, __nv_bfloat16, float, __nv_bfloat16, false, __nv_bfloat16, __nv_bfloat16, __nv_bfloat16, true, true, false>(cublasLt::cublasSplitKParams<float>, __nv_bfloat16 const*, __nv_bfloat16 const*, __nv_bfloat16*, __nv_bfloat16*, float const*, float const*, __nv_bfloat16 const*, __nv_bfloat16 const*, __nv_bfloat16*, void*, long, float*, int*, float*, float*, float const*, float const*, float const*, float const*, float const*)",2,DeviceType.CUDA,0,0,4.224000000114756,self_device_time_total,4.224000000114756,device_time_total,0,self_device_memory_usage,0,device_memory_usage
"void at::native::(anonymous namespace)::CatArrayBatchedCopy_contig<at::native::(anonymous namespace)::OpaqueType<2u>, unsigned int, 3, 128, 1>(at::native::(anonymous namespace)::OpaqueType<2u>*, at::native::(anonymous namespace)::CatArrInputTensorMetadata<at::native::(anonymous namespace)::OpaqueType<2u>, unsigned int, 128, 1>, at::native::(anonymous namespace)::TensorSizeStride<unsigned int, 4u>, int, unsigned int)",2,DeviceType.CUDA,0,0,3.2639999999846623,self_device_time_total,3.2639999999846623,device_time_total,0,self_device_memory_usage,0,device_memory_usage
void cutlass::Kernel2<cutlass_80_wmma_tensorop_bf16_s161616gemm_bf16_16x16_128x2_tn_align8>(cutlass_80_wmma_tensorop_bf16_s161616gemm_bf16_16x16_128x2_tn_align8::Params),2,DeviceType.CUDA,0,0,9.248000000105094,self_device_time_total,9.248000000105094,device_time_total,0,self_device_memory_usage,0,device_memory_usage
void cutlass::Kernel2<cutlass_80_wmma_tensorop_bf16_s161616gemm_bf16_16x16_128x1_tn_align8>(cutlass_80_wmma_tensorop_bf16_s161616gemm_bf16_16x16_128x1_tn_align8::Params),2,DeviceType.CUDA,0,0,225.12199999983568,self_device_time_total,225.12199999983568,device_time_total,0,self_device_memory_usage,0,device_memory_usage
"void at::native::unrolled_elementwise_kernel<at::native::direct_copy_kernel_cuda(at::TensorIteratorBase&)::{lambda()#3}::operator()() const::{lambda()#7}::operator()() const::{lambda(float)#1}, std::array<char*, 2ul>, 4, TrivialOffsetCalculator<1, unsigned int>, TrivialOffsetCalculator<1, unsigned int>, at::native::memory::LoadWithCast<1>, at::native::memory::StoreWithCast<1> >(int, at::native::direct_copy_kernel_cuda(at::TensorIteratorBase&)::{lambda()#3}::operator()() const::{lambda()#7}::operator()() const::{lambda(float)#1}, std::array<char*, 2ul>, TrivialOffsetCalculator<1, unsigned int>, TrivialOffsetCalculator<1, unsigned int>, at::native::memory::LoadWithCast<1>, at::native::memory::StoreWithCast<1>)",68,DeviceType.CUDA,0,0,641.6670000011836,self_device_time_total,641.6670000011836,device_time_total,0,self_device_memory_usage,0,device_memory_usage
aten::pow,80,DeviceType.CPU,425.5899999986541,660.0299999999952,1257.3250000008666,self_device_time_total,1257.3250000008666,device_time_total,455819264,self_device_memory_usage,455819264,device_memory_usage
aten::result_type,80,DeviceType.CPU,17.37000000041371,17.37000000041371,0,self_device_time_total,0,device_time_total,0,self_device_memory_usage,0,device_memory_usage
ampere_bf16_s1688gemm_bf16_128x128_ldg8_relu_f2f_stages_32x1_tn,120,DeviceType.CUDA,0,0,4326.8979999995245,self_device_time_total,4326.8979999995245,device_time_total,0,self_device_memory_usage,0,device_memory_usage
"void at::native::vectorized_elementwise_kernel<4, at::native::(anonymous namespace)::pow_tensor_scalar_kernel_impl<float, float>(at::TensorIteratorBase&, float)::{lambda(float)#1}, std::array<char*, 2ul> >(int, at::native::(anonymous namespace)::pow_tensor_scalar_kernel_impl<float, float>(at::TensorIteratorBase&, float)::{lambda(float)#1}, std::array<char*, 2ul>)",60,DeviceType.CUDA,0,0,126.9759999997732,self_device_time_total,126.9759999997732,device_time_total,0,self_device_memory_usage,0,device_memory_usage
aten::mean,64,DeviceType.CPU,380.2299999990464,563.0300000005773,458.37199999996665,self_device_time_total,458.37199999996665,device_time_total,94208,self_device_memory_usage,94208,device_memory_usage
"void at::native::reduce_kernel<512, 1, at::native::ReduceOp<float, at::native::MeanOps<float, float, float, float>, unsigned int, float, 4, 4> >(at::native::ReduceOp<float, at::native::MeanOps<float, float, float, float>, unsigned int, float, 4, 4>)",60,DeviceType.CUDA,0,0,202.59399999956804,self_device_time_total,202.59399999956804,device_time_total,0,self_device_memory_usage,0,device_memory_usage
aten::rsqrt,60,DeviceType.CPU,198.1589999999269,347.0390000000225,52.89500000086991,self_device_time_total,52.89500000086991,device_time_total,92160,self_device_memory_usage,92160,device_memory_usage
"void at::native::vectorized_elementwise_kernel<4, at::native::CUDAFunctorOnSelf_add<float>, std::array<char*, 2ul> >(int, at::native::CUDAFunctorOnSelf_add<float>, std::array<char*, 2ul>)",62,DeviceType.CUDA,0,0,722.698000000335,self_device_time_total,722.698000000335,device_time_total,0,self_device_memory_usage,0,device_memory_usage
"void at::native::vectorized_elementwise_kernel<4, at::native::rsqrt_kernel_cuda(at::TensorIteratorBase&)::{lambda()#2}::operator()() const::{lambda()#2}::operator()() const::{lambda(float)#1}, std::array<char*, 2ul> >(int, at::native::rsqrt_kernel_cuda(at::TensorIteratorBase&)::{lambda()#2}::operator()() const::{lambda()#2}::operator()() const::{lambda(float)#1}, std::array<char*, 2ul>)",60,DeviceType.CUDA,0,0,52.89500000086991,self_device_time_total,52.89500000086991,device_time_total,0,self_device_memory_usage,0,device_memory_usage
"void at::native::elementwise_kernel<128, 2, at::native::gpu_kernel_impl_nocast<at::native::BinaryFunctor<float, float, float, at::native::binary_internal::MulFunctor<float> > >(at::TensorIteratorBase&, at::native::BinaryFunctor<float, float, float, at::native::binary_internal::MulFunctor<float> > const&)::{lambda(int)#1}>(int, at::native::gpu_kernel_impl_nocast<at::native::BinaryFunctor<float, float, float, at::native::binary_internal::MulFunctor<float> > >(at::TensorIteratorBase&, at::native::BinaryFunctor<float, float, float, at::native::binary_internal::MulFunctor<float> > const&)::{lambda(int)#1})",60,DeviceType.CUDA,0,0,176.38400000013644,self_device_time_total,176.38400000013644,device_time_total,0,self_device_memory_usage,0,device_memory_usage
"void at::native::elementwise_kernel<128, 4, at::native::gpu_kernel_impl_nocast<at::native::BinaryFunctor<c10::BFloat16, c10::BFloat16, c10::BFloat16, at::native::binary_internal::MulFunctor<float> > >(at::TensorIteratorBase&, at::native::BinaryFunctor<c10::BFloat16, c10::BFloat16, c10::BFloat16, at::native::binary_internal::MulFunctor<float> > const&)::{lambda(int)#1}>(int, at::native::gpu_kernel_impl_nocast<at::native::BinaryFunctor<c10::BFloat16, c10::BFloat16, c10::BFloat16, at::native::binary_internal::MulFunctor<float> > >(at::TensorIteratorBase&, at::native::BinaryFunctor<c10::BFloat16, c10::BFloat16, c10::BFloat16, at::native::binary_internal::MulFunctor<float> > const&)::{lambda(int)#1})",166,DeviceType.CUDA,0,0,10879.687000001308,self_device_time_total,10879.687000001308,device_time_total,0,self_device_memory_usage,0,device_memory_usage
aten::randn,6,DeviceType.CPU,17.919999999834545,97.33000000002721,0.0,self_device_time_total,30.33599999996659,device_time_total,0,self_device_memory_usage,4976640,device_memory_usage
aten::normal_,6,DeviceType.CPU,35.81999999999971,65.03000000006068,30.33599999996659,self_device_time_total,30.33599999996659,device_time_total,0,self_device_memory_usage,0,device_memory_usage
"void at::native::(anonymous namespace)::distribution_elementwise_grid_stride_kernel<float, 4, at::native::templates::cuda::normal_and_transform<c10::BFloat16, float, at::CUDAGeneratorImpl*, at::native::templates::cuda::normal_kernel<at::CUDAGeneratorImpl*>(at::TensorBase const&, double, double, at::CUDAGeneratorImpl*)::{lambda()#1}::operator()() const::{lambda()#4}::operator()() const::{lambda(float)#1}>(at::TensorIteratorBase&, at::CUDAGeneratorImpl*, at::native::templates::cuda::normal_kernel<at::CUDAGeneratorImpl*>(at::TensorBase const&, double, double, at::CUDAGeneratorImpl*)::{lambda()#1}::operator()() const::{lambda()#4}::operator()() const::{lambda(float)#1})::{lambda(curandStatePhilox4_32_10*)#2}, at::native::(anonymous namespace)::distribution_nullary_kernel<c10::BFloat16, float, float4, at::CUDAGeneratorImpl*, at::native::templates::cuda::normal_and_transform<c10::BFloat16, float, at::CUDAGeneratorImpl*, at::native::templates::cuda::normal_kernel<at::CUDAGeneratorImpl*>(at::TensorBase const&, double, double, at::CUDAGeneratorImpl*)::{lambda()#1}::operator()() const::{lambda()#4}::operator()() const::{lambda(float)#1}>(at::TensorIteratorBase&, at::CUDAGeneratorImpl*, at::native::templates::cuda::normal_kernel<at::CUDAGeneratorImpl*>(at::TensorBase const&, double, double, at::CUDAGeneratorImpl*)::{lambda()#1}::operator()() const::{lambda()#4}::operator()() const::{lambda(float)#1})::{lambda(curandStatePhilox4_32_10*)#2}, at::native::templates::cuda::normal_kernel<at::CUDAGeneratorImpl*>(at::TensorBase const&, double, double, at::CUDAGeneratorImpl*)::{lambda()#1}::operator()() const::{lambda()#4}::operator()() const::{lambda(float)#1}>(at::TensorIteratorBase&, at::CUDAGeneratorImpl*, at::native::templates::cuda::normal_and_transform<c10::BFloat16, float, at::CUDAGeneratorImpl*, at::native::templates::cuda::normal_kernel<at::CUDAGeneratorImpl*>(at::TensorBase const&, double, double, at::CUDAGeneratorImpl*)::{lambda()#1}::operator()() const::{lambda()#4}::operator()() const::{lambda(float)#1}>(at::TensorIteratorBase&, at::CUDAGeneratorImpl*, at::native::templates::cuda::normal_kernel<at::CUDAGeneratorImpl*>(at::TensorBase const&, double, double, at::CUDAGeneratorImpl*)::{lambda()#1}::operator()() const::{lambda()#4}::operator()() const::{lambda(float)#1})::{lambda(curandStatePhilox4_32_10*)#2} const&, at::native::templates::cuda::normal_kernel<at::CUDAGeneratorImpl*>(at::TensorBase const&, double, double, at::CUDAGeneratorImpl*)::{lambda()#1}::operator()() const::{lambda()#4}::operator()() const::{lambda(float)#1})::{lambda(int, float)#1}>(long, at::PhiloxCudaState, at::native::templates::cuda::normal_and_transform<c10::BFloat16, float, at::CUDAGeneratorImpl*, at::native::templates::cuda::normal_kernel<at::CUDAGeneratorImpl*>(at::TensorBase const&, double, double, at::CUDAGeneratorImpl*)::{lambda()#1}::operator()() const::{lambda()#4}::operator()() const::{lambda(float)#1}>(at::TensorIteratorBase&, at::CUDAGeneratorImpl*, at::native::templates::cuda::normal_kernel<at::CUDAGeneratorImpl*>(at::TensorBase const&, double, double, at::CUDAGeneratorImpl*)::{lambda()#1}::operator()() const::{lambda()#4}::operator()() const::{lambda(float)#1})::{lambda(curandStatePhilox4_32_10*)#2}, at::native::(anonymous namespace)::distribution_nullary_kernel<c10::BFloat16, float, float4, at::CUDAGeneratorImpl*, at::native::templates::cuda::normal_and_transform<c10::BFloat16, float, at::CUDAGeneratorImpl*, at::native::templates::cuda::normal_kernel<at::CUDAGeneratorImpl*>(at::TensorBase const&, double, double, at::CUDAGeneratorImpl*)::{lambda()#1}::operator()() const::{lambda()#4}::operator()() const::{lambda(float)#1}>(at::TensorIteratorBase&, at::CUDAGeneratorImpl*, at::native::templates::cuda::normal_kernel<at::CUDAGeneratorImpl*>(at::TensorBase const&, double, double, at::CUDAGeneratorImpl*)::{lambda()#1}::operator()() const::{lambda()#4}::operator()() const::{lambda(float)#1})::{lambda(curandStatePhilox4_32_10*)#2}, at::native::templates::cuda::normal_kernel<at::CUDAGeneratorImpl*>(at::TensorBase const&, double, double, at::CUDAGeneratorImpl*)::{lambda()#1}::operator()() const::{lambda()#4}::operator()() const::{lambda(float)#1}>(at::TensorIteratorBase&, at::CUDAGeneratorImpl*, at::native::templates::cuda::normal_and_transform<c10::BFloat16, float, at::CUDAGeneratorImpl*, at::native::templates::cuda::normal_kernel<at::CUDAGeneratorImpl*>(at::TensorBase const&, double, double, at::CUDAGeneratorImpl*)::{lambda()#1}::operator()() const::{lambda()#4}::operator()() const::{lambda(float)#1}>(at::TensorIteratorBase&, at::CUDAGeneratorImpl*, at::native::templates::cuda::normal_kernel<at::CUDAGeneratorImpl*>(at::TensorBase const&, double, double, at::CUDAGeneratorImpl*)::{lambda()#1}::operator()() const::{lambda()#4}::operator()() const::{lambda(float)#1})::{lambda(curandStatePhilox4_32_10*)#2} const&, at::native::templates::cuda::normal_kernel<at::CUDAGeneratorImpl*>(at::TensorBase const&, double, double, at::CUDAGeneratorImpl*)::{lambda()#1}::operator()() const::{lambda()#4}::operator()() const::{lambda(float)#1})::{lambda(int, float)#1})",6,DeviceType.CUDA,0,0,30.33599999996659,self_device_time_total,30.33599999996659,device_time_total,0,self_device_memory_usage,0,device_memory_usage
cudaDeviceSynchronize,23,DeviceType.CPU,1362749.8689999992,1362749.8689999992,0,self_device_time_total,0,device_time_total,0,self_device_memory_usage,0,device_memory_usage
pro_v2/dit,4,DeviceType.CPU,294.6599999996688,143030.37299999993,0.0,self_device_time_total,785457.8839999997,device_time_total,0,self_device_memory_usage,3317760,device_memory_usage
TorchDynamo Cache Lookup,1622,DeviceType.CPU,18571.68500000089,18571.68500000089,0,self_device_time_total,0,device_time_total,0,self_device_memory_usage,0,device_memory_usage
Torch-Compiled Region: 0/0,4,DeviceType.CPU,1510.8760000003676,142598.4340000002,0.0,self_device_time_total,785457.8839999997,device_time_total,-2471970816,self_device_memory_usage,3317760,device_memory_usage
triton_poi_fused_cat_0,32,DeviceType.CPU,238.62999999969907,425.0189999998038,1764.7230000003292,self_device_time_total,1764.7230000003292,device_time_total,0,self_device_memory_usage,0,device_memory_usage
pro_v2/dit,4,DeviceType.CUDA,0,0,787681.346,self_device_time_total,787681.346,device_time_total,0,self_device_memory_usage,0,device_memory_usage
triton_poi_fused_cat_0,32,DeviceType.CUDA,0,0,1764.7230000003292,self_device_time_total,1764.7230000003292,device_time_total,0,self_device_memory_usage,0,device_memory_usage
"void cudnn::engines_precompiled::nchwToNhwcKernel<__nv_bfloat16, __nv_bfloat16, float, false, true, (cudnnKernelDataType_t)0>(cudnn::engines_precompiled::nchw2nhwc_params_t<float>, __nv_bfloat16 const*, __nv_bfloat16*)",572,DeviceType.CUDA,0,0,39716.99599999722,self_device_time_total,39716.99599999722,device_time_total,0,self_device_memory_usage,0,device_memory_usage
sm80_xmma_fprop_implicit_gemm_bf16bf16_bf16f32_f32_nhwckrsc_nhwc_tilesize128x32x32_stage4_warpsize4x1x1_g1_tensor16x8x16_execute_kernel__5x_cudnn,20,DeviceType.CUDA,0,0,15425.632000000347,self_device_time_total,15425.632000000347,device_time_total,0,self_device_memory_usage,0,device_memory_usage
triton_poi_fused_clone_1,4,DeviceType.CPU,37.839999999985594,54.70999999998094,120.22499999977663,self_device_time_total,120.22499999977663,device_time_total,0,self_device_memory_usage,0,device_memory_usage
"void cudnn::engines_precompiled::nhwcToNchwKernel<__nv_bfloat16, __nv_bfloat16, float, true, false, (cudnnKernelDataType_t)0>(cudnn::engines_precompiled::nhwc2nchw_params_t<float>, __nv_bfloat16 const*, __nv_bfloat16*)",286,DeviceType.CUDA,0,0,12675.435999995923,self_device_time_total,12675.435999995923,device_time_total,0,self_device_memory_usage,0,device_memory_usage
Torch-Compiled Region: 2/0,120,DeviceType.CPU,6239.633999999707,138566.75799999965,0.0,self_device_time_total,784379.6950000001,device_time_total,-4777334784,self_device_memory_usage,2389026816,device_memory_usage
triton_poi_fused_clone_1,4,DeviceType.CUDA,0,0,120.22499999977663,self_device_time_total,120.22499999977663,device_time_total,0,self_device_memory_usage,0,device_memory_usage
triton_poi_fused_add_0,120,DeviceType.CPU,575.2790000003079,1064.528000000213,196.83700000024692,self_device_time_total,196.83700000024692,device_time_total,0,self_device_memory_usage,0,device_memory_usage
triton_poi_fused_add_0,120,DeviceType.CUDA,0,0,196.83700000024692,self_device_time_total,196.83700000024692,device_time_total,0,self_device_memory_usage,0,device_memory_usage
triton_red_fused_add_mul_native_layer_norm_1,120,DeviceType.CPU,459.84899999789195,780.7889999986874,10584.389000000869,self_device_time_total,10584.389000000869,device_time_total,0,self_device_memory_usage,0,device_memory_usage
triton_red_fused_add_mul_native_layer_norm_1,120,DeviceType.CUDA,0,0,10584.389000000869,self_device_time_total,10584.389000000869,device_time_total,0,self_device_memory_usage,0,device_memory_usage
Torch-Compiled Region: 3/0,120,DeviceType.CPU,13281.579999998394,79494.88099999973,0.0,self_device_time_total,355505.7149999931,device_time_total,0,self_device_memory_usage,4777574400,device_memory_usage
triton_red_fused_abs_amax_0,240,DeviceType.CPU,1192.3179999993663,2305.845000000023,3281.1320000007872,self_device_time_total,3281.1320000007872,device_time_total,0,self_device_memory_usage,0,device_memory_usage
triton_red_fused_abs_amax_0,240,DeviceType.CUDA,0,0,3281.1320000007872,self_device_time_total,3281.1320000007872,device_time_total,0,self_device_memory_usage,0,device_memory_usage
triton_per_fused__to_copy_abs_amax_clamp_min_div_1,480,DeviceType.CPU,1599.7570000008454,2756.934000000394,556.4209999999366,self_device_time_total,556.4209999999366,device_time_total,0,self_device_memory_usage,0,device_memory_usage
triton_per_fused__to_copy_abs_amax_clamp_min_div_1,480,DeviceType.CUDA,0,0,556.4209999999366,self_device_time_total,556.4209999999366,device_time_total,0,self_device_memory_usage,0,device_memory_usage
triton_poi_fused__scaled_mm__to_copy_clamp_clamp_min_div_2,480,DeviceType.CPU,2030.6309999978585,3218.639999997984,15070.454000000926,self_device_time_total,15070.454000000926,device_time_total,0,self_device_memory_usage,0,device_memory_usage
triton_poi_fused__scaled_mm__to_copy_clamp_clamp_min_div_2,480,DeviceType.CUDA,0,0,15070.454000000926,self_device_time_total,15070.454000000926,device_time_total,0,self_device_memory_usage,0,device_memory_usage
aten::_scaled_mm,720,DeviceType.CPU,12582.59700000237,16866.433000000114,171433.52999999808,self_device_time_total,171433.52999999808,device_time_total,-754974720,self_device_memory_usage,0,device_memory_usage
sm89_xmma_gemm_e4m3bf16_e4m3f32_f32_tn_n_tilesize128x64x64_stage4_warpsize2x2x1_tensor16x8x32_algo2_execute_kernel__5x_cublas,720,DeviceType.CUDA,0,0,171433.52999999808,self_device_time_total,171433.52999999808,device_time_total,0,self_device_memory_usage,0,device_memory_usage
triton_red_fused__to_copy_mean_pow_stack_3,120,DeviceType.CPU,964.8390000000727,1320.5589999996155,22525.005999999103,self_device_time_total,22525.005999999103,device_time_total,0,self_device_memory_usage,0,device_memory_usage
Torch-Compiled Region: 4/0,120,DeviceType.CPU,380.0600000003142,38210.00499999941,0.0,self_device_time_total,203793.36899999538,device_time_total,0,self_device_memory_usage,2388787200,device_memory_usage
Torch-Compiled Region: 5/0,120,DeviceType.CPU,4160.932999996006,37357.42799999972,0.0,self_device_time_total,203793.36899999538,device_time_total,0,self_device_memory_usage,2388787200,device_memory_usage
Torch-Compiled Region: 6/0,120,DeviceType.CPU,855.4680000011431,30813.001000000335,0.0,self_device_time_total,203793.36899999538,device_time_total,-219648,self_device_memory_usage,2388787200,device_memory_usage
Torch-Compiled Region: 7/0,120,DeviceType.CPU,9125.242000000599,28981.037999999386,0.0,self_device_time_total,203793.36899999538,device_time_total,862984704,self_device_memory_usage,2389006848,device_memory_usage
quant_query_per_thread_int8_kernel_0,120,DeviceType.CPU,715.6189999984636,1364.358999998858,6904.583999999395,self_device_time_total,6904.583999999395,device_time_total,0,self_device_memory_usage,0,device_memory_usage
triton_red_fused_mean_0,120,DeviceType.CPU,456.7089999981836,790.4469999991525,6720.261000000053,self_device_time_total,6720.261000000053,device_time_total,0,self_device_memory_usage,0,device_memory_usage
triton_per_fused_mean_1,120,DeviceType.CPU,411.6700000007004,705.9000000000924,172.9289999998,self_device_time_total,172.9289999998,device_time_total,0,self_device_memory_usage,0,device_memory_usage
triton_poi_fused_2,120,DeviceType.CPU,436.6990000012811,729.9560000013153,8824.575999999797,self_device_time_total,8824.575999999797,device_time_total,0,self_device_memory_usage,0,device_memory_usage
quant_key_per_thread_int8_kernel_1,120,DeviceType.CPU,419.46900000084133,715.6080000008478,2219.5769999985205,self_device_time_total,2219.5769999985205,device_time_total,0,self_device_memory_usage,0,device_memory_usage
Torch-Compiled Region: 8/0,120,DeviceType.CPU,1957.757000000558,4741.575999999979,14342.02799999902,self_device_time_total,16829.25499999899,device_time_total,280756224,self_device_memory_usage,1526022144,device_memory_usage
Torch-Compiled Region: 9/0,120,DeviceType.CPU,1382.522999998535,1733.8709999994244,2487.22699999997,self_device_time_total,2487.22699999997,device_time_total,1245265920,self_device_memory_usage,1245265920,device_memory_usage
Torch-Compiled Region: 11/0,120,DeviceType.CPU,3153.348000000118,9010.622000000094,0.0,self_device_time_total,162122.1869999988,device_time_total,0,self_device_memory_usage,0,device_memory_usage
triton_red_fused__to_copy_mean_pow_stack_3,120,DeviceType.CUDA,0,0,22525.005999999103,self_device_time_total,22525.005999999103,device_time_total,0,self_device_memory_usage,0,device_memory_usage
sageattention_sm89::qk_int8_sv_f8_accum_f16_fuse_v_scale_attn_inst_buf,120,DeviceType.CPU,4780.28800000039,5595.994000000228,162122.1869999988,self_device_time_total,162122.1869999988,device_time_total,0,self_device_memory_usage,0,device_memory_usage
aten::alias,120,DeviceType.CPU,261.2799999997478,261.2799999997478,0,self_device_time_total,0,device_time_total,0,self_device_memory_usage,0,device_memory_usage
aten::reshape_as,120,DeviceType.CPU,126.00000000055661,398.04000000064843,0,self_device_time_total,0,device_time_total,0,self_device_memory_usage,0,device_memory_usage
Torch-Compiled Region: 12/0,120,DeviceType.CPU,30.390000000385044,30.390000000385044,0,self_device_time_total,0,device_time_total,0,self_device_memory_usage,0,device_memory_usage
Torch-Compiled Region: 13/0,120,DeviceType.CPU,6858.6940000012,13086.107000000633,0.0,self_device_time_total,32453.301000000556,device_time_total,2388787200,self_device_memory_usage,2388787200,device_memory_usage
quant_query_per_thread_int8_kernel,120,DeviceType.CUDA,0,0,6904.583999999395,self_device_time_total,6904.583999999395,device_time_total,0,self_device_memory_usage,0,device_memory_usage
triton_red_fused_mean_0,120,DeviceType.CUDA,0,0,6720.261000000053,self_device_time_total,6720.261000000053,device_time_total,0,self_device_memory_usage,0,device_memory_usage
triton_per_fused_mean_1,120,DeviceType.CUDA,0,0,172.9289999998,self_device_time_total,172.9289999998,device_time_total,0,self_device_memory_usage,0,device_memory_usage
triton_poi_fused_2,120,DeviceType.CUDA,0,0,8824.575999999797,self_device_time_total,8824.575999999797,device_time_total,0,self_device_memory_usage,0,device_memory_usage
quant_key_per_thread_int8_kernel,120,DeviceType.CUDA,0,0,2219.5769999985205,self_device_time_total,2219.5769999985205,device_time_total,0,self_device_memory_usage,0,device_memory_usage
Torch-Compiled Region: 14/0,120,DeviceType.CPU,19910.385000006085,46074.95799999978,0.0,self_device_time_total,418092.75400000595,device_time_total,-38465536,self_device_memory_usage,2388787200,device_memory_usage
"void TransposePadPermuteKernel<128u, 64u, true, __nv_bfloat16>(__nv_bfloat16*, __nv_bfloat16*, unsigned int, unsigned int, unsigned int, unsigned int, unsigned int, unsigned int, unsigned int)",120,DeviceType.CUDA,0,0,14342.02799999902,self_device_time_total,14342.02799999902,device_time_total,0,self_device_memory_usage,0,device_memory_usage
triton_red_fused_abs_add_amax_mul_native_layer_norm_0,120,DeviceType.CPU,974.4659999989271,1559.4239999992496,11785.120000000097,self_device_time_total,11785.120000000097,device_time_total,0,self_device_memory_usage,0,device_memory_usage
triton_red_fused__to_copy_abs_amax_clamp_min_div_1,120,DeviceType.CPU,473.549000000432,783.7289999995992,215.49400000084643,self_device_time_total,215.49400000084643,device_time_total,0,self_device_memory_usage,0,device_memory_usage
"void MeanScaleKernel<64u, false, __nv_bfloat16>(__nv_bfloat16*, signed char*, float*, float*, float, unsigned int, unsigned int, unsigned int, unsigned int, unsigned int, unsigned int, unsigned int, unsigned int, unsigned int, unsigned int, unsigned int)",120,DeviceType.CUDA,0,0,2487.22699999997,self_device_time_total,2487.22699999997,device_time_total,0,self_device_memory_usage,0,device_memory_usage
"void qk_int_sv_f8_attn_kernel<128u, 64u, 32u, 64u, 128u, (DataType)1, (QuantGranularity)3, (QuantGranularity)3, float, true, __nv_bfloat16, (ComputeUnit)1, (MaskMode)0, false, true, false, true>(signed char*, signed char*, signed char*, __nv_bfloat16*, float*, float*, float*, float*, float*, unsigned int, unsigned int, unsigned int, unsigned int, unsigned int, unsigned int, unsigned int, unsigned int, unsigned int, unsigned int, unsigned int, unsigned int, unsigned int, unsigned int, unsigned int, float)",120,DeviceType.CUDA,0,0,162122.1869999988,self_device_time_total,162122.1869999988,device_time_total,0,self_device_memory_usage,0,device_memory_usage
triton_red_fused__flash_attn_forward__to_copy_mean_pow_3,120,DeviceType.CPU,548.6980000007025,903.6870000001727,4172.258000000944,self_device_time_total,4172.258000000944,device_time_total,0,self_device_memory_usage,0,device_memory_usage
flash_attn::_flash_attn_forward,120,DeviceType.CPU,5056.061999999743,7084.851000000181,5471.065999999377,self_device_time_total,5471.065999999377,device_time_total,0,self_device_memory_usage,2426204160,device_memory_usage
triton_red_fused_abs_amax_4,120,DeviceType.CPU,524.0079999996015,941.6149999992958,1590.9249999997592,self_device_time_total,1590.9249999997592,device_time_total,0,self_device_memory_usage,0,device_memory_usage
triton_per_fused__to_copy_abs_amax_clamp_min_div_5,120,DeviceType.CPU,427.8580000006259,778.8479999995106,132.96100000055594,self_device_time_total,134.1130000005578,device_time_total,0,self_device_memory_usage,0,device_memory_usage
triton_red_fused__to_copy_abs_add_amax_clamp_clamp_min_div_mul_native_layer_norm_round_6,120,DeviceType.CPU,955.729000000465,1324.525999999798,19449.513000000603,self_device_time_total,19449.513000000603,device_time_total,0,self_device_memory_usage,0,device_memory_usage
aten::_int_mm,240,DeviceType.CPU,2057.25699999847,2803.104999999432,201531.651000002,self_device_time_total,202442.95600000193,device_time_total,0,self_device_memory_usage,0,device_memory_usage
triton_poi_fused__to_copy_clamp_div_round_7,120,DeviceType.CPU,749.3270000005141,1070.5059999996483,78828.26600000082,self_device_time_total,78828.26600000082,device_time_total,0,self_device_memory_usage,0,device_memory_usage
triton_poi_fused_add_mul_8,120,DeviceType.CPU,874.8879999993405,1190.906999999228,32848.84599999988,self_device_time_total,32848.84599999988,device_time_total,0,self_device_memory_usage,0,device_memory_usage
triton_red_fused_abs_add_amax_mul_native_layer_norm_0,120,DeviceType.CUDA,0,0,11785.120000000097,self_device_time_total,11785.120000000097,device_time_total,0,self_device_memory_usage,0,device_memory_usage
triton_red_fused__to_copy_abs_amax_clamp_min_div_1,120,DeviceType.CUDA,0,0,215.49400000084643,self_device_time_total,215.49400000084643,device_time_total,0,self_device_memory_usage,0,device_memory_usage
triton_red_fused__flash_attn_forward__to_copy_mean_pow_3,120,DeviceType.CUDA,0,0,4172.258000000944,self_device_time_total,4172.258000000944,device_time_total,0,self_device_memory_usage,0,device_memory_usage
"void flash::flash_fwd_kernel<Flash_fwd_kernel_traits<128, 128, 32, 4, false, false, cutlass::bfloat16_t, Flash_kernel_traits<128, 128, 32, 4, cutlass::bfloat16_t> >, false, false, false, false, false, true, false, false>(flash::Flash_fwd_params)",120,DeviceType.CUDA,0,0,5471.065999999377,self_device_time_total,5471.065999999377,device_time_total,0,self_device_memory_usage,0,device_memory_usage
triton_red_fused_abs_amax_4,120,DeviceType.CUDA,0,0,1590.9249999997592,self_device_time_total,1590.9249999997592,device_time_total,0,self_device_memory_usage,0,device_memory_usage
triton_per_fused__to_copy_abs_amax_clamp_min_div_5,120,DeviceType.CUDA,0,0,132.96100000055594,self_device_time_total,132.96100000055594,device_time_total,0,self_device_memory_usage,0,device_memory_usage
triton_red_fused__to_copy_abs_add_amax_clamp_clamp_min_div_mul_native_layer_norm_round_6,120,DeviceType.CUDA,0,0,19449.513000000603,self_device_time_total,19449.513000000603,device_time_total,0,self_device_memory_usage,0,device_memory_usage
void cutlass::Kernel2<cutlass_80_tensorop_i16832gemm_s8_256x128_64x3_tn_align16>(cutlass_80_tensorop_i16832gemm_s8_256x128_64x3_tn_align16::Params),240,DeviceType.CUDA,0,0,201531.651000002,self_device_time_total,201531.651000002,device_time_total,0,self_device_memory_usage,0,device_memory_usage
triton_poi_fused__to_copy_clamp_div_round_7,120,DeviceType.CUDA,0,0,78828.26600000082,self_device_time_total,78828.26600000082,device_time_total,0,self_device_memory_usage,0,device_memory_usage
triton_poi_fused_add_mul_8,120,DeviceType.CUDA,0,0,32848.84599999988,self_device_time_total,32848.84599999988,device_time_total,0,self_device_memory_usage,0,device_memory_usage
Torch-Compiled Region: 15/0,4,DeviceType.CPU,189.68999999990774,343.379999999961,0.0,self_device_time_total,474.1499999999942,device_time_total,3317760,self_device_memory_usage,3317760,device_memory_usage
triton_red_fused_add_mul_native_layer_norm_0,4,DeviceType.CPU,27.81000000003405,50.06000000005588,372.8990000000049,self_device_time_total,372.8990000000049,device_time_total,0,self_device_memory_usage,0,device_memory_usage
Torch-Compiled Region: 16/0,4,DeviceType.CPU,132.87900000014633,176.95899999978428,0.0,self_device_time_total,7.295999999943888,device_time_total,3317760,self_device_memory_usage,3317760,device_memory_usage
triton_poi_fused_clone_0,4,DeviceType.CPU,22.37999999954627,44.07999999963795,7.295999999943888,self_device_time_total,7.295999999943888,device_time_total,0,self_device_memory_usage,0,device_memory_usage
aten::select,66,DeviceType.CPU,185.94000000165397,217.13000000125612,0,self_device_time_total,0,device_time_total,0,self_device_memory_usage,0,device_memory_usage
aten::div,136,DeviceType.CPU,696.2180000011649,1093.6680000016277,11769.372000001225,self_device_time_total,11769.372000001225,device_time_total,3030074368,self_device_memory_usage,3030074368,device_memory_usage
aten::rsub,4,DeviceType.CPU,12.389999999773863,45.45999999969354,0.0,self_device_time_total,4.447999999742024,device_time_total,0,self_device_memory_usage,2048,device_memory_usage
cudaMalloc,91,DeviceType.CPU,42294.79899999995,42294.79899999995,0,self_device_time_total,0,device_time_total,0,self_device_memory_usage,0,device_memory_usage
triton_red_fused_add_mul_native_layer_norm_0,4,DeviceType.CUDA,0,0,372.8990000000049,self_device_time_total,372.8990000000049,device_time_total,0,self_device_memory_usage,0,device_memory_usage
ampere_bf16_s16816gemm_bf16_64x128_ldg8_relu_f2f_stages_64x3_tn,4,DeviceType.CUDA,0,0,101.25099999998929,self_device_time_total,101.25099999998929,device_time_total,0,self_device_memory_usage,0,device_memory_usage
triton_poi_fused_clone_0,4,DeviceType.CUDA,0,0,7.295999999943888,self_device_time_total,7.295999999943888,device_time_total,0,self_device_memory_usage,0,device_memory_usage
"void at::native::vectorized_elementwise_kernel<4, at::native::BUnaryFunctor<float, float, float, at::native::binary_internal::MulFunctor<float> >, std::array<char*, 2ul> >(int, at::native::BUnaryFunctor<float, float, float, at::native::binary_internal::MulFunctor<float> >, std::array<char*, 2ul>)",10,DeviceType.CUDA,0,0,681.9269999999378,self_device_time_total,681.9269999999378,device_time_total,0,self_device_memory_usage,0,device_memory_usage
"void at::native::vectorized_elementwise_kernel<4, at::native::CUDAFunctor_add<c10::BFloat16>, std::array<char*, 3ul> >(int, at::native::CUDAFunctor_add<c10::BFloat16>, std::array<char*, 3ul>)",58,DeviceType.CUDA,0,0,7863.984999999346,self_device_time_total,7863.984999999346,device_time_total,0,self_device_memory_usage,0,device_memory_usage
"void at::native::vectorized_elementwise_kernel<4, at::native::CUDAFunctorOnOther_add<c10::BFloat16>, std::array<char*, 2ul> >(int, at::native::CUDAFunctorOnOther_add<c10::BFloat16>, std::array<char*, 2ul>)",4,DeviceType.CUDA,0,0,4.447999999742024,self_device_time_total,4.447999999742024,device_time_total,0,self_device_memory_usage,0,device_memory_usage
"void at::native::elementwise_kernel<128, 4, at::native::gpu_kernel_impl_nocast<at::native::BinaryFunctor<c10::BFloat16, c10::BFloat16, c10::BFloat16, at::native::binary_internal::DivFunctor<c10::BFloat16> > >(at::TensorIteratorBase&, at::native::BinaryFunctor<c10::BFloat16, c10::BFloat16, c10::BFloat16, at::native::binary_internal::DivFunctor<c10::BFloat16> > const&)::{lambda(int)#1}>(int, at::native::gpu_kernel_impl_nocast<at::native::BinaryFunctor<c10::BFloat16, c10::BFloat16, c10::BFloat16, at::native::binary_internal::DivFunctor<c10::BFloat16> > >(at::TensorIteratorBase&, at::native::BinaryFunctor<c10::BFloat16, c10::BFloat16, c10::BFloat16, at::native::binary_internal::DivFunctor<c10::BFloat16> > const&)::{lambda(int)#1})",96,DeviceType.CUDA,0,0,9239.138000001025,self_device_time_total,9239.138000001025,device_time_total,0,self_device_memory_usage,0,device_memory_usage
"void at::native::elementwise_kernel<128, 4, at::native::gpu_kernel_impl_nocast<at::native::CUDAFunctor_add<c10::BFloat16> >(at::TensorIteratorBase&, at::native::CUDAFunctor_add<c10::BFloat16> const&)::{lambda(int)#1}>(int, at::native::gpu_kernel_impl_nocast<at::native::CUDAFunctor_add<c10::BFloat16> >(at::TensorIteratorBase&, at::native::CUDAFunctor_add<c10::BFloat16> const&)::{lambda(int)#1})",138,DeviceType.CUDA,0,0,14605.555999999924,self_device_time_total,14605.555999999924,device_time_total,0,self_device_memory_usage,0,device_memory_usage
Torch-Compiled Region: 18/7,2,DeviceType.CPU,95.87000000011176,208.38000000000466,0.0,self_device_time_total,10.655999999726191,device_time_total,0,self_device_memory_usage,1290240,device_memory_usage
void cutlass::Kernel2<cutlass_80_wmma_tensorop_bf16_s161616gemm_bf16_16x16_32x1_nn_align8>(cutlass_80_wmma_tensorop_bf16_s161616gemm_bf16_16x16_32x1_nn_align8::Params),2,DeviceType.CUDA,0,0,6.815999999816995,self_device_time_total,6.815999999816995,device_time_total,0,self_device_memory_usage,0,device_memory_usage
triton_poi_fused_convolution_0,16,DeviceType.CPU,106.2889999988256,188.14899999980116,4419.724999999395,self_device_time_total,4419.724999999395,device_time_total,0,self_device_memory_usage,0,device_memory_usage
triton_poi_fused_convolution_0,16,DeviceType.CUDA,0,0,4419.724999999395,self_device_time_total,4419.724999999395,device_time_total,0,self_device_memory_usage,0,device_memory_usage
Torch-Compiled Region: 18/8,14,DeviceType.CPU,869.0680000005523,1847.9769999996643,0.0,self_device_time_total,1836.6930000020657,device_time_total,0,self_device_memory_usage,33488896,device_memory_usage
triton_poi_fused_cat_constant_pad_nd_0,28,DeviceType.CPU,255.1290000010049,439.81900000030873,15022.233999999939,self_device_time_total,15022.233999999939,device_time_total,0,self_device_memory_usage,0,device_memory_usage
triton_poi_fused_cat_constant_pad_nd_0,28,DeviceType.CUDA,0,0,15022.233999999939,self_device_time_total,15022.233999999939,device_time_total,0,self_device_memory_usage,0,device_memory_usage
sm80_xmma_fprop_implicit_gemm_bf16bf16_bf16f32_f32_nhwckrsc_nhwc_tilesize128x128x64_stage3_warpsize2x2x1_g1_tensor16x8x16_execute_kernel__5x_cudnn,46,DeviceType.CUDA,0,0,141654.74200000195,self_device_time_total,141654.74200000195,device_time_total,0,self_device_memory_usage,0,device_memory_usage
triton_poi_fused_cat_constant_pad_nd_convolution_1,28,DeviceType.CPU,195.85899999993853,290.1989999997895,128.51300000061747,self_device_time_total,128.51300000061747,device_time_total,0,self_device_memory_usage,0,device_memory_usage
Torch-Compiled Region: 20/10,14,DeviceType.CPU,2197.505999998888,4454.168000000471,0.0,self_device_time_total,21111.712000001513,device_time_total,-33488896,self_device_memory_usage,33488896,device_memory_usage
triton_poi_fused_cat_constant_pad_nd_convolution_1,28,DeviceType.CUDA,0,0,128.51300000061747,self_device_time_total,128.51300000061747,device_time_total,0,self_device_memory_usage,0,device_memory_usage
triton_red_fused_linalg_vector_norm_0,84,DeviceType.CPU,420.41899999941234,823.5359999993234,3958.604999999632,self_device_time_total,3958.604999999632,device_time_total,0,self_device_memory_usage,0,device_memory_usage
triton_red_fused_linalg_vector_norm_0,84,DeviceType.CUDA,0,0,3958.604999999632,self_device_time_total,3958.604999999632,device_time_total,0,self_device_memory_usage,0,device_memory_usage
triton_per_fused_linalg_vector_norm_1,126,DeviceType.CPU,419.75899999937974,759.3679999987944,186.7220000003581,self_device_time_total,186.7220000003581,device_time_total,0,self_device_memory_usage,0,device_memory_usage
triton_per_fused_linalg_vector_norm_1,126,DeviceType.CUDA,0,0,186.7220000003581,self_device_time_total,186.7220000003581,device_time_total,0,self_device_memory_usage,0,device_memory_usage
triton_poi_fused_cat_constant_pad_nd_2,56,DeviceType.CPU,286.1799999982468,447.5979999997071,1709.8420000007027,self_device_time_total,1709.8420000007027,device_time_total,0,self_device_memory_usage,0,device_memory_usage
triton_poi_fused_cat_constant_pad_nd_2,56,DeviceType.CUDA,0,0,1709.8420000007027,self_device_time_total,1709.8420000007027,device_time_total,0,self_device_memory_usage,0,device_memory_usage
triton_red_fused_convolution_linalg_vector_norm_3,56,DeviceType.CPU,314.8199999992503,480.1299999995972,386.82000000058906,self_device_time_total,386.82000000058906,device_time_total,0,self_device_memory_usage,0,device_memory_usage
sm80_xmma_fprop_implicit_gemm_bf16bf16_bf16f32_f32_nhwckrsc_nhwc_tilesize256x64x32_stage3_warpsize4x1x1_g1_tensor16x8x16_execute_kernel__5x_cudnn,200,DeviceType.CUDA,0,0,180532.42800000455,self_device_time_total,180532.42800000455,device_time_total,0,self_device_memory_usage,0,device_memory_usage
triton_poi_fused_cat_4,84,DeviceType.CPU,449.4700000003213,685.0500000003376,1401.100000000326,self_device_time_total,1401.100000000326,device_time_total,0,self_device_memory_usage,0,device_memory_usage
triton_poi_fused_constant_pad_nd_5,70,DeviceType.CPU,243.66800000105286,426.0669999999809,998.8229999991017,self_device_time_total,998.8229999991017,device_time_total,0,self_device_memory_usage,0,device_memory_usage
triton_poi_fused_add_cat_constant_pad_nd_convolution_6,56,DeviceType.CPU,362.16800000111107,541.127000000386,586.5639999993145,self_device_time_total,586.5639999993145,device_time_total,0,self_device_memory_usage,0,device_memory_usage
triton_poi_fused_cat_7,126,DeviceType.CPU,374.8190000005998,689.8190000003087,1041.832999999111,self_device_time_total,1041.832999999111,device_time_total,0,self_device_memory_usage,0,device_memory_usage
triton_poi_fused_cat_8,70,DeviceType.CPU,303.12000000145053,485.7890000002226,735.0479999980889,self_device_time_total,735.0479999980889,device_time_total,0,self_device_memory_usage,0,device_memory_usage
Torch-Compiled Region: 21/0,14,DeviceType.CPU,1795.9069999990752,4161.299999999115,0.0,self_device_time_total,9010.179000002507,device_time_total,-128909312,self_device_memory_usage,33488896,device_memory_usage
triton_poi_fused_add_div_mul_2,14,DeviceType.CPU,71.05999999988126,114.71000000013737,67.26699999970151,self_device_time_total,67.26699999970151,device_time_total,0,self_device_memory_usage,0,device_memory_usage
triton_poi_fused__scaled_dot_product_efficient_attention_3,14,DeviceType.CPU,76.94999999925494,125.28800000017509,80.54500000033295,self_device_time_total,80.54500000033295,device_time_total,0,self_device_memory_usage,0,device_memory_usage
triton_poi_fused__scaled_dot_product_efficient_attention_4,14,DeviceType.CPU,52.66000000067288,93.79000000061933,79.39200000045821,self_device_time_total,79.39200000045821,device_time_total,0,self_device_memory_usage,0,device_memory_usage
triton_poi_fused__scaled_dot_product_efficient_attention_5,14,DeviceType.CPU,49.23999999999069,90.34999999974389,109.11999999999534,self_device_time_total,109.11999999999534,device_time_total,0,self_device_memory_usage,0,device_memory_usage
triton_poi_fused_add_6,14,DeviceType.CPU,101.26899999927264,150.2189999994589,69.21500000008382,self_device_time_total,69.21500000008382,device_time_total,0,self_device_memory_usage,0,device_memory_usage
triton_red_fused_convolution_linalg_vector_norm_3,56,DeviceType.CUDA,0,0,386.82000000058906,self_device_time_total,386.82000000058906,device_time_total,0,self_device_memory_usage,0,device_memory_usage
triton_poi_fused_cat_4,84,DeviceType.CUDA,0,0,1401.100000000326,self_device_time_total,1401.100000000326,device_time_total,0,self_device_memory_usage,0,device_memory_usage
Torch-Compiled Region: 20/11,14,DeviceType.CPU,2127.3749999992433,4326.602000000712,0.0,self_device_time_total,21368.25899999996,device_time_total,-24641536,self_device_memory_usage,37912576,device_memory_usage
triton_poi_fused_constant_pad_nd_5,70,DeviceType.CUDA,0,0,998.8229999991017,self_device_time_total,998.8229999991017,device_time_total,0,self_device_memory_usage,0,device_memory_usage
triton_per_fused_cat_linalg_vector_norm_0,14,DeviceType.CPU,86.7290000008652,157.04900000087218,86.49599999934435,self_device_time_total,86.49599999934435,device_time_total,0,self_device_memory_usage,0,device_memory_usage
triton_poi_fused_cat_constant_pad_nd_1,14,DeviceType.CPU,73.8699999996461,118.43999999971129,572.1669999998412,self_device_time_total,572.1669999998412,device_time_total,0,self_device_memory_usage,0,device_memory_usage
triton_red_fused_convolution_linalg_vector_norm_2,14,DeviceType.CPU,81.33999999979278,126.98000000009779,98.11300000036135,self_device_time_total,98.11300000036135,device_time_total,0,self_device_memory_usage,0,device_memory_usage
triton_per_fused_convolution_linalg_vector_norm_3,14,DeviceType.CPU,50.279999999911524,90.71999999962281,20.481000001367647,self_device_time_total,20.481000001367647,device_time_total,0,self_device_memory_usage,0,device_memory_usage
triton_poi_fused_add_constant_pad_nd_convolution_6,14,DeviceType.CPU,77.59000000002561,123.02000000013504,112.6080000004149,self_device_time_total,112.6080000004149,device_time_total,0,self_device_memory_usage,0,device_memory_usage
triton_poi_fused_cat_9,14,DeviceType.CPU,44.82000000018161,81.92000000050757,126.24099999933969,self_device_time_total,126.24099999933969,device_time_total,0,self_device_memory_usage,0,device_memory_usage
triton_poi_fused_cat_10,14,DeviceType.CPU,63.699999999953434,101.59000000037486,129.44299999979557,self_device_time_total,129.44299999979557,device_time_total,0,self_device_memory_usage,0,device_memory_usage
Torch-Compiled Region: 20/12,14,DeviceType.CPU,2041.8150000002352,4110.2920000004815,0.0,self_device_time_total,21108.11999999918,device_time_total,-15794176,self_device_memory_usage,42336256,device_memory_usage
triton_poi_fused_add_cat_constant_pad_nd_convolution_6,56,DeviceType.CUDA,0,0,586.5639999993145,self_device_time_total,586.5639999993145,device_time_total,0,self_device_memory_usage,0,device_memory_usage
triton_poi_fused_cat_7,126,DeviceType.CUDA,0,0,1041.832999999111,self_device_time_total,1041.832999999111,device_time_total,0,self_device_memory_usage,0,device_memory_usage
triton_poi_fused_cat_8,70,DeviceType.CUDA,0,0,735.0479999980889,self_device_time_total,735.0479999980889,device_time_total,0,self_device_memory_usage,0,device_memory_usage
triton_poi_fused_add_div_mul_2,14,DeviceType.CUDA,0,0,67.26699999970151,self_device_time_total,67.26699999970151,device_time_total,0,self_device_memory_usage,0,device_memory_usage
ampere_bf16_s1688gemm_bf16_128x128_ldg8_f2f_tn,14,DeviceType.CUDA,0,0,769.9610000002431,self_device_time_total,769.9610000002431,device_time_total,0,self_device_memory_usage,0,device_memory_usage
triton_poi_fused__scaled_dot_product_efficient_attention_3,14,DeviceType.CUDA,0,0,80.54500000033295,self_device_time_total,80.54500000033295,device_time_total,0,self_device_memory_usage,0,device_memory_usage
triton_poi_fused__scaled_dot_product_efficient_attention_4,14,DeviceType.CUDA,0,0,79.39200000045821,self_device_time_total,79.39200000045821,device_time_total,0,self_device_memory_usage,0,device_memory_usage
triton_poi_fused__scaled_dot_product_efficient_attention_5,14,DeviceType.CUDA,0,0,109.11999999999534,self_device_time_total,109.11999999999534,device_time_total,0,self_device_memory_usage,0,device_memory_usage
"fmha_cutlassF_bf16_aligned_32x128_gmem_sm80(PyTorchMemEffAttention::AttentionKernel<cutlass::bfloat16_t, cutlass::arch::Sm80, true, 32, 128, 65536, true, true>::Params)",18,DeviceType.CUDA,0,0,8733.69199999905,self_device_time_total,8733.69199999905,device_time_total,0,self_device_memory_usage,0,device_memory_usage
Torch-Compiled Region: 20/13,14,DeviceType.CPU,1975.2940000006347,4035.1379999997444,0.0,self_device_time_total,21105.97399999952,device_time_total,-33488896,self_device_memory_usage,33488896,device_memory_usage
Torch-Compiled Region: 20/14,14,DeviceType.CPU,1969.7050000029267,4022.878999999666,0.0,self_device_time_total,21076.27899999905,device_time_total,-15794176,self_device_memory_usage,42336256,device_memory_usage
ampere_bf16_s16816gemm_bf16_256x128_ldg8_f2f_stages_32x3_nn,18,DeviceType.CUDA,0,0,499.81500000087544,self_device_time_total,499.81500000087544,device_time_total,0,self_device_memory_usage,0,device_memory_usage
triton_poi_fused_add_6,14,DeviceType.CUDA,0,0,69.21500000008382,self_device_time_total,69.21500000008382,device_time_total,0,self_device_memory_usage,0,device_memory_usage
triton_per_fused_cat_linalg_vector_norm_0,14,DeviceType.CUDA,0,0,86.49599999934435,self_device_time_total,86.49599999934435,device_time_total,0,self_device_memory_usage,0,device_memory_usage
triton_poi_fused_cat_constant_pad_nd_1,14,DeviceType.CUDA,0,0,572.1669999998412,self_device_time_total,572.1669999998412,device_time_total,0,self_device_memory_usage,0,device_memory_usage
Torch-Compiled Region: 22/6,14,DeviceType.CPU,1280.4979999994976,2706.3740000000107,0.0,self_device_time_total,12379.58700000128,device_time_total,-61341696,self_device_memory_usage,132120576,device_memory_usage
triton_poi_fused__to_copy__unsafe_index_clone_1,28,DeviceType.CPU,183.93900000076974,282.1590000005672,6982.62999999983,self_device_time_total,6982.62999999983,device_time_total,0,self_device_memory_usage,0,device_memory_usage
triton_poi_fused__to_copy_clone_convolution_2,28,DeviceType.CPU,127.08900000026915,212.90900000015972,181.9859999997425,self_device_time_total,181.9859999997425,device_time_total,0,self_device_memory_usage,0,device_memory_usage
triton_poi_fused__to_copy_clone_convolution_3,28,DeviceType.CPU,146.34000000084052,236.580000000773,4373.61199999979,self_device_time_total,4373.61199999979,device_time_total,0,self_device_memory_usage,0,device_memory_usage
aten::record_stream,630,DeviceType.CPU,455.18499999976484,455.18499999976484,0,self_device_time_total,0,device_time_total,0,self_device_memory_usage,0,device_memory_usage
triton_red_fused_convolution_linalg_vector_norm_2,14,DeviceType.CUDA,0,0,98.11300000036135,self_device_time_total,98.11300000036135,device_time_total,0,self_device_memory_usage,0,device_memory_usage
triton_per_fused_convolution_linalg_vector_norm_3,14,DeviceType.CUDA,0,0,20.481000001367647,self_device_time_total,20.481000001367647,device_time_total,0,self_device_memory_usage,0,device_memory_usage
cuLaunchKernelEx,266,DeviceType.CPU,585.5889999996871,585.5889999996871,0,self_device_time_total,0,device_time_total,0,self_device_memory_usage,0,device_memory_usage
Torch-Compiled Region: 22/7,14,DeviceType.CPU,1682.5529999991995,8654.356999999727,0.0,self_device_time_total,101625.20900000108,device_time_total,-498073600,self_device_memory_usage,992477184,device_memory_usage
cudaEventQuery,1500,DeviceType.CPU,5803.467000000295,5803.467000000295,0,self_device_time_total,0,device_time_total,0,self_device_memory_usage,0,device_memory_usage
triton_poi_fused_add_constant_pad_nd_convolution_6,14,DeviceType.CUDA,0,0,112.6080000004149,self_device_time_total,112.6080000004149,device_time_total,0,self_device_memory_usage,0,device_memory_usage
triton_poi_fused_cat_9,14,DeviceType.CUDA,0,0,126.24099999933969,self_device_time_total,126.24099999933969,device_time_total,0,self_device_memory_usage,0,device_memory_usage
triton_poi_fused_cat_10,14,DeviceType.CUDA,0,0,129.44299999979557,self_device_time_total,129.44299999979557,device_time_total,0,self_device_memory_usage,0,device_memory_usage
sm86_xmma_fprop_implicit_gemm_bf16bf16_bf16f32_f32_nhwckrsc_nhwc_tilesize256x128x64_stage2_warpsize4x2x1_g1_tensor16x8x16_execute_kernel__5x_cudnn,36,DeviceType.CUDA,0,0,13581.45300000062,self_device_time_total,13581.45300000062,device_time_total,0,self_device_memory_usage,0,device_memory_usage
triton_poi_fused__to_copy__unsafe_index_clone_1,28,DeviceType.CUDA,0,0,6982.62999999983,self_device_time_total,6982.62999999983,device_time_total,0,self_device_memory_usage,0,device_memory_usage
triton_poi_fused__to_copy_clone_convolution_2,28,DeviceType.CUDA,0,0,181.9859999997425,self_device_time_total,181.9859999997425,device_time_total,0,self_device_memory_usage,0,device_memory_usage
void cutlass__5x_cudnn::Kernel<cutlass_tensorop_bf16_s16816fprop_optimized_bf16_64x64_64x5_nhwc_align8>(cutlass_tensorop_bf16_s16816fprop_optimized_bf16_64x64_64x5_nhwc_align8::Params),14,DeviceType.CUDA,0,0,8162.293999999412,self_device_time_total,8162.293999999412,device_time_total,0,self_device_memory_usage,0,device_memory_usage
triton_poi_fused__to_copy_clone_convolution_3,28,DeviceType.CUDA,0,0,4373.61199999979,self_device_time_total,4373.61199999979,device_time_total,0,self_device_memory_usage,0,device_memory_usage
"void at::native::elementwise_kernel<128, 4, at::native::gpu_kernel_impl<at::native::direct_copy_kernel_cuda(at::TensorIteratorBase&)::{lambda()#3}::operator()() const::{lambda()#10}::operator()() const::{lambda(c10::Half)#1}>(at::TensorIteratorBase&, at::native::direct_copy_kernel_cuda(at::TensorIteratorBase&)::{lambda()#3}::operator()() const::{lambda()#10}::operator()() const::{lambda(c10::Half)#1} const&)::{lambda(int)#1}>(int, at::native::gpu_kernel_impl<at::native::direct_copy_kernel_cuda(at::TensorIteratorBase&)::{lambda()#3}::operator()() const::{lambda()#10}::operator()() const::{lambda(c10::Half)#1}>(at::TensorIteratorBase&, at::native::direct_copy_kernel_cuda(at::TensorIteratorBase&)::{lambda()#3}::operator()() const::{lambda()#10}::operator()() const::{lambda(c10::Half)#1} const&)::{lambda(int)#1})",42,DeviceType.CUDA,0,0,15144.697999999684,self_device_time_total,15144.697999999684,device_time_total,0,self_device_memory_usage,0,device_memory_usage
__myl_Move_0xb370483c5cd69640e467716c8b4d782b,14,DeviceType.CUDA,0,0,392.3269999998156,self_device_time_total,392.3269999998156,device_time_total,0,self_device_memory_usage,0,device_memory_usage
"void CUTENSOR_NAMESPACE::permutationKernelPLC3<CUTENSOR_NAMESPACE::VectorWrite2DTensorView<(unsigned char)0, (unsigned char)1, false, 8u, float, __half, CUTENSOR_NAMESPACE::GeneralUnarySmall<float> >, CUTENSOR_NAMESPACE::VectorRead2DTensorView<(unsigned char)1, (unsigned char)0, false, 8u, float, __half, CUTENSOR_NAMESPACE::GeneralUnarySmall<float> >, CUTENSOR_NAMESPACE::ThreadLevelElementwise<CUTENSOR_NAMESPACE::ElementwiseConfig2DCommonCase<CUTENSOR_NAMESPACE::GeneralUnarySmall<float>, CUTENSOR_NAMESPACE::GeneralBinary<float>, 2, 16, 128, 128, (signed char)8, false, false, true, false, false>, float>, CUTENSOR_NAMESPACE::ElementwiseRuntimePLC3<__half, float, __half, float>::Params>(CUTENSOR_NAMESPACE::ElementwiseRuntimePLC3<__half, float, __half, float>::Params)",588,DeviceType.CUDA,0,0,151450.77999999974,self_device_time_total,151450.77999999974,device_time_total,0,self_device_memory_usage,0,device_memory_usage
"void cuReduceLayer::nonTailReduceFast<32u, (nvinfer1::ReduceOp)-1, __half, float, 5>(__half*, __half const*, cuReduceLayer::LaunchParams)",252,DeviceType.CUDA,0,0,62961.93399999832,self_device_time_total,62961.93399999832,device_time_total,0,self_device_memory_usage,0,device_memory_usage
__myl_CastCastCastMaxDivMulMulMulMulTanhMulAddMulCast_0x24820c214fd4220f8a5d5e257209dddb,14,DeviceType.CUDA,0,0,228.44899999990594,self_device_time_total,228.44899999990594,device_time_total,0,self_device_memory_usage,0,device_memory_usage
"void genericReformat::copyVectorizedKernel<double, __half, __half, true, false, 2>(unsigned int, void const*, genericReformat::ArrayN<2>, genericReformat::ArrayNWithReducedDivisors<2>, genericReformat::ArrayN<2>, int, float const*, void*, genericReformat::ArrayN<2>, genericReformat::ArrayNWithReducedDivisors<2>, genericReformat::ArrayN<2>, int, float const*)",14,DeviceType.CUDA,0,0,158.1480000001029,self_device_time_total,158.1480000001029,device_time_total,0,self_device_memory_usage,0,device_memory_usage
sm80_xmma_fprop_implicit_gemm_f16f16_f16f16_f16_nhwckrsc_nhwc_tilesize256x128x32_stage3_warpsize4x2x1_g1_tensor16x8x16_t3r3s3_execute_kernel_trt,14,DeviceType.CUDA,0,0,11758.939000000479,self_device_time_total,11758.939000000479,device_time_total,0,self_device_memory_usage,0,device_memory_usage
triton_poi_fused_clone_4,14,DeviceType.CPU,54.619999998947605,94.69999999931315,1052.7790000000386,self_device_time_total,1052.7790000000386,device_time_total,0,self_device_memory_usage,0,device_memory_usage
cudaMemcpy2DAsync,14,DeviceType.CPU,147.93000000010943,147.93000000010943,0,self_device_time_total,0,device_time_total,0,self_device_memory_usage,0,device_memory_usage
"void cuInt8::nchwTonhwc<__half, 32, 4, 2>(__half const*, __half*, int, int, int, int, int, int, int, int)",140,DeviceType.CUDA,0,0,582.5070000000997,self_device_time_total,582.5070000000997,device_time_total,0,self_device_memory_usage,0,device_memory_usage
"void cuInt8::nchwTonhwc<__half, 1, 128, 2>(__half const*, __half*, int, int, int, int, int, int, int, int)",140,DeviceType.CUDA,0,0,211.87500000087311,self_device_time_total,211.87500000087311,device_time_total,0,self_device_memory_usage,0,device_memory_usage
__myl_CastCastCastMaxDivMulMulMulMulTanhMulAddMulCast_0x4f5c3f38eb628aec3052ff15b1809b48,70,DeviceType.CUDA,0,0,2050.8690000001807,self_device_time_total,2050.8690000001807,device_time_total,0,self_device_memory_usage,0,device_memory_usage
sm80_xmma_fprop_implicit_gemm_f16f16_f16f16_f16_nhwckrsc_nhwc_tilesize256x128x32_stage3_warpsize4x2x1_g1_tensor16x8x16_execute_kernel_trt,70,DeviceType.CUDA,0,0,111662.08499999967,self_device_time_total,111662.08499999967,device_time_total,0,self_device_memory_usage,0,device_memory_usage
Torch-Compiled Region: 22/5,14,DeviceType.CPU,1173.8780000014813,8662.291000000667,0.0,self_device_time_total,83878.14700000023,device_time_total,-1048576,self_device_memory_usage,1991245824,device_memory_usage
triton_poi_fused_convolution_1,14,DeviceType.CPU,64.86999999999534,111.03999999939697,107.80900000053225,self_device_time_total,107.80900000053225,device_time_total,0,self_device_memory_usage,0,device_memory_usage
triton_poi_fused_pixel_shuffle_2,14,DeviceType.CPU,99.08999999880325,176.15999999968335,16842.863999999652,self_device_time_total,16842.863999999652,device_time_total,0,self_device_memory_usage,0,device_memory_usage
Torch-Compiled Region: 24/1,14,DeviceType.CPU,711.2979999993695,1031.1170000000275,0.0,self_device_time_total,12448.770999999368,device_time_total,1991245824,self_device_memory_usage,1991245824,device_memory_usage
triton_poi_fused_add_div_mul_1,14,DeviceType.CPU,85.78000000002794,134.64999999967404,8682.810000000405,self_device_time_total,8682.810000000405,device_time_total,0,self_device_memory_usage,0,device_memory_usage
aten::silu,98,DeviceType.CPU,445.87899999920046,728.9869999986258,17972.441999998875,self_device_time_total,17972.441999998875,device_time_total,4318232576,self_device_memory_usage,4318232576,device_memory_usage
Torch-Compiled Region: 18/6,14,DeviceType.CPU,1460.096000002115,1238127.2619999999,0.0,self_device_time_total,49329.69299999776,device_time_total,0,self_device_memory_usage,61931520,device_memory_usage
cudaOccupancyMaxActiveBlocksPerMultiprocessorWithFlags,252,DeviceType.CPU,42.64900000166381,42.64900000166381,0,self_device_time_total,0,device_time_total,0,self_device_memory_usage,0,device_memory_usage
sm75_xmma_fprop_implicit_gemm_f16f16_f16f16_f16_nhwckrsc_nhwc_tilesize128x128x32_stage1_warpsize2x2x1_g1_tensor16x8x8_simple_t1r1s1_execute_kernel_trt,14,DeviceType.CUDA,0,0,939.8840000002529,self_device_time_total,939.8840000002529,device_time_total,0,self_device_memory_usage,0,device_memory_usage
"void at::native::unrolled_elementwise_kernel<at::native::direct_copy_kernel_cuda(at::TensorIteratorBase&)::{lambda()#3}::operator()() const::{lambda()#12}::operator()() const::{lambda(c10::BFloat16)#1}, std::array<char*, 2ul>, 4, TrivialOffsetCalculator<1, unsigned int>, TrivialOffsetCalculator<1, unsigned int>, at::native::memory::LoadWithCast<1>, at::native::memory::StoreWithCast<1> >(int, at::native::direct_copy_kernel_cuda(at::TensorIteratorBase&)::{lambda()#3}::operator()() const::{lambda()#12}::operator()() const::{lambda(c10::BFloat16)#1}, std::array<char*, 2ul>, TrivialOffsetCalculator<1, unsigned int>, TrivialOffsetCalculator<1, unsigned int>, at::native::memory::LoadWithCast<1>, at::native::memory::StoreWithCast<1>)",42,DeviceType.CUDA,0,0,14227.891000000993,self_device_time_total,14227.891000000993,device_time_total,0,self_device_memory_usage,0,device_memory_usage
triton_poi_fused_clone_4,14,DeviceType.CUDA,0,0,1052.7790000000386,self_device_time_total,1052.7790000000386,device_time_total,0,self_device_memory_usage,0,device_memory_usage
Memcpy DtoD (Device -> Device),136,DeviceType.CUDA,0,0,4647.1149999999325,self_device_time_total,4647.1149999999325,device_time_total,0,self_device_memory_usage,0,device_memory_usage
__myl_CastCastCastMaxDivMulMulMulMulTanhMulAddMulCast_0x17dc687ea6dc29cc053d25ed6e345fed,14,DeviceType.CUDA,0,0,3434.6910000002827,self_device_time_total,3434.6910000002827,device_time_total,0,self_device_memory_usage,0,device_memory_usage
"void cuSliceLayer::naiveSlice<short, (cuSliceLayer::Mode)0, 5>(cuSliceLayer::LaunchParams<short>)",168,DeviceType.CUDA,0,0,43647.80200000026,self_device_time_total,43647.80200000026,device_time_total,0,self_device_memory_usage,0,device_memory_usage
sm75_xmma_fprop_implicit_gemm_f16f16_f16f16_f16_nhwckrsc_nhwc_tilesize256x64x32_stage1_warpsize4x1x1_g1_tensor16x8x8_execute_kernel_trt,84,DeviceType.CUDA,0,0,289671.375999999,self_device_time_total,289671.375999999,device_time_total,0,self_device_memory_usage,0,device_memory_usage
"void cuInt8::nhwcTonchw<__half, 32, 32, 2>(__half const*, __half*, int, int, int, int, int, int)",168,DeviceType.CUDA,0,0,79161.93200000102,self_device_time_total,79161.93200000102,device_time_total,0,self_device_memory_usage,0,device_memory_usage
__myl_CastCastCastMaxDivMulMulMulMulTanhMulAddMulCast_0x1e36e4f5273c8d02e66cffb01ab89b15,70,DeviceType.CUDA,0,0,18229.314000001235,self_device_time_total,18229.314000001235,device_time_total,0,self_device_memory_usage,0,device_memory_usage
cudaEventSynchronize,224,DeviceType.CPU,1111816.595999998,1111816.595999998,0,self_device_time_total,0,device_time_total,0,self_device_memory_usage,0,device_memory_usage
triton_poi_fused_convolution_1,14,DeviceType.CUDA,0,0,107.80900000053225,self_device_time_total,107.80900000053225,device_time_total,0,self_device_memory_usage,0,device_memory_usage
triton_poi_fused_pixel_shuffle_2,14,DeviceType.CUDA,0,0,16842.863999999652,self_device_time_total,16842.863999999652,device_time_total,0,self_device_memory_usage,0,device_memory_usage
"void CUTENSOR_NAMESPACE::permutationKernelPLC3<CUTENSOR_NAMESPACE::VectorWrite2DTensorView<(unsigned char)0, (unsigned char)1, true, 4u, float, __half, CUTENSOR_NAMESPACE::GeneralUnarySmall<float> >, CUTENSOR_NAMESPACE::VectorRead2DTensorView<(unsigned char)0, (unsigned char)1, true, 4u, float, __half, CUTENSOR_NAMESPACE::GeneralUnarySmall<float> >, CUTENSOR_NAMESPACE::ThreadLevelElementwise<CUTENSOR_NAMESPACE::ElementwiseConfig1DCommonCase<CUTENSOR_NAMESPACE::GeneralUnarySmall<float>, CUTENSOR_NAMESPACE::GeneralBinary<float>, 1, 512, 1, 64, (signed char)4, true, false, true, true, false>, float>, CUTENSOR_NAMESPACE::ElementwiseRuntimePLC3<__half, float, __half, float>::Params>(CUTENSOR_NAMESPACE::ElementwiseRuntimePLC3<__half, float, __half, float>::Params)",14,DeviceType.CUDA,0,0,4363.051999999676,self_device_time_total,4363.051999999676,device_time_total,0,self_device_memory_usage,0,device_memory_usage
__myl_CastCastCastMaxDivMulMulMulMulTanhMulAddMulCast_0x05a8ab2c4765c11dcd106df1626a44cc,14,DeviceType.CUDA,0,0,8100.883999999263,self_device_time_total,8100.883999999263,device_time_total,0,self_device_memory_usage,0,device_memory_usage
sm75_xmma_fprop_implicit_gemm_f16f16_f16f16_f16_nhwckrsc_nhwc_tilesize128x128x32_stage1_warpsize2x2x1_g1_tensor16x8x8_t3r3s3_execute_kernel_trt,42,DeviceType.CUDA,0,0,193135.082,self_device_time_total,193135.082,device_time_total,0,self_device_memory_usage,0,device_memory_usage
"void CUTENSOR_NAMESPACE::permutationKernelPLC3<CUTENSOR_NAMESPACE::VectorWrite2DTensorView<(unsigned char)0, (unsigned char)1, false, 8u, float, __half, CUTENSOR_NAMESPACE::GeneralUnarySmall<float> >, CUTENSOR_NAMESPACE::VectorRead2DTensorView<(unsigned char)1, (unsigned char)0, false, 8u, float, __half, CUTENSOR_NAMESPACE::GeneralUnarySmall<float> >, CUTENSOR_NAMESPACE::ThreadLevelElementwise<CUTENSOR_NAMESPACE::ElementwiseConfig2DSmallMode0<CUTENSOR_NAMESPACE::GeneralUnarySmall<float>, CUTENSOR_NAMESPACE::GeneralBinary<float>, 2, 8, 128, 128, (signed char)8, false, false, true, false, false>, float>, CUTENSOR_NAMESPACE::ElementwiseRuntimePLC3<__half, float, __half, float>::Params>(CUTENSOR_NAMESPACE::ElementwiseRuntimePLC3<__half, float, __half, float>::Params)",70,DeviceType.CUDA,0,0,1576.8149999992456,self_device_time_total,1576.8149999992456,device_time_total,0,self_device_memory_usage,0,device_memory_usage
"void cuInt8::nchwTonhwc<__half, 1, 64, 2>(__half const*, __half*, int, int, int, int, int, int, int, int)",70,DeviceType.CUDA,0,0,122.1749999995809,self_device_time_total,122.1749999995809,device_time_total,0,self_device_memory_usage,0,device_memory_usage
__myl_CastCastCastMaxDivMulMulMulMulTanhMulAddMulCast_0x4bf01a038e4b453ffc222b95e98d0814,70,DeviceType.CUDA,0,0,44017.89699999831,self_device_time_total,44017.89699999831,device_time_total,0,self_device_memory_usage,0,device_memory_usage
sm75_xmma_fprop_implicit_gemm_indexed_f16f16_f16f16_f16_nhwckrsc_nhwc_tilesize128x128x32_stage1_warpsize2x2x1_g1_tensor16x8x8_execute_kernel_trt,42,DeviceType.CUDA,0,0,198756.135,self_device_time_total,198756.135,device_time_total,0,self_device_memory_usage,0,device_memory_usage
triton_poi_fused_add_div_mul_1,14,DeviceType.CUDA,0,0,8682.810000000405,self_device_time_total,8682.810000000405,device_time_total,0,self_device_memory_usage,0,device_memory_usage
"void at::native::vectorized_elementwise_kernel<4, at::native::(anonymous namespace)::silu_kernel(at::TensorIteratorBase&)::{lambda()#1}::operator()() const::{lambda()#6}::operator()() const::{lambda(c10::BFloat16)#1}, std::array<char*, 2ul> >(int, at::native::(anonymous namespace)::silu_kernel(at::TensorIteratorBase&)::{lambda()#1}::operator()() const::{lambda()#6}::operator()() const::{lambda(c10::BFloat16)#1}, std::array<char*, 2ul>)",98,DeviceType.CUDA,0,0,17972.441999998875,self_device_time_total,17972.441999998875,device_time_total,0,self_device_memory_usage,0,device_memory_usage
"void nhwcAddPaddingKernel<__nv_bfloat16, __nv_bfloat16, float, true, (cudnnKernelDataType_t)0>(int, int, int, int, int, int, int, int, __nv_bfloat16 const*, __nv_bfloat16*, int, int, int, int, float, float, cudnn::reduced_divisor, cudnn::reduced_divisor, cudnn::reduced_divisor)",28,DeviceType.CUDA,0,0,563.6249999991851,self_device_time_total,563.6249999991851,device_time_total,0,self_device_memory_usage,0,device_memory_usage
sm80_xmma_fprop_implicit_gemm_bf16bf16_bf16f32_f32_nhwckrsc_nhwc_tilesize256x32x32_stage4_warpsize4x1x1_g1_tensor16x8x16_execute_kernel__5x_cudnn,22,DeviceType.CUDA,0,0,79351.76000000013,self_device_time_total,79351.76000000013,device_time_total,0,self_device_memory_usage,0,device_memory_usage
cudaFree,93,DeviceType.CPU,114691.41399999848,114691.41399999848,0,self_device_time_total,0,device_time_total,0,self_device_memory_usage,0,device_memory_usage
aten::clamp_,2,DeviceType.CPU,19.270000000018626,30.648999999975786,87.96800000034273,self_device_time_total,87.96800000034273,device_time_total,0,self_device_memory_usage,0,device_memory_usage
aten::detach,4,DeviceType.CPU,7.5499999998137355,21.96999999997206,0,self_device_time_total,0,device_time_total,0,self_device_memory_usage,0,device_memory_usage
detach,4,DeviceType.CPU,14.420000000158325,14.420000000158325,0,self_device_time_total,0,device_time_total,0,self_device_memory_usage,0,device_memory_usage
"void at::native::vectorized_elementwise_kernel<4, at::native::CUDAFunctorOnSelf_add<c10::BFloat16>, std::array<char*, 2ul> >(int, at::native::CUDAFunctorOnSelf_add<c10::BFloat16>, std::array<char*, 2ul>)",112,DeviceType.CUDA,0,0,10062.69599999697,self_device_time_total,10062.69599999697,device_time_total,0,self_device_memory_usage,0,device_memory_usage
aten::gt,16,DeviceType.CPU,106.81999999983236,157.0,788.4879999998957,self_device_time_total,788.4879999998957,device_time_total,153145344,self_device_memory_usage,153145344,device_memory_usage
aten::where,18,DeviceType.CPU,107.81999999796972,227.34000000031665,2010.5799999996088,self_device_time_total,2010.5799999996088,device_time_total,0,self_device_memory_usage,299303936,device_memory_usage
"void at::native::vectorized_elementwise_kernel<4, at::native::BUnaryFunctor<c10::BFloat16, c10::BFloat16, c10::BFloat16, at::native::binary_internal::MulFunctor<float> >, std::array<char*, 2ul> >(int, at::native::BUnaryFunctor<c10::BFloat16, c10::BFloat16, c10::BFloat16, at::native::binary_internal::MulFunctor<float> >, std::array<char*, 2ul>)",24,DeviceType.CUDA,0,0,1217.7730000000447,self_device_time_total,1217.7730000000447,device_time_total,0,self_device_memory_usage,0,device_memory_usage
"void at::native::vectorized_elementwise_kernel<4, at::native::compare_scalar_kernel<c10::BFloat16>(at::TensorIteratorBase&, at::native::(anonymous namespace)::OpType, c10::BFloat16)::{lambda(c10::BFloat16)#1}, std::array<char*, 2ul> >(int, at::native::compare_scalar_kernel<c10::BFloat16>(at::TensorIteratorBase&, at::native::(anonymous namespace)::OpType, c10::BFloat16)::{lambda(c10::BFloat16)#1}, std::array<char*, 2ul>)",16,DeviceType.CUDA,0,0,564.3899999994319,self_device_time_total,564.3899999994319,device_time_total,0,self_device_memory_usage,0,device_memory_usage
"void at::native::vectorized_elementwise_kernel<4, at::native::(anonymous namespace)::pow_tensor_scalar_kernel_impl<c10::BFloat16, c10::BFloat16>(at::TensorIteratorBase&, c10::BFloat16)::{lambda(c10::BFloat16)#4}, std::array<char*, 2ul> >(int, at::native::(anonymous namespace)::pow_tensor_scalar_kernel_impl<c10::BFloat16, c10::BFloat16>(at::TensorIteratorBase&, c10::BFloat16)::{lambda(c10::BFloat16)#4}, std::array<char*, 2ul>)",10,DeviceType.CUDA,0,0,914.6650000005029,self_device_time_total,914.6650000005029,device_time_total,0,self_device_memory_usage,0,device_memory_usage
"void at::native::vectorized_elementwise_kernel<4, at::native::(anonymous namespace)::where_kernel_impl(at::TensorIterator&)::{lambda()#1}::operator()() const::{lambda()#3}::operator()() const::{lambda(bool, c10::BFloat16, c10::BFloat16)#1}, std::array<char*, 4ul> >(int, at::native::(anonymous namespace)::where_kernel_impl(at::TensorIterator&)::{lambda()#1}::operator()() const::{lambda()#3}::operator()() const::{lambda(bool, c10::BFloat16, c10::BFloat16)#1}, std::array<char*, 4ul>)",18,DeviceType.CUDA,0,0,2010.5799999996088,self_device_time_total,2010.5799999996088,device_time_total,0,self_device_memory_usage,0,device_memory_usage
aten::detach_,12,DeviceType.CPU,9.210000000195578,14.260000000707805,0,self_device_time_total,0,device_time_total,0,self_device_memory_usage,0,device_memory_usage
detach_,12,DeviceType.CPU,5.050000000512227,5.050000000512227,0,self_device_time_total,0,device_time_total,0,self_device_memory_usage,0,device_memory_usage
aten::numpy_T,6,DeviceType.CPU,4.750000000698492,18.630000000586733,0,self_device_time_total,0,device_time_total,0,self_device_memory_usage,0,device_memory_usage
aten::matmul,6,DeviceType.CPU,10.319999999599531,297.660000000149,0.0,self_device_time_total,5130.933000000194,device_time_total,0,self_device_memory_usage,148275200,device_memory_usage
aten::mm,6,DeviceType.CPU,208.71999999973923,287.3400000005495,5130.933000000194,self_device_time_total,5130.933000000194,device_time_total,148275200,self_device_memory_usage,148275200,device_memory_usage
void cutlass::Kernel2<cutlass_75_tensorop_bf16_s1688gemm_bf16_64x128_tn_align1>(cutlass_75_tensorop_bf16_s1688gemm_bf16_64x128_tn_align1::Params),24,DeviceType.CUDA,0,0,4948.691000000341,self_device_time_total,4948.691000000341,device_time_total,0,self_device_memory_usage,0,device_memory_usage
aten::as_strided_,2,DeviceType.CPU,7.6399999998975545,7.6399999998975545,0,self_device_time_total,0,device_time_total,0,self_device_memory_usage,0,device_memory_usage
"void at::native::vectorized_elementwise_kernel<4, at::native::AUnaryFunctor<c10::BFloat16, c10::BFloat16, c10::BFloat16, at::native::binary_internal::MulFunctor<float> >, std::array<char*, 2ul> >(int, at::native::AUnaryFunctor<c10::BFloat16, c10::BFloat16, c10::BFloat16, at::native::binary_internal::MulFunctor<float> >, std::array<char*, 2ul>)",114,DeviceType.CUDA,0,0,10552.204999998212,self_device_time_total,10552.204999998212,device_time_total,0,self_device_memory_usage,0,device_memory_usage
"void at::native::elementwise_kernel<128, 4, at::native::gpu_kernel_impl_nocast<at::native::AUnaryFunctor<c10::BFloat16, c10::BFloat16, c10::BFloat16, at::native::binary_internal::MulFunctor<float> > >(at::TensorIteratorBase&, at::native::AUnaryFunctor<c10::BFloat16, c10::BFloat16, c10::BFloat16, at::native::binary_internal::MulFunctor<float> > const&)::{lambda(int)#1}>(int, at::native::gpu_kernel_impl_nocast<at::native::AUnaryFunctor<c10::BFloat16, c10::BFloat16, c10::BFloat16, at::native::binary_internal::MulFunctor<float> > >(at::TensorIteratorBase&, at::native::AUnaryFunctor<c10::BFloat16, c10::BFloat16, c10::BFloat16, at::native::binary_internal::MulFunctor<float> > const&)::{lambda(int)#1})",4,DeviceType.CUDA,0,0,196.28999999980442,self_device_time_total,196.28999999980442,device_time_total,0,self_device_memory_usage,0,device_memory_usage
void cutlass::Kernel2<cutlass_75_tensorop_bf16_s1688gemm_bf16_128x256_tt_align1>(cutlass_75_tensorop_bf16_s1688gemm_bf16_128x256_tt_align1::Params),2,DeviceType.CUDA,0,0,182.24199999985285,self_device_time_total,182.24199999985285,device_time_total,0,self_device_memory_usage,0,device_memory_usage
"void at::native::reduce_kernel<512, 1, at::native::ReduceOp<c10::BFloat16, at::native::MeanOps<c10::BFloat16, float, float, c10::BFloat16>, unsigned int, c10::BFloat16, 4, 4> >(at::native::ReduceOp<c10::BFloat16, at::native::MeanOps<c10::BFloat16, float, float, c10::BFloat16>, unsigned int, c10::BFloat16, 4, 4>)",4,DeviceType.CUDA,0,0,254.497999999905,self_device_time_total,254.497999999905,device_time_total,0,self_device_memory_usage,0,device_memory_usage
aten::std,4,DeviceType.CPU,39.26000000000931,73.20999999972992,210.1780000005383,self_device_time_total,210.1780000005383,device_time_total,0,self_device_memory_usage,2048,device_memory_usage
"void at::native::reduce_kernel<512, 1, at::native::ReduceOp<c10::BFloat16, at::native::WelfordOps<c10::BFloat16, float, int, thrust::THRUST_200700_750_800_860_900_1000_1200_NS::pair<c10::BFloat16, c10::BFloat16> >, unsigned int, c10::BFloat16, 2, 2> >(at::native::ReduceOp<c10::BFloat16, at::native::WelfordOps<c10::BFloat16, float, int, thrust::THRUST_200700_750_800_860_900_1000_1200_NS::pair<c10::BFloat16, c10::BFloat16> >, unsigned int, c10::BFloat16, 2, 2>)",4,DeviceType.CUDA,0,0,208.22600000048988,self_device_time_total,208.22600000048988,device_time_total,0,self_device_memory_usage,0,device_memory_usage
aten::lt,2,DeviceType.CPU,14.590000000083819,20.140000000130385,3.2320000000763685,self_device_time_total,3.2320000000763685,device_time_total,1024,self_device_memory_usage,1024,device_memory_usage
aten::ones_like,2,DeviceType.CPU,6.080000000074506,33.27899999986403,0.0,self_device_time_total,1.983999999705702,device_time_total,0,self_device_memory_usage,1024,device_memory_usage
"void at::native::vectorized_elementwise_kernel<4, at::native::FillFunctor<c10::BFloat16>, std::array<char*, 1ul> >(int, at::native::FillFunctor<c10::BFloat16>, std::array<char*, 1ul>)",102,DeviceType.CUDA,0,0,8896.124999999534,self_device_time_total,8896.124999999534,device_time_total,0,self_device_memory_usage,0,device_memory_usage
"void at::native::elementwise_kernel<128, 4, at::native::gpu_kernel_impl_nocast<at::native::CUDAFunctorOnSelf_add<c10::BFloat16> >(at::TensorIteratorBase&, at::native::CUDAFunctorOnSelf_add<c10::BFloat16> const&)::{lambda(int)#1}>(int, at::native::gpu_kernel_impl_nocast<at::native::CUDAFunctorOnSelf_add<c10::BFloat16> >(at::TensorIteratorBase&, at::native::CUDAFunctorOnSelf_add<c10::BFloat16> const&)::{lambda(int)#1})",4,DeviceType.CUDA,0,0,299.29799999995157,self_device_time_total,299.29799999995157,device_time_total,0,self_device_memory_usage,0,device_memory_usage
"void at::native::elementwise_kernel<128, 4, at::native::gpu_kernel_impl_nocast<at::native::BUnaryFunctor<c10::BFloat16, c10::BFloat16, c10::BFloat16, at::native::binary_internal::MulFunctor<float> > >(at::TensorIteratorBase&, at::native::BUnaryFunctor<c10::BFloat16, c10::BFloat16, c10::BFloat16, at::native::binary_internal::MulFunctor<float> > const&)::{lambda(int)#1}>(int, at::native::gpu_kernel_impl_nocast<at::native::BUnaryFunctor<c10::BFloat16, c10::BFloat16, c10::BFloat16, at::native::binary_internal::MulFunctor<float> > >(at::TensorIteratorBase&, at::native::BUnaryFunctor<c10::BFloat16, c10::BFloat16, c10::BFloat16, at::native::binary_internal::MulFunctor<float> > const&)::{lambda(int)#1})",6,DeviceType.CUDA,0,0,630.5340000002179,self_device_time_total,630.5340000002179,device_time_total,0,self_device_memory_usage,0,device_memory_usage
"void at::native::vectorized_elementwise_kernel<4, at::native::(anonymous namespace)::pow_tensor_scalar_kernel_impl<c10::BFloat16, c10::BFloat16>(at::TensorIteratorBase&, c10::BFloat16)::{lambda(c10::BFloat16)#2}, std::array<char*, 2ul> >(int, at::native::(anonymous namespace)::pow_tensor_scalar_kernel_impl<c10::BFloat16, c10::BFloat16>(at::TensorIteratorBase&, c10::BFloat16)::{lambda(c10::BFloat16)#2}, std::array<char*, 2ul>)",10,DeviceType.CUDA,0,0,215.68400000059046,self_device_time_total,215.68400000059046,device_time_total,0,self_device_memory_usage,0,device_memory_usage
"void at::native::elementwise_kernel<128, 4, at::native::gpu_kernel_impl_nocast<at::native::compare_scalar_kernel<c10::BFloat16>(at::TensorIteratorBase&, at::native::(anonymous namespace)::OpType, c10::BFloat16)::{lambda(c10::BFloat16)#1}>(at::TensorIteratorBase&, at::native::compare_scalar_kernel<c10::BFloat16>(at::TensorIteratorBase&, at::native::(anonymous namespace)::OpType, c10::BFloat16)::{lambda(c10::BFloat16)#1} const&)::{lambda(int)#1}>(int, at::native::gpu_kernel_impl_nocast<at::native::compare_scalar_kernel<c10::BFloat16>(at::TensorIteratorBase&, at::native::(anonymous namespace)::OpType, c10::BFloat16)::{lambda(c10::BFloat16)#1}>(at::TensorIteratorBase&, at::native::compare_scalar_kernel<c10::BFloat16>(at::TensorIteratorBase&, at::native::(anonymous namespace)::OpType, c10::BFloat16)::{lambda(c10::BFloat16)#1} const&)::{lambda(int)#1})",2,DeviceType.CUDA,0,0,227.33000000054017,self_device_time_total,227.33000000054017,device_time_total,0,self_device_memory_usage,0,device_memory_usage
aten::pad,114,DeviceType.CPU,127.73000000067987,2967.811000001384,0.0,self_device_time_total,25198.40799999959,device_time_total,0,self_device_memory_usage,5208163328,device_memory_usage
aten::constant_pad_nd,114,DeviceType.CPU,505.4180000028573,2840.081000000704,0.0,self_device_time_total,25198.40799999959,device_time_total,0,self_device_memory_usage,5208163328,device_memory_usage
aten::conv3d,102,DeviceType.CPU,127.21000000205822,5589.518000001786,0.0,self_device_time_total,207903.0749999946,device_time_total,0,self_device_memory_usage,3045070848,device_memory_usage
"void implicit_convolveNd_sgemm<__nv_bfloat16, 3, 1024, 5, 5, 3, 3, 3, 1, false, false, true>(int, int, int, __nv_bfloat16 const*, int, __nv_bfloat16*, __nv_bfloat16 const*, kernel_convNd_params, unsigned long long, int, float, float, int, __nv_bfloat16 const*, __nv_bfloat16 const*, bool, bool)",4,DeviceType.CUDA,0,0,3982.376999999862,self_device_time_total,3982.376999999862,device_time_total,0,self_device_memory_usage,0,device_memory_usage
aten::linalg_vector_norm,88,DeviceType.CPU,655.990000000922,963.730000000447,4588.399000000907,self_device_time_total,4588.399000000907,device_time_total,22114304,self_device_memory_usage,22114304,device_memory_usage
aten::expand_as,88,DeviceType.CPU,85.07000000099652,356.07899999967776,0,self_device_time_total,0,device_time_total,0,self_device_memory_usage,0,device_memory_usage
aten::expand,88,DeviceType.CPU,200.79999999911524,271.00899999868125,0,self_device_time_total,0,device_time_total,0,self_device_memory_usage,0,device_memory_usage
"void at::native::reduce_kernel<128, 4, at::native::ReduceOp<c10::BFloat16, at::native::NormTwoOps<c10::BFloat16, float, c10::BFloat16>, unsigned int, c10::BFloat16, 4, 4> >(at::native::ReduceOp<c10::BFloat16, at::native::NormTwoOps<c10::BFloat16, float, c10::BFloat16>, unsigned int, c10::BFloat16, 4, 4>)",88,DeviceType.CUDA,0,0,4588.399000000907,self_device_time_total,4588.399000000907,device_time_total,0,self_device_memory_usage,0,device_memory_usage
aten::conv2d,20,DeviceType.CPU,27.40000000107102,880.5580000004265,0.0,self_device_time_total,8234.453000000445,device_time_total,0,self_device_memory_usage,184877056,device_memory_usage
aten::chunk,6,DeviceType.CPU,11.039999999571592,61.68999999994412,0,self_device_time_total,0,device_time_total,0,self_device_memory_usage,0,device_memory_usage
aten::split,6,DeviceType.CPU,17.6800000006333,50.65000000037253,0,self_device_time_total,0,device_time_total,0,self_device_memory_usage,0,device_memory_usage
ampere_bf16_s1688gemm_bf16_128x128_ldg8_f2f_stages_32x1_nn,12,DeviceType.CUDA,0,0,907.9450000000652,self_device_time_total,907.9450000000652,device_time_total,0,self_device_memory_usage,0,device_memory_usage
void cutlass__5x_cudnn::Kernel<cutlass_tensorop_bf16_s16816fprop_optimized_bf16_64x128_64x3_nhwc_align8>(cutlass_tensorop_bf16_s16816fprop_optimized_bf16_64x128_64x3_nhwc_align8::Params),4,DeviceType.CUDA,0,0,1596.784000000218,self_device_time_total,1596.784000000218,device_time_total,0,self_device_memory_usage,0,device_memory_usage
void cutlass::Kernel2<cutlass_80_wmma_tensorop_bf16_s161616gemm_bf16_32x32_32x1_nn_align8>(cutlass_80_wmma_tensorop_bf16_s161616gemm_bf16_32x32_32x1_nn_align8::Params),2,DeviceType.CUDA,0,0,4.640000000130385,self_device_time_total,4.640000000130385,device_time_total,0,self_device_memory_usage,0,device_memory_usage
aten::clip,2,DeviceType.CPU,3.200000000419095,32.679000000236556,0.0,self_device_time_total,664.933999999892,device_time_total,0,self_device_memory_usage,145981440,device_memory_usage
"void at::native::vectorized_elementwise_kernel<4, at::native::(anonymous namespace)::launch_clamp_scalar(at::TensorIteratorBase&, c10::Scalar, c10::Scalar, at::native::detail::ClampLimits)::{lambda()#1}::operator()() const::{lambda()#7}::operator()() const::{lambda(float)#1}, std::array<char*, 2ul> >(int, at::native::(anonymous namespace)::launch_clamp_scalar(at::TensorIteratorBase&, c10::Scalar, c10::Scalar, at::native::detail::ClampLimits)::{lambda()#1}::operator()() const::{lambda()#7}::operator()() const::{lambda(float)#1}, std::array<char*, 2ul>)",2,DeviceType.CUDA,0,0,664.933999999892,self_device_time_total,664.933999999892,device_time_total,0,self_device_memory_usage,0,device_memory_usage
"void at::native::vectorized_elementwise_kernel<4, at::native::AUnaryFunctor<float, float, float, at::native::binary_internal::MulFunctor<float> >, std::array<char*, 2ul> >(int, at::native::AUnaryFunctor<float, float, float, at::native::binary_internal::MulFunctor<float> >, std::array<char*, 2ul>)",2,DeviceType.CUDA,0,0,675.87900000019,self_device_time_total,675.87900000019,device_time_total,0,self_device_memory_usage,0,device_memory_usage
Memcpy DtoH (Device -> Pageable),2,DeviceType.CUDA,0,0,45426.48499999964,self_device_time_total,45426.48499999964,device_time_total,0,self_device_memory_usage,0,device_memory_usage
aten::isfinite,2,DeviceType.CPU,5407.086999999592,33856.95599999977,0,self_device_time_total,0,device_time_total,0,self_device_memory_usage,0,device_memory_usage
aten::abs,4,DeviceType.CPU,12595.487999999663,25178.34599999967,0,self_device_time_total,0,device_time_total,0,self_device_memory_usage,0,device_memory_usage
aten::ne,2,DeviceType.CPU,5506.616000000155,5547.1760000002105,0,self_device_time_total,0,device_time_total,0,self_device_memory_usage,0,device_memory_usage
aten::eq,2,DeviceType.CPU,7044.033000000054,7044.033000000054,0,self_device_time_total,0,device_time_total,0,self_device_memory_usage,0,device_memory_usage
aten::all,2,DeviceType.CPU,2929.012999999337,2976.8519999999553,0,self_device_time_total,0,device_time_total,0,self_device_memory_usage,0,device_memory_usage
aten::is_nonzero,2,DeviceType.CPU,4.37000000057742,12.860000000102445,0,self_device_time_total,0,device_time_total,0,self_device_memory_usage,0,device_memory_usage
aten::item,2,DeviceType.CPU,5.029999999795109,8.489999999525025,0,self_device_time_total,0,device_time_total,0,self_device_memory_usage,0,device_memory_usage
aten::_local_scalar_dense,2,DeviceType.CPU,3.4599999997299165,3.4599999997299165,0,self_device_time_total,0,device_time_total,0,self_device_memory_usage,0,device_memory_usage
aten::resolve_conj,2,DeviceType.CPU,0.8300000000745058,0.8300000000745058,0,self_device_time_total,0,device_time_total,0,self_device_memory_usage,0,device_memory_usage
aten::resolve_neg,2,DeviceType.CPU,0.590000000083819,0.590000000083819,0,self_device_time_total,0,device_time_total,0,self_device_memory_usage,0,device_memory_usage
cudaEventElapsedTime,10,DeviceType.CPU,25.65999999968335,25.65999999968335,0,self_device_time_total,0,device_time_total,0,self_device_memory_usage,0,device_memory_usage
Buffer Flush,2,DeviceType.CPU,98.94000000017695,98.94000000017695,911.3049999999348,self_device_time_total,911.3049999999348,device_time_total,1048576,self_device_memory_usage,1048576,device_memory_usage
