Processing /workspace/experiments/pro30-deps/SageAttention-sm89
  Preparing metadata (pyproject.toml): started
  Preparing metadata (pyproject.toml): finished with status 'done'
Building wheels for collected packages: sageattention
  Building wheel for sageattention (pyproject.toml): started
  Building wheel for sageattention (pyproject.toml): still running...
  Building wheel for sageattention (pyproject.toml): still running...
  Building wheel for sageattention (pyproject.toml): still running...
  Building wheel for sageattention (pyproject.toml): finished with status 'error'
  error: subprocess-exited-with-error
  
  × Building wheel for sageattention (pyproject.toml) did not run successfully.
  │ exit code: 1
  ╰─> [2010 lines of output]
      Target compute capabilities: {'8.9'}
      /workspace/SoulX-FlashHead/.venv/lib/python3.10/site-packages/wheel/bdist_wheel.py:4: FutureWarning: The 'wheel' package is no longer the canonical location of the 'bdist_wheel' command, and will be removed in a future release. Please update to setuptools v70.1 or later which contains an integrated version of this command.
        warn(
      running bdist_wheel
      running build
      running build_py
      creating build
      creating build/lib.linux-x86_64-3.10
      creating build/lib.linux-x86_64-3.10/sageattention
      copying sageattention/__init__.py -> build/lib.linux-x86_64-3.10/sageattention
      copying sageattention/core.py -> build/lib.linux-x86_64-3.10/sageattention
      copying sageattention/fa3_wrapper.py -> build/lib.linux-x86_64-3.10/sageattention
      copying sageattention/quant.py -> build/lib.linux-x86_64-3.10/sageattention
      copying sageattention/sm80_compile.py -> build/lib.linux-x86_64-3.10/sageattention
      copying sageattention/sm89_compile.py -> build/lib.linux-x86_64-3.10/sageattention
      copying sageattention/sm90_compile.py -> build/lib.linux-x86_64-3.10/sageattention
      creating build/lib.linux-x86_64-3.10/sageattention/triton
      copying sageattention/triton/__init__.py -> build/lib.linux-x86_64-3.10/sageattention/triton
      copying sageattention/triton/attn_qk_int8_block_varlen.py -> build/lib.linux-x86_64-3.10/sageattention/triton
      copying sageattention/triton/attn_qk_int8_per_block.py -> build/lib.linux-x86_64-3.10/sageattention/triton
      copying sageattention/triton/attn_qk_int8_per_block_causal.py -> build/lib.linux-x86_64-3.10/sageattention/triton
      copying sageattention/triton/attn_qk_int8_per_block_causal_varlen.py -> build/lib.linux-x86_64-3.10/sageattention/triton
      copying sageattention/triton/quant_per_block.py -> build/lib.linux-x86_64-3.10/sageattention/triton
      copying sageattention/triton/quant_per_block_varlen.py -> build/lib.linux-x86_64-3.10/sageattention/triton
      copying sageattention/triton/quant_per_thread.py -> build/lib.linux-x86_64-3.10/sageattention/triton
      running build_ext
      /workspace/SoulX-FlashHead/.venv/lib/python3.10/site-packages/torch/utils/cpp_extension.py:490: UserWarning: There are no x86_64-linux-gnu-g++ version bounds defined for CUDA version 12.8
        warnings.warn(f'There are no {compiler_name} version bounds defined for CUDA version {cuda_str_version}')
      building 'sageattention._qattn_sm80' extension
      creating /workspace/experiments/pro30-deps/SageAttention-sm89/build/temp.linux-x86_64-3.10
      creating /workspace/experiments/pro30-deps/SageAttention-sm89/build/temp.linux-x86_64-3.10/sageattention._qattn_sm80
      creating /workspace/experiments/pro30-deps/SageAttention-sm89/build/temp.linux-x86_64-3.10/sageattention._qattn_sm80/csrc
      creating /workspace/experiments/pro30-deps/SageAttention-sm89/build/temp.linux-x86_64-3.10/sageattention._qattn_sm80/csrc/qattn
      Emitting ninja build file /workspace/experiments/pro30-deps/SageAttention-sm89/build/temp.linux-x86_64-3.10/sageattention._qattn_sm80/build.ninja...
      Compiling objects...
      Using envvar MAX_JOBS (2) as the number of workers...
      [1/2] c++ -MMD -MF /workspace/experiments/pro30-deps/SageAttention-sm89/build/temp.linux-x86_64-3.10/sageattention._qattn_sm80/csrc/qattn/pybind_sm80.o.d -Wno-unused-result -Wsign-compare -DNDEBUG -g -fwrapv -O2 -Wall -g -fstack-protector-strong -Wformat -Werror=format-security -g -fwrapv -O2 -g -fstack-protector-strong -Wformat -Werror=format-security -Wdate-time -D_FORTIFY_SOURCE=2 -fPIC -I/workspace/SoulX-FlashHead/.venv/lib/python3.10/site-packages/torch/include -I/workspace/SoulX-FlashHead/.venv/lib/python3.10/site-packages/torch/include/torch/csrc/api/include -I/workspace/experiments/pro30-deps/cuda-12.8/include -I/workspace/SoulX-FlashHead/.venv/include -I/usr/include/python3.10 -c -c /workspace/experiments/pro30-deps/SageAttention-sm89/csrc/qattn/pybind_sm80.cpp -o /workspace/experiments/pro30-deps/SageAttention-sm89/build/temp.linux-x86_64-3.10/sageattention._qattn_sm80/csrc/qattn/pybind_sm80.o -g -O3 -fopenmp -lgomp -std=c++17 -DENABLE_BF16 -D_GLIBCXX_USE_CXX11_ABI=1 -DTORCH_API_INCLUDE_EXTENSION_H '-DPYBIND11_COMPILER_TYPE="_gcc"' '-DPYBIND11_STDLIB="_libstdcpp"' '-DPYBIND11_BUILD_ABI="_cxxabi1016"' -DTORCH_EXTENSION_NAME=_qattn_sm80 -D_GLIBCXX_USE_CXX11_ABI=1
      [2/2] /workspace/experiments/pro30-deps/cuda-12.8/bin/nvcc --generate-dependencies-with-compile --dependency-output /workspace/experiments/pro30-deps/SageAttention-sm89/build/temp.linux-x86_64-3.10/sageattention._qattn_sm80/csrc/qattn/qk_int_sv_f16_cuda_sm80.o.d -I/workspace/SoulX-FlashHead/.venv/lib/python3.10/site-packages/torch/include -I/workspace/SoulX-FlashHead/.venv/lib/python3.10/site-packages/torch/include/torch/csrc/api/include -I/workspace/experiments/pro30-deps/cuda-12.8/include -I/workspace/SoulX-FlashHead/.venv/include -I/usr/include/python3.10 -c -c /workspace/experiments/pro30-deps/SageAttention-sm89/csrc/qattn/qk_int_sv_f16_cuda_sm80.cu -o /workspace/experiments/pro30-deps/SageAttention-sm89/build/temp.linux-x86_64-3.10/sageattention._qattn_sm80/csrc/qattn/qk_int_sv_f16_cuda_sm80.o -D__CUDA_NO_HALF_OPERATORS__ -D__CUDA_NO_HALF_CONVERSIONS__ -D__CUDA_NO_BFLOAT16_CONVERSIONS__ -D__CUDA_NO_HALF2_OPERATORS__ --expt-relaxed-constexpr --compiler-options ''"'"'-fPIC'"'"'' -O3 -std=c++17 -U__CUDA_NO_HALF_OPERATORS__ -U__CUDA_NO_HALF_CONVERSIONS__ --use_fast_math --threads=8 -Xptxas=-v -diag-suppress=174 --threads 2 -D_GLIBCXX_USE_CXX11_ABI=1 -gencode arch=compute_89,code=sm_89 -DTORCH_API_INCLUDE_EXTENSION_H '-DPYBIND11_COMPILER_TYPE="_gcc"' '-DPYBIND11_STDLIB="_libstdcpp"' '-DPYBIND11_BUILD_ABI="_cxxabi1016"' -DTORCH_EXTENSION_NAME=_qattn_sm80 -D_GLIBCXX_USE_CXX11_ABI=1
      nvcc warning : incompatible redefinition for option 'threads', the last value of this option was used
      In file included from /workspace/experiments/pro30-deps/SageAttention-sm89/csrc/qattn/qk_int_sv_f16_cuda_sm80.cu:17:
      /workspace/experiments/pro30-deps/SageAttention-sm89/csrc/qattn/../utils.cuh:36:37: warning: backslash-newline at end of file
         36 | #define CHECK_LASTDIM_CONTIGUOUS(x) \
            |
      In file included from /workspace/experiments/pro30-deps/SageAttention-sm89/csrc/qattn/qk_int_sv_f16_cuda_sm80.cu:17:
      /workspace/experiments/pro30-deps/SageAttention-sm89/csrc/qattn/../utils.cuh:36:37: warning: backslash-newline at end of file
         36 | #define CHECK_LASTDIM_CONTIGUOUS(x) \
            |
      ptxas info    : 11 bytes gmem, 88 bytes cmem[4]
      ptxas info    : Compiling entry function '_Z25qk_int_sv_f16_attn_kernelILj128ELj64ELj32ELj64ELj128EL8DataType1EL16QuantGranularity3ELS1_3E6__halfLb0E13__nv_bfloat16L11ComputeUnit0EL8MaskMode0ELb0ELb1EEvPaS6_PS2_PT9_PfSA_SA_S9_jjjjjjjjjjjjjjjf' for 'sm_89'
      ptxas info    : Function properties for _Z25qk_int_sv_f16_attn_kernelILj128ELj64ELj32ELj64ELj128EL8DataType1EL16QuantGranularity3ELS1_3E6__halfLb0E13__nv_bfloat16L11ComputeUnit0EL8MaskMode0ELb0ELb1EEvPaS6_PS2_PT9_PfSA_SA_S9_jjjjjjjjjjjjjjjf
          0 bytes stack frame, 0 bytes spill stores, 0 bytes spill loads
      ptxas info    : Used 254 registers, used 1 barriers, 480 bytes cmem[0], 16 bytes cmem[2]
      ptxas info    : Compile time = 212.790 ms
      ptxas info    : Compiling entry function '_Z25qk_int_sv_f16_attn_kernelILj128ELj64ELj32ELj64ELj128EL8DataType1EL16QuantGranularity3ELS1_3E6__halfLb0ES2_L11ComputeUnit0EL8MaskMode0ELb0ELb1EEvPaS5_PS2_PT9_PfS9_S9_S8_jjjjjjjjjjjjjjjf' for 'sm_89'
      ptxas info    : Function properties for _Z25qk_int_sv_f16_attn_kernelILj128ELj64ELj32ELj64ELj128EL8DataType1EL16QuantGranularity3ELS1_3E6__halfLb0ES2_L11ComputeUnit0EL8MaskMode0ELb0ELb1EEvPaS5_PS2_PT9_PfS9_S9_S8_jjjjjjjjjjjjjjjf
          0 bytes stack frame, 0 bytes spill stores, 0 bytes spill loads
      ptxas info    : Used 252 registers, used 1 barriers, 480 bytes cmem[0], 16 bytes cmem[2]
      ptxas info    : Compile time = 201.477 ms
      ptxas info    : Compiling entry function '_Z25qk_int_sv_f16_attn_kernelILj128ELj64ELj32ELj64ELj128EL8DataType1EL16QuantGranularity3ELS1_3E6__halfLb0E13__nv_bfloat16L11ComputeUnit0EL8MaskMode0ELb1ELb1EEvPaS6_PS2_PT9_PfSA_SA_S9_jjjjjjjjjjjjjjjf' for 'sm_89'
      ptxas info    : Function properties for _Z25qk_int_sv_f16_attn_kernelILj128ELj64ELj32ELj64ELj128EL8DataType1EL16QuantGranularity3ELS1_3E6__halfLb0E13__nv_bfloat16L11ComputeUnit0EL8MaskMode0ELb1ELb1EEvPaS6_PS2_PT9_PfSA_SA_S9_jjjjjjjjjjjjjjjf
          32 bytes stack frame, 0 bytes spill stores, 0 bytes spill loads
      ptxas info    : Used 254 registers, used 1 barriers, 32 bytes cumulative stack size, 480 bytes cmem[0], 16 bytes cmem[2]
      ptxas info    : Compile time = 213.983 ms
      ptxas info    : Compiling entry function '_Z25qk_int_sv_f16_attn_kernelILj128ELj64ELj32ELj64ELj128EL8DataType1EL16QuantGranularity3ELS1_3E6__halfLb0ES2_L11ComputeUnit0EL8MaskMode0ELb1ELb1EEvPaS5_PS2_PT9_PfS9_S9_S8_jjjjjjjjjjjjjjjf' for 'sm_89'
      ptxas info    : Function properties for _Z25qk_int_sv_f16_attn_kernelILj128ELj64ELj32ELj64ELj128EL8DataType1EL16QuantGranularity3ELS1_3E6__halfLb0ES2_L11ComputeUnit0EL8MaskMode0ELb1ELb1EEvPaS5_PS2_PT9_PfS9_S9_S8_jjjjjjjjjjjjjjjf
          32 bytes stack frame, 0 bytes spill stores, 0 bytes spill loads
      ptxas info    : Used 252 registers, used 1 barriers, 32 bytes cumulative stack size, 480 bytes cmem[0], 16 bytes cmem[2]
      ptxas info    : Compile time = 201.529 ms
      ptxas info    : Compiling entry function '_Z25qk_int_sv_f16_attn_kernelILj128ELj64ELj32ELj64ELj128EL8DataType1EL16QuantGranularity2ELS1_2E6__halfLb0E13__nv_bfloat16L11ComputeUnit0EL8MaskMode0ELb0ELb1EEvPaS6_PS2_PT9_PfSA_SA_S9_jjjjjjjjjjjjjjjf' for 'sm_89'
      ptxas info    : Function properties for _Z25qk_int_sv_f16_attn_kernelILj128ELj64ELj32ELj64ELj128EL8DataType1EL16QuantGranularity2ELS1_2E6__halfLb0E13__nv_bfloat16L11ComputeUnit0EL8MaskMode0ELb0ELb1EEvPaS6_PS2_PT9_PfSA_SA_S9_jjjjjjjjjjjjjjjf
          0 bytes stack frame, 0 bytes spill stores, 0 bytes spill loads
      ptxas info    : Used 252 registers, used 1 barriers, 480 bytes cmem[0], 16 bytes cmem[2]
      ptxas info    : Compile time = 193.012 ms
      ptxas info    : Compiling entry function '_Z25qk_int_sv_f16_attn_kernelILj128ELj64ELj32ELj64ELj128EL8DataType1EL16QuantGranularity2ELS1_2E6__halfLb0ES2_L11ComputeUnit0EL8MaskMode0ELb0ELb1EEvPaS5_PS2_PT9_PfS9_S9_S8_jjjjjjjjjjjjjjjf' for 'sm_89'
      ptxas info    : Function properties for _Z25qk_int_sv_f16_attn_kernelILj128ELj64ELj32ELj64ELj128EL8DataType1EL16QuantGranularity2ELS1_2E6__halfLb0ES2_L11ComputeUnit0EL8MaskMode0ELb0ELb1EEvPaS5_PS2_PT9_PfS9_S9_S8_jjjjjjjjjjjjjjjf
          0 bytes stack frame, 0 bytes spill stores, 0 bytes spill loads
      ptxas info    : Used 252 registers, used 1 barriers, 480 bytes cmem[0], 16 bytes cmem[2]
      ptxas info    : Compile time = 190.708 ms
      ptxas info    : Compiling entry function '_Z25qk_int_sv_f16_attn_kernelILj128ELj64ELj32ELj64ELj128EL8DataType1EL16QuantGranularity2ELS1_2E6__halfLb0E13__nv_bfloat16L11ComputeUnit0EL8MaskMode0ELb1ELb1EEvPaS6_PS2_PT9_PfSA_SA_S9_jjjjjjjjjjjjjjjf' for 'sm_89'
      ptxas info    : Function properties for _Z25qk_int_sv_f16_attn_kernelILj128ELj64ELj32ELj64ELj128EL8DataType1EL16QuantGranularity2ELS1_2E6__halfLb0E13__nv_bfloat16L11ComputeUnit0EL8MaskMode0ELb1ELb1EEvPaS6_PS2_PT9_PfSA_SA_S9_jjjjjjjjjjjjjjjf
          32 bytes stack frame, 0 bytes spill stores, 0 bytes spill loads
      ptxas info    : Used 254 registers, used 1 barriers, 32 bytes cumulative stack size, 480 bytes cmem[0], 16 bytes cmem[2]
      ptxas info    : Compile time = 209.823 ms
      ptxas info    : Compiling entry function '_Z25qk_int_sv_f16_attn_kernelILj128ELj64ELj32ELj64ELj128EL8DataType1EL16QuantGranularity2ELS1_2E6__halfLb0ES2_L11ComputeUnit0EL8MaskMode0ELb1ELb1EEvPaS5_PS2_PT9_PfS9_S9_S8_jjjjjjjjjjjjjjjf' for 'sm_89'
      ptxas info    : Function properties for _Z25qk_int_sv_f16_attn_kernelILj128ELj64ELj32ELj64ELj128EL8DataType1EL16QuantGranularity2ELS1_2E6__halfLb0ES2_L11ComputeUnit0EL8MaskMode0ELb1ELb1EEvPaS5_PS2_PT9_PfS9_S9_S8_jjjjjjjjjjjjjjjf
          32 bytes stack frame, 0 bytes spill stores, 0 bytes spill loads
      ptxas info    : Used 254 registers, used 1 barriers, 32 bytes cumulative stack size, 480 bytes cmem[0], 16 bytes cmem[2]
      ptxas info    : Compile time = 204.638 ms
      ptxas info    : Compiling entry function '_Z25qk_int_sv_f16_attn_kernelILj128ELj64ELj32ELj64ELj128EL8DataType1EL16QuantGranularity3ELS1_3E6__halfLb0E13__nv_bfloat16L11ComputeUnit0EL8MaskMode1ELb0ELb1EEvPaS6_PS2_PT9_PfSA_SA_S9_jjjjjjjjjjjjjjjf' for 'sm_89'
      ptxas info    : Function properties for _Z25qk_int_sv_f16_attn_kernelILj128ELj64ELj32ELj64ELj128EL8DataType1EL16QuantGranularity3ELS1_3E6__halfLb0E13__nv_bfloat16L11ComputeUnit0EL8MaskMode1ELb0ELb1EEvPaS6_PS2_PT9_PfSA_SA_S9_jjjjjjjjjjjjjjjf
          0 bytes stack frame, 0 bytes spill stores, 0 bytes spill loads
      ptxas info    : Used 250 registers, used 1 barriers, 480 bytes cmem[0], 16 bytes cmem[2]
      ptxas info    : Compile time = 216.334 ms
      ptxas info    : Compiling entry function '_Z25qk_int_sv_f16_attn_kernelILj128ELj64ELj32ELj64ELj128EL8DataType1EL16QuantGranularity3ELS1_3E6__halfLb0ES2_L11ComputeUnit0EL8MaskMode1ELb0ELb1EEvPaS5_PS2_PT9_PfS9_S9_S8_jjjjjjjjjjjjjjjf' for 'sm_89'
      ptxas info    : Function properties for _Z25qk_int_sv_f16_attn_kernelILj128ELj64ELj32ELj64ELj128EL8DataType1EL16QuantGranularity3ELS1_3E6__halfLb0ES2_L11ComputeUnit0EL8MaskMode1ELb0ELb1EEvPaS5_PS2_PT9_PfS9_S9_S8_jjjjjjjjjjjjjjjf
          0 bytes stack frame, 0 bytes spill stores, 0 bytes spill loads
      ptxas info    : Used 250 registers, used 1 barriers, 480 bytes cmem[0], 16 bytes cmem[2]
      ptxas info    : Compile time = 206.847 ms
      ptxas info    : Compiling entry function '_Z25qk_int_sv_f16_attn_kernelILj128ELj64ELj32ELj64ELj128EL8DataType1EL16QuantGranularity3ELS1_3E6__halfLb0E13__nv_bfloat16L11ComputeUnit0EL8MaskMode1ELb1ELb1EEvPaS6_PS2_PT9_PfSA_SA_S9_jjjjjjjjjjjjjjjf' for 'sm_89'
      ptxas info    : Function properties for _Z25qk_int_sv_f16_attn_kernelILj128ELj64ELj32ELj64ELj128EL8DataType1EL16QuantGranularity3ELS1_3E6__halfLb0E13__nv_bfloat16L11ComputeUnit0EL8MaskMode1ELb1ELb1EEvPaS6_PS2_PT9_PfSA_SA_S9_jjjjjjjjjjjjjjjf
          32 bytes stack frame, 0 bytes spill stores, 0 bytes spill loads
      ptxas info    : Used 254 registers, used 1 barriers, 32 bytes cumulative stack size, 480 bytes cmem[0], 16 bytes cmem[2]
      ptxas info    : Compile time = 208.605 ms
      ptxas info    : Compiling entry function '_Z25qk_int_sv_f16_attn_kernelILj128ELj64ELj32ELj64ELj128EL8DataType1EL16QuantGranularity3ELS1_3E6__halfLb0ES2_L11ComputeUnit0EL8MaskMode1ELb1ELb1EEvPaS5_PS2_PT9_PfS9_S9_S8_jjjjjjjjjjjjjjjf' for 'sm_89'
      ptxas info    : Function properties for _Z25qk_int_sv_f16_attn_kernelILj128ELj64ELj32ELj64ELj128EL8DataType1EL16QuantGranularity3ELS1_3E6__halfLb0ES2_L11ComputeUnit0EL8MaskMode1ELb1ELb1EEvPaS5_PS2_PT9_PfS9_S9_S8_jjjjjjjjjjjjjjjf
          32 bytes stack frame, 0 bytes spill stores, 0 bytes spill loads
      ptxas info    : Used 254 registers, used 1 barriers, 32 bytes cumulative stack size, 480 bytes cmem[0], 16 bytes cmem[2]
      ptxas info    : Compile time = 198.036 ms
      ptxas info    : Compiling entry function '_Z25qk_int_sv_f16_attn_kernelILj128ELj64ELj32ELj64ELj128EL8DataType1EL16QuantGranularity2ELS1_2E6__halfLb0E13__nv_bfloat16L11ComputeUnit0EL8MaskMode1ELb0ELb1EEvPaS6_PS2_PT9_PfSA_SA_S9_jjjjjjjjjjjjjjjf' for 'sm_89'
      ptxas info    : Function properties for _Z25qk_int_sv_f16_attn_kernelILj128ELj64ELj32ELj64ELj128EL8DataType1EL16QuantGranularity2ELS1_2E6__halfLb0E13__nv_bfloat16L11ComputeUnit0EL8MaskMode1ELb0ELb1EEvPaS6_PS2_PT9_PfSA_SA_S9_jjjjjjjjjjjjjjjf
          0 bytes stack frame, 0 bytes spill stores, 0 bytes spill loads
      ptxas info    : Used 250 registers, used 1 barriers, 480 bytes cmem[0], 16 bytes cmem[2]
      ptxas info    : Compile time = 223.351 ms
      ptxas info    : Compiling entry function '_Z25qk_int_sv_f16_attn_kernelILj128ELj64ELj32ELj64ELj128EL8DataType1EL16QuantGranularity2ELS1_2E6__halfLb0ES2_L11ComputeUnit0EL8MaskMode1ELb0ELb1EEvPaS5_PS2_PT9_PfS9_S9_S8_jjjjjjjjjjjjjjjf' for 'sm_89'
      ptxas info    : Function properties for _Z25qk_int_sv_f16_attn_kernelILj128ELj64ELj32ELj64ELj128EL8DataType1EL16QuantGranularity2ELS1_2E6__halfLb0ES2_L11ComputeUnit0EL8MaskMode1ELb0ELb1EEvPaS5_PS2_PT9_PfS9_S9_S8_jjjjjjjjjjjjjjjf
          0 bytes stack frame, 0 bytes spill stores, 0 bytes spill loads
      ptxas info    : Used 250 registers, used 1 barriers, 480 bytes cmem[0], 16 bytes cmem[2]
      ptxas info    : Compile time = 207.261 ms
      ptxas info    : Compiling entry function '_Z25qk_int_sv_f16_attn_kernelILj128ELj64ELj32ELj64ELj128EL8DataType1EL16QuantGranularity2ELS1_2E6__halfLb0E13__nv_bfloat16L11ComputeUnit0EL8MaskMode1ELb1ELb1EEvPaS6_PS2_PT9_PfSA_SA_S9_jjjjjjjjjjjjjjjf' for 'sm_89'
      ptxas info    : Function properties for _Z25qk_int_sv_f16_attn_kernelILj128ELj64ELj32ELj64ELj128EL8DataType1EL16QuantGranularity2ELS1_2E6__halfLb0E13__nv_bfloat16L11ComputeUnit0EL8MaskMode1ELb1ELb1EEvPaS6_PS2_PT9_PfSA_SA_S9_jjjjjjjjjjjjjjjf
          32 bytes stack frame, 0 bytes spill stores, 0 bytes spill loads
      ptxas info    : Used 254 registers, used 1 barriers, 32 bytes cumulative stack size, 480 bytes cmem[0], 16 bytes cmem[2]
      ptxas info    : Compile time = 207.387 ms
      ptxas info    : Compiling entry function '_Z25qk_int_sv_f16_attn_kernelILj128ELj64ELj32ELj64ELj128EL8DataType1EL16QuantGranularity2ELS1_2E6__halfLb0ES2_L11ComputeUnit0EL8MaskMode1ELb1ELb1EEvPaS5_PS2_PT9_PfS9_S9_S8_jjjjjjjjjjjjjjjf' for 'sm_89'
      ptxas info    : Function properties for _Z25qk_int_sv_f16_attn_kernelILj128ELj64ELj32ELj64ELj128EL8DataType1EL16QuantGranularity2ELS1_2E6__halfLb0ES2_L11ComputeUnit0EL8MaskMode1ELb1ELb1EEvPaS5_PS2_PT9_PfS9_S9_S8_jjjjjjjjjjjjjjjf
          32 bytes stack frame, 0 bytes spill stores, 0 bytes spill loads
      ptxas info    : Used 254 registers, used 1 barriers, 32 bytes cumulative stack size, 480 bytes cmem[0], 16 bytes cmem[2]
      ptxas info    : Compile time = 198.114 ms
      ptxas info    : Compiling entry function '_Z25qk_int_sv_f16_attn_kernelILj128ELj64ELj32ELj64ELj64EL8DataType1EL16QuantGranularity3ELS1_3E6__halfLb0E13__nv_bfloat16L11ComputeUnit0EL8MaskMode0ELb0ELb1EEvPaS6_PS2_PT9_PfSA_SA_S9_jjjjjjjjjjjjjjjf' for 'sm_89'
      ptxas info    : Function properties for _Z25qk_int_sv_f16_attn_kernelILj128ELj64ELj32ELj64ELj64EL8DataType1EL16QuantGranularity3ELS1_3E6__halfLb0E13__nv_bfloat16L11ComputeUnit0EL8MaskMode0ELb0ELb1EEvPaS6_PS2_PT9_PfSA_SA_S9_jjjjjjjjjjjjjjjf
          0 bytes stack frame, 0 bytes spill stores, 0 bytes spill loads
      ptxas info    : Used 203 registers, used 1 barriers, 480 bytes cmem[0], 8 bytes cmem[2]
      ptxas info    : Compile time = 112.820 ms
      ptxas info    : Compiling entry function '_Z25qk_int_sv_f16_attn_kernelILj128ELj64ELj32ELj64ELj64EL8DataType1EL16QuantGranularity3ELS1_3E6__halfLb0ES2_L11ComputeUnit0EL8MaskMode0ELb0ELb1EEvPaS5_PS2_PT9_PfS9_S9_S8_jjjjjjjjjjjjjjjf' for 'sm_89'
      ptxas info    : Function properties for _Z25qk_int_sv_f16_attn_kernelILj128ELj64ELj32ELj64ELj64EL8DataType1EL16QuantGranularity3ELS1_3E6__halfLb0ES2_L11ComputeUnit0EL8MaskMode0ELb0ELb1EEvPaS5_PS2_PT9_PfS9_S9_S8_jjjjjjjjjjjjjjjf
          0 bytes stack frame, 0 bytes spill stores, 0 bytes spill loads
      ptxas info    : Used 203 registers, used 1 barriers, 480 bytes cmem[0], 8 bytes cmem[2]
      ptxas info    : Compile time = 112.047 ms
      ptxas info    : Compiling entry function '_Z25qk_int_sv_f16_attn_kernelILj128ELj64ELj32ELj64ELj64EL8DataType1EL16QuantGranularity3ELS1_3E6__halfLb0E13__nv_bfloat16L11ComputeUnit0EL8MaskMode0ELb1ELb1EEvPaS6_PS2_PT9_PfSA_SA_S9_jjjjjjjjjjjjjjjf' for 'sm_89'
      ptxas info    : Function properties for _Z25qk_int_sv_f16_attn_kernelILj128ELj64ELj32ELj64ELj64EL8DataType1EL16QuantGranularity3ELS1_3E6__halfLb0E13__nv_bfloat16L11ComputeUnit0EL8MaskMode0ELb1ELb1EEvPaS6_PS2_PT9_PfSA_SA_S9_jjjjjjjjjjjjjjjf
          32 bytes stack frame, 0 bytes spill stores, 0 bytes spill loads
      ptxas info    : Used 196 registers, used 1 barriers, 32 bytes cumulative stack size, 480 bytes cmem[0], 8 bytes cmem[2]
      ptxas info    : Compile time = 118.103 ms
      ptxas info    : Compiling entry function '_Z25qk_int_sv_f16_attn_kernelILj128ELj64ELj32ELj64ELj64EL8DataType1EL16QuantGranularity3ELS1_3E6__halfLb0ES2_L11ComputeUnit0EL8MaskMode0ELb1ELb1EEvPaS5_PS2_PT9_PfS9_S9_S8_jjjjjjjjjjjjjjjf' for 'sm_89'
      ptxas info    : Function properties for _Z25qk_int_sv_f16_attn_kernelILj128ELj64ELj32ELj64ELj64EL8DataType1EL16QuantGranularity3ELS1_3E6__halfLb0ES2_L11ComputeUnit0EL8MaskMode0ELb1ELb1EEvPaS5_PS2_PT9_PfS9_S9_S8_jjjjjjjjjjjjjjjf
          32 bytes stack frame, 0 bytes spill stores, 0 bytes spill loads
      ptxas info    : Used 196 registers, used 1 barriers, 32 bytes cumulative stack size, 480 bytes cmem[0], 8 bytes cmem[2]
      ptxas info    : Compile time = 114.847 ms
      ptxas info    : Compiling entry function '_Z25qk_int_sv_f16_attn_kernelILj128ELj64ELj32ELj64ELj64EL8DataType1EL16QuantGranularity2ELS1_2E6__halfLb0E13__nv_bfloat16L11ComputeUnit0EL8MaskMode0ELb0ELb1EEvPaS6_PS2_PT9_PfSA_SA_S9_jjjjjjjjjjjjjjjf' for 'sm_89'
      ptxas info    : Function properties for _Z25qk_int_sv_f16_attn_kernelILj128ELj64ELj32ELj64ELj64EL8DataType1EL16QuantGranularity2ELS1_2E6__halfLb0E13__nv_bfloat16L11ComputeUnit0EL8MaskMode0ELb0ELb1EEvPaS6_PS2_PT9_PfSA_SA_S9_jjjjjjjjjjjjjjjf
          0 bytes stack frame, 0 bytes spill stores, 0 bytes spill loads
      ptxas info    : Used 223 registers, used 1 barriers, 480 bytes cmem[0], 8 bytes cmem[2]
      ptxas info    : Compile time = 117.934 ms
      ptxas info    : Compiling entry function '_Z25qk_int_sv_f16_attn_kernelILj128ELj64ELj32ELj64ELj64EL8DataType1EL16QuantGranularity2ELS1_2E6__halfLb0ES2_L11ComputeUnit0EL8MaskMode0ELb0ELb1EEvPaS5_PS2_PT9_PfS9_S9_S8_jjjjjjjjjjjjjjjf' for 'sm_89'
      ptxas info    : Function properties for _Z25qk_int_sv_f16_attn_kernelILj128ELj64ELj32ELj64ELj64EL8DataType1EL16QuantGranularity2ELS1_2E6__halfLb0ES2_L11ComputeUnit0EL8MaskMode0ELb0ELb1EEvPaS5_PS2_PT9_PfS9_S9_S8_jjjjjjjjjjjjjjjf
          0 bytes stack frame, 0 bytes spill stores, 0 bytes spill loads
      ptxas info    : Used 223 registers, used 1 barriers, 480 bytes cmem[0], 8 bytes cmem[2]
      ptxas info    : Compile time = 111.810 ms
      ptxas info    : Compiling entry function '_Z25qk_int_sv_f16_attn_kernelILj128ELj64ELj32ELj64ELj64EL8DataType1EL16QuantGranularity2ELS1_2E6__halfLb0E13__nv_bfloat16L11ComputeUnit0EL8MaskMode0ELb1ELb1EEvPaS6_PS2_PT9_PfSA_SA_S9_jjjjjjjjjjjjjjjf' for 'sm_89'
      ptxas info    : Function properties for _Z25qk_int_sv_f16_attn_kernelILj128ELj64ELj32ELj64ELj64EL8DataType1EL16QuantGranularity2ELS1_2E6__halfLb0E13__nv_bfloat16L11ComputeUnit0EL8MaskMode0ELb1ELb1EEvPaS6_PS2_PT9_PfSA_SA_S9_jjjjjjjjjjjjjjjf
          32 bytes stack frame, 0 bytes spill stores, 0 bytes spill loads
      ptxas info    : Used 229 registers, used 1 barriers, 32 bytes cumulative stack size, 480 bytes cmem[0], 8 bytes cmem[2]
      ptxas info    : Compile time = 118.956 ms
      ptxas info    : Compiling entry function '_Z25qk_int_sv_f16_attn_kernelILj128ELj64ELj32ELj64ELj64EL8DataType1EL16QuantGranularity2ELS1_2E6__halfLb0ES2_L11ComputeUnit0EL8MaskMode0ELb1ELb1EEvPaS5_PS2_PT9_PfS9_S9_S8_jjjjjjjjjjjjjjjf' for 'sm_89'
      ptxas info    : Function properties for _Z25qk_int_sv_f16_attn_kernelILj128ELj64ELj32ELj64ELj64EL8DataType1EL16QuantGranularity2ELS1_2E6__halfLb0ES2_L11ComputeUnit0EL8MaskMode0ELb1ELb1EEvPaS5_PS2_PT9_PfS9_S9_S8_jjjjjjjjjjjjjjjf
          32 bytes stack frame, 0 bytes spill stores, 0 bytes spill loads
      ptxas info    : Used 229 registers, used 1 barriers, 32 bytes cumulative stack size, 480 bytes cmem[0], 8 bytes cmem[2]
      ptxas info    : Compile time = 114.663 ms
      ptxas info    : Compiling entry function '_Z25qk_int_sv_f16_attn_kernelILj128ELj64ELj32ELj64ELj64EL8DataType1EL16QuantGranularity3ELS1_3E6__halfLb0E13__nv_bfloat16L11ComputeUnit0EL8MaskMode1ELb0ELb1EEvPaS6_PS2_PT9_PfSA_SA_S9_jjjjjjjjjjjjjjjf' for 'sm_89'
      ptxas info    : Function properties for _Z25qk_int_sv_f16_attn_kernelILj128ELj64ELj32ELj64ELj64EL8DataType1EL16QuantGranularity3ELS1_3E6__halfLb0E13__nv_bfloat16L11ComputeUnit0EL8MaskMode1ELb0ELb1EEvPaS6_PS2_PT9_PfSA_SA_S9_jjjjjjjjjjjjjjjf
          0 bytes stack frame, 0 bytes spill stores, 0 bytes spill loads
      ptxas info    : Used 198 registers, used 1 barriers, 480 bytes cmem[0], 8 bytes cmem[2]
      ptxas info    : Compile time = 124.976 ms
      ptxas info    : Compiling entry function '_Z25qk_int_sv_f16_attn_kernelILj128ELj64ELj32ELj64ELj64EL8DataType1EL16QuantGranularity3ELS1_3E6__halfLb0ES2_L11ComputeUnit0EL8MaskMode1ELb0ELb1EEvPaS5_PS2_PT9_PfS9_S9_S8_jjjjjjjjjjjjjjjf' for 'sm_89'
      ptxas info    : Function properties for _Z25qk_int_sv_f16_attn_kernelILj128ELj64ELj32ELj64ELj64EL8DataType1EL16QuantGranularity3ELS1_3E6__halfLb0ES2_L11ComputeUnit0EL8MaskMode1ELb0ELb1EEvPaS5_PS2_PT9_PfS9_S9_S8_jjjjjjjjjjjjjjjf
          0 bytes stack frame, 0 bytes spill stores, 0 bytes spill loads
      ptxas info    : Used 198 registers, used 1 barriers, 480 bytes cmem[0], 8 bytes cmem[2]
      ptxas info    : Compile time = 116.652 ms
      ptxas info    : Compiling entry function '_Z25qk_int_sv_f16_attn_kernelILj128ELj64ELj32ELj64ELj64EL8DataType1EL16QuantGranularity3ELS1_3E6__halfLb0E13__nv_bfloat16L11ComputeUnit0EL8MaskMode1ELb1ELb1EEvPaS6_PS2_PT9_PfSA_SA_S9_jjjjjjjjjjjjjjjf' for 'sm_89'
      ptxas info    : Function properties for _Z25qk_int_sv_f16_attn_kernelILj128ELj64ELj32ELj64ELj64EL8DataType1EL16QuantGranularity3ELS1_3E6__halfLb0E13__nv_bfloat16L11ComputeUnit0EL8MaskMode1ELb1ELb1EEvPaS6_PS2_PT9_PfSA_SA_S9_jjjjjjjjjjjjjjjf
          32 bytes stack frame, 0 bytes spill stores, 0 bytes spill loads
      ptxas info    : Used 188 registers, used 1 barriers, 32 bytes cumulative stack size, 480 bytes cmem[0], 8 bytes cmem[2]
      ptxas info    : Compile time = 126.300 ms
      ptxas info    : Compiling entry function '_Z25qk_int_sv_f16_attn_kernelILj128ELj64ELj32ELj64ELj64EL8DataType1EL16QuantGranularity3ELS1_3E6__halfLb0ES2_L11ComputeUnit0EL8MaskMode1ELb1ELb1EEvPaS5_PS2_PT9_PfS9_S9_S8_jjjjjjjjjjjjjjjf' for 'sm_89'
      ptxas info    : Function properties for _Z25qk_int_sv_f16_attn_kernelILj128ELj64ELj32ELj64ELj64EL8DataType1EL16QuantGranularity3ELS1_3E6__halfLb0ES2_L11ComputeUnit0EL8MaskMode1ELb1ELb1EEvPaS5_PS2_PT9_PfS9_S9_S8_jjjjjjjjjjjjjjjf
          32 bytes stack frame, 0 bytes spill stores, 0 bytes spill loads
      ptxas info    : Used 188 registers, used 1 barriers, 32 bytes cumulative stack size, 480 bytes cmem[0], 8 bytes cmem[2]
      ptxas info    : Compile time = 122.641 ms
      ptxas info    : Compiling entry function '_Z25qk_int_sv_f16_attn_kernelILj128ELj64ELj32ELj64ELj64EL8DataType1EL16QuantGranularity2ELS1_2E6__halfLb0E13__nv_bfloat16L11ComputeUnit0EL8MaskMode1ELb0ELb1EEvPaS6_PS2_PT9_PfSA_SA_S9_jjjjjjjjjjjjjjjf' for 'sm_89'
      ptxas info    : Function properties for _Z25qk_int_sv_f16_attn_kernelILj128ELj64ELj32ELj64ELj64EL8DataType1EL16QuantGranularity2ELS1_2E6__halfLb0E13__nv_bfloat16L11ComputeUnit0EL8MaskMode1ELb0ELb1EEvPaS6_PS2_PT9_PfSA_SA_S9_jjjjjjjjjjjjjjjf
          0 bytes stack frame, 0 bytes spill stores, 0 bytes spill loads
      ptxas info    : Used 203 registers, used 1 barriers, 480 bytes cmem[0], 8 bytes cmem[2]
      ptxas info    : Compile time = 123.209 ms
      ptxas info    : Compiling entry function '_Z25qk_int_sv_f16_attn_kernelILj128ELj64ELj32ELj64ELj64EL8DataType1EL16QuantGranularity2ELS1_2E6__halfLb0ES2_L11ComputeUnit0EL8MaskMode1ELb0ELb1EEvPaS5_PS2_PT9_PfS9_S9_S8_jjjjjjjjjjjjjjjf' for 'sm_89'
      ptxas info    : Function properties for _Z25qk_int_sv_f16_attn_kernelILj128ELj64ELj32ELj64ELj64EL8DataType1EL16QuantGranularity2ELS1_2E6__halfLb0ES2_L11ComputeUnit0EL8MaskMode1ELb0ELb1EEvPaS5_PS2_PT9_PfS9_S9_S8_jjjjjjjjjjjjjjjf
          0 bytes stack frame, 0 bytes spill stores, 0 bytes spill loads
      ptxas info    : Used 203 registers, used 1 barriers, 480 bytes cmem[0], 8 bytes cmem[2]
      ptxas info    : Compile time = 119.859 ms
      ptxas info    : Compiling entry function '_Z25qk_int_sv_f16_attn_kernelILj128ELj64ELj32ELj64ELj64EL8DataType1EL16QuantGranularity2ELS1_2E6__halfLb0E13__nv_bfloat16L11ComputeUnit0EL8MaskMode1ELb1ELb1EEvPaS6_PS2_PT9_PfSA_SA_S9_jjjjjjjjjjjjjjjf' for 'sm_89'
      ptxas info    : Function properties for _Z25qk_int_sv_f16_attn_kernelILj128ELj64ELj32ELj64ELj64EL8DataType1EL16QuantGranularity2ELS1_2E6__halfLb0E13__nv_bfloat16L11ComputeUnit0EL8MaskMode1ELb1ELb1EEvPaS6_PS2_PT9_PfSA_SA_S9_jjjjjjjjjjjjjjjf
          32 bytes stack frame, 0 bytes spill stores, 0 bytes spill loads
      ptxas info    : Used 194 registers, used 1 barriers, 32 bytes cumulative stack size, 480 bytes cmem[0], 8 bytes cmem[2]
      ptxas info    : Compile time = 127.495 ms
      ptxas info    : Compiling entry function '_Z25qk_int_sv_f16_attn_kernelILj128ELj64ELj32ELj64ELj64EL8DataType1EL16QuantGranularity2ELS1_2E6__halfLb0ES2_L11ComputeUnit0EL8MaskMode1ELb1ELb1EEvPaS5_PS2_PT9_PfS9_S9_S8_jjjjjjjjjjjjjjjf' for 'sm_89'
      ptxas info    : Function properties for _Z25qk_int_sv_f16_attn_kernelILj128ELj64ELj32ELj64ELj64EL8DataType1EL16QuantGranularity2ELS1_2E6__halfLb0ES2_L11ComputeUnit0EL8MaskMode1ELb1ELb1EEvPaS5_PS2_PT9_PfS9_S9_S8_jjjjjjjjjjjjjjjf
          32 bytes stack frame, 0 bytes spill stores, 0 bytes spill loads
      ptxas info    : Used 194 registers, used 1 barriers, 32 bytes cumulative stack size, 480 bytes cmem[0], 8 bytes cmem[2]
      ptxas info    : Compile time = 123.249 ms
      ptxas info    : Compiling entry function '_Z25qk_int_sv_f16_attn_kernelILj128ELj64ELj16ELj64ELj128EL8DataType1EL16QuantGranularity3ELS1_3EfLb1E13__nv_bfloat16L11ComputeUnit0EL8MaskMode0ELb0ELb0EEvPaS5_P6__halfPT9_PfSA_SA_S9_jjjjjjjjjjjjjjjf' for 'sm_89'
      ptxas info    : Function properties for _Z25qk_int_sv_f16_attn_kernelILj128ELj64ELj16ELj64ELj128EL8DataType1EL16QuantGranularity3ELS1_3EfLb1E13__nv_bfloat16L11ComputeUnit0EL8MaskMode0ELb0ELb0EEvPaS5_P6__halfPT9_PfSA_SA_S9_jjjjjjjjjjjjjjjf
          0 bytes stack frame, 0 bytes spill stores, 0 bytes spill loads
      ptxas info    : Used 182 registers, used 1 barriers, 480 bytes cmem[0]
      ptxas info    : Compile time = 94.788 ms
      ptxas info    : Compiling entry function '_Z25qk_int_sv_f16_attn_kernelILj128ELj64ELj16ELj64ELj128EL8DataType1EL16QuantGranularity3ELS1_3EfLb1E6__halfL11ComputeUnit0EL8MaskMode0ELb0ELb0EEvPaS5_PS2_PT9_PfS9_S9_S8_jjjjjjjjjjjjjjjf' for 'sm_89'
      ptxas info    : Function properties for _Z25qk_int_sv_f16_attn_kernelILj128ELj64ELj16ELj64ELj128EL8DataType1EL16QuantGranularity3ELS1_3EfLb1E6__halfL11ComputeUnit0EL8MaskMode0ELb0ELb0EEvPaS5_PS2_PT9_PfS9_S9_S8_jjjjjjjjjjjjjjjf
          0 bytes stack frame, 0 bytes spill stores, 0 bytes spill loads
      ptxas info    : Used 182 registers, used 1 barriers, 480 bytes cmem[0]
      ptxas info    : Compile time = 94.027 ms
      ptxas info    : Compiling entry function '_Z25qk_int_sv_f16_attn_kernelILj128ELj64ELj16ELj64ELj128EL8DataType1EL16QuantGranularity3ELS1_3EfLb1E13__nv_bfloat16L11ComputeUnit0EL8MaskMode0ELb1ELb0EEvPaS5_P6__halfPT9_PfSA_SA_S9_jjjjjjjjjjjjjjjf' for 'sm_89'
      ptxas info    : Function properties for _Z25qk_int_sv_f16_attn_kernelILj128ELj64ELj16ELj64ELj128EL8DataType1EL16QuantGranularity3ELS1_3EfLb1E13__nv_bfloat16L11ComputeUnit0EL8MaskMode0ELb1ELb0EEvPaS5_P6__halfPT9_PfSA_SA_S9_jjjjjjjjjjjjjjjf
          16 bytes stack frame, 0 bytes spill stores, 0 bytes spill loads
      ptxas info    : Used 189 registers, used 1 barriers, 16 bytes cumulative stack size, 480 bytes cmem[0]
      ptxas info    : Compile time = 95.584 ms
      ptxas info    : Compiling entry function '_Z25qk_int_sv_f16_attn_kernelILj128ELj64ELj16ELj64ELj128EL8DataType1EL16QuantGranularity3ELS1_3EfLb1E6__halfL11ComputeUnit0EL8MaskMode0ELb1ELb0EEvPaS5_PS2_PT9_PfS9_S9_S8_jjjjjjjjjjjjjjjf' for 'sm_89'
      ptxas info    : Function properties for _Z25qk_int_sv_f16_attn_kernelILj128ELj64ELj16ELj64ELj128EL8DataType1EL16QuantGranularity3ELS1_3EfLb1E6__halfL11ComputeUnit0EL8MaskMode0ELb1ELb0EEvPaS5_PS2_PT9_PfS9_S9_S8_jjjjjjjjjjjjjjjf
          16 bytes stack frame, 0 bytes spill stores, 0 bytes spill loads
      ptxas info    : Used 189 registers, used 1 barriers, 16 bytes cumulative stack size, 480 bytes cmem[0]
      ptxas info    : Compile time = 100.704 ms
      ptxas info    : Compiling entry function '_Z25qk_int_sv_f16_attn_kernelILj128ELj64ELj16ELj64ELj128EL8DataType1EL16QuantGranularity2ELS1_2EfLb1E13__nv_bfloat16L11ComputeUnit0EL8MaskMode0ELb0ELb0EEvPaS5_P6__halfPT9_PfSA_SA_S9_jjjjjjjjjjjjjjjf' for 'sm_89'
      ptxas info    : Function properties for _Z25qk_int_sv_f16_attn_kernelILj128ELj64ELj16ELj64ELj128EL8DataType1EL16QuantGranularity2ELS1_2EfLb1E13__nv_bfloat16L11ComputeUnit0EL8MaskMode0ELb0ELb0EEvPaS5_P6__halfPT9_PfSA_SA_S9_jjjjjjjjjjjjjjjf
          0 bytes stack frame, 0 bytes spill stores, 0 bytes spill loads
      ptxas info    : Used 184 registers, used 1 barriers, 480 bytes cmem[0]
      ptxas info    : Compile time = 99.304 ms
      ptxas info    : Compiling entry function '_Z25qk_int_sv_f16_attn_kernelILj128ELj64ELj16ELj64ELj128EL8DataType1EL16QuantGranularity2ELS1_2EfLb1E6__halfL11ComputeUnit0EL8MaskMode0ELb0ELb0EEvPaS5_PS2_PT9_PfS9_S9_S8_jjjjjjjjjjjjjjjf' for 'sm_89'
      ptxas info    : Function properties for _Z25qk_int_sv_f16_attn_kernelILj128ELj64ELj16ELj64ELj128EL8DataType1EL16QuantGranularity2ELS1_2EfLb1E6__halfL11ComputeUnit0EL8MaskMode0ELb0ELb0EEvPaS5_PS2_PT9_PfS9_S9_S8_jjjjjjjjjjjjjjjf
          0 bytes stack frame, 0 bytes spill stores, 0 bytes spill loads
      ptxas info    : Used 184 registers, used 1 barriers, 480 bytes cmem[0]
      ptxas info    : Compile time = 100.079 ms
      ptxas info    : Compiling entry function '_Z25qk_int_sv_f16_attn_kernelILj128ELj64ELj16ELj64ELj128EL8DataType1EL16QuantGranularity2ELS1_2EfLb1E13__nv_bfloat16L11ComputeUnit0EL8MaskMode0ELb1ELb0EEvPaS5_P6__halfPT9_PfSA_SA_S9_jjjjjjjjjjjjjjjf' for 'sm_89'
      ptxas info    : Function properties for _Z25qk_int_sv_f16_attn_kernelILj128ELj64ELj16ELj64ELj128EL8DataType1EL16QuantGranularity2ELS1_2EfLb1E13__nv_bfloat16L11ComputeUnit0EL8MaskMode0ELb1ELb0EEvPaS5_P6__halfPT9_PfSA_SA_S9_jjjjjjjjjjjjjjjf
          16 bytes stack frame, 0 bytes spill stores, 0 bytes spill loads
      ptxas info    : Used 178 registers, used 1 barriers, 16 bytes cumulative stack size, 480 bytes cmem[0]
      ptxas info    : Compile time = 101.056 ms
      ptxas info    : Compiling entry function '_Z25qk_int_sv_f16_attn_kernelILj128ELj64ELj16ELj64ELj128EL8DataType1EL16QuantGranularity2ELS1_2EfLb1E6__halfL11ComputeUnit0EL8MaskMode0ELb1ELb0EEvPaS5_PS2_PT9_PfS9_S9_S8_jjjjjjjjjjjjjjjf' for 'sm_89'
      ptxas info    : Function properties for _Z25qk_int_sv_f16_attn_kernelILj128ELj64ELj16ELj64ELj128EL8DataType1EL16QuantGranularity2ELS1_2EfLb1E6__halfL11ComputeUnit0EL8MaskMode0ELb1ELb0EEvPaS5_PS2_PT9_PfS9_S9_S8_jjjjjjjjjjjjjjjf
          16 bytes stack frame, 0 bytes spill stores, 0 bytes spill loads
      ptxas info    : Used 178 registers, used 1 barriers, 16 bytes cumulative stack size, 480 bytes cmem[0]
      ptxas info    : Compile time = 96.022 ms
      ptxas info    : Compiling entry function '_Z25qk_int_sv_f16_attn_kernelILj128ELj64ELj16ELj64ELj128EL8DataType1EL16QuantGranularity3ELS1_3EfLb1E13__nv_bfloat16L11ComputeUnit0EL8MaskMode1ELb0ELb0EEvPaS5_P6__halfPT9_PfSA_SA_S9_jjjjjjjjjjjjjjjf' for 'sm_89'
      ptxas info    : Function properties for _Z25qk_int_sv_f16_attn_kernelILj128ELj64ELj16ELj64ELj128EL8DataType1EL16QuantGranularity3ELS1_3EfLb1E13__nv_bfloat16L11ComputeUnit0EL8MaskMode1ELb0ELb0EEvPaS5_P6__halfPT9_PfSA_SA_S9_jjjjjjjjjjjjjjjf
          0 bytes stack frame, 0 bytes spill stores, 0 bytes spill loads
      ptxas info    : Used 190 registers, used 1 barriers, 480 bytes cmem[0]
      ptxas info    : Compile time = 99.031 ms
      ptxas info    : Compiling entry function '_Z25qk_int_sv_f16_attn_kernelILj128ELj64ELj16ELj64ELj128EL8DataType1EL16QuantGranularity3ELS1_3EfLb1E6__halfL11ComputeUnit0EL8MaskMode1ELb0ELb0EEvPaS5_PS2_PT9_PfS9_S9_S8_jjjjjjjjjjjjjjjf' for 'sm_89'
      ptxas info    : Function properties for _Z25qk_int_sv_f16_attn_kernelILj128ELj64ELj16ELj64ELj128EL8DataType1EL16QuantGranularity3ELS1_3EfLb1E6__halfL11ComputeUnit0EL8MaskMode1ELb0ELb0EEvPaS5_PS2_PT9_PfS9_S9_S8_jjjjjjjjjjjjjjjf
          0 bytes stack frame, 0 bytes spill stores, 0 bytes spill loads
      ptxas info    : Used 190 registers, used 1 barriers, 480 bytes cmem[0]
      ptxas info    : Compile time = 99.038 ms
      ptxas info    : Compiling entry function '_Z25qk_int_sv_f16_attn_kernelILj128ELj64ELj16ELj64ELj128EL8DataType1EL16QuantGranularity3ELS1_3EfLb1E13__nv_bfloat16L11ComputeUnit0EL8MaskMode1ELb1ELb0EEvPaS5_P6__halfPT9_PfSA_SA_S9_jjjjjjjjjjjjjjjf' for 'sm_89'
      ptxas info    : Function properties for _Z25qk_int_sv_f16_attn_kernelILj128ELj64ELj16ELj64ELj128EL8DataType1EL16QuantGranularity3ELS1_3EfLb1E13__nv_bfloat16L11ComputeUnit0EL8MaskMode1ELb1ELb0EEvPaS5_P6__halfPT9_PfSA_SA_S9_jjjjjjjjjjjjjjjf
          16 bytes stack frame, 0 bytes spill stores, 0 bytes spill loads
      ptxas info    : Used 182 registers, used 1 barriers, 16 bytes cumulative stack size, 480 bytes cmem[0]
      ptxas info    : Compile time = 104.696 ms
      ptxas info    : Compiling entry function '_Z25qk_int_sv_f16_attn_kernelILj128ELj64ELj16ELj64ELj128EL8DataType1EL16QuantGranularity3ELS1_3EfLb1E6__halfL11ComputeUnit0EL8MaskMode1ELb1ELb0EEvPaS5_PS2_PT9_PfS9_S9_S8_jjjjjjjjjjjjjjjf' for 'sm_89'
      ptxas info    : Function properties for _Z25qk_int_sv_f16_attn_kernelILj128ELj64ELj16ELj64ELj128EL8DataType1EL16QuantGranularity3ELS1_3EfLb1E6__halfL11ComputeUnit0EL8MaskMode1ELb1ELb0EEvPaS5_PS2_PT9_PfS9_S9_S8_jjjjjjjjjjjjjjjf
          16 bytes stack frame, 0 bytes spill stores, 0 bytes spill loads
      ptxas info    : Used 182 registers, used 1 barriers, 16 bytes cumulative stack size, 480 bytes cmem[0]
      ptxas info    : Compile time = 104.350 ms
      ptxas info    : Compiling entry function '_Z25qk_int_sv_f16_attn_kernelILj128ELj64ELj16ELj64ELj128EL8DataType1EL16QuantGranularity2ELS1_2EfLb1E13__nv_bfloat16L11ComputeUnit0EL8MaskMode1ELb0ELb0EEvPaS5_P6__halfPT9_PfSA_SA_S9_jjjjjjjjjjjjjjjf' for 'sm_89'
      ptxas info    : Function properties for _Z25qk_int_sv_f16_attn_kernelILj128ELj64ELj16ELj64ELj128EL8DataType1EL16QuantGranularity2ELS1_2EfLb1E13__nv_bfloat16L11ComputeUnit0EL8MaskMode1ELb0ELb0EEvPaS5_P6__halfPT9_PfSA_SA_S9_jjjjjjjjjjjjjjjf
          0 bytes stack frame, 0 bytes spill stores, 0 bytes spill loads
      ptxas info    : Used 184 registers, used 1 barriers, 480 bytes cmem[0]
      ptxas info    : Compile time = 98.954 ms
      ptxas info    : Compiling entry function '_Z25qk_int_sv_f16_attn_kernelILj128ELj64ELj16ELj64ELj128EL8DataType1EL16QuantGranularity2ELS1_2EfLb1E6__halfL11ComputeUnit0EL8MaskMode1ELb0ELb0EEvPaS5_PS2_PT9_PfS9_S9_S8_jjjjjjjjjjjjjjjf' for 'sm_89'
      ptxas info    : Function properties for _Z25qk_int_sv_f16_attn_kernelILj128ELj64ELj16ELj64ELj128EL8DataType1EL16QuantGranularity2ELS1_2EfLb1E6__halfL11ComputeUnit0EL8MaskMode1ELb0ELb0EEvPaS5_PS2_PT9_PfS9_S9_S8_jjjjjjjjjjjjjjjf
          0 bytes stack frame, 0 bytes spill stores, 0 bytes spill loads
      ptxas info    : Used 184 registers, used 1 barriers, 480 bytes cmem[0]
      ptxas info    : Compile time = 98.530 ms
      ptxas info    : Compiling entry function '_Z25qk_int_sv_f16_attn_kernelILj128ELj64ELj16ELj64ELj128EL8DataType1EL16QuantGranularity2ELS1_2EfLb1E13__nv_bfloat16L11ComputeUnit0EL8MaskMode1ELb1ELb0EEvPaS5_P6__halfPT9_PfSA_SA_S9_jjjjjjjjjjjjjjjf' for 'sm_89'
      ptxas info    : Function properties for _Z25qk_int_sv_f16_attn_kernelILj128ELj64ELj16ELj64ELj128EL8DataType1EL16QuantGranularity2ELS1_2EfLb1E13__nv_bfloat16L11ComputeUnit0EL8MaskMode1ELb1ELb0EEvPaS5_P6__halfPT9_PfSA_SA_S9_jjjjjjjjjjjjjjjf
          16 bytes stack frame, 0 bytes spill stores, 0 bytes spill loads
      ptxas info    : Used 180 registers, used 1 barriers, 16 bytes cumulative stack size, 480 bytes cmem[0]
      ptxas info    : Compile time = 101.082 ms
      ptxas info    : Compiling entry function '_Z25qk_int_sv_f16_attn_kernelILj128ELj64ELj16ELj64ELj128EL8DataType1EL16QuantGranularity2ELS1_2EfLb1E6__halfL11ComputeUnit0EL8MaskMode1ELb1ELb0EEvPaS5_PS2_PT9_PfS9_S9_S8_jjjjjjjjjjjjjjjf' for 'sm_89'
      ptxas info    : Function properties for _Z25qk_int_sv_f16_attn_kernelILj128ELj64ELj16ELj64ELj128EL8DataType1EL16QuantGranularity2ELS1_2EfLb1E6__halfL11ComputeUnit0EL8MaskMode1ELb1ELb0EEvPaS5_PS2_PT9_PfS9_S9_S8_jjjjjjjjjjjjjjjf
          16 bytes stack frame, 0 bytes spill stores, 0 bytes spill loads
      ptxas info    : Used 180 registers, used 1 barriers, 16 bytes cumulative stack size, 480 bytes cmem[0]
      ptxas info    : Compile time = 101.335 ms
      ptxas info    : Compiling entry function '_Z25qk_int_sv_f16_attn_kernelILj128ELj64ELj32ELj64ELj64EL8DataType1EL16QuantGranularity3ELS1_3EfLb1E13__nv_bfloat16L11ComputeUnit0EL8MaskMode0ELb0ELb0EEvPaS5_P6__halfPT9_PfSA_SA_S9_jjjjjjjjjjjjjjjf' for 'sm_89'
      ptxas info    : Function properties for _Z25qk_int_sv_f16_attn_kernelILj128ELj64ELj32ELj64ELj64EL8DataType1EL16QuantGranularity3ELS1_3EfLb1E13__nv_bfloat16L11ComputeUnit0EL8MaskMode0ELb0ELb0EEvPaS5_P6__halfPT9_PfSA_SA_S9_jjjjjjjjjjjjjjjf
          0 bytes stack frame, 0 bytes spill stores, 0 bytes spill loads
      ptxas info    : Used 254 registers, used 1 barriers, 480 bytes cmem[0], 8 bytes cmem[2]
      ptxas info    : Compile time = 110.247 ms
      ptxas info    : Compiling entry function '_Z25qk_int_sv_f16_attn_kernelILj128ELj64ELj32ELj64ELj64EL8DataType1EL16QuantGranularity3ELS1_3EfLb1E6__halfL11ComputeUnit0EL8MaskMode0ELb0ELb0EEvPaS5_PS2_PT9_PfS9_S9_S8_jjjjjjjjjjjjjjjf' for 'sm_89'
      ptxas info    : Function properties for _Z25qk_int_sv_f16_attn_kernelILj128ELj64ELj32ELj64ELj64EL8DataType1EL16QuantGranularity3ELS1_3EfLb1E6__halfL11ComputeUnit0EL8MaskMode0ELb0ELb0EEvPaS5_PS2_PT9_PfS9_S9_S8_jjjjjjjjjjjjjjjf
          0 bytes stack frame, 0 bytes spill stores, 0 bytes spill loads
      ptxas info    : Used 254 registers, used 1 barriers, 480 bytes cmem[0], 8 bytes cmem[2]
      ptxas info    : Compile time = 110.018 ms
      ptxas info    : Compiling entry function '_Z25qk_int_sv_f16_attn_kernelILj128ELj64ELj32ELj64ELj64EL8DataType1EL16QuantGranularity3ELS1_3EfLb1E13__nv_bfloat16L11ComputeUnit0EL8MaskMode0ELb1ELb0EEvPaS5_P6__halfPT9_PfSA_SA_S9_jjjjjjjjjjjjjjjf' for 'sm_89'
      ptxas info    : Function properties for _Z25qk_int_sv_f16_attn_kernelILj128ELj64ELj32ELj64ELj64EL8DataType1EL16QuantGranularity3ELS1_3EfLb1E13__nv_bfloat16L11ComputeUnit0EL8MaskMode0ELb1ELb0EEvPaS5_P6__halfPT9_PfSA_SA_S9_jjjjjjjjjjjjjjjf
          32 bytes stack frame, 0 bytes spill stores, 0 bytes spill loads
      ptxas info    : Used 250 registers, used 1 barriers, 32 bytes cumulative stack size, 480 bytes cmem[0], 8 bytes cmem[2]
      ptxas info    : Compile time = 113.217 ms
      ptxas info    : Compiling entry function '_Z25qk_int_sv_f16_attn_kernelILj128ELj64ELj32ELj64ELj64EL8DataType1EL16QuantGranularity3ELS1_3EfLb1E6__halfL11ComputeUnit0EL8MaskMode0ELb1ELb0EEvPaS5_PS2_PT9_PfS9_S9_S8_jjjjjjjjjjjjjjjf' for 'sm_89'
      ptxas info    : Function properties for _Z25qk_int_sv_f16_attn_kernelILj128ELj64ELj32ELj64ELj64EL8DataType1EL16QuantGranularity3ELS1_3EfLb1E6__halfL11ComputeUnit0EL8MaskMode0ELb1ELb0EEvPaS5_PS2_PT9_PfS9_S9_S8_jjjjjjjjjjjjjjjf
          32 bytes stack frame, 0 bytes spill stores, 0 bytes spill loads
      ptxas info    : Used 250 registers, used 1 barriers, 32 bytes cumulative stack size, 480 bytes cmem[0], 8 bytes cmem[2]
      ptxas info    : Compile time = 119.759 ms
      ptxas info    : Compiling entry function '_Z25qk_int_sv_f16_attn_kernelILj128ELj64ELj32ELj64ELj64EL8DataType1EL16QuantGranularity2ELS1_2EfLb1E13__nv_bfloat16L11ComputeUnit0EL8MaskMode0ELb0ELb0EEvPaS5_P6__halfPT9_PfSA_SA_S9_jjjjjjjjjjjjjjjf' for 'sm_89'
      ptxas info    : Function properties for _Z25qk_int_sv_f16_attn_kernelILj128ELj64ELj32ELj64ELj64EL8DataType1EL16QuantGranularity2ELS1_2EfLb1E13__nv_bfloat16L11ComputeUnit0EL8MaskMode0ELb0ELb0EEvPaS5_P6__halfPT9_PfSA_SA_S9_jjjjjjjjjjjjjjjf
          0 bytes stack frame, 0 bytes spill stores, 0 bytes spill loads
      ptxas info    : Used 254 registers, used 1 barriers, 480 bytes cmem[0], 8 bytes cmem[2]
      ptxas info    : Compile time = 110.375 ms
      ptxas info    : Compiling entry function '_Z25qk_int_sv_f16_attn_kernelILj128ELj64ELj32ELj64ELj64EL8DataType1EL16QuantGranularity2ELS1_2EfLb1E6__halfL11ComputeUnit0EL8MaskMode0ELb0ELb0EEvPaS5_PS2_PT9_PfS9_S9_S8_jjjjjjjjjjjjjjjf' for 'sm_89'
      ptxas info    : Function properties for _Z25qk_int_sv_f16_attn_kernelILj128ELj64ELj32ELj64ELj64EL8DataType1EL16QuantGranularity2ELS1_2EfLb1E6__halfL11ComputeUnit0EL8MaskMode0ELb0ELb0EEvPaS5_PS2_PT9_PfS9_S9_S8_jjjjjjjjjjjjjjjf
          0 bytes stack frame, 0 bytes spill stores, 0 bytes spill loads
      ptxas info    : Used 254 registers, used 1 barriers, 480 bytes cmem[0], 8 bytes cmem[2]
      ptxas info    : Compile time = 109.065 ms
      ptxas info    : Compiling entry function '_Z25qk_int_sv_f16_attn_kernelILj128ELj64ELj32ELj64ELj64EL8DataType1EL16QuantGranularity2ELS1_2EfLb1E13__nv_bfloat16L11ComputeUnit0EL8MaskMode0ELb1ELb0EEvPaS5_P6__halfPT9_PfSA_SA_S9_jjjjjjjjjjjjjjjf' for 'sm_89'
      ptxas info    : Function properties for _Z25qk_int_sv_f16_attn_kernelILj128ELj64ELj32ELj64ELj64EL8DataType1EL16QuantGranularity2ELS1_2EfLb1E13__nv_bfloat16L11ComputeUnit0EL8MaskMode0ELb1ELb0EEvPaS5_P6__halfPT9_PfSA_SA_S9_jjjjjjjjjjjjjjjf
          32 bytes stack frame, 0 bytes spill stores, 0 bytes spill loads
      ptxas info    : Used 254 registers, used 1 barriers, 32 bytes cumulative stack size, 480 bytes cmem[0], 8 bytes cmem[2]
      ptxas info    : Compile time = 113.003 ms
      ptxas info    : Compiling entry function '_Z25qk_int_sv_f16_attn_kernelILj128ELj64ELj32ELj64ELj64EL8DataType1EL16QuantGranularity2ELS1_2EfLb1E6__halfL11ComputeUnit0EL8MaskMode0ELb1ELb0EEvPaS5_PS2_PT9_PfS9_S9_S8_jjjjjjjjjjjjjjjf' for 'sm_89'
      ptxas info    : Function properties for _Z25qk_int_sv_f16_attn_kernelILj128ELj64ELj32ELj64ELj64EL8DataType1EL16QuantGranularity2ELS1_2EfLb1E6__halfL11ComputeUnit0EL8MaskMode0ELb1ELb0EEvPaS5_PS2_PT9_PfS9_S9_S8_jjjjjjjjjjjjjjjf
          32 bytes stack frame, 0 bytes spill stores, 0 bytes spill loads
      ptxas info    : Used 254 registers, used 1 barriers, 32 bytes cumulative stack size, 480 bytes cmem[0], 8 bytes cmem[2]
      ptxas info    : Compile time = 112.707 ms
      ptxas info    : Compiling entry function '_Z25qk_int_sv_f16_attn_kernelILj128ELj64ELj32ELj64ELj64EL8DataType1EL16QuantGranularity3ELS1_3EfLb1E13__nv_bfloat16L11ComputeUnit0EL8MaskMode1ELb0ELb0EEvPaS5_P6__halfPT9_PfSA_SA_S9_jjjjjjjjjjjjjjjf' for 'sm_89'
      ptxas info    : Function properties for _Z25qk_int_sv_f16_attn_kernelILj128ELj64ELj32ELj64ELj64EL8DataType1EL16QuantGranularity3ELS1_3EfLb1E13__nv_bfloat16L11ComputeUnit0EL8MaskMode1ELb0ELb0EEvPaS5_P6__halfPT9_PfSA_SA_S9_jjjjjjjjjjjjjjjf
          0 bytes stack frame, 0 bytes spill stores, 0 bytes spill loads
      ptxas info    : Used 250 registers, used 1 barriers, 480 bytes cmem[0], 8 bytes cmem[2]
      ptxas info    : Compile time = 128.171 ms
      ptxas info    : Compiling entry function '_Z25qk_int_sv_f16_attn_kernelILj128ELj64ELj32ELj64ELj64EL8DataType1EL16QuantGranularity3ELS1_3EfLb1E6__halfL11ComputeUnit0EL8MaskMode1ELb0ELb0EEvPaS5_PS2_PT9_PfS9_S9_S8_jjjjjjjjjjjjjjjf' for 'sm_89'
      ptxas info    : Function properties for _Z25qk_int_sv_f16_attn_kernelILj128ELj64ELj32ELj64ELj64EL8DataType1EL16QuantGranularity3ELS1_3EfLb1E6__halfL11ComputeUnit0EL8MaskMode1ELb0ELb0EEvPaS5_PS2_PT9_PfS9_S9_S8_jjjjjjjjjjjjjjjf
          0 bytes stack frame, 0 bytes spill stores, 0 bytes spill loads
      ptxas info    : Used 250 registers, used 1 barriers, 480 bytes cmem[0], 8 bytes cmem[2]
      ptxas info    : Compile time = 126.059 ms
      ptxas info    : Compiling entry function '_Z25qk_int_sv_f16_attn_kernelILj128ELj64ELj32ELj64ELj64EL8DataType1EL16QuantGranularity3ELS1_3EfLb1E13__nv_bfloat16L11ComputeUnit0EL8MaskMode1ELb1ELb0EEvPaS5_P6__halfPT9_PfSA_SA_S9_jjjjjjjjjjjjjjjf' for 'sm_89'
      ptxas info    : Function properties for _Z25qk_int_sv_f16_attn_kernelILj128ELj64ELj32ELj64ELj64EL8DataType1EL16QuantGranularity3ELS1_3EfLb1E13__nv_bfloat16L11ComputeUnit0EL8MaskMode1ELb1ELb0EEvPaS5_P6__halfPT9_PfSA_SA_S9_jjjjjjjjjjjjjjjf
          32 bytes stack frame, 0 bytes spill stores, 0 bytes spill loads
      ptxas info    : Used 254 registers, used 1 barriers, 32 bytes cumulative stack size, 480 bytes cmem[0], 8 bytes cmem[2]
      ptxas info    : Compile time = 130.946 ms
      ptxas info    : Compiling entry function '_Z25qk_int_sv_f16_attn_kernelILj128ELj64ELj32ELj64ELj64EL8DataType1EL16QuantGranularity3ELS1_3EfLb1E6__halfL11ComputeUnit0EL8MaskMode1ELb1ELb0EEvPaS5_PS2_PT9_PfS9_S9_S8_jjjjjjjjjjjjjjjf' for 'sm_89'
      ptxas info    : Function properties for _Z25qk_int_sv_f16_attn_kernelILj128ELj64ELj32ELj64ELj64EL8DataType1EL16QuantGranularity3ELS1_3EfLb1E6__halfL11ComputeUnit0EL8MaskMode1ELb1ELb0EEvPaS5_PS2_PT9_PfS9_S9_S8_jjjjjjjjjjjjjjjf
          32 bytes stack frame, 0 bytes spill stores, 0 bytes spill loads
      ptxas info    : Used 254 registers, used 1 barriers, 32 bytes cumulative stack size, 480 bytes cmem[0], 8 bytes cmem[2]
      ptxas info    : Compile time = 120.990 ms
      ptxas info    : Compiling entry function '_Z25qk_int_sv_f16_attn_kernelILj128ELj64ELj32ELj64ELj64EL8DataType1EL16QuantGranularity2ELS1_2EfLb1E13__nv_bfloat16L11ComputeUnit0EL8MaskMode1ELb0ELb0EEvPaS5_P6__halfPT9_PfSA_SA_S9_jjjjjjjjjjjjjjjf' for 'sm_89'
      ptxas info    : Function properties for _Z25qk_int_sv_f16_attn_kernelILj128ELj64ELj32ELj64ELj64EL8DataType1EL16QuantGranularity2ELS1_2EfLb1E13__nv_bfloat16L11ComputeUnit0EL8MaskMode1ELb0ELb0EEvPaS5_P6__halfPT9_PfSA_SA_S9_jjjjjjjjjjjjjjjf
          0 bytes stack frame, 0 bytes spill stores, 0 bytes spill loads
      ptxas info    : Used 249 registers, used 1 barriers, 480 bytes cmem[0], 8 bytes cmem[2]
      ptxas info    : Compile time = 127.384 ms
      ptxas info    : Compiling entry function '_Z25qk_int_sv_f16_attn_kernelILj128ELj64ELj32ELj64ELj64EL8DataType1EL16QuantGranularity2ELS1_2EfLb1E6__halfL11ComputeUnit0EL8MaskMode1ELb0ELb0EEvPaS5_PS2_PT9_PfS9_S9_S8_jjjjjjjjjjjjjjjf' for 'sm_89'
      ptxas info    : Function properties for _Z25qk_int_sv_f16_attn_kernelILj128ELj64ELj32ELj64ELj64EL8DataType1EL16QuantGranularity2ELS1_2EfLb1E6__halfL11ComputeUnit0EL8MaskMode1ELb0ELb0EEvPaS5_PS2_PT9_PfS9_S9_S8_jjjjjjjjjjjjjjjf
          0 bytes stack frame, 0 bytes spill stores, 0 bytes spill loads
      ptxas info    : Used 249 registers, used 1 barriers, 480 bytes cmem[0], 8 bytes cmem[2]
      ptxas info    : Compile time = 125.995 ms
      ptxas info    : Compiling entry function '_Z25qk_int_sv_f16_attn_kernelILj128ELj64ELj32ELj64ELj64EL8DataType1EL16QuantGranularity2ELS1_2EfLb1E13__nv_bfloat16L11ComputeUnit0EL8MaskMode1ELb1ELb0EEvPaS5_P6__halfPT9_PfSA_SA_S9_jjjjjjjjjjjjjjjf' for 'sm_89'
      ptxas info    : Function properties for _Z25qk_int_sv_f16_attn_kernelILj128ELj64ELj32ELj64ELj64EL8DataType1EL16QuantGranularity2ELS1_2EfLb1E13__nv_bfloat16L11ComputeUnit0EL8MaskMode1ELb1ELb0EEvPaS5_P6__halfPT9_PfSA_SA_S9_jjjjjjjjjjjjjjjf
          32 bytes stack frame, 0 bytes spill stores, 0 bytes spill loads
      ptxas info    : Used 250 registers, used 1 barriers, 32 bytes cumulative stack size, 480 bytes cmem[0], 8 bytes cmem[2]
      ptxas info    : Compile time = 129.163 ms
      ptxas info    : Compiling entry function '_Z25qk_int_sv_f16_attn_kernelILj128ELj64ELj32ELj64ELj64EL8DataType1EL16QuantGranularity2ELS1_2EfLb1E6__halfL11ComputeUnit0EL8MaskMode1ELb1ELb0EEvPaS5_PS2_PT9_PfS9_S9_S8_jjjjjjjjjjjjjjjf' for 'sm_89'
      ptxas info    : Function properties for _Z25qk_int_sv_f16_attn_kernelILj128ELj64ELj32ELj64ELj64EL8DataType1EL16QuantGranularity2ELS1_2EfLb1E6__halfL11ComputeUnit0EL8MaskMode1ELb1ELb0EEvPaS5_PS2_PT9_PfS9_S9_S8_jjjjjjjjjjjjjjjf
          32 bytes stack frame, 0 bytes spill stores, 0 bytes spill loads
      ptxas info    : Used 250 registers, used 1 barriers, 32 bytes cumulative stack size, 480 bytes cmem[0], 8 bytes cmem[2]
      ptxas info    : Compile time = 135.052 ms
      ptxas info    : Compiling entry function '_Z25qk_int_sv_f16_attn_kernelILj128ELj64ELj32ELj64ELj128EL8DataType1EL16QuantGranularity3ELS1_3E6__halfLb0E13__nv_bfloat16L11ComputeUnit0EL8MaskMode0ELb0ELb0EEvPaS6_PS2_PT9_PfSA_SA_S9_jjjjjjjjjjjjjjjf' for 'sm_89'
      ptxas info    : Function properties for _Z25qk_int_sv_f16_attn_kernelILj128ELj64ELj32ELj64ELj128EL8DataType1EL16QuantGranularity3ELS1_3E6__halfLb0E13__nv_bfloat16L11ComputeUnit0EL8MaskMode0ELb0ELb0EEvPaS6_PS2_PT9_PfSA_SA_S9_jjjjjjjjjjjjjjjf
          0 bytes stack frame, 0 bytes spill stores, 0 bytes spill loads
      ptxas info    : Used 248 registers, used 1 barriers, 480 bytes cmem[0], 16 bytes cmem[2]
      ptxas info    : Compile time = 205.141 ms
      ptxas info    : Compiling entry function '_Z25qk_int_sv_f16_attn_kernelILj128ELj64ELj32ELj64ELj128EL8DataType1EL16QuantGranularity3ELS1_3E6__halfLb0ES2_L11ComputeUnit0EL8MaskMode0ELb0ELb0EEvPaS5_PS2_PT9_PfS9_S9_S8_jjjjjjjjjjjjjjjf' for 'sm_89'
      ptxas info    : Function properties for _Z25qk_int_sv_f16_attn_kernelILj128ELj64ELj32ELj64ELj128EL8DataType1EL16QuantGranularity3ELS1_3E6__halfLb0ES2_L11ComputeUnit0EL8MaskMode0ELb0ELb0EEvPaS5_PS2_PT9_PfS9_S9_S8_jjjjjjjjjjjjjjjf
          0 bytes stack frame, 0 bytes spill stores, 0 bytes spill loads
      ptxas info    : Used 248 registers, used 1 barriers, 480 bytes cmem[0], 16 bytes cmem[2]
      ptxas info    : Compile time = 191.324 ms
      ptxas info    : Compiling entry function '_Z25qk_int_sv_f16_attn_kernelILj128ELj64ELj32ELj64ELj128EL8DataType1EL16QuantGranularity3ELS1_3E6__halfLb0E13__nv_bfloat16L11ComputeUnit0EL8MaskMode0ELb1ELb0EEvPaS6_PS2_PT9_PfSA_SA_S9_jjjjjjjjjjjjjjjf' for 'sm_89'
      ptxas info    : Function properties for _Z25qk_int_sv_f16_attn_kernelILj128ELj64ELj32ELj64ELj128EL8DataType1EL16QuantGranularity3ELS1_3E6__halfLb0E13__nv_bfloat16L11ComputeUnit0EL8MaskMode0ELb1ELb0EEvPaS6_PS2_PT9_PfSA_SA_S9_jjjjjjjjjjjjjjjf
          32 bytes stack frame, 0 bytes spill stores, 0 bytes spill loads
      ptxas info    : Used 254 registers, used 1 barriers, 32 bytes cumulative stack size, 480 bytes cmem[0], 16 bytes cmem[2]
      ptxas info    : Compile time = 214.932 ms
      ptxas info    : Compiling entry function '_Z25qk_int_sv_f16_attn_kernelILj128ELj64ELj32ELj64ELj128EL8DataType1EL16QuantGranularity3ELS1_3E6__halfLb0ES2_L11ComputeUnit0EL8MaskMode0ELb1ELb0EEvPaS5_PS2_PT9_PfS9_S9_S8_jjjjjjjjjjjjjjjf' for 'sm_89'
      ptxas info    : Function properties for _Z25qk_int_sv_f16_attn_kernelILj128ELj64ELj32ELj64ELj128EL8DataType1EL16QuantGranularity3ELS1_3E6__halfLb0ES2_L11ComputeUnit0EL8MaskMode0ELb1ELb0EEvPaS5_PS2_PT9_PfS9_S9_S8_jjjjjjjjjjjjjjjf
          32 bytes stack frame, 0 bytes spill stores, 0 bytes spill loads
      ptxas info    : Used 250 registers, used 1 barriers, 32 bytes cumulative stack size, 480 bytes cmem[0], 16 bytes cmem[2]
      ptxas info    : Compile time = 201.389 ms
      ptxas info    : Compiling entry function '_Z25qk_int_sv_f16_attn_kernelILj128ELj64ELj32ELj64ELj128EL8DataType1EL16QuantGranularity2ELS1_2E6__halfLb0E13__nv_bfloat16L11ComputeUnit0EL8MaskMode0ELb0ELb0EEvPaS6_PS2_PT9_PfSA_SA_S9_jjjjjjjjjjjjjjjf' for 'sm_89'
      ptxas info    : Function properties for _Z25qk_int_sv_f16_attn_kernelILj128ELj64ELj32ELj64ELj128EL8DataType1EL16QuantGranularity2ELS1_2E6__halfLb0E13__nv_bfloat16L11ComputeUnit0EL8MaskMode0ELb0ELb0EEvPaS6_PS2_PT9_PfSA_SA_S9_jjjjjjjjjjjjjjjf
          0 bytes stack frame, 0 bytes spill stores, 0 bytes spill loads
      ptxas info    : Used 252 registers, used 1 barriers, 480 bytes cmem[0], 16 bytes cmem[2]
      ptxas info    : Compile time = 187.511 ms
      ptxas info    : Compiling entry function '_Z25qk_int_sv_f16_attn_kernelILj128ELj64ELj32ELj64ELj128EL8DataType1EL16QuantGranularity2ELS1_2E6__halfLb0ES2_L11ComputeUnit0EL8MaskMode0ELb0ELb0EEvPaS5_PS2_PT9_PfS9_S9_S8_jjjjjjjjjjjjjjjf' for 'sm_89'
      ptxas info    : Function properties for _Z25qk_int_sv_f16_attn_kernelILj128ELj64ELj32ELj64ELj128EL8DataType1EL16QuantGranularity2ELS1_2E6__halfLb0ES2_L11ComputeUnit0EL8MaskMode0ELb0ELb0EEvPaS5_PS2_PT9_PfS9_S9_S8_jjjjjjjjjjjjjjjf
          0 bytes stack frame, 0 bytes spill stores, 0 bytes spill loads
      ptxas info    : Used 252 registers, used 1 barriers, 480 bytes cmem[0], 16 bytes cmem[2]
      ptxas info    : Compile time = 174.420 ms
      ptxas info    : Compiling entry function '_Z25qk_int_sv_f16_attn_kernelILj128ELj64ELj32ELj64ELj128EL8DataType1EL16QuantGranularity2ELS1_2E6__halfLb0E13__nv_bfloat16L11ComputeUnit0EL8MaskMode0ELb1ELb0EEvPaS6_PS2_PT9_PfSA_SA_S9_jjjjjjjjjjjjjjjf' for 'sm_89'
      ptxas info    : Function properties for _Z25qk_int_sv_f16_attn_kernelILj128ELj64ELj32ELj64ELj128EL8DataType1EL16QuantGranularity2ELS1_2E6__halfLb0E13__nv_bfloat16L11ComputeUnit0EL8MaskMode0ELb1ELb0EEvPaS6_PS2_PT9_PfSA_SA_S9_jjjjjjjjjjjjjjjf
          32 bytes stack frame, 0 bytes spill stores, 0 bytes spill loads
      ptxas info    : Used 252 registers, used 1 barriers, 32 bytes cumulative stack size, 480 bytes cmem[0], 16 bytes cmem[2]
      ptxas info    : Compile time = 198.797 ms
      ptxas info    : Compiling entry function '_Z25qk_int_sv_f16_attn_kernelILj128ELj64ELj32ELj64ELj128EL8DataType1EL16QuantGranularity2ELS1_2E6__halfLb0ES2_L11ComputeUnit0EL8MaskMode0ELb1ELb0EEvPaS5_PS2_PT9_PfS9_S9_S8_jjjjjjjjjjjjjjjf' for 'sm_89'
      ptxas info    : Function properties for _Z25qk_int_sv_f16_attn_kernelILj128ELj64ELj32ELj64ELj128EL8DataType1EL16QuantGranularity2ELS1_2E6__halfLb0ES2_L11ComputeUnit0EL8MaskMode0ELb1ELb0EEvPaS5_PS2_PT9_PfS9_S9_S8_jjjjjjjjjjjjjjjf
          32 bytes stack frame, 0 bytes spill stores, 0 bytes spill loads
      ptxas info    : Used 252 registers, used 1 barriers, 32 bytes cumulative stack size, 480 bytes cmem[0], 16 bytes cmem[2]
      ptxas info    : Compile time = 189.256 ms
      ptxas info    : Compiling entry function '_Z25qk_int_sv_f16_attn_kernelILj128ELj64ELj32ELj64ELj128EL8DataType1EL16QuantGranularity3ELS1_3E6__halfLb0E13__nv_bfloat16L11ComputeUnit0EL8MaskMode1ELb0ELb0EEvPaS6_PS2_PT9_PfSA_SA_S9_jjjjjjjjjjjjjjjf' for 'sm_89'
      ptxas info    : Function properties for _Z25qk_int_sv_f16_attn_kernelILj128ELj64ELj32ELj64ELj128EL8DataType1EL16QuantGranularity3ELS1_3E6__halfLb0E13__nv_bfloat16L11ComputeUnit0EL8MaskMode1ELb0ELb0EEvPaS6_PS2_PT9_PfSA_SA_S9_jjjjjjjjjjjjjjjf
          0 bytes stack frame, 0 bytes spill stores, 0 bytes spill loads
      ptxas info    : Used 250 registers, used 1 barriers, 480 bytes cmem[0], 16 bytes cmem[2]
      ptxas info    : Compile time = 205.495 ms
      ptxas info    : Compiling entry function '_Z25qk_int_sv_f16_attn_kernelILj128ELj64ELj32ELj64ELj128EL8DataType1EL16QuantGranularity3ELS1_3E6__halfLb0ES2_L11ComputeUnit0EL8MaskMode1ELb0ELb0EEvPaS5_PS2_PT9_PfS9_S9_S8_jjjjjjjjjjjjjjjf' for 'sm_89'
      ptxas info    : Function properties for _Z25qk_int_sv_f16_attn_kernelILj128ELj64ELj32ELj64ELj128EL8DataType1EL16QuantGranularity3ELS1_3E6__halfLb0ES2_L11ComputeUnit0EL8MaskMode1ELb0ELb0EEvPaS5_PS2_PT9_PfS9_S9_S8_jjjjjjjjjjjjjjjf
          0 bytes stack frame, 0 bytes spill stores, 0 bytes spill loads
      ptxas info    : Used 250 registers, used 1 barriers, 480 bytes cmem[0], 16 bytes cmem[2]
      ptxas info    : Compile time = 195.657 ms
      ptxas info    : Compiling entry function '_Z25qk_int_sv_f16_attn_kernelILj128ELj64ELj32ELj64ELj128EL8DataType1EL16QuantGranularity3ELS1_3E6__halfLb0E13__nv_bfloat16L11ComputeUnit0EL8MaskMode1ELb1ELb0EEvPaS6_PS2_PT9_PfSA_SA_S9_jjjjjjjjjjjjjjjf' for 'sm_89'
      ptxas info    : Function properties for _Z25qk_int_sv_f16_attn_kernelILj128ELj64ELj32ELj64ELj128EL8DataType1EL16QuantGranularity3ELS1_3E6__halfLb0E13__nv_bfloat16L11ComputeUnit0EL8MaskMode1ELb1ELb0EEvPaS6_PS2_PT9_PfSA_SA_S9_jjjjjjjjjjjjjjjf
          32 bytes stack frame, 0 bytes spill stores, 0 bytes spill loads
      ptxas info    : Used 252 registers, used 1 barriers, 32 bytes cumulative stack size, 480 bytes cmem[0], 16 bytes cmem[2]
      ptxas info    : Compile time = 211.424 ms
      ptxas info    : Compiling entry function '_Z25qk_int_sv_f16_attn_kernelILj128ELj64ELj32ELj64ELj128EL8DataType1EL16QuantGranularity3ELS1_3E6__halfLb0ES2_L11ComputeUnit0EL8MaskMode1ELb1ELb0EEvPaS5_PS2_PT9_PfS9_S9_S8_jjjjjjjjjjjjjjjf' for 'sm_89'
      ptxas info    : Function properties for _Z25qk_int_sv_f16_attn_kernelILj128ELj64ELj32ELj64ELj128EL8DataType1EL16QuantGranularity3ELS1_3E6__halfLb0ES2_L11ComputeUnit0EL8MaskMode1ELb1ELb0EEvPaS5_PS2_PT9_PfS9_S9_S8_jjjjjjjjjjjjjjjf
          32 bytes stack frame, 0 bytes spill stores, 0 bytes spill loads
      ptxas info    : Used 252 registers, used 1 barriers, 32 bytes cumulative stack size, 480 bytes cmem[0], 16 bytes cmem[2]
      ptxas info    : Compile time = 199.433 ms
      ptxas info    : Compiling entry function '_Z25qk_int_sv_f16_attn_kernelILj128ELj64ELj32ELj64ELj128EL8DataType1EL16QuantGranularity2ELS1_2E6__halfLb0E13__nv_bfloat16L11ComputeUnit0EL8MaskMode1ELb0ELb0EEvPaS6_PS2_PT9_PfSA_SA_S9_jjjjjjjjjjjjjjjf' for 'sm_89'
      ptxas info    : Function properties for _Z25qk_int_sv_f16_attn_kernelILj128ELj64ELj32ELj64ELj128EL8DataType1EL16QuantGranularity2ELS1_2E6__halfLb0E13__nv_bfloat16L11ComputeUnit0EL8MaskMode1ELb0ELb0EEvPaS6_PS2_PT9_PfSA_SA_S9_jjjjjjjjjjjjjjjf
          0 bytes stack frame, 0 bytes spill stores, 0 bytes spill loads
      ptxas info    : Used 248 registers, used 1 barriers, 480 bytes cmem[0], 16 bytes cmem[2]
      ptxas info    : Compile time = 204.664 ms
      ptxas info    : Compiling entry function '_Z25qk_int_sv_f16_attn_kernelILj128ELj64ELj32ELj64ELj128EL8DataType1EL16QuantGranularity2ELS1_2E6__halfLb0ES2_L11ComputeUnit0EL8MaskMode1ELb0ELb0EEvPaS5_PS2_PT9_PfS9_S9_S8_jjjjjjjjjjjjjjjf' for 'sm_89'
      ptxas info    : Function properties for _Z25qk_int_sv_f16_attn_kernelILj128ELj64ELj32ELj64ELj128EL8DataType1EL16QuantGranularity2ELS1_2E6__halfLb0ES2_L11ComputeUnit0EL8MaskMode1ELb0ELb0EEvPaS5_PS2_PT9_PfS9_S9_S8_jjjjjjjjjjjjjjjf
          0 bytes stack frame, 0 bytes spill stores, 0 bytes spill loads
      ptxas info    : Used 248 registers, used 1 barriers, 480 bytes cmem[0], 16 bytes cmem[2]
      ptxas info    : Compile time = 195.107 ms
      ptxas info    : Compiling entry function '_Z25qk_int_sv_f16_attn_kernelILj128ELj64ELj32ELj64ELj128EL8DataType1EL16QuantGranularity2ELS1_2E6__halfLb0E13__nv_bfloat16L11ComputeUnit0EL8MaskMode1ELb1ELb0EEvPaS6_PS2_PT9_PfSA_SA_S9_jjjjjjjjjjjjjjjf' for 'sm_89'
      ptxas info    : Function properties for _Z25qk_int_sv_f16_attn_kernelILj128ELj64ELj32ELj64ELj128EL8DataType1EL16QuantGranularity2ELS1_2E6__halfLb0E13__nv_bfloat16L11ComputeUnit0EL8MaskMode1ELb1ELb0EEvPaS6_PS2_PT9_PfSA_SA_S9_jjjjjjjjjjjjjjjf
          32 bytes stack frame, 0 bytes spill stores, 0 bytes spill loads
      ptxas info    : Used 250 registers, used 1 barriers, 32 bytes cumulative stack size, 480 bytes cmem[0], 16 bytes cmem[2]
      ptxas info    : Compile time = 207.622 ms
      ptxas info    : Compiling entry function '_Z25qk_int_sv_f16_attn_kernelILj128ELj64ELj32ELj64ELj128EL8DataType1EL16QuantGranularity2ELS1_2E6__halfLb0ES2_L11ComputeUnit0EL8MaskMode1ELb1ELb0EEvPaS5_PS2_PT9_PfS9_S9_S8_jjjjjjjjjjjjjjjf' for 'sm_89'
      ptxas info    : Function properties for _Z25qk_int_sv_f16_attn_kernelILj128ELj64ELj32ELj64ELj128EL8DataType1EL16QuantGranularity2ELS1_2E6__halfLb0ES2_L11ComputeUnit0EL8MaskMode1ELb1ELb0EEvPaS5_PS2_PT9_PfS9_S9_S8_jjjjjjjjjjjjjjjf
          32 bytes stack frame, 0 bytes spill stores, 0 bytes spill loads
      ptxas info    : Used 250 registers, used 1 barriers, 32 bytes cumulative stack size, 480 bytes cmem[0], 16 bytes cmem[2]
      ptxas info    : Compile time = 201.803 ms
      ptxas info    : Compiling entry function '_Z25qk_int_sv_f16_attn_kernelILj128ELj64ELj32ELj64ELj64EL8DataType1EL16QuantGranularity3ELS1_3E6__halfLb0E13__nv_bfloat16L11ComputeUnit0EL8MaskMode0ELb0ELb0EEvPaS6_PS2_PT9_PfSA_SA_S9_jjjjjjjjjjjjjjjf' for 'sm_89'
      ptxas info    : Function properties for _Z25qk_int_sv_f16_attn_kernelILj128ELj64ELj32ELj64ELj64EL8DataType1EL16QuantGranularity3ELS1_3E6__halfLb0E13__nv_bfloat16L11ComputeUnit0EL8MaskMode0ELb0ELb0EEvPaS6_PS2_PT9_PfSA_SA_S9_jjjjjjjjjjjjjjjf
          0 bytes stack frame, 0 bytes spill stores, 0 bytes spill loads
      ptxas info    : Used 215 registers, used 1 barriers, 480 bytes cmem[0], 8 bytes cmem[2]
      ptxas info    : Compile time = 109.942 ms
      ptxas info    : Compiling entry function '_Z25qk_int_sv_f16_attn_kernelILj128ELj64ELj32ELj64ELj64EL8DataType1EL16QuantGranularity3ELS1_3E6__halfLb0ES2_L11ComputeUnit0EL8MaskMode0ELb0ELb0EEvPaS5_PS2_PT9_PfS9_S9_S8_jjjjjjjjjjjjjjjf' for 'sm_89'
      ptxas info    : Function properties for _Z25qk_int_sv_f16_attn_kernelILj128ELj64ELj32ELj64ELj64EL8DataType1EL16QuantGranularity3ELS1_3E6__halfLb0ES2_L11ComputeUnit0EL8MaskMode0ELb0ELb0EEvPaS5_PS2_PT9_PfS9_S9_S8_jjjjjjjjjjjjjjjf
          0 bytes stack frame, 0 bytes spill stores, 0 bytes spill loads
      ptxas info    : Used 192 registers, used 1 barriers, 480 bytes cmem[0], 8 bytes cmem[2]
      ptxas info    : Compile time = 106.562 ms
      ptxas info    : Compiling entry function '_Z25qk_int_sv_f16_attn_kernelILj128ELj64ELj32ELj64ELj64EL8DataType1EL16QuantGranularity3ELS1_3E6__halfLb0E13__nv_bfloat16L11ComputeUnit0EL8MaskMode0ELb1ELb0EEvPaS6_PS2_PT9_PfSA_SA_S9_jjjjjjjjjjjjjjjf' for 'sm_89'
      ptxas info    : Function properties for _Z25qk_int_sv_f16_attn_kernelILj128ELj64ELj32ELj64ELj64EL8DataType1EL16QuantGranularity3ELS1_3E6__halfLb0E13__nv_bfloat16L11ComputeUnit0EL8MaskMode0ELb1ELb0EEvPaS6_PS2_PT9_PfSA_SA_S9_jjjjjjjjjjjjjjjf
          32 bytes stack frame, 0 bytes spill stores, 0 bytes spill loads
      ptxas info    : Used 194 registers, used 1 barriers, 32 bytes cumulative stack size, 480 bytes cmem[0], 8 bytes cmem[2]
      ptxas info    : Compile time = 112.753 ms
      ptxas info    : Compiling entry function '_Z25qk_int_sv_f16_attn_kernelILj128ELj64ELj32ELj64ELj64EL8DataType1EL16QuantGranularity3ELS1_3E6__halfLb0ES2_L11ComputeUnit0EL8MaskMode0ELb1ELb0EEvPaS5_PS2_PT9_PfS9_S9_S8_jjjjjjjjjjjjjjjf' for 'sm_89'
      ptxas info    : Function properties for _Z25qk_int_sv_f16_attn_kernelILj128ELj64ELj32ELj64ELj64EL8DataType1EL16QuantGranularity3ELS1_3E6__halfLb0ES2_L11ComputeUnit0EL8MaskMode0ELb1ELb0EEvPaS5_PS2_PT9_PfS9_S9_S8_jjjjjjjjjjjjjjjf
          32 bytes stack frame, 0 bytes spill stores, 0 bytes spill loads
      ptxas info    : Used 192 registers, used 1 barriers, 32 bytes cumulative stack size, 480 bytes cmem[0], 8 bytes cmem[2]
      ptxas info    : Compile time = 116.990 ms
      ptxas info    : Compiling entry function '_Z25qk_int_sv_f16_attn_kernelILj128ELj64ELj32ELj64ELj64EL8DataType1EL16QuantGranularity2ELS1_2E6__halfLb0E13__nv_bfloat16L11ComputeUnit0EL8MaskMode0ELb0ELb0EEvPaS6_PS2_PT9_PfSA_SA_S9_jjjjjjjjjjjjjjjf' for 'sm_89'
      ptxas info    : Function properties for _Z25qk_int_sv_f16_attn_kernelILj128ELj64ELj32ELj64ELj64EL8DataType1EL16QuantGranularity2ELS1_2E6__halfLb0E13__nv_bfloat16L11ComputeUnit0EL8MaskMode0ELb0ELb0EEvPaS6_PS2_PT9_PfSA_SA_S9_jjjjjjjjjjjjjjjf
          0 bytes stack frame, 0 bytes spill stores, 0 bytes spill loads
      ptxas info    : Used 223 registers, used 1 barriers, 480 bytes cmem[0], 8 bytes cmem[2]
      ptxas info    : Compile time = 110.885 ms
      ptxas info    : Compiling entry function '_Z25qk_int_sv_f16_attn_kernelILj128ELj64ELj32ELj64ELj64EL8DataType1EL16QuantGranularity2ELS1_2E6__halfLb0ES2_L11ComputeUnit0EL8MaskMode0ELb0ELb0EEvPaS5_PS2_PT9_PfS9_S9_S8_jjjjjjjjjjjjjjjf' for 'sm_89'
      ptxas info    : Function properties for _Z25qk_int_sv_f16_attn_kernelILj128ELj64ELj32ELj64ELj64EL8DataType1EL16QuantGranularity2ELS1_2E6__halfLb0ES2_L11ComputeUnit0EL8MaskMode0ELb0ELb0EEvPaS5_PS2_PT9_PfS9_S9_S8_jjjjjjjjjjjjjjjf
          0 bytes stack frame, 0 bytes spill stores, 0 bytes spill loads
      ptxas info    : Used 223 registers, used 1 barriers, 480 bytes cmem[0], 8 bytes cmem[2]
      ptxas info    : Compile time = 105.201 ms
      ptxas info    : Compiling entry function '_Z25qk_int_sv_f16_attn_kernelILj128ELj64ELj32ELj64ELj64EL8DataType1EL16QuantGranularity2ELS1_2E6__halfLb0E13__nv_bfloat16L11ComputeUnit0EL8MaskMode0ELb1ELb0EEvPaS6_PS2_PT9_PfSA_SA_S9_jjjjjjjjjjjjjjjf' for 'sm_89'
      ptxas info    : Function properties for _Z25qk_int_sv_f16_attn_kernelILj128ELj64ELj32ELj64ELj64EL8DataType1EL16QuantGranularity2ELS1_2E6__halfLb0E13__nv_bfloat16L11ComputeUnit0EL8MaskMode0ELb1ELb0EEvPaS6_PS2_PT9_PfSA_SA_S9_jjjjjjjjjjjjjjjf
          32 bytes stack frame, 0 bytes spill stores, 0 bytes spill loads
      ptxas info    : Used 224 registers, used 1 barriers, 32 bytes cumulative stack size, 480 bytes cmem[0], 8 bytes cmem[2]
      ptxas info    : Compile time = 132.809 ms
      ptxas info    : Compiling entry function '_Z25qk_int_sv_f16_attn_kernelILj128ELj64ELj32ELj64ELj64EL8DataType1EL16QuantGranularity2ELS1_2E6__halfLb0ES2_L11ComputeUnit0EL8MaskMode0ELb1ELb0EEvPaS5_PS2_PT9_PfS9_S9_S8_jjjjjjjjjjjjjjjf' for 'sm_89'
      ptxas info    : Function properties for _Z25qk_int_sv_f16_attn_kernelILj128ELj64ELj32ELj64ELj64EL8DataType1EL16QuantGranularity2ELS1_2E6__halfLb0ES2_L11ComputeUnit0EL8MaskMode0ELb1ELb0EEvPaS5_PS2_PT9_PfS9_S9_S8_jjjjjjjjjjjjjjjf
          32 bytes stack frame, 0 bytes spill stores, 0 bytes spill loads
      ptxas info    : Used 224 registers, used 1 barriers, 32 bytes cumulative stack size, 480 bytes cmem[0], 8 bytes cmem[2]
      ptxas info    : Compile time = 107.455 ms
      ptxas info    : Compiling entry function '_Z25qk_int_sv_f16_attn_kernelILj128ELj64ELj32ELj64ELj64EL8DataType1EL16QuantGranularity3ELS1_3E6__halfLb0E13__nv_bfloat16L11ComputeUnit0EL8MaskMode1ELb0ELb0EEvPaS6_PS2_PT9_PfSA_SA_S9_jjjjjjjjjjjjjjjf' for 'sm_89'
      ptxas info    : Function properties for _Z25qk_int_sv_f16_attn_kernelILj128ELj64ELj32ELj64ELj64EL8DataType1EL16QuantGranularity3ELS1_3E6__halfLb0E13__nv_bfloat16L11ComputeUnit0EL8MaskMode1ELb0ELb0EEvPaS6_PS2_PT9_PfSA_SA_S9_jjjjjjjjjjjjjjjf
          0 bytes stack frame, 0 bytes spill stores, 0 bytes spill loads
      ptxas info    : Used 196 registers, used 1 barriers, 480 bytes cmem[0], 8 bytes cmem[2]
      ptxas info    : Compile time = 130.003 ms
      ptxas info    : Compiling entry function '_Z25qk_int_sv_f16_attn_kernelILj128ELj64ELj32ELj64ELj64EL8DataType1EL16QuantGranularity3ELS1_3E6__halfLb0ES2_L11ComputeUnit0EL8MaskMode1ELb0ELb0EEvPaS5_PS2_PT9_PfS9_S9_S8_jjjjjjjjjjjjjjjf' for 'sm_89'
      ptxas info    : Function properties for _Z25qk_int_sv_f16_attn_kernelILj128ELj64ELj32ELj64ELj64EL8DataType1EL16QuantGranularity3ELS1_3E6__halfLb0ES2_L11ComputeUnit0EL8MaskMode1ELb0ELb0EEvPaS5_PS2_PT9_PfS9_S9_S8_jjjjjjjjjjjjjjjf
          0 bytes stack frame, 0 bytes spill stores, 0 bytes spill loads
      ptxas info    : Used 196 registers, used 1 barriers, 480 bytes cmem[0], 8 bytes cmem[2]
      ptxas info    : Compile time = 142.620 ms
      ptxas info    : Compiling entry function '_Z25qk_int_sv_f16_attn_kernelILj128ELj64ELj32ELj64ELj64EL8DataType1EL16QuantGranularity3ELS1_3E6__halfLb0E13__nv_bfloat16L11ComputeUnit0EL8MaskMode1ELb1ELb0EEvPaS6_PS2_PT9_PfSA_SA_S9_jjjjjjjjjjjjjjjf' for 'sm_89'
      ptxas info    : Function properties for _Z25qk_int_sv_f16_attn_kernelILj128ELj64ELj32ELj64ELj64EL8DataType1EL16QuantGranularity3ELS1_3E6__halfLb0E13__nv_bfloat16L11ComputeUnit0EL8MaskMode1ELb1ELb0EEvPaS6_PS2_PT9_PfSA_SA_S9_jjjjjjjjjjjjjjjf
          32 bytes stack frame, 0 bytes spill stores, 0 bytes spill loads
      ptxas info    : Used 188 registers, used 1 barriers, 32 bytes cumulative stack size, 480 bytes cmem[0], 8 bytes cmem[2]
      ptxas info    : Compile time = 130.018 ms
      ptxas info    : Compiling entry function '_Z25qk_int_sv_f16_attn_kernelILj128ELj64ELj32ELj64ELj64EL8DataType1EL16QuantGranularity3ELS1_3E6__halfLb0ES2_L11ComputeUnit0EL8MaskMode1ELb1ELb0EEvPaS5_PS2_PT9_PfS9_S9_S8_jjjjjjjjjjjjjjjf' for 'sm_89'
      ptxas info    : Function properties for _Z25qk_int_sv_f16_attn_kernelILj128ELj64ELj32ELj64ELj64EL8DataType1EL16QuantGranularity3ELS1_3E6__halfLb0ES2_L11ComputeUnit0EL8MaskMode1ELb1ELb0EEvPaS5_PS2_PT9_PfS9_S9_S8_jjjjjjjjjjjjjjjf
          32 bytes stack frame, 0 bytes spill stores, 0 bytes spill loads
      ptxas info    : Used 188 registers, used 1 barriers, 32 bytes cumulative stack size, 480 bytes cmem[0], 8 bytes cmem[2]
      ptxas info    : Compile time = 114.034 ms
      ptxas info    : Compiling entry function '_Z25qk_int_sv_f16_attn_kernelILj128ELj64ELj32ELj64ELj64EL8DataType1EL16QuantGranularity2ELS1_2E6__halfLb0E13__nv_bfloat16L11ComputeUnit0EL8MaskMode1ELb0ELb0EEvPaS6_PS2_PT9_PfSA_SA_S9_jjjjjjjjjjjjjjjf' for 'sm_89'
      ptxas info    : Function properties for _Z25qk_int_sv_f16_attn_kernelILj128ELj64ELj32ELj64ELj64EL8DataType1EL16QuantGranularity2ELS1_2E6__halfLb0E13__nv_bfloat16L11ComputeUnit0EL8MaskMode1ELb0ELb0EEvPaS6_PS2_PT9_PfSA_SA_S9_jjjjjjjjjjjjjjjf
          0 bytes stack frame, 0 bytes spill stores, 0 bytes spill loads
      ptxas info    : Used 203 registers, used 1 barriers, 480 bytes cmem[0], 8 bytes cmem[2]
      ptxas info    : Compile time = 116.005 ms
      ptxas info    : Compiling entry function '_Z25qk_int_sv_f16_attn_kernelILj128ELj64ELj32ELj64ELj64EL8DataType1EL16QuantGranularity2ELS1_2E6__halfLb0ES2_L11ComputeUnit0EL8MaskMode1ELb0ELb0EEvPaS5_PS2_PT9_PfS9_S9_S8_jjjjjjjjjjjjjjjf' for 'sm_89'
      ptxas info    : Function properties for _Z25qk_int_sv_f16_attn_kernelILj128ELj64ELj32ELj64ELj64EL8DataType1EL16QuantGranularity2ELS1_2E6__halfLb0ES2_L11ComputeUnit0EL8MaskMode1ELb0ELb0EEvPaS5_PS2_PT9_PfS9_S9_S8_jjjjjjjjjjjjjjjf
          0 bytes stack frame, 0 bytes spill stores, 0 bytes spill loads
      ptxas info    : Used 203 registers, used 1 barriers, 480 bytes cmem[0], 8 bytes cmem[2]
      ptxas info    : Compile time = 128.541 ms
      ptxas info    : Compiling entry function '_Z25qk_int_sv_f16_attn_kernelILj128ELj64ELj32ELj64ELj64EL8DataType1EL16QuantGranularity2ELS1_2E6__halfLb0E13__nv_bfloat16L11ComputeUnit0EL8MaskMode1ELb1ELb0EEvPaS6_PS2_PT9_PfSA_SA_S9_jjjjjjjjjjjjjjjf' for 'sm_89'
      ptxas info    : Function properties for _Z25qk_int_sv_f16_attn_kernelILj128ELj64ELj32ELj64ELj64EL8DataType1EL16QuantGranularity2ELS1_2E6__halfLb0E13__nv_bfloat16L11ComputeUnit0EL8MaskMode1ELb1ELb0EEvPaS6_PS2_PT9_PfSA_SA_S9_jjjjjjjjjjjjjjjf
          32 bytes stack frame, 0 bytes spill stores, 0 bytes spill loads
      ptxas info    : Used 194 registers, used 1 barriers, 32 bytes cumulative stack size, 480 bytes cmem[0], 8 bytes cmem[2]
      ptxas info    : Compile time = 119.904 ms
      ptxas info    : Compiling entry function '_Z25qk_int_sv_f16_attn_kernelILj128ELj64ELj32ELj64ELj64EL8DataType1EL16QuantGranularity2ELS1_2E6__halfLb0ES2_L11ComputeUnit0EL8MaskMode1ELb1ELb0EEvPaS5_PS2_PT9_PfS9_S9_S8_jjjjjjjjjjjjjjjf' for 'sm_89'
      ptxas info    : Function properties for _Z25qk_int_sv_f16_attn_kernelILj128ELj64ELj32ELj64ELj64EL8DataType1EL16QuantGranularity2ELS1_2E6__halfLb0ES2_L11ComputeUnit0EL8MaskMode1ELb1ELb0EEvPaS5_PS2_PT9_PfS9_S9_S8_jjjjjjjjjjjjjjjf
          32 bytes stack frame, 0 bytes spill stores, 0 bytes spill loads
      ptxas info    : Used 194 registers, used 1 barriers, 32 bytes cumulative stack size, 480 bytes cmem[0], 8 bytes cmem[2]
      ptxas info    : Compile time = 115.281 ms
      ptxas info    : Compiling entry function '_Z25qk_int_sv_f16_attn_kernelILj128ELj64ELj32ELj64ELj128EL8DataType1EL16QuantGranularity3ELS1_3EfLb0E13__nv_bfloat16L11ComputeUnit0EL8MaskMode0ELb0ELb0EEvPaS5_P6__halfPT9_PfSA_SA_S9_jjjjjjjjjjjjjjjf' for 'sm_89'
      ptxas info    : Function properties for _Z25qk_int_sv_f16_attn_kernelILj128ELj64ELj32ELj64ELj128EL8DataType1EL16QuantGranularity3ELS1_3EfLb0E13__nv_bfloat16L11ComputeUnit0EL8MaskMode0ELb0ELb0EEvPaS5_P6__halfPT9_PfSA_SA_S9_jjjjjjjjjjjjjjjf
          40 bytes stack frame, 32 bytes spill stores, 40 bytes spill loads
      ptxas info    : Used 255 registers, used 1 barriers, 40 bytes cumulative stack size, 480 bytes cmem[0], 16 bytes cmem[2]
      ptxas info    : Compile time = 212.700 ms
      ptxas info    : Compiling entry function '_Z25qk_int_sv_f16_attn_kernelILj128ELj64ELj32ELj64ELj128EL8DataType1EL16QuantGranularity3ELS1_3EfLb0E6__halfL11ComputeUnit0EL8MaskMode0ELb0ELb0EEvPaS5_PS2_PT9_PfS9_S9_S8_jjjjjjjjjjjjjjjf' for 'sm_89'
      ptxas info    : Function properties for _Z25qk_int_sv_f16_attn_kernelILj128ELj64ELj32ELj64ELj128EL8DataType1EL16QuantGranularity3ELS1_3EfLb0E6__halfL11ComputeUnit0EL8MaskMode0ELb0ELb0EEvPaS5_PS2_PT9_PfS9_S9_S8_jjjjjjjjjjjjjjjf
          40 bytes stack frame, 32 bytes spill stores, 40 bytes spill loads
      ptxas info    : Used 255 registers, used 1 barriers, 40 bytes cumulative stack size, 480 bytes cmem[0], 16 bytes cmem[2]
      ptxas info    : Compile time = 216.983 ms
      ptxas info    : Compiling entry function '_Z25qk_int_sv_f16_attn_kernelILj128ELj64ELj32ELj64ELj128EL8DataType1EL16QuantGranularity3ELS1_3EfLb0E13__nv_bfloat16L11ComputeUnit0EL8MaskMode0ELb1ELb0EEvPaS5_P6__halfPT9_PfSA_SA_S9_jjjjjjjjjjjjjjjf' for 'sm_89'
      ptxas info    : Function properties for _Z25qk_int_sv_f16_attn_kernelILj128ELj64ELj32ELj64ELj128EL8DataType1EL16QuantGranularity3ELS1_3EfLb0E13__nv_bfloat16L11ComputeUnit0EL8MaskMode0ELb1ELb0EEvPaS5_P6__halfPT9_PfSA_SA_S9_jjjjjjjjjjjjjjjf
          80 bytes stack frame, 32 bytes spill stores, 40 bytes spill loads
      ptxas info    : Used 255 registers, used 1 barriers, 80 bytes cumulative stack size, 480 bytes cmem[0], 16 bytes cmem[2]
      ptxas info    : Compile time = 213.118 ms
      ptxas info    : Compiling entry function '_Z25qk_int_sv_f16_attn_kernelILj128ELj64ELj32ELj64ELj128EL8DataType1EL16QuantGranularity3ELS1_3EfLb0E6__halfL11ComputeUnit0EL8MaskMode0ELb1ELb0EEvPaS5_PS2_PT9_PfS9_S9_S8_jjjjjjjjjjjjjjjf' for 'sm_89'
      ptxas info    : Function properties for _Z25qk_int_sv_f16_attn_kernelILj128ELj64ELj32ELj64ELj128EL8DataType1EL16QuantGranularity3ELS1_3EfLb0E6__halfL11ComputeUnit0EL8MaskMode0ELb1ELb0EEvPaS5_PS2_PT9_PfS9_S9_S8_jjjjjjjjjjjjjjjf
          80 bytes stack frame, 32 bytes spill stores, 40 bytes spill loads
      ptxas info    : Used 255 registers, used 1 barriers, 80 bytes cumulative stack size, 480 bytes cmem[0], 16 bytes cmem[2]
      ptxas info    : Compile time = 211.830 ms
      ptxas info    : Compiling entry function '_Z25qk_int_sv_f16_attn_kernelILj128ELj64ELj32ELj64ELj128EL8DataType1EL16QuantGranularity2ELS1_2EfLb0E13__nv_bfloat16L11ComputeUnit0EL8MaskMode0ELb0ELb0EEvPaS5_P6__halfPT9_PfSA_SA_S9_jjjjjjjjjjjjjjjf' for 'sm_89'
      ptxas info    : Function properties for _Z25qk_int_sv_f16_attn_kernelILj128ELj64ELj32ELj64ELj128EL8DataType1EL16QuantGranularity2ELS1_2EfLb0E13__nv_bfloat16L11ComputeUnit0EL8MaskMode0ELb0ELb0EEvPaS5_P6__halfPT9_PfSA_SA_S9_jjjjjjjjjjjjjjjf
          32 bytes stack frame, 28 bytes spill stores, 32 bytes spill loads
      ptxas info    : Used 255 registers, used 1 barriers, 32 bytes cumulative stack size, 480 bytes cmem[0], 16 bytes cmem[2]
      ptxas info    : Compile time = 210.556 ms
      ptxas info    : Compiling entry function '_Z25qk_int_sv_f16_attn_kernelILj128ELj64ELj32ELj64ELj128EL8DataType1EL16QuantGranularity2ELS1_2EfLb0E6__halfL11ComputeUnit0EL8MaskMode0ELb0ELb0EEvPaS5_PS2_PT9_PfS9_S9_S8_jjjjjjjjjjjjjjjf' for 'sm_89'
      ptxas info    : Function properties for _Z25qk_int_sv_f16_attn_kernelILj128ELj64ELj32ELj64ELj128EL8DataType1EL16QuantGranularity2ELS1_2EfLb0E6__halfL11ComputeUnit0EL8MaskMode0ELb0ELb0EEvPaS5_PS2_PT9_PfS9_S9_S8_jjjjjjjjjjjjjjjf
          32 bytes stack frame, 28 bytes spill stores, 32 bytes spill loads
      ptxas info    : Used 255 registers, used 1 barriers, 32 bytes cumulative stack size, 480 bytes cmem[0], 16 bytes cmem[2]
      ptxas info    : Compile time = 211.548 ms
      ptxas info    : Compiling entry function '_Z25qk_int_sv_f16_attn_kernelILj128ELj64ELj32ELj64ELj128EL8DataType1EL16QuantGranularity2ELS1_2EfLb0E13__nv_bfloat16L11ComputeUnit0EL8MaskMode0ELb1ELb0EEvPaS5_P6__halfPT9_PfSA_SA_S9_jjjjjjjjjjjjjjjf' for 'sm_89'
      ptxas info    : Function properties for _Z25qk_int_sv_f16_attn_kernelILj128ELj64ELj32ELj64ELj128EL8DataType1EL16QuantGranularity2ELS1_2EfLb0E13__nv_bfloat16L11ComputeUnit0EL8MaskMode0ELb1ELb0EEvPaS5_P6__halfPT9_PfSA_SA_S9_jjjjjjjjjjjjjjjf
          80 bytes stack frame, 36 bytes spill stores, 40 bytes spill loads
      ptxas info    : Used 255 registers, used 1 barriers, 80 bytes cumulative stack size, 480 bytes cmem[0], 16 bytes cmem[2]
      ptxas info    : Compile time = 211.129 ms
      ptxas info    : Compiling entry function '_Z25qk_int_sv_f16_attn_kernelILj128ELj64ELj32ELj64ELj128EL8DataType1EL16QuantGranularity2ELS1_2EfLb0E6__halfL11ComputeUnit0EL8MaskMode0ELb1ELb0EEvPaS5_PS2_PT9_PfS9_S9_S8_jjjjjjjjjjjjjjjf' for 'sm_89'
      ptxas info    : Function properties for _Z25qk_int_sv_f16_attn_kernelILj128ELj64ELj32ELj64ELj128EL8DataType1EL16QuantGranularity2ELS1_2EfLb0E6__halfL11ComputeUnit0EL8MaskMode0ELb1ELb0EEvPaS5_PS2_PT9_PfS9_S9_S8_jjjjjjjjjjjjjjjf
          80 bytes stack frame, 36 bytes spill stores, 40 bytes spill loads
      ptxas info    : Used 255 registers, used 1 barriers, 80 bytes cumulative stack size, 480 bytes cmem[0], 16 bytes cmem[2]
      ptxas info    : Compile time = 208.456 ms
      ptxas info    : Compiling entry function '_Z25qk_int_sv_f16_attn_kernelILj128ELj64ELj32ELj64ELj128EL8DataType1EL16QuantGranularity3ELS1_3EfLb0E13__nv_bfloat16L11ComputeUnit0EL8MaskMode1ELb0ELb0EEvPaS5_P6__halfPT9_PfSA_SA_S9_jjjjjjjjjjjjjjjf' for 'sm_89'
      ptxas info    : Function properties for _Z25qk_int_sv_f16_attn_kernelILj128ELj64ELj32ELj64ELj128EL8DataType1EL16QuantGranularity3ELS1_3EfLb0E13__nv_bfloat16L11ComputeUnit0EL8MaskMode1ELb0ELb0EEvPaS5_P6__halfPT9_PfSA_SA_S9_jjjjjjjjjjjjjjjf
          88 bytes stack frame, 80 bytes spill stores, 88 bytes spill loads
      ptxas info    : Used 255 registers, used 1 barriers, 88 bytes cumulative stack size, 480 bytes cmem[0], 16 bytes cmem[2]
      ptxas info    : Compile time = 223.004 ms
      ptxas info    : Compiling entry function '_Z25qk_int_sv_f16_attn_kernelILj128ELj64ELj32ELj64ELj128EL8DataType1EL16QuantGranularity3ELS1_3EfLb0E6__halfL11ComputeUnit0EL8MaskMode1ELb0ELb0EEvPaS5_PS2_PT9_PfS9_S9_S8_jjjjjjjjjjjjjjjf' for 'sm_89'
      ptxas info    : Function properties for _Z25qk_int_sv_f16_attn_kernelILj128ELj64ELj32ELj64ELj128EL8DataType1EL16QuantGranularity3ELS1_3EfLb0E6__halfL11ComputeUnit0EL8MaskMode1ELb0ELb0EEvPaS5_PS2_PT9_PfS9_S9_S8_jjjjjjjjjjjjjjjf
          88 bytes stack frame, 80 bytes spill stores, 88 bytes spill loads
      ptxas info    : Used 255 registers, used 1 barriers, 88 bytes cumulative stack size, 480 bytes cmem[0], 16 bytes cmem[2]
      ptxas info    : Compile time = 222.244 ms
      ptxas info    : Compiling entry function '_Z25qk_int_sv_f16_attn_kernelILj128ELj64ELj32ELj64ELj128EL8DataType1EL16QuantGranularity3ELS1_3EfLb0E13__nv_bfloat16L11ComputeUnit0EL8MaskMode1ELb1ELb0EEvPaS5_P6__halfPT9_PfSA_SA_S9_jjjjjjjjjjjjjjjf' for 'sm_89'
      ptxas info    : Function properties for _Z25qk_int_sv_f16_attn_kernelILj128ELj64ELj32ELj64ELj128EL8DataType1EL16QuantGranularity3ELS1_3EfLb0E13__nv_bfloat16L11ComputeUnit0EL8MaskMode1ELb1ELb0EEvPaS5_P6__halfPT9_PfSA_SA_S9_jjjjjjjjjjjjjjjf
          96 bytes stack frame, 64 bytes spill stores, 72 bytes spill loads
      ptxas info    : Used 255 registers, used 1 barriers, 96 bytes cumulative stack size, 480 bytes cmem[0], 16 bytes cmem[2]
      ptxas info    : Compile time = 223.960 ms
      ptxas info    : Compiling entry function '_Z25qk_int_sv_f16_attn_kernelILj128ELj64ELj32ELj64ELj128EL8DataType1EL16QuantGranularity3ELS1_3EfLb0E6__halfL11ComputeUnit0EL8MaskMode1ELb1ELb0EEvPaS5_PS2_PT9_PfS9_S9_S8_jjjjjjjjjjjjjjjf' for 'sm_89'
      ptxas info    : Function properties for _Z25qk_int_sv_f16_attn_kernelILj128ELj64ELj32ELj64ELj128EL8DataType1EL16QuantGranularity3ELS1_3EfLb0E6__halfL11ComputeUnit0EL8MaskMode1ELb1ELb0EEvPaS5_PS2_PT9_PfS9_S9_S8_jjjjjjjjjjjjjjjf
          96 bytes stack frame, 64 bytes spill stores, 72 bytes spill loads
      ptxas info    : Used 255 registers, used 1 barriers, 96 bytes cumulative stack size, 480 bytes cmem[0], 16 bytes cmem[2]
      ptxas info    : Compile time = 229.613 ms
      ptxas info    : Compiling entry function '_Z25qk_int_sv_f16_attn_kernelILj128ELj64ELj32ELj64ELj128EL8DataType1EL16QuantGranularity2ELS1_2EfLb0E13__nv_bfloat16L11ComputeUnit0EL8MaskMode1ELb0ELb0EEvPaS5_P6__halfPT9_PfSA_SA_S9_jjjjjjjjjjjjjjjf' for 'sm_89'
      ptxas info    : Function properties for _Z25qk_int_sv_f16_attn_kernelILj128ELj64ELj32ELj64ELj128EL8DataType1EL16QuantGranularity2ELS1_2EfLb0E13__nv_bfloat16L11ComputeUnit0EL8MaskMode1ELb0ELb0EEvPaS5_P6__halfPT9_PfSA_SA_S9_jjjjjjjjjjjjjjjf
          80 bytes stack frame, 72 bytes spill stores, 76 bytes spill loads
      ptxas info    : Used 255 registers, used 1 barriers, 80 bytes cumulative stack size, 480 bytes cmem[0], 16 bytes cmem[2]
      ptxas info    : Compile time = 219.730 ms
      ptxas info    : Compiling entry function '_Z25qk_int_sv_f16_attn_kernelILj128ELj64ELj32ELj64ELj128EL8DataType1EL16QuantGranularity2ELS1_2EfLb0E6__halfL11ComputeUnit0EL8MaskMode1ELb0ELb0EEvPaS5_PS2_PT9_PfS9_S9_S8_jjjjjjjjjjjjjjjf' for 'sm_89'
      ptxas info    : Function properties for _Z25qk_int_sv_f16_attn_kernelILj128ELj64ELj32ELj64ELj128EL8DataType1EL16QuantGranularity2ELS1_2EfLb0E6__halfL11ComputeUnit0EL8MaskMode1ELb0ELb0EEvPaS5_PS2_PT9_PfS9_S9_S8_jjjjjjjjjjjjjjjf
          80 bytes stack frame, 72 bytes spill stores, 76 bytes spill loads
      ptxas info    : Used 255 registers, used 1 barriers, 80 bytes cumulative stack size, 480 bytes cmem[0], 16 bytes cmem[2]
      ptxas info    : Compile time = 246.634 ms
      ptxas info    : Compiling entry function '_Z25qk_int_sv_f16_attn_kernelILj128ELj64ELj32ELj64ELj128EL8DataType1EL16QuantGranularity2ELS1_2EfLb0E13__nv_bfloat16L11ComputeUnit0EL8MaskMode1ELb1ELb0EEvPaS5_P6__halfPT9_PfSA_SA_S9_jjjjjjjjjjjjjjjf' for 'sm_89'
      ptxas info    : Function properties for _Z25qk_int_sv_f16_attn_kernelILj128ELj64ELj32ELj64ELj128EL8DataType1EL16QuantGranularity2ELS1_2EfLb0E13__nv_bfloat16L11ComputeUnit0EL8MaskMode1ELb1ELb0EEvPaS5_P6__halfPT9_PfSA_SA_S9_jjjjjjjjjjjjjjjf
          112 bytes stack frame, 80 bytes spill stores, 76 bytes spill loads
      ptxas info    : Used 255 registers, used 1 barriers, 112 bytes cumulative stack size, 480 bytes cmem[0], 16 bytes cmem[2]
      ptxas info    : Compile time = 233.158 ms
      ptxas info    : Compiling entry function '_Z25qk_int_sv_f16_attn_kernelILj128ELj64ELj32ELj64ELj128EL8DataType1EL16QuantGranularity2ELS1_2EfLb0E6__halfL11ComputeUnit0EL8MaskMode1ELb1ELb0EEvPaS5_PS2_PT9_PfS9_S9_S8_jjjjjjjjjjjjjjjf' for 'sm_89'
      ptxas info    : Function properties for _Z25qk_int_sv_f16_attn_kernelILj128ELj64ELj32ELj64ELj128EL8DataType1EL16QuantGranularity2ELS1_2EfLb0E6__halfL11ComputeUnit0EL8MaskMode1ELb1ELb0EEvPaS5_PS2_PT9_PfS9_S9_S8_jjjjjjjjjjjjjjjf
          112 bytes stack frame, 80 bytes spill stores, 76 bytes spill loads
      ptxas info    : Used 255 registers, used 1 barriers, 112 bytes cumulative stack size, 480 bytes cmem[0], 16 bytes cmem[2]
      ptxas info    : Compile time = 237.339 ms
      ptxas info    : Compiling entry function '_Z25qk_int_sv_f16_attn_kernelILj128ELj64ELj32ELj64ELj64EL8DataType1EL16QuantGranularity3ELS1_3EfLb0E13__nv_bfloat16L11ComputeUnit0EL8MaskMode0ELb0ELb0EEvPaS5_P6__halfPT9_PfSA_SA_S9_jjjjjjjjjjjjjjjf' for 'sm_89'
      ptxas info    : Function properties for _Z25qk_int_sv_f16_attn_kernelILj128ELj64ELj32ELj64ELj64EL8DataType1EL16QuantGranularity3ELS1_3EfLb0E13__nv_bfloat16L11ComputeUnit0EL8MaskMode0ELb0ELb0EEvPaS5_P6__halfPT9_PfSA_SA_S9_jjjjjjjjjjjjjjjf
          0 bytes stack frame, 0 bytes spill stores, 0 bytes spill loads
      ptxas info    : Used 234 registers, used 1 barriers, 480 bytes cmem[0], 8 bytes cmem[2]
      ptxas info    : Compile time = 123.597 ms
      ptxas info    : Compiling entry function '_Z25qk_int_sv_f16_attn_kernelILj128ELj64ELj32ELj64ELj64EL8DataType1EL16QuantGranularity3ELS1_3EfLb0E6__halfL11ComputeUnit0EL8MaskMode0ELb0ELb0EEvPaS5_PS2_PT9_PfS9_S9_S8_jjjjjjjjjjjjjjjf' for 'sm_89'
      ptxas info    : Function properties for _Z25qk_int_sv_f16_attn_kernelILj128ELj64ELj32ELj64ELj64EL8DataType1EL16QuantGranularity3ELS1_3EfLb0E6__halfL11ComputeUnit0EL8MaskMode0ELb0ELb0EEvPaS5_PS2_PT9_PfS9_S9_S8_jjjjjjjjjjjjjjjf
          0 bytes stack frame, 0 bytes spill stores, 0 bytes spill loads
      ptxas info    : Used 234 registers, used 1 barriers, 480 bytes cmem[0], 8 bytes cmem[2]
      ptxas info    : Compile time = 123.066 ms
      ptxas info    : Compiling entry function '_Z25qk_int_sv_f16_attn_kernelILj128ELj64ELj32ELj64ELj64EL8DataType1EL16QuantGranularity3ELS1_3EfLb0E13__nv_bfloat16L11ComputeUnit0EL8MaskMode0ELb1ELb0EEvPaS5_P6__halfPT9_PfSA_SA_S9_jjjjjjjjjjjjjjjf' for 'sm_89'
      ptxas info    : Function properties for _Z25qk_int_sv_f16_attn_kernelILj128ELj64ELj32ELj64ELj64EL8DataType1EL16QuantGranularity3ELS1_3EfLb0E13__nv_bfloat16L11ComputeUnit0EL8MaskMode0ELb1ELb0EEvPaS5_P6__halfPT9_PfSA_SA_S9_jjjjjjjjjjjjjjjf
          32 bytes stack frame, 0 bytes spill stores, 0 bytes spill loads
      ptxas info    : Used 232 registers, used 1 barriers, 32 bytes cumulative stack size, 480 bytes cmem[0], 8 bytes cmem[2]
      ptxas info    : Compile time = 126.833 ms
      ptxas info    : Compiling entry function '_Z25qk_int_sv_f16_attn_kernelILj128ELj64ELj32ELj64ELj64EL8DataType1EL16QuantGranularity3ELS1_3EfLb0E6__halfL11ComputeUnit0EL8MaskMode0ELb1ELb0EEvPaS5_PS2_PT9_PfS9_S9_S8_jjjjjjjjjjjjjjjf' for 'sm_89'
      ptxas info    : Function properties for _Z25qk_int_sv_f16_attn_kernelILj128ELj64ELj32ELj64ELj64EL8DataType1EL16QuantGranularity3ELS1_3EfLb0E6__halfL11ComputeUnit0EL8MaskMode0ELb1ELb0EEvPaS5_PS2_PT9_PfS9_S9_S8_jjjjjjjjjjjjjjjf
          32 bytes stack frame, 0 bytes spill stores, 0 bytes spill loads
      ptxas info    : Used 232 registers, used 1 barriers, 32 bytes cumulative stack size, 480 bytes cmem[0], 8 bytes cmem[2]
      ptxas info    : Compile time = 127.522 ms
      ptxas info    : Compiling entry function '_Z25qk_int_sv_f16_attn_kernelILj128ELj64ELj32ELj64ELj64EL8DataType1EL16QuantGranularity2ELS1_2EfLb0E13__nv_bfloat16L11ComputeUnit0EL8MaskMode0ELb0ELb0EEvPaS5_P6__halfPT9_PfSA_SA_S9_jjjjjjjjjjjjjjjf' for 'sm_89'
      ptxas info    : Function properties for _Z25qk_int_sv_f16_attn_kernelILj128ELj64ELj32ELj64ELj64EL8DataType1EL16QuantGranularity2ELS1_2EfLb0E13__nv_bfloat16L11ComputeUnit0EL8MaskMode0ELb0ELb0EEvPaS5_P6__halfPT9_PfSA_SA_S9_jjjjjjjjjjjjjjjf
          0 bytes stack frame, 0 bytes spill stores, 0 bytes spill loads
      ptxas info    : Used 232 registers, used 1 barriers, 480 bytes cmem[0], 8 bytes cmem[2]
      ptxas info    : Compile time = 124.829 ms
      ptxas info    : Compiling entry function '_Z25qk_int_sv_f16_attn_kernelILj128ELj64ELj32ELj64ELj64EL8DataType1EL16QuantGranularity2ELS1_2EfLb0E6__halfL11ComputeUnit0EL8MaskMode0ELb0ELb0EEvPaS5_PS2_PT9_PfS9_S9_S8_jjjjjjjjjjjjjjjf' for 'sm_89'
      ptxas info    : Function properties for _Z25qk_int_sv_f16_attn_kernelILj128ELj64ELj32ELj64ELj64EL8DataType1EL16QuantGranularity2ELS1_2EfLb0E6__halfL11ComputeUnit0EL8MaskMode0ELb0ELb0EEvPaS5_PS2_PT9_PfS9_S9_S8_jjjjjjjjjjjjjjjf
          0 bytes stack frame, 0 bytes spill stores, 0 bytes spill loads
      ptxas info    : Used 232 registers, used 1 barriers, 480 bytes cmem[0], 8 bytes cmem[2]
      ptxas info    : Compile time = 118.126 ms
      ptxas info    : Compiling entry function '_Z25qk_int_sv_f16_attn_kernelILj128ELj64ELj32ELj64ELj64EL8DataType1EL16QuantGranularity2ELS1_2EfLb0E13__nv_bfloat16L11ComputeUnit0EL8MaskMode0ELb1ELb0EEvPaS5_P6__halfPT9_PfSA_SA_S9_jjjjjjjjjjjjjjjf' for 'sm_89'
      ptxas info    : Function properties for _Z25qk_int_sv_f16_attn_kernelILj128ELj64ELj32ELj64ELj64EL8DataType1EL16QuantGranularity2ELS1_2EfLb0E13__nv_bfloat16L11ComputeUnit0EL8MaskMode0ELb1ELb0EEvPaS5_P6__halfPT9_PfSA_SA_S9_jjjjjjjjjjjjjjjf
          32 bytes stack frame, 0 bytes spill stores, 0 bytes spill loads
      ptxas info    : Used 235 registers, used 1 barriers, 32 bytes cumulative stack size, 480 bytes cmem[0], 8 bytes cmem[2]
      ptxas info    : Compile time = 120.968 ms
      ptxas info    : Compiling entry function '_Z25qk_int_sv_f16_attn_kernelILj128ELj64ELj32ELj64ELj64EL8DataType1EL16QuantGranularity2ELS1_2EfLb0E6__halfL11ComputeUnit0EL8MaskMode0ELb1ELb0EEvPaS5_PS2_PT9_PfS9_S9_S8_jjjjjjjjjjjjjjjf' for 'sm_89'
      ptxas info    : Function properties for _Z25qk_int_sv_f16_attn_kernelILj128ELj64ELj32ELj64ELj64EL8DataType1EL16QuantGranularity2ELS1_2EfLb0E6__halfL11ComputeUnit0EL8MaskMode0ELb1ELb0EEvPaS5_PS2_PT9_PfS9_S9_S8_jjjjjjjjjjjjjjjf
          32 bytes stack frame, 0 bytes spill stores, 0 bytes spill loads
      ptxas info    : Used 235 registers, used 1 barriers, 32 bytes cumulative stack size, 480 bytes cmem[0], 8 bytes cmem[2]
      ptxas info    : Compile time = 119.953 ms
      ptxas info    : Compiling entry function '_Z25qk_int_sv_f16_attn_kernelILj128ELj64ELj32ELj64ELj64EL8DataType1EL16QuantGranularity3ELS1_3EfLb0E13__nv_bfloat16L11ComputeUnit0EL8MaskMode1ELb0ELb0EEvPaS5_P6__halfPT9_PfSA_SA_S9_jjjjjjjjjjjjjjjf' for 'sm_89'
      ptxas info    : Function properties for _Z25qk_int_sv_f16_attn_kernelILj128ELj64ELj32ELj64ELj64EL8DataType1EL16QuantGranularity3ELS1_3EfLb0E13__nv_bfloat16L11ComputeUnit0EL8MaskMode1ELb0ELb0EEvPaS5_P6__halfPT9_PfSA_SA_S9_jjjjjjjjjjjjjjjf
          0 bytes stack frame, 0 bytes spill stores, 0 bytes spill loads
      ptxas info    : Used 236 registers, used 1 barriers, 480 bytes cmem[0], 8 bytes cmem[2]
      ptxas info    : Compile time = 125.581 ms
      ptxas info    : Compiling entry function '_Z25qk_int_sv_f16_attn_kernelILj128ELj64ELj32ELj64ELj64EL8DataType1EL16QuantGranularity3ELS1_3EfLb0E6__halfL11ComputeUnit0EL8MaskMode1ELb0ELb0EEvPaS5_PS2_PT9_PfS9_S9_S8_jjjjjjjjjjjjjjjf' for 'sm_89'
      ptxas info    : Function properties for _Z25qk_int_sv_f16_attn_kernelILj128ELj64ELj32ELj64ELj64EL8DataType1EL16QuantGranularity3ELS1_3EfLb0E6__halfL11ComputeUnit0EL8MaskMode1ELb0ELb0EEvPaS5_PS2_PT9_PfS9_S9_S8_jjjjjjjjjjjjjjjf
          0 bytes stack frame, 0 bytes spill stores, 0 bytes spill loads
      ptxas info    : Used 236 registers, used 1 barriers, 480 bytes cmem[0], 8 bytes cmem[2]
      ptxas info    : Compile time = 126.498 ms
      ptxas info    : Compiling entry function '_Z25qk_int_sv_f16_attn_kernelILj128ELj64ELj32ELj64ELj64EL8DataType1EL16QuantGranularity3ELS1_3EfLb0E13__nv_bfloat16L11ComputeUnit0EL8MaskMode1ELb1ELb0EEvPaS5_P6__halfPT9_PfSA_SA_S9_jjjjjjjjjjjjjjjf' for 'sm_89'
      ptxas info    : Function properties for _Z25qk_int_sv_f16_attn_kernelILj128ELj64ELj32ELj64ELj64EL8DataType1EL16QuantGranularity3ELS1_3EfLb0E13__nv_bfloat16L11ComputeUnit0EL8MaskMode1ELb1ELb0EEvPaS5_P6__halfPT9_PfSA_SA_S9_jjjjjjjjjjjjjjjf
          32 bytes stack frame, 0 bytes spill stores, 0 bytes spill loads
      ptxas info    : Used 234 registers, used 1 barriers, 32 bytes cumulative stack size, 480 bytes cmem[0], 8 bytes cmem[2]
      ptxas info    : Compile time = 128.651 ms
      ptxas info    : Compiling entry function '_Z25qk_int_sv_f16_attn_kernelILj128ELj64ELj32ELj64ELj64EL8DataType1EL16QuantGranularity3ELS1_3EfLb0E6__halfL11ComputeUnit0EL8MaskMode1ELb1ELb0EEvPaS5_PS2_PT9_PfS9_S9_S8_jjjjjjjjjjjjjjjf' for 'sm_89'
      ptxas info    : Function properties for _Z25qk_int_sv_f16_attn_kernelILj128ELj64ELj32ELj64ELj64EL8DataType1EL16QuantGranularity3ELS1_3EfLb0E6__halfL11ComputeUnit0EL8MaskMode1ELb1ELb0EEvPaS5_PS2_PT9_PfS9_S9_S8_jjjjjjjjjjjjjjjf
          32 bytes stack frame, 0 bytes spill stores, 0 bytes spill loads
      ptxas info    : Used 234 registers, used 1 barriers, 32 bytes cumulative stack size, 480 bytes cmem[0], 8 bytes cmem[2]
      ptxas info    : Compile time = 129.492 ms
      ptxas info    : Compiling entry function '_Z25qk_int_sv_f16_attn_kernelILj128ELj64ELj32ELj64ELj64EL8DataType1EL16QuantGranularity2ELS1_2EfLb0E13__nv_bfloat16L11ComputeUnit0EL8MaskMode1ELb0ELb0EEvPaS5_P6__halfPT9_PfSA_SA_S9_jjjjjjjjjjjjjjjf' for 'sm_89'
      ptxas info    : Function properties for _Z25qk_int_sv_f16_attn_kernelILj128ELj64ELj32ELj64ELj64EL8DataType1EL16QuantGranularity2ELS1_2EfLb0E13__nv_bfloat16L11ComputeUnit0EL8MaskMode1ELb0ELb0EEvPaS5_P6__halfPT9_PfSA_SA_S9_jjjjjjjjjjjjjjjf
          0 bytes stack frame, 0 bytes spill stores, 0 bytes spill loads
      ptxas info    : Used 236 registers, used 1 barriers, 480 bytes cmem[0], 8 bytes cmem[2]
      ptxas info    : Compile time = 127.021 ms
      ptxas info    : Compiling entry function '_Z25qk_int_sv_f16_attn_kernelILj128ELj64ELj32ELj64ELj64EL8DataType1EL16QuantGranularity2ELS1_2EfLb0E6__halfL11ComputeUnit0EL8MaskMode1ELb0ELb0EEvPaS5_PS2_PT9_PfS9_S9_S8_jjjjjjjjjjjjjjjf' for 'sm_89'
      ptxas info    : Function properties for _Z25qk_int_sv_f16_attn_kernelILj128ELj64ELj32ELj64ELj64EL8DataType1EL16QuantGranularity2ELS1_2EfLb0E6__halfL11ComputeUnit0EL8MaskMode1ELb0ELb0EEvPaS5_PS2_PT9_PfS9_S9_S8_jjjjjjjjjjjjjjjf
          0 bytes stack frame, 0 bytes spill stores, 0 bytes spill loads
      ptxas info    : Used 236 registers, used 1 barriers, 480 bytes cmem[0], 8 bytes cmem[2]
      ptxas info    : Compile time = 129.412 ms
      ptxas info    : Compiling entry function '_Z25qk_int_sv_f16_attn_kernelILj128ELj64ELj32ELj64ELj64EL8DataType1EL16QuantGranularity2ELS1_2EfLb0E13__nv_bfloat16L11ComputeUnit0EL8MaskMode1ELb1ELb0EEvPaS5_P6__halfPT9_PfSA_SA_S9_jjjjjjjjjjjjjjjf' for 'sm_89'
      ptxas info    : Function properties for _Z25qk_int_sv_f16_attn_kernelILj128ELj64ELj32ELj64ELj64EL8DataType1EL16QuantGranularity2ELS1_2EfLb0E13__nv_bfloat16L11ComputeUnit0EL8MaskMode1ELb1ELb0EEvPaS5_P6__halfPT9_PfSA_SA_S9_jjjjjjjjjjjjjjjf
          32 bytes stack frame, 0 bytes spill stores, 0 bytes spill loads
      ptxas info    : Used 236 registers, used 1 barriers, 32 bytes cumulative stack size, 480 bytes cmem[0], 8 bytes cmem[2]
      ptxas info    : Compile time = 145.831 ms
      ptxas info    : Compiling entry function '_Z25qk_int_sv_f16_attn_kernelILj128ELj64ELj32ELj64ELj64EL8DataType1EL16QuantGranularity2ELS1_2EfLb0E6__halfL11ComputeUnit0EL8MaskMode1ELb1ELb0EEvPaS5_PS2_PT9_PfS9_S9_S8_jjjjjjjjjjjjjjjf' for 'sm_89'
      ptxas info    : Function properties for _Z25qk_int_sv_f16_attn_kernelILj128ELj64ELj32ELj64ELj64EL8DataType1EL16QuantGranularity2ELS1_2EfLb0E6__halfL11ComputeUnit0EL8MaskMode1ELb1ELb0EEvPaS5_PS2_PT9_PfS9_S9_S8_jjjjjjjjjjjjjjjf
          32 bytes stack frame, 0 bytes spill stores, 0 bytes spill loads
      ptxas info    : Used 236 registers, used 1 barriers, 32 bytes cumulative stack size, 480 bytes cmem[0], 8 bytes cmem[2]
      ptxas info    : Compile time = 129.866 ms
      x86_64-linux-gnu-g++ -shared -Wl,-O1 -Wl,-Bsymbolic-functions -Wl,-Bsymbolic-functions -g -fwrapv -O2 -Wl,-Bsymbolic-functions -g -fwrapv -O2 -g -fstack-protector-strong -Wformat -Werror=format-security -Wdate-time -D_FORTIFY_SOURCE=2 /workspace/experiments/pro30-deps/SageAttention-sm89/build/temp.linux-x86_64-3.10/sageattention._qattn_sm80/csrc/qattn/pybind_sm80.o /workspace/experiments/pro30-deps/SageAttention-sm89/build/temp.linux-x86_64-3.10/sageattention._qattn_sm80/csrc/qattn/qk_int_sv_f16_cuda_sm80.o -L/workspace/SoulX-FlashHead/.venv/lib/python3.10/site-packages/torch/lib -L/workspace/experiments/pro30-deps/cuda-12.8/lib64 -lc10 -ltorch -ltorch_cpu -ltorch_python -lcudart -lc10_cuda -ltorch_cuda -o build/lib.linux-x86_64-3.10/sageattention/_qattn_sm80.cpython-310-x86_64-linux-gnu.so
      building 'sageattention._qattn_sm89' extension
      creating /workspace/experiments/pro30-deps/SageAttention-sm89/build/temp.linux-x86_64-3.10/sageattention._qattn_sm89
      creating /workspace/experiments/pro30-deps/SageAttention-sm89/build/temp.linux-x86_64-3.10/sageattention._qattn_sm89/csrc
      creating /workspace/experiments/pro30-deps/SageAttention-sm89/build/temp.linux-x86_64-3.10/sageattention._qattn_sm89/csrc/qattn
      Emitting ninja build file /workspace/experiments/pro30-deps/SageAttention-sm89/build/temp.linux-x86_64-3.10/sageattention._qattn_sm89/build.ninja...
      Compiling objects...
      Using envvar MAX_JOBS (2) as the number of workers...
      [1/8] c++ -MMD -MF /workspace/experiments/pro30-deps/SageAttention-sm89/build/temp.linux-x86_64-3.10/sageattention._qattn_sm89/csrc/qattn/pybind_sm89.o.d -Wno-unused-result -Wsign-compare -DNDEBUG -g -fwrapv -O2 -Wall -g -fstack-protector-strong -Wformat -Werror=format-security -g -fwrapv -O2 -g -fstack-protector-strong -Wformat -Werror=format-security -Wdate-time -D_FORTIFY_SOURCE=2 -fPIC -I/workspace/SoulX-FlashHead/.venv/lib/python3.10/site-packages/torch/include -I/workspace/SoulX-FlashHead/.venv/lib/python3.10/site-packages/torch/include/torch/csrc/api/include -I/workspace/experiments/pro30-deps/cuda-12.8/include -I/workspace/SoulX-FlashHead/.venv/include -I/usr/include/python3.10 -c -c /workspace/experiments/pro30-deps/SageAttention-sm89/csrc/qattn/pybind_sm89.cpp -o /workspace/experiments/pro30-deps/SageAttention-sm89/build/temp.linux-x86_64-3.10/sageattention._qattn_sm89/csrc/qattn/pybind_sm89.o -g -O3 -fopenmp -lgomp -std=c++17 -DENABLE_BF16 -D_GLIBCXX_USE_CXX11_ABI=1 -DTORCH_API_INCLUDE_EXTENSION_H '-DPYBIND11_COMPILER_TYPE="_gcc"' '-DPYBIND11_STDLIB="_libstdcpp"' '-DPYBIND11_BUILD_ABI="_cxxabi1016"' -DTORCH_EXTENSION_NAME=_qattn_sm89 -D_GLIBCXX_USE_CXX11_ABI=1
      [2/8] /workspace/experiments/pro30-deps/cuda-12.8/bin/nvcc --generate-dependencies-with-compile --dependency-output /workspace/experiments/pro30-deps/SageAttention-sm89/build/temp.linux-x86_64-3.10/sageattention._qattn_sm89/csrc/qattn/sm89_qk_int8_sv_f8_accum_f32_fuse_v_scale_fuse_v_mean_attn.o.d -I/workspace/SoulX-FlashHead/.venv/lib/python3.10/site-packages/torch/include -I/workspace/SoulX-FlashHead/.venv/lib/python3.10/site-packages/torch/include/torch/csrc/api/include -I/workspace/experiments/pro30-deps/cuda-12.8/include -I/workspace/SoulX-FlashHead/.venv/include -I/usr/include/python3.10 -c -c /workspace/experiments/pro30-deps/SageAttention-sm89/csrc/qattn/sm89_qk_int8_sv_f8_accum_f32_fuse_v_scale_fuse_v_mean_attn.cu -o /workspace/experiments/pro30-deps/SageAttention-sm89/build/temp.linux-x86_64-3.10/sageattention._qattn_sm89/csrc/qattn/sm89_qk_int8_sv_f8_accum_f32_fuse_v_scale_fuse_v_mean_attn.o -D__CUDA_NO_HALF_OPERATORS__ -D__CUDA_NO_HALF_CONVERSIONS__ -D__CUDA_NO_BFLOAT16_CONVERSIONS__ -D__CUDA_NO_HALF2_OPERATORS__ --expt-relaxed-constexpr --compiler-options ''"'"'-fPIC'"'"'' -O3 -std=c++17 -U__CUDA_NO_HALF_OPERATORS__ -U__CUDA_NO_HALF_CONVERSIONS__ --use_fast_math --threads=8 -Xptxas=-v -diag-suppress=174 --threads 2 -D_GLIBCXX_USE_CXX11_ABI=1 -gencode arch=compute_89,code=sm_89 -DTORCH_API_INCLUDE_EXTENSION_H '-DPYBIND11_COMPILER_TYPE="_gcc"' '-DPYBIND11_STDLIB="_libstdcpp"' '-DPYBIND11_BUILD_ABI="_cxxabi1016"' -DTORCH_EXTENSION_NAME=_qattn_sm89 -D_GLIBCXX_USE_CXX11_ABI=1
      nvcc warning : incompatible redefinition for option 'threads', the last value of this option was used
      In file included from /workspace/experiments/pro30-deps/SageAttention-sm89/csrc/qattn/qk_int_sv_f8_cuda_sm89.cuh:17,
                       from /workspace/experiments/pro30-deps/SageAttention-sm89/csrc/qattn/sm89_qk_int8_sv_f8_accum_f32_fuse_v_scale_fuse_v_mean_attn.cu:2:
      /workspace/experiments/pro30-deps/SageAttention-sm89/csrc/qattn/../utils.cuh:36:37: warning: backslash-newline at end of file
         36 | #define CHECK_LASTDIM_CONTIGUOUS(x) \
            |
      In file included from /workspace/experiments/pro30-deps/SageAttention-sm89/csrc/qattn/qk_int_sv_f8_cuda_sm89.cuh:17,
                       from /workspace/experiments/pro30-deps/SageAttention-sm89/csrc/qattn/sm89_qk_int8_sv_f8_accum_f32_fuse_v_scale_fuse_v_mean_attn.cu:2:
      /workspace/experiments/pro30-deps/SageAttention-sm89/csrc/qattn/../utils.cuh:36:37: warning: backslash-newline at end of file
         36 | #define CHECK_LASTDIM_CONTIGUOUS(x) \
            |
      ptxas info    : 11 bytes gmem, 88 bytes cmem[4]
      ptxas info    : Compiling entry function '_Z24qk_int_sv_f8_attn_kernelILj128ELj64ELj32ELj64ELj128EL8DataType1EL16QuantGranularity3ELS1_3EfLb0E13__nv_bfloat16L11ComputeUnit1EL8MaskMode0ELb0ELb1ELb1ELb0EEvPaS5_S5_PT9_PfS8_S8_S8_S8_jjjjjjjjjjjjjjjf' for 'sm_89'
      ptxas info    : Function properties for _Z24qk_int_sv_f8_attn_kernelILj128ELj64ELj32ELj64ELj128EL8DataType1EL16QuantGranularity3ELS1_3EfLb0E13__nv_bfloat16L11ComputeUnit1EL8MaskMode0ELb0ELb1ELb1ELb0EEvPaS5_S5_PT9_PfS8_S8_S8_S8_jjjjjjjjjjjjjjjf
          40 bytes stack frame, 36 bytes spill stores, 44 bytes spill loads
      ptxas info    : Used 255 registers, used 1 barriers, 40 bytes cumulative stack size, 488 bytes cmem[0], 8 bytes cmem[2]
      ptxas info    : Compile time = 241.671 ms
      ptxas info    : Compiling entry function '_Z24qk_int_sv_f8_attn_kernelILj128ELj64ELj32ELj64ELj128EL8DataType1EL16QuantGranularity3ELS1_3EfLb0E6__halfL11ComputeUnit1EL8MaskMode0ELb0ELb1ELb1ELb0EEvPaS5_S5_PT9_PfS8_S8_S8_S8_jjjjjjjjjjjjjjjf' for 'sm_89'
      ptxas info    : Function properties for _Z24qk_int_sv_f8_attn_kernelILj128ELj64ELj32ELj64ELj128EL8DataType1EL16QuantGranularity3ELS1_3EfLb0E6__halfL11ComputeUnit1EL8MaskMode0ELb0ELb1ELb1ELb0EEvPaS5_S5_PT9_PfS8_S8_S8_S8_jjjjjjjjjjjjjjjf
          40 bytes stack frame, 36 bytes spill stores, 44 bytes spill loads
      ptxas info    : Used 255 registers, used 1 barriers, 40 bytes cumulative stack size, 488 bytes cmem[0], 8 bytes cmem[2]
      ptxas info    : Compile time = 238.486 ms
      ptxas info    : Compiling entry function '_Z24qk_int_sv_f8_attn_kernelILj128ELj64ELj32ELj64ELj128EL8DataType1EL16QuantGranularity3ELS1_3EfLb0E13__nv_bfloat16L11ComputeUnit1EL8MaskMode0ELb1ELb1ELb1ELb0EEvPaS5_S5_PT9_PfS8_S8_S8_S8_jjjjjjjjjjjjjjjf' for 'sm_89'
      ptxas info    : Function properties for _Z24qk_int_sv_f8_attn_kernelILj128ELj64ELj32ELj64ELj128EL8DataType1EL16QuantGranularity3ELS1_3EfLb0E13__nv_bfloat16L11ComputeUnit1EL8MaskMode0ELb1ELb1ELb1ELb0EEvPaS5_S5_PT9_PfS8_S8_S8_S8_jjjjjjjjjjjjjjjf
          48 bytes stack frame, 12 bytes spill stores, 24 bytes spill loads
      ptxas info    : Used 255 registers, used 1 barriers, 48 bytes cumulative stack size, 488 bytes cmem[0], 8 bytes cmem[2]
      ptxas info    : Compile time = 242.421 ms
      ptxas info    : Compiling entry function '_Z24qk_int_sv_f8_attn_kernelILj128ELj64ELj32ELj64ELj128EL8DataType1EL16QuantGranularity3ELS1_3EfLb0E6__halfL11ComputeUnit1EL8MaskMode0ELb1ELb1ELb1ELb0EEvPaS5_S5_PT9_PfS8_S8_S8_S8_jjjjjjjjjjjjjjjf' for 'sm_89'
      ptxas info    : Function properties for _Z24qk_int_sv_f8_attn_kernelILj128ELj64ELj32ELj64ELj128EL8DataType1EL16QuantGranularity3ELS1_3EfLb0E6__halfL11ComputeUnit1EL8MaskMode0ELb1ELb1ELb1ELb0EEvPaS5_S5_PT9_PfS8_S8_S8_S8_jjjjjjjjjjjjjjjf
          48 bytes stack frame, 12 bytes spill stores, 24 bytes spill loads
      ptxas info    : Used 255 registers, used 1 barriers, 48 bytes cumulative stack size, 488 bytes cmem[0], 8 bytes cmem[2]
      ptxas info    : Compile time = 242.952 ms
      ptxas info    : Compiling entry function '_Z24qk_int_sv_f8_attn_kernelILj128ELj64ELj32ELj64ELj128EL8DataType1EL16QuantGranularity2ELS1_2EfLb0E13__nv_bfloat16L11ComputeUnit1EL8MaskMode0ELb0ELb1ELb1ELb0EEvPaS5_S5_PT9_PfS8_S8_S8_S8_jjjjjjjjjjjjjjjf' for 'sm_89'
      ptxas info    : Function properties for _Z24qk_int_sv_f8_attn_kernelILj128ELj64ELj32ELj64ELj128EL8DataType1EL16QuantGranularity2ELS1_2EfLb0E13__nv_bfloat16L11ComputeUnit1EL8MaskMode0ELb0ELb1ELb1ELb0EEvPaS5_S5_PT9_PfS8_S8_S8_S8_jjjjjjjjjjjjjjjf
          32 bytes stack frame, 32 bytes spill stores, 32 bytes spill loads
      ptxas info    : Used 255 registers, used 1 barriers, 32 bytes cumulative stack size, 488 bytes cmem[0], 8 bytes cmem[2]
      ptxas info    : Compile time = 237.798 ms
      ptxas info    : Compiling entry function '_Z24qk_int_sv_f8_attn_kernelILj128ELj64ELj32ELj64ELj128EL8DataType1EL16QuantGranularity2ELS1_2EfLb0E6__halfL11ComputeUnit1EL8MaskMode0ELb0ELb1ELb1ELb0EEvPaS5_S5_PT9_PfS8_S8_S8_S8_jjjjjjjjjjjjjjjf' for 'sm_89'
      ptxas info    : Function properties for _Z24qk_int_sv_f8_attn_kernelILj128ELj64ELj32ELj64ELj128EL8DataType1EL16QuantGranularity2ELS1_2EfLb0E6__halfL11ComputeUnit1EL8MaskMode0ELb0ELb1ELb1ELb0EEvPaS5_S5_PT9_PfS8_S8_S8_S8_jjjjjjjjjjjjjjjf
          32 bytes stack frame, 32 bytes spill stores, 32 bytes spill loads
      ptxas info    : Used 255 registers, used 1 barriers, 32 bytes cumulative stack size, 488 bytes cmem[0], 8 bytes cmem[2]
      ptxas info    : Compile time = 236.216 ms
      ptxas info    : Compiling entry function '_Z24qk_int_sv_f8_attn_kernelILj128ELj64ELj32ELj64ELj128EL8DataType1EL16QuantGranularity2ELS1_2EfLb0E13__nv_bfloat16L11ComputeUnit1EL8MaskMode0ELb1ELb1ELb1ELb0EEvPaS5_S5_PT9_PfS8_S8_S8_S8_jjjjjjjjjjjjjjjf' for 'sm_89'
      ptxas info    : Function properties for _Z24qk_int_sv_f8_attn_kernelILj128ELj64ELj32ELj64ELj128EL8DataType1EL16QuantGranularity2ELS1_2EfLb0E13__nv_bfloat16L11ComputeUnit1EL8MaskMode0ELb1ELb1ELb1ELb0EEvPaS5_S5_PT9_PfS8_S8_S8_S8_jjjjjjjjjjjjjjjf
          48 bytes stack frame, 8 bytes spill stores, 8 bytes spill loads
      ptxas info    : Used 255 registers, used 1 barriers, 48 bytes cumulative stack size, 488 bytes cmem[0], 8 bytes cmem[2]
      ptxas info    : Compile time = 234.068 ms
      ptxas info    : Compiling entry function '_Z24qk_int_sv_f8_attn_kernelILj128ELj64ELj32ELj64ELj128EL8DataType1EL16QuantGranularity2ELS1_2EfLb0E6__halfL11ComputeUnit1EL8MaskMode0ELb1ELb1ELb1ELb0EEvPaS5_S5_PT9_PfS8_S8_S8_S8_jjjjjjjjjjjjjjjf' for 'sm_89'
      ptxas info    : Function properties for _Z24qk_int_sv_f8_attn_kernelILj128ELj64ELj32ELj64ELj128EL8DataType1EL16QuantGranularity2ELS1_2EfLb0E6__halfL11ComputeUnit1EL8MaskMode0ELb1ELb1ELb1ELb0EEvPaS5_S5_PT9_PfS8_S8_S8_S8_jjjjjjjjjjjjjjjf
          48 bytes stack frame, 8 bytes spill stores, 8 bytes spill loads
      ptxas info    : Used 255 registers, used 1 barriers, 48 bytes cumulative stack size, 488 bytes cmem[0], 8 bytes cmem[2]
      ptxas info    : Compile time = 240.805 ms
      ptxas info    : Compiling entry function '_Z24qk_int_sv_f8_attn_kernelILj128ELj64ELj32ELj64ELj128EL8DataType1EL16QuantGranularity3ELS1_3EfLb0E13__nv_bfloat16L11ComputeUnit1EL8MaskMode1ELb0ELb1ELb1ELb0EEvPaS5_S5_PT9_PfS8_S8_S8_S8_jjjjjjjjjjjjjjjf' for 'sm_89'
      ptxas info    : Function properties for _Z24qk_int_sv_f8_attn_kernelILj128ELj64ELj32ELj64ELj128EL8DataType1EL16QuantGranularity3ELS1_3EfLb0E13__nv_bfloat16L11ComputeUnit1EL8MaskMode1ELb0ELb1ELb1ELb0EEvPaS5_S5_PT9_PfS8_S8_S8_S8_jjjjjjjjjjjjjjjf
          40 bytes stack frame, 40 bytes spill stores, 40 bytes spill loads
      ptxas info    : Used 255 registers, used 1 barriers, 40 bytes cumulative stack size, 488 bytes cmem[0], 8 bytes cmem[2]
      ptxas info    : Compile time = 222.354 ms
      ptxas info    : Compiling entry function '_Z24qk_int_sv_f8_attn_kernelILj128ELj64ELj32ELj64ELj128EL8DataType1EL16QuantGranularity3ELS1_3EfLb0E6__halfL11ComputeUnit1EL8MaskMode1ELb0ELb1ELb1ELb0EEvPaS5_S5_PT9_PfS8_S8_S8_S8_jjjjjjjjjjjjjjjf' for 'sm_89'
      ptxas info    : Function properties for _Z24qk_int_sv_f8_attn_kernelILj128ELj64ELj32ELj64ELj128EL8DataType1EL16QuantGranularity3ELS1_3EfLb0E6__halfL11ComputeUnit1EL8MaskMode1ELb0ELb1ELb1ELb0EEvPaS5_S5_PT9_PfS8_S8_S8_S8_jjjjjjjjjjjjjjjf
          40 bytes stack frame, 40 bytes spill stores, 40 bytes spill loads
      ptxas info    : Used 255 registers, used 1 barriers, 40 bytes cumulative stack size, 488 bytes cmem[0], 8 bytes cmem[2]
      ptxas info    : Compile time = 209.560 ms
      ptxas info    : Compiling entry function '_Z24qk_int_sv_f8_attn_kernelILj128ELj64ELj32ELj64ELj128EL8DataType1EL16QuantGranularity3ELS1_3EfLb0E13__nv_bfloat16L11ComputeUnit1EL8MaskMode1ELb1ELb1ELb1ELb0EEvPaS5_S5_PT9_PfS8_S8_S8_S8_jjjjjjjjjjjjjjjf' for 'sm_89'
      ptxas info    : Function properties for _Z24qk_int_sv_f8_attn_kernelILj128ELj64ELj32ELj64ELj128EL8DataType1EL16QuantGranularity3ELS1_3EfLb0E13__nv_bfloat16L11ComputeUnit1EL8MaskMode1ELb1ELb1ELb1ELb0EEvPaS5_S5_PT9_PfS8_S8_S8_S8_jjjjjjjjjjjjjjjf
          80 bytes stack frame, 48 bytes spill stores, 52 bytes spill loads
      ptxas info    : Used 255 registers, used 1 barriers, 80 bytes cumulative stack size, 488 bytes cmem[0], 8 bytes cmem[2]
      ptxas info    : Compile time = 261.313 ms
      ptxas info    : Compiling entry function '_Z24qk_int_sv_f8_attn_kernelILj128ELj64ELj32ELj64ELj128EL8DataType1EL16QuantGranularity3ELS1_3EfLb0E6__halfL11ComputeUnit1EL8MaskMode1ELb1ELb1ELb1ELb0EEvPaS5_S5_PT9_PfS8_S8_S8_S8_jjjjjjjjjjjjjjjf' for 'sm_89'
      ptxas info    : Function properties for _Z24qk_int_sv_f8_attn_kernelILj128ELj64ELj32ELj64ELj128EL8DataType1EL16QuantGranularity3ELS1_3EfLb0E6__halfL11ComputeUnit1EL8MaskMode1ELb1ELb1ELb1ELb0EEvPaS5_S5_PT9_PfS8_S8_S8_S8_jjjjjjjjjjjjjjjf
          80 bytes stack frame, 48 bytes spill stores, 52 bytes spill loads
      ptxas info    : Used 255 registers, used 1 barriers, 80 bytes cumulative stack size, 488 bytes cmem[0], 8 bytes cmem[2]
      ptxas info    : Compile time = 259.156 ms
      ptxas info    : Compiling entry function '_Z24qk_int_sv_f8_attn_kernelILj128ELj64ELj32ELj64ELj128EL8DataType1EL16QuantGranularity2ELS1_2EfLb0E13__nv_bfloat16L11ComputeUnit1EL8MaskMode1ELb0ELb1ELb1ELb0EEvPaS5_S5_PT9_PfS8_S8_S8_S8_jjjjjjjjjjjjjjjf' for 'sm_89'
      ptxas info    : Function properties for _Z24qk_int_sv_f8_attn_kernelILj128ELj64ELj32ELj64ELj128EL8DataType1EL16QuantGranularity2ELS1_2EfLb0E13__nv_bfloat16L11ComputeUnit1EL8MaskMode1ELb0ELb1ELb1ELb0EEvPaS5_S5_PT9_PfS8_S8_S8_S8_jjjjjjjjjjjjjjjf
          40 bytes stack frame, 36 bytes spill stores, 36 bytes spill loads
      ptxas info    : Used 255 registers, used 1 barriers, 40 bytes cumulative stack size, 488 bytes cmem[0], 8 bytes cmem[2]
      ptxas info    : Compile time = 206.952 ms
      ptxas info    : Compiling entry function '_Z24qk_int_sv_f8_attn_kernelILj128ELj64ELj32ELj64ELj128EL8DataType1EL16QuantGranularity2ELS1_2EfLb0E6__halfL11ComputeUnit1EL8MaskMode1ELb0ELb1ELb1ELb0EEvPaS5_S5_PT9_PfS8_S8_S8_S8_jjjjjjjjjjjjjjjf' for 'sm_89'
      ptxas info    : Function properties for _Z24qk_int_sv_f8_attn_kernelILj128ELj64ELj32ELj64ELj128EL8DataType1EL16QuantGranularity2ELS1_2EfLb0E6__halfL11ComputeUnit1EL8MaskMode1ELb0ELb1ELb1ELb0EEvPaS5_S5_PT9_PfS8_S8_S8_S8_jjjjjjjjjjjjjjjf
          40 bytes stack frame, 36 bytes spill stores, 36 bytes spill loads
      ptxas info    : Used 255 registers, used 1 barriers, 40 bytes cumulative stack size, 488 bytes cmem[0], 8 bytes cmem[2]
      ptxas info    : Compile time = 207.832 ms
      ptxas info    : Compiling entry function '_Z24qk_int_sv_f8_attn_kernelILj128ELj64ELj32ELj64ELj128EL8DataType1EL16QuantGranularity2ELS1_2EfLb0E13__nv_bfloat16L11ComputeUnit1EL8MaskMode1ELb1ELb1ELb1ELb0EEvPaS5_S5_PT9_PfS8_S8_S8_S8_jjjjjjjjjjjjjjjf' for 'sm_89'
      ptxas info    : Function properties for _Z24qk_int_sv_f8_attn_kernelILj128ELj64ELj32ELj64ELj128EL8DataType1EL16QuantGranularity2ELS1_2EfLb0E13__nv_bfloat16L11ComputeUnit1EL8MaskMode1ELb1ELb1ELb1ELb0EEvPaS5_S5_PT9_PfS8_S8_S8_S8_jjjjjjjjjjjjjjjf
          64 bytes stack frame, 32 bytes spill stores, 32 bytes spill loads
      ptxas info    : Used 255 registers, used 1 barriers, 64 bytes cumulative stack size, 488 bytes cmem[0], 8 bytes cmem[2]
      ptxas info    : Compile time = 254.356 ms
      ptxas info    : Compiling entry function '_Z24qk_int_sv_f8_attn_kernelILj128ELj64ELj32ELj64ELj128EL8DataType1EL16QuantGranularity2ELS1_2EfLb0E6__halfL11ComputeUnit1EL8MaskMode1ELb1ELb1ELb1ELb0EEvPaS5_S5_PT9_PfS8_S8_S8_S8_jjjjjjjjjjjjjjjf' for 'sm_89'
      ptxas info    : Function properties for _Z24qk_int_sv_f8_attn_kernelILj128ELj64ELj32ELj64ELj128EL8DataType1EL16QuantGranularity2ELS1_2EfLb0E6__halfL11ComputeUnit1EL8MaskMode1ELb1ELb1ELb1ELb0EEvPaS5_S5_PT9_PfS8_S8_S8_S8_jjjjjjjjjjjjjjjf
          64 bytes stack frame, 32 bytes spill stores, 32 bytes spill loads
      ptxas info    : Used 255 registers, used 1 barriers, 64 bytes cumulative stack size, 488 bytes cmem[0], 8 bytes cmem[2]
      ptxas info    : Compile time = 252.714 ms
      ptxas info    : Compiling entry function '_Z24qk_int_sv_f8_attn_kernelILj128ELj64ELj32ELj64ELj64EL8DataType1EL16QuantGranularity3ELS1_3EfLb0E13__nv_bfloat16L11ComputeUnit1EL8MaskMode0ELb0ELb1ELb1ELb0EEvPaS5_S5_PT9_PfS8_S8_S8_S8_jjjjjjjjjjjjjjjf' for 'sm_89'
      ptxas info    : Function properties for _Z24qk_int_sv_f8_attn_kernelILj128ELj64ELj32ELj64ELj64EL8DataType1EL16QuantGranularity3ELS1_3EfLb0E13__nv_bfloat16L11ComputeUnit1EL8MaskMode0ELb0ELb1ELb1ELb0EEvPaS5_S5_PT9_PfS8_S8_S8_S8_jjjjjjjjjjjjjjjf
          0 bytes stack frame, 0 bytes spill stores, 0 bytes spill loads
      ptxas info    : Used 245 registers, used 1 barriers, 488 bytes cmem[0], 8 bytes cmem[2]
      ptxas info    : Compile time = 104.156 ms
      ptxas info    : Compiling entry function '_Z24qk_int_sv_f8_attn_kernelILj128ELj64ELj32ELj64ELj64EL8DataType1EL16QuantGranularity3ELS1_3EfLb0E6__halfL11ComputeUnit1EL8MaskMode0ELb0ELb1ELb1ELb0EEvPaS5_S5_PT9_PfS8_S8_S8_S8_jjjjjjjjjjjjjjjf' for 'sm_89'
      ptxas info    : Function properties for _Z24qk_int_sv_f8_attn_kernelILj128ELj64ELj32ELj64ELj64EL8DataType1EL16QuantGranularity3ELS1_3EfLb0E6__halfL11ComputeUnit1EL8MaskMode0ELb0ELb1ELb1ELb0EEvPaS5_S5_PT9_PfS8_S8_S8_S8_jjjjjjjjjjjjjjjf
          0 bytes stack frame, 0 bytes spill stores, 0 bytes spill loads
      ptxas info    : Used 245 registers, used 1 barriers, 488 bytes cmem[0], 8 bytes cmem[2]
      ptxas info    : Compile time = 105.667 ms
      ptxas info    : Compiling entry function '_Z24qk_int_sv_f8_attn_kernelILj128ELj64ELj32ELj64ELj64EL8DataType1EL16QuantGranularity3ELS1_3EfLb0E13__nv_bfloat16L11ComputeUnit1EL8MaskMode0ELb1ELb1ELb1ELb0EEvPaS5_S5_PT9_PfS8_S8_S8_S8_jjjjjjjjjjjjjjjf' for 'sm_89'
      ptxas info    : Function properties for _Z24qk_int_sv_f8_attn_kernelILj128ELj64ELj32ELj64ELj64EL8DataType1EL16QuantGranularity3ELS1_3EfLb0E13__nv_bfloat16L11ComputeUnit1EL8MaskMode0ELb1ELb1ELb1ELb0EEvPaS5_S5_PT9_PfS8_S8_S8_S8_jjjjjjjjjjjjjjjf
          32 bytes stack frame, 0 bytes spill stores, 0 bytes spill loads
      ptxas info    : Used 230 registers, used 1 barriers, 32 bytes cumulative stack size, 488 bytes cmem[0], 8 bytes cmem[2]
      ptxas info    : Compile time = 109.395 ms
      ptxas info    : Compiling entry function '_Z24qk_int_sv_f8_attn_kernelILj128ELj64ELj32ELj64ELj64EL8DataType1EL16QuantGranularity3ELS1_3EfLb0E6__halfL11ComputeUnit1EL8MaskMode0ELb1ELb1ELb1ELb0EEvPaS5_S5_PT9_PfS8_S8_S8_S8_jjjjjjjjjjjjjjjf' for 'sm_89'
      ptxas info    : Function properties for _Z24qk_int_sv_f8_attn_kernelILj128ELj64ELj32ELj64ELj64EL8DataType1EL16QuantGranularity3ELS1_3EfLb0E6__halfL11ComputeUnit1EL8MaskMode0ELb1ELb1ELb1ELb0EEvPaS5_S5_PT9_PfS8_S8_S8_S8_jjjjjjjjjjjjjjjf
          32 bytes stack frame, 0 bytes spill stores, 0 bytes spill loads
      ptxas info    : Used 230 registers, used 1 barriers, 32 bytes cumulative stack size, 488 bytes cmem[0], 8 bytes cmem[2]
      ptxas info    : Compile time = 110.602 ms
      ptxas info    : Compiling entry function '_Z24qk_int_sv_f8_attn_kernelILj128ELj64ELj32ELj64ELj64EL8DataType1EL16QuantGranularity2ELS1_2EfLb0E13__nv_bfloat16L11ComputeUnit1EL8MaskMode0ELb0ELb1ELb1ELb0EEvPaS5_S5_PT9_PfS8_S8_S8_S8_jjjjjjjjjjjjjjjf' for 'sm_89'
      ptxas info    : Function properties for _Z24qk_int_sv_f8_attn_kernelILj128ELj64ELj32ELj64ELj64EL8DataType1EL16QuantGranularity2ELS1_2EfLb0E13__nv_bfloat16L11ComputeUnit1EL8MaskMode0ELb0ELb1ELb1ELb0EEvPaS5_S5_PT9_PfS8_S8_S8_S8_jjjjjjjjjjjjjjjf
          0 bytes stack frame, 0 bytes spill stores, 0 bytes spill loads
      ptxas info    : Used 233 registers, used 1 barriers, 488 bytes cmem[0], 8 bytes cmem[2]
      ptxas info    : Compile time = 108.336 ms
      ptxas info    : Compiling entry function '_Z24qk_int_sv_f8_attn_kernelILj128ELj64ELj32ELj64ELj64EL8DataType1EL16QuantGranularity2ELS1_2EfLb0E6__halfL11ComputeUnit1EL8MaskMode0ELb0ELb1ELb1ELb0EEvPaS5_S5_PT9_PfS8_S8_S8_S8_jjjjjjjjjjjjjjjf' for 'sm_89'
      ptxas info    : Function properties for _Z24qk_int_sv_f8_attn_kernelILj128ELj64ELj32ELj64ELj64EL8DataType1EL16QuantGranularity2ELS1_2EfLb0E6__halfL11ComputeUnit1EL8MaskMode0ELb0ELb1ELb1ELb0EEvPaS5_S5_PT9_PfS8_S8_S8_S8_jjjjjjjjjjjjjjjf
          0 bytes stack frame, 0 bytes spill stores, 0 bytes spill loads
      ptxas info    : Used 233 registers, used 1 barriers, 488 bytes cmem[0], 8 bytes cmem[2]
      ptxas info    : Compile time = 104.596 ms
      ptxas info    : Compiling entry function '_Z24qk_int_sv_f8_attn_kernelILj128ELj64ELj32ELj64ELj64EL8DataType1EL16QuantGranularity2ELS1_2EfLb0E13__nv_bfloat16L11ComputeUnit1EL8MaskMode0ELb1ELb1ELb1ELb0EEvPaS5_S5_PT9_PfS8_S8_S8_S8_jjjjjjjjjjjjjjjf' for 'sm_89'
      ptxas info    : Function properties for _Z24qk_int_sv_f8_attn_kernelILj128ELj64ELj32ELj64ELj64EL8DataType1EL16QuantGranularity2ELS1_2EfLb0E13__nv_bfloat16L11ComputeUnit1EL8MaskMode0ELb1ELb1ELb1ELb0EEvPaS5_S5_PT9_PfS8_S8_S8_S8_jjjjjjjjjjjjjjjf
          32 bytes stack frame, 0 bytes spill stores, 0 bytes spill loads
      ptxas info    : Used 230 registers, used 1 barriers, 32 bytes cumulative stack size, 488 bytes cmem[0], 8 bytes cmem[2]
      ptxas info    : Compile time = 107.741 ms
      ptxas info    : Compiling entry function '_Z24qk_int_sv_f8_attn_kernelILj128ELj64ELj32ELj64ELj64EL8DataType1EL16QuantGranularity2ELS1_2EfLb0E6__halfL11ComputeUnit1EL8MaskMode0ELb1ELb1ELb1ELb0EEvPaS5_S5_PT9_PfS8_S8_S8_S8_jjjjjjjjjjjjjjjf' for 'sm_89'
      ptxas info    : Function properties for _Z24qk_int_sv_f8_attn_kernelILj128ELj64ELj32ELj64ELj64EL8DataType1EL16QuantGranularity2ELS1_2EfLb0E6__halfL11ComputeUnit1EL8MaskMode0ELb1ELb1ELb1ELb0EEvPaS5_S5_PT9_PfS8_S8_S8_S8_jjjjjjjjjjjjjjjf
          32 bytes stack frame, 0 bytes spill stores, 0 bytes spill loads
      ptxas info    : Used 230 registers, used 1 barriers, 32 bytes cumulative stack size, 488 bytes cmem[0], 8 bytes cmem[2]
      ptxas info    : Compile time = 107.665 ms
      ptxas info    : Compiling entry function '_Z24qk_int_sv_f8_attn_kernelILj128ELj64ELj32ELj64ELj64EL8DataType1EL16QuantGranularity3ELS1_3EfLb0E13__nv_bfloat16L11ComputeUnit1EL8MaskMode1ELb0ELb1ELb1ELb0EEvPaS5_S5_PT9_PfS8_S8_S8_S8_jjjjjjjjjjjjjjjf' for 'sm_89'
      ptxas info    : Function properties for _Z24qk_int_sv_f8_attn_kernelILj128ELj64ELj32ELj64ELj64EL8DataType1EL16QuantGranularity3ELS1_3EfLb0E13__nv_bfloat16L11ComputeUnit1EL8MaskMode1ELb0ELb1ELb1ELb0EEvPaS5_S5_PT9_PfS8_S8_S8_S8_jjjjjjjjjjjjjjjf
          0 bytes stack frame, 0 bytes spill stores, 0 bytes spill loads
      ptxas info    : Used 234 registers, used 1 barriers, 488 bytes cmem[0], 8 bytes cmem[2]
      ptxas info    : Compile time = 115.631 ms
      ptxas info    : Compiling entry function '_Z24qk_int_sv_f8_attn_kernelILj128ELj64ELj32ELj64ELj64EL8DataType1EL16QuantGranularity3ELS1_3EfLb0E6__halfL11ComputeUnit1EL8MaskMode1ELb0ELb1ELb1ELb0EEvPaS5_S5_PT9_PfS8_S8_S8_S8_jjjjjjjjjjjjjjjf' for 'sm_89'
      ptxas info    : Function properties for _Z24qk_int_sv_f8_attn_kernelILj128ELj64ELj32ELj64ELj64EL8DataType1EL16QuantGranularity3ELS1_3EfLb0E6__halfL11ComputeUnit1EL8MaskMode1ELb0ELb1ELb1ELb0EEvPaS5_S5_PT9_PfS8_S8_S8_S8_jjjjjjjjjjjjjjjf
          0 bytes stack frame, 0 bytes spill stores, 0 bytes spill loads
      ptxas info    : Used 234 registers, used 1 barriers, 488 bytes cmem[0], 8 bytes cmem[2]
      ptxas info    : Compile time = 112.779 ms
      ptxas info    : Compiling entry function '_Z24qk_int_sv_f8_attn_kernelILj128ELj64ELj32ELj64ELj64EL8DataType1EL16QuantGranularity3ELS1_3EfLb0E13__nv_bfloat16L11ComputeUnit1EL8MaskMode1ELb1ELb1ELb1ELb0EEvPaS5_S5_PT9_PfS8_S8_S8_S8_jjjjjjjjjjjjjjjf' for 'sm_89'
      ptxas info    : Function properties for _Z24qk_int_sv_f8_attn_kernelILj128ELj64ELj32ELj64ELj64EL8DataType1EL16QuantGranularity3ELS1_3EfLb0E13__nv_bfloat16L11ComputeUnit1EL8MaskMode1ELb1ELb1ELb1ELb0EEvPaS5_S5_PT9_PfS8_S8_S8_S8_jjjjjjjjjjjjjjjf
          32 bytes stack frame, 0 bytes spill stores, 0 bytes spill loads
      ptxas info    : Used 244 registers, used 1 barriers, 32 bytes cumulative stack size, 488 bytes cmem[0], 8 bytes cmem[2]
      ptxas info    : Compile time = 114.747 ms
      ptxas info    : Compiling entry function '_Z24qk_int_sv_f8_attn_kernelILj128ELj64ELj32ELj64ELj64EL8DataType1EL16QuantGranularity3ELS1_3EfLb0E6__halfL11ComputeUnit1EL8MaskMode1ELb1ELb1ELb1ELb0EEvPaS5_S5_PT9_PfS8_S8_S8_S8_jjjjjjjjjjjjjjjf' for 'sm_89'
      ptxas info    : Function properties for _Z24qk_int_sv_f8_attn_kernelILj128ELj64ELj32ELj64ELj64EL8DataType1EL16QuantGranularity3ELS1_3EfLb0E6__halfL11ComputeUnit1EL8MaskMode1ELb1ELb1ELb1ELb0EEvPaS5_S5_PT9_PfS8_S8_S8_S8_jjjjjjjjjjjjjjjf
          32 bytes stack frame, 0 bytes spill stores, 0 bytes spill loads
      ptxas info    : Used 244 registers, used 1 barriers, 32 bytes cumulative stack size, 488 bytes cmem[0], 8 bytes cmem[2]
      ptxas info    : Compile time = 115.726 ms
      ptxas info    : Compiling entry function '_Z24qk_int_sv_f8_attn_kernelILj128ELj64ELj32ELj64ELj64EL8DataType1EL16QuantGranularity2ELS1_2EfLb0E13__nv_bfloat16L11ComputeUnit1EL8MaskMode1ELb0ELb1ELb1ELb0EEvPaS5_S5_PT9_PfS8_S8_S8_S8_jjjjjjjjjjjjjjjf' for 'sm_89'
      ptxas info    : Function properties for _Z24qk_int_sv_f8_attn_kernelILj128ELj64ELj32ELj64ELj64EL8DataType1EL16QuantGranularity2ELS1_2EfLb0E13__nv_bfloat16L11ComputeUnit1EL8MaskMode1ELb0ELb1ELb1ELb0EEvPaS5_S5_PT9_PfS8_S8_S8_S8_jjjjjjjjjjjjjjjf
          0 bytes stack frame, 0 bytes spill stores, 0 bytes spill loads
      ptxas info    : Used 237 registers, used 1 barriers, 488 bytes cmem[0], 8 bytes cmem[2]
      ptxas info    : Compile time = 113.071 ms
      ptxas info    : Compiling entry function '_Z24qk_int_sv_f8_attn_kernelILj128ELj64ELj32ELj64ELj64EL8DataType1EL16QuantGranularity2ELS1_2EfLb0E6__halfL11ComputeUnit1EL8MaskMode1ELb0ELb1ELb1ELb0EEvPaS5_S5_PT9_PfS8_S8_S8_S8_jjjjjjjjjjjjjjjf' for 'sm_89'
      ptxas info    : Function properties for _Z24qk_int_sv_f8_attn_kernelILj128ELj64ELj32ELj64ELj64EL8DataType1EL16QuantGranularity2ELS1_2EfLb0E6__halfL11ComputeUnit1EL8MaskMode1ELb0ELb1ELb1ELb0EEvPaS5_S5_PT9_PfS8_S8_S8_S8_jjjjjjjjjjjjjjjf
          0 bytes stack frame, 0 bytes spill stores, 0 bytes spill loads
      ptxas info    : Used 237 registers, used 1 barriers, 488 bytes cmem[0], 8 bytes cmem[2]
      ptxas info    : Compile time = 113.211 ms
      ptxas info    : Compiling entry function '_Z24qk_int_sv_f8_attn_kernelILj128ELj64ELj32ELj64ELj64EL8DataType1EL16QuantGranularity2ELS1_2EfLb0E13__nv_bfloat16L11ComputeUnit1EL8MaskMode1ELb1ELb1ELb1ELb0EEvPaS5_S5_PT9_PfS8_S8_S8_S8_jjjjjjjjjjjjjjjf' for 'sm_89'
      ptxas info    : Function properties for _Z24qk_int_sv_f8_attn_kernelILj128ELj64ELj32ELj64ELj64EL8DataType1EL16QuantGranularity2ELS1_2EfLb0E13__nv_bfloat16L11ComputeUnit1EL8MaskMode1ELb1ELb1ELb1ELb0EEvPaS5_S5_PT9_PfS8_S8_S8_S8_jjjjjjjjjjjjjjjf
          32 bytes stack frame, 0 bytes spill stores, 0 bytes spill loads
      ptxas info    : Used 232 registers, used 1 barriers, 32 bytes cumulative stack size, 488 bytes cmem[0], 8 bytes cmem[2]
      ptxas info    : Compile time = 116.178 ms
      ptxas info    : Compiling entry function '_Z24qk_int_sv_f8_attn_kernelILj128ELj64ELj32ELj64ELj64EL8DataType1EL16QuantGranularity2ELS1_2EfLb0E6__halfL11ComputeUnit1EL8MaskMode1ELb1ELb1ELb1ELb0EEvPaS5_S5_PT9_PfS8_S8_S8_S8_jjjjjjjjjjjjjjjf' for 'sm_89'
      ptxas info    : Function properties for _Z24qk_int_sv_f8_attn_kernelILj128ELj64ELj32ELj64ELj64EL8DataType1EL16QuantGranularity2ELS1_2EfLb0E6__halfL11ComputeUnit1EL8MaskMode1ELb1ELb1ELb1ELb0EEvPaS5_S5_PT9_PfS8_S8_S8_S8_jjjjjjjjjjjjjjjf
          32 bytes stack frame, 0 bytes spill stores, 0 bytes spill loads
      ptxas info    : Used 232 registers, used 1 barriers, 32 bytes cumulative stack size, 488 bytes cmem[0], 8 bytes cmem[2]
      ptxas info    : Compile time = 116.395 ms
      [3/8] /workspace/experiments/pro30-deps/cuda-12.8/bin/nvcc --generate-dependencies-with-compile --dependency-output /workspace/experiments/pro30-deps/SageAttention-sm89/build/temp.linux-x86_64-3.10/sageattention._qattn_sm89/csrc/qattn/sm89_qk_int8_sv_f8_accum_f16_attn_inst_buf.o.d -I/workspace/SoulX-FlashHead/.venv/lib/python3.10/site-packages/torch/include -I/workspace/SoulX-FlashHead/.venv/lib/python3.10/site-packages/torch/include/torch/csrc/api/include -I/workspace/experiments/pro30-deps/cuda-12.8/include -I/workspace/SoulX-FlashHead/.venv/include -I/usr/include/python3.10 -c -c /workspace/experiments/pro30-deps/SageAttention-sm89/csrc/qattn/sm89_qk_int8_sv_f8_accum_f16_attn_inst_buf.cu -o /workspace/experiments/pro30-deps/SageAttention-sm89/build/temp.linux-x86_64-3.10/sageattention._qattn_sm89/csrc/qattn/sm89_qk_int8_sv_f8_accum_f16_attn_inst_buf.o -D__CUDA_NO_HALF_OPERATORS__ -D__CUDA_NO_HALF_CONVERSIONS__ -D__CUDA_NO_BFLOAT16_CONVERSIONS__ -D__CUDA_NO_HALF2_OPERATORS__ --expt-relaxed-constexpr --compiler-options ''"'"'-fPIC'"'"'' -O3 -std=c++17 -U__CUDA_NO_HALF_OPERATORS__ -U__CUDA_NO_HALF_CONVERSIONS__ --use_fast_math --threads=8 -Xptxas=-v -diag-suppress=174 --threads 2 -D_GLIBCXX_USE_CXX11_ABI=1 -gencode arch=compute_89,code=sm_89 -DTORCH_API_INCLUDE_EXTENSION_H '-DPYBIND11_COMPILER_TYPE="_gcc"' '-DPYBIND11_STDLIB="_libstdcpp"' '-DPYBIND11_BUILD_ABI="_cxxabi1016"' -DTORCH_EXTENSION_NAME=_qattn_sm89 -D_GLIBCXX_USE_CXX11_ABI=1
      nvcc warning : incompatible redefinition for option 'threads', the last value of this option was used
      In file included from /workspace/experiments/pro30-deps/SageAttention-sm89/csrc/qattn/qk_int_sv_f8_cuda_sm89.cuh:17,
                       from /workspace/experiments/pro30-deps/SageAttention-sm89/csrc/qattn/sm89_qk_int8_sv_f8_accum_f16_attn_inst_buf.cu:2:
      /workspace/experiments/pro30-deps/SageAttention-sm89/csrc/qattn/../utils.cuh:36:37: warning: backslash-newline at end of file
         36 | #define CHECK_LASTDIM_CONTIGUOUS(x) \
            |
      In file included from /workspace/experiments/pro30-deps/SageAttention-sm89/csrc/qattn/qk_int_sv_f8_cuda_sm89.cuh:17,
                       from /workspace/experiments/pro30-deps/SageAttention-sm89/csrc/qattn/sm89_qk_int8_sv_f8_accum_f16_attn_inst_buf.cu:2:
      /workspace/experiments/pro30-deps/SageAttention-sm89/csrc/qattn/../utils.cuh:36:37: warning: backslash-newline at end of file
         36 | #define CHECK_LASTDIM_CONTIGUOUS(x) \
            |
      ptxas info    : 11 bytes gmem, 88 bytes cmem[4]
      ptxas info    : Compiling entry function '_Z24qk_int_sv_f8_attn_kernelILj128ELj64ELj32ELj64ELj128EL8DataType1EL16QuantGranularity3ELS1_3EfLb1E13__nv_bfloat16L11ComputeUnit1EL8MaskMode0ELb0ELb0ELb0ELb1EEvPaS5_S5_PT9_PfS8_S8_S8_S8_jjjjjjjjjjjjjjjf' for 'sm_89'
      ptxas info    : Function properties for _Z24qk_int_sv_f8_attn_kernelILj128ELj64ELj32ELj64ELj128EL8DataType1EL16QuantGranularity3ELS1_3EfLb1E13__nv_bfloat16L11ComputeUnit1EL8MaskMode0ELb0ELb0ELb0ELb1EEvPaS5_S5_PT9_PfS8_S8_S8_S8_jjjjjjjjjjjjjjjf
          88 bytes stack frame, 156 bytes spill stores, 148 bytes spill loads
      ptxas info    : Used 255 registers, used 1 barriers, 88 bytes cumulative stack size, 488 bytes cmem[0], 8 bytes cmem[2]
      ptxas info    : Compile time = 251.648 ms
      ptxas info    : Compiling entry function '_Z24qk_int_sv_f8_attn_kernelILj128ELj64ELj32ELj64ELj128EL8DataType1EL16QuantGranularity3ELS1_3EfLb1E6__halfL11ComputeUnit1EL8MaskMode0ELb0ELb0ELb0ELb1EEvPaS5_S5_PT9_PfS8_S8_S8_S8_jjjjjjjjjjjjjjjf' for 'sm_89'
      ptxas info    : Function properties for _Z24qk_int_sv_f8_attn_kernelILj128ELj64ELj32ELj64ELj128EL8DataType1EL16QuantGranularity3ELS1_3EfLb1E6__halfL11ComputeUnit1EL8MaskMode0ELb0ELb0ELb0ELb1EEvPaS5_S5_PT9_PfS8_S8_S8_S8_jjjjjjjjjjjjjjjf
          88 bytes stack frame, 156 bytes spill stores, 148 bytes spill loads
      ptxas info    : Used 255 registers, used 1 barriers, 88 bytes cumulative stack size, 488 bytes cmem[0], 8 bytes cmem[2]
      ptxas info    : Compile time = 255.614 ms
      ptxas info    : Compiling entry function '_Z24qk_int_sv_f8_attn_kernelILj128ELj64ELj32ELj64ELj128EL8DataType1EL16QuantGranularity3ELS1_3EfLb1E13__nv_bfloat16L11ComputeUnit1EL8MaskMode0ELb1ELb0ELb0ELb1EEvPaS5_S5_PT9_PfS8_S8_S8_S8_jjjjjjjjjjjjjjjf' for 'sm_89'
      ptxas info    : Function properties for _Z24qk_int_sv_f8_attn_kernelILj128ELj64ELj32ELj64ELj128EL8DataType1EL16QuantGranularity3ELS1_3EfLb1E13__nv_bfloat16L11ComputeUnit1EL8MaskMode0ELb1ELb0ELb0ELb1EEvPaS5_S5_PT9_PfS8_S8_S8_S8_jjjjjjjjjjjjjjjf
          80 bytes stack frame, 96 bytes spill stores, 92 bytes spill loads
      ptxas info    : Used 255 registers, used 1 barriers, 80 bytes cumulative stack size, 488 bytes cmem[0], 8 bytes cmem[2]
      ptxas info    : Compile time = 213.058 ms
      ptxas info    : Compiling entry function '_Z24qk_int_sv_f8_attn_kernelILj128ELj64ELj32ELj64ELj128EL8DataType1EL16QuantGranularity3ELS1_3EfLb1E6__halfL11ComputeUnit1EL8MaskMode0ELb1ELb0ELb0ELb1EEvPaS5_S5_PT9_PfS8_S8_S8_S8_jjjjjjjjjjjjjjjf' for 'sm_89'
      ptxas info    : Function properties for _Z24qk_int_sv_f8_attn_kernelILj128ELj64ELj32ELj64ELj128EL8DataType1EL16QuantGranularity3ELS1_3EfLb1E6__halfL11ComputeUnit1EL8MaskMode0ELb1ELb0ELb0ELb1EEvPaS5_S5_PT9_PfS8_S8_S8_S8_jjjjjjjjjjjjjjjf
          80 bytes stack frame, 96 bytes spill stores, 92 bytes spill loads
      ptxas info    : Used 255 registers, used 1 barriers, 80 bytes cumulative stack size, 488 bytes cmem[0], 8 bytes cmem[2]
      ptxas info    : Compile time = 214.359 ms
      ptxas info    : Compiling entry function '_Z24qk_int_sv_f8_attn_kernelILj128ELj64ELj32ELj64ELj128EL8DataType1EL16QuantGranularity2ELS1_2EfLb1E13__nv_bfloat16L11ComputeUnit1EL8MaskMode0ELb0ELb0ELb0ELb1EEvPaS5_S5_PT9_PfS8_S8_S8_S8_jjjjjjjjjjjjjjjf' for 'sm_89'
      ptxas info    : Function properties for _Z24qk_int_sv_f8_attn_kernelILj128ELj64ELj32ELj64ELj128EL8DataType1EL16QuantGranularity2ELS1_2EfLb1E13__nv_bfloat16L11ComputeUnit1EL8MaskMode0ELb0ELb0ELb0ELb1EEvPaS5_S5_PT9_PfS8_S8_S8_S8_jjjjjjjjjjjjjjjf
          16 bytes stack frame, 32 bytes spill stores, 24 bytes spill loads
      ptxas info    : Used 255 registers, used 1 barriers, 16 bytes cumulative stack size, 488 bytes cmem[0], 8 bytes cmem[2]
      ptxas info    : Compile time = 245.839 ms
      ptxas info    : Compiling entry function '_Z24qk_int_sv_f8_attn_kernelILj128ELj64ELj32ELj64ELj128EL8DataType1EL16QuantGranularity2ELS1_2EfLb1E6__halfL11ComputeUnit1EL8MaskMode0ELb0ELb0ELb0ELb1EEvPaS5_S5_PT9_PfS8_S8_S8_S8_jjjjjjjjjjjjjjjf' for 'sm_89'
      ptxas info    : Function properties for _Z24qk_int_sv_f8_attn_kernelILj128ELj64ELj32ELj64ELj128EL8DataType1EL16QuantGranularity2ELS1_2EfLb1E6__halfL11ComputeUnit1EL8MaskMode0ELb0ELb0ELb0ELb1EEvPaS5_S5_PT9_PfS8_S8_S8_S8_jjjjjjjjjjjjjjjf
          16 bytes stack frame, 32 bytes spill stores, 24 bytes spill loads
      ptxas info    : Used 255 registers, used 1 barriers, 16 bytes cumulative stack size, 488 bytes cmem[0], 8 bytes cmem[2]
      ptxas info    : Compile time = 250.592 ms
      ptxas info    : Compiling entry function '_Z24qk_int_sv_f8_attn_kernelILj128ELj64ELj32ELj64ELj128EL8DataType1EL16QuantGranularity2ELS1_2EfLb1E13__nv_bfloat16L11ComputeUnit1EL8MaskMode0ELb1ELb0ELb0ELb1EEvPaS5_S5_PT9_PfS8_S8_S8_S8_jjjjjjjjjjjjjjjf' for 'sm_89'
      ptxas info    : Function properties for _Z24qk_int_sv_f8_attn_kernelILj128ELj64ELj32ELj64ELj128EL8DataType1EL16QuantGranularity2ELS1_2EfLb1E13__nv_bfloat16L11ComputeUnit1EL8MaskMode0ELb1ELb0ELb0ELb1EEvPaS5_S5_PT9_PfS8_S8_S8_S8_jjjjjjjjjjjjjjjf
          48 bytes stack frame, 32 bytes spill stores, 20 bytes spill loads
      ptxas info    : Used 255 registers, used 1 barriers, 48 bytes cumulative stack size, 488 bytes cmem[0], 8 bytes cmem[2]
      ptxas info    : Compile time = 250.580 ms
      ptxas info    : Compiling entry function '_Z24qk_int_sv_f8_attn_kernelILj128ELj64ELj32ELj64ELj128EL8DataType1EL16QuantGranularity2ELS1_2EfLb1E6__halfL11ComputeUnit1EL8MaskMode0ELb1ELb0ELb0ELb1EEvPaS5_S5_PT9_PfS8_S8_S8_S8_jjjjjjjjjjjjjjjf' for 'sm_89'
      ptxas info    : Function properties for _Z24qk_int_sv_f8_attn_kernelILj128ELj64ELj32ELj64ELj128EL8DataType1EL16QuantGranularity2ELS1_2EfLb1E6__halfL11ComputeUnit1EL8MaskMode0ELb1ELb0ELb0ELb1EEvPaS5_S5_PT9_PfS8_S8_S8_S8_jjjjjjjjjjjjjjjf
          48 bytes stack frame, 32 bytes spill stores, 20 bytes spill loads
      ptxas info    : Used 255 registers, used 1 barriers, 48 bytes cumulative stack size, 488 bytes cmem[0], 8 bytes cmem[2]
      ptxas info    : Compile time = 247.290 ms
      ptxas info    : Compiling entry function '_Z24qk_int_sv_f8_attn_kernelILj128ELj64ELj32ELj64ELj128EL8DataType1EL16QuantGranularity3ELS1_3EfLb1E13__nv_bfloat16L11ComputeUnit1EL8MaskMode1ELb0ELb0ELb0ELb1EEvPaS5_S5_PT9_PfS8_S8_S8_S8_jjjjjjjjjjjjjjjf' for 'sm_89'
      ptxas info    : Function properties for _Z24qk_int_sv_f8_attn_kernelILj128ELj64ELj32ELj64ELj128EL8DataType1EL16QuantGranularity3ELS1_3EfLb1E13__nv_bfloat16L11ComputeUnit1EL8MaskMode1ELb0ELb0ELb0ELb1EEvPaS5_S5_PT9_PfS8_S8_S8_S8_jjjjjjjjjjjjjjjf
          64 bytes stack frame, 84 bytes spill stores, 76 bytes spill loads
      ptxas info    : Used 255 registers, used 1 barriers, 64 bytes cumulative stack size, 488 bytes cmem[0], 8 bytes cmem[2]
      ptxas info    : Compile time = 214.657 ms
      ptxas info    : Compiling entry function '_Z24qk_int_sv_f8_attn_kernelILj128ELj64ELj32ELj64ELj128EL8DataType1EL16QuantGranularity3ELS1_3EfLb1E6__halfL11ComputeUnit1EL8MaskMode1ELb0ELb0ELb0ELb1EEvPaS5_S5_PT9_PfS8_S8_S8_S8_jjjjjjjjjjjjjjjf' for 'sm_89'
      ptxas info    : Function properties for _Z24qk_int_sv_f8_attn_kernelILj128ELj64ELj32ELj64ELj128EL8DataType1EL16QuantGranularity3ELS1_3EfLb1E6__halfL11ComputeUnit1EL8MaskMode1ELb0ELb0ELb0ELb1EEvPaS5_S5_PT9_PfS8_S8_S8_S8_jjjjjjjjjjjjjjjf
          64 bytes stack frame, 84 bytes spill stores, 76 bytes spill loads
      ptxas info    : Used 255 registers, used 1 barriers, 64 bytes cumulative stack size, 488 bytes cmem[0], 8 bytes cmem[2]
      ptxas info    : Compile time = 214.313 ms
      ptxas info    : Compiling entry function '_Z24qk_int_sv_f8_attn_kernelILj128ELj64ELj32ELj64ELj128EL8DataType1EL16QuantGranularity3ELS1_3EfLb1E13__nv_bfloat16L11ComputeUnit1EL8MaskMode1ELb1ELb0ELb0ELb1EEvPaS5_S5_PT9_PfS8_S8_S8_S8_jjjjjjjjjjjjjjjf' for 'sm_89'
      ptxas info    : Function properties for _Z24qk_int_sv_f8_attn_kernelILj128ELj64ELj32ELj64ELj128EL8DataType1EL16QuantGranularity3ELS1_3EfLb1E13__nv_bfloat16L11ComputeUnit1EL8MaskMode1ELb1ELb0ELb0ELb1EEvPaS5_S5_PT9_PfS8_S8_S8_S8_jjjjjjjjjjjjjjjf
          96 bytes stack frame, 92 bytes spill stores, 88 bytes spill loads
      ptxas info    : Used 255 registers, used 1 barriers, 96 bytes cumulative stack size, 488 bytes cmem[0], 8 bytes cmem[2]
      ptxas info    : Compile time = 269.530 ms
      ptxas info    : Compiling entry function '_Z24qk_int_sv_f8_attn_kernelILj128ELj64ELj32ELj64ELj128EL8DataType1EL16QuantGranularity3ELS1_3EfLb1E6__halfL11ComputeUnit1EL8MaskMode1ELb1ELb0ELb0ELb1EEvPaS5_S5_PT9_PfS8_S8_S8_S8_jjjjjjjjjjjjjjjf' for 'sm_89'
      ptxas info    : Function properties for _Z24qk_int_sv_f8_attn_kernelILj128ELj64ELj32ELj64ELj128EL8DataType1EL16QuantGranularity3ELS1_3EfLb1E6__halfL11ComputeUnit1EL8MaskMode1ELb1ELb0ELb0ELb1EEvPaS5_S5_PT9_PfS8_S8_S8_S8_jjjjjjjjjjjjjjjf
          96 bytes stack frame, 92 bytes spill stores, 88 bytes spill loads
      ptxas info    : Used 255 registers, used 1 barriers, 96 bytes cumulative stack size, 488 bytes cmem[0], 8 bytes cmem[2]
      ptxas info    : Compile time = 274.593 ms
      ptxas info    : Compiling entry function '_Z24qk_int_sv_f8_attn_kernelILj128ELj64ELj32ELj64ELj128EL8DataType1EL16QuantGranularity2ELS1_2EfLb1E13__nv_bfloat16L11ComputeUnit1EL8MaskMode1ELb0ELb0ELb0ELb1EEvPaS5_S5_PT9_PfS8_S8_S8_S8_jjjjjjjjjjjjjjjf' for 'sm_89'
      ptxas info    : Function properties for _Z24qk_int_sv_f8_attn_kernelILj128ELj64ELj32ELj64ELj128EL8DataType1EL16QuantGranularity2ELS1_2EfLb1E13__nv_bfloat16L11ComputeUnit1EL8MaskMode1ELb0ELb0ELb0ELb1EEvPaS5_S5_PT9_PfS8_S8_S8_S8_jjjjjjjjjjjjjjjf
          96 bytes stack frame, 176 bytes spill stores, 164 bytes spill loads
      ptxas info    : Used 255 registers, used 1 barriers, 96 bytes cumulative stack size, 488 bytes cmem[0], 8 bytes cmem[2]
      ptxas info    : Compile time = 230.985 ms
      ptxas info    : Compiling entry function '_Z24qk_int_sv_f8_attn_kernelILj128ELj64ELj32ELj64ELj128EL8DataType1EL16QuantGranularity2ELS1_2EfLb1E6__halfL11ComputeUnit1EL8MaskMode1ELb0ELb0ELb0ELb1EEvPaS5_S5_PT9_PfS8_S8_S8_S8_jjjjjjjjjjjjjjjf' for 'sm_89'
      ptxas info    : Function properties for _Z24qk_int_sv_f8_attn_kernelILj128ELj64ELj32ELj64ELj128EL8DataType1EL16QuantGranularity2ELS1_2EfLb1E6__halfL11ComputeUnit1EL8MaskMode1ELb0ELb0ELb0ELb1EEvPaS5_S5_PT9_PfS8_S8_S8_S8_jjjjjjjjjjjjjjjf
          96 bytes stack frame, 176 bytes spill stores, 164 bytes spill loads
      ptxas info    : Used 255 registers, used 1 barriers, 96 bytes cumulative stack size, 488 bytes cmem[0], 8 bytes cmem[2]
      ptxas info    : Compile time = 230.347 ms
      ptxas info    : Compiling entry function '_Z24qk_int_sv_f8_attn_kernelILj128ELj64ELj32ELj64ELj128EL8DataType1EL16QuantGranularity2ELS1_2EfLb1E13__nv_bfloat16L11ComputeUnit1EL8MaskMode1ELb1ELb0ELb0ELb1EEvPaS5_S5_PT9_PfS8_S8_S8_S8_jjjjjjjjjjjjjjjf' for 'sm_89'
      ptxas info    : Function properties for _Z24qk_int_sv_f8_attn_kernelILj128ELj64ELj32ELj64ELj128EL8DataType1EL16QuantGranularity2ELS1_2EfLb1E13__nv_bfloat16L11ComputeUnit1EL8MaskMode1ELb1ELb0ELb0ELb1EEvPaS5_S5_PT9_PfS8_S8_S8_S8_jjjjjjjjjjjjjjjf
          112 bytes stack frame, 136 bytes spill stores, 128 bytes spill loads
      ptxas info    : Used 255 registers, used 1 barriers, 112 bytes cumulative stack size, 488 bytes cmem[0], 8 bytes cmem[2]
      ptxas info    : Compile time = 266.493 ms
      ptxas info    : Compiling entry function '_Z24qk_int_sv_f8_attn_kernelILj128ELj64ELj32ELj64ELj128EL8DataType1EL16QuantGranularity2ELS1_2EfLb1E6__halfL11ComputeUnit1EL8MaskMode1ELb1ELb0ELb0ELb1EEvPaS5_S5_PT9_PfS8_S8_S8_S8_jjjjjjjjjjjjjjjf' for 'sm_89'
      ptxas info    : Function properties for _Z24qk_int_sv_f8_attn_kernelILj128ELj64ELj32ELj64ELj128EL8DataType1EL16QuantGranularity2ELS1_2EfLb1E6__halfL11ComputeUnit1EL8MaskMode1ELb1ELb0ELb0ELb1EEvPaS5_S5_PT9_PfS8_S8_S8_S8_jjjjjjjjjjjjjjjf
          112 bytes stack frame, 136 bytes spill stores, 128 bytes spill loads
      ptxas info    : Used 255 registers, used 1 barriers, 112 bytes cumulative stack size, 488 bytes cmem[0], 8 bytes cmem[2]
      ptxas info    : Compile time = 264.653 ms
      ptxas info    : Compiling entry function '_Z24qk_int_sv_f8_attn_kernelILj128ELj64ELj32ELj64ELj64EL8DataType1EL16QuantGranularity3ELS1_3EfLb1E13__nv_bfloat16L11ComputeUnit1EL8MaskMode0ELb0ELb0ELb0ELb1EEvPaS5_S5_PT9_PfS8_S8_S8_S8_jjjjjjjjjjjjjjjf' for 'sm_89'
      ptxas info    : Function properties for _Z24qk_int_sv_f8_attn_kernelILj128ELj64ELj32ELj64ELj64EL8DataType1EL16QuantGranularity3ELS1_3EfLb1E13__nv_bfloat16L11ComputeUnit1EL8MaskMode0ELb0ELb0ELb0ELb1EEvPaS5_S5_PT9_PfS8_S8_S8_S8_jjjjjjjjjjjjjjjf
          0 bytes stack frame, 0 bytes spill stores, 0 bytes spill loads
      ptxas info    : Used 254 registers, used 1 barriers, 488 bytes cmem[0], 8 bytes cmem[2]
      ptxas info    : Compile time = 104.595 ms
      ptxas info    : Compiling entry function '_Z24qk_int_sv_f8_attn_kernelILj128ELj64ELj32ELj64ELj64EL8DataType1EL16QuantGranularity3ELS1_3EfLb1E6__halfL11ComputeUnit1EL8MaskMode0ELb0ELb0ELb0ELb1EEvPaS5_S5_PT9_PfS8_S8_S8_S8_jjjjjjjjjjjjjjjf' for 'sm_89'
      ptxas info    : Function properties for _Z24qk_int_sv_f8_attn_kernelILj128ELj64ELj32ELj64ELj64EL8DataType1EL16QuantGranularity3ELS1_3EfLb1E6__halfL11ComputeUnit1EL8MaskMode0ELb0ELb0ELb0ELb1EEvPaS5_S5_PT9_PfS8_S8_S8_S8_jjjjjjjjjjjjjjjf
          0 bytes stack frame, 0 bytes spill stores, 0 bytes spill loads
      ptxas info    : Used 254 registers, used 1 barriers, 488 bytes cmem[0], 8 bytes cmem[2]
      ptxas info    : Compile time = 101.866 ms
      ptxas info    : Compiling entry function '_Z24qk_int_sv_f8_attn_kernelILj128ELj64ELj32ELj64ELj64EL8DataType1EL16QuantGranularity3ELS1_3EfLb1E13__nv_bfloat16L11ComputeUnit1EL8MaskMode0ELb1ELb0ELb0ELb1EEvPaS5_S5_PT9_PfS8_S8_S8_S8_jjjjjjjjjjjjjjjf' for 'sm_89'
      ptxas info    : Function properties for _Z24qk_int_sv_f8_attn_kernelILj128ELj64ELj32ELj64ELj64EL8DataType1EL16QuantGranularity3ELS1_3EfLb1E13__nv_bfloat16L11ComputeUnit1EL8MaskMode0ELb1ELb0ELb0ELb1EEvPaS5_S5_PT9_PfS8_S8_S8_S8_jjjjjjjjjjjjjjjf
          32 bytes stack frame, 0 bytes spill stores, 0 bytes spill loads
      ptxas info    : Used 254 registers, used 1 barriers, 32 bytes cumulative stack size, 488 bytes cmem[0], 8 bytes cmem[2]
      ptxas info    : Compile time = 104.584 ms
      ptxas info    : Compiling entry function '_Z24qk_int_sv_f8_attn_kernelILj128ELj64ELj32ELj64ELj64EL8DataType1EL16QuantGranularity3ELS1_3EfLb1E6__halfL11ComputeUnit1EL8MaskMode0ELb1ELb0ELb0ELb1EEvPaS5_S5_PT9_PfS8_S8_S8_S8_jjjjjjjjjjjjjjjf' for 'sm_89'
      ptxas info    : Function properties for _Z24qk_int_sv_f8_attn_kernelILj128ELj64ELj32ELj64ELj64EL8DataType1EL16QuantGranularity3ELS1_3EfLb1E6__halfL11ComputeUnit1EL8MaskMode0ELb1ELb0ELb0ELb1EEvPaS5_S5_PT9_PfS8_S8_S8_S8_jjjjjjjjjjjjjjjf
          32 bytes stack frame, 0 bytes spill stores, 0 bytes spill loads
      ptxas info    : Used 254 registers, used 1 barriers, 32 bytes cumulative stack size, 488 bytes cmem[0], 8 bytes cmem[2]
      ptxas info    : Compile time = 105.649 ms
      ptxas info    : Compiling entry function '_Z24qk_int_sv_f8_attn_kernelILj128ELj64ELj32ELj64ELj64EL8DataType1EL16QuantGranularity2ELS1_2EfLb1E13__nv_bfloat16L11ComputeUnit1EL8MaskMode0ELb0ELb0ELb0ELb1EEvPaS5_S5_PT9_PfS8_S8_S8_S8_jjjjjjjjjjjjjjjf' for 'sm_89'
      ptxas info    : Function properties for _Z24qk_int_sv_f8_attn_kernelILj128ELj64ELj32ELj64ELj64EL8DataType1EL16QuantGranularity2ELS1_2EfLb1E13__nv_bfloat16L11ComputeUnit1EL8MaskMode0ELb0ELb0ELb0ELb1EEvPaS5_S5_PT9_PfS8_S8_S8_S8_jjjjjjjjjjjjjjjf
          0 bytes stack frame, 0 bytes spill stores, 0 bytes spill loads
      ptxas info    : Used 249 registers, used 1 barriers, 488 bytes cmem[0], 8 bytes cmem[2]
      ptxas info    : Compile time = 103.352 ms
      ptxas info    : Compiling entry function '_Z24qk_int_sv_f8_attn_kernelILj128ELj64ELj32ELj64ELj64EL8DataType1EL16QuantGranularity2ELS1_2EfLb1E6__halfL11ComputeUnit1EL8MaskMode0ELb0ELb0ELb0ELb1EEvPaS5_S5_PT9_PfS8_S8_S8_S8_jjjjjjjjjjjjjjjf' for 'sm_89'
      ptxas info    : Function properties for _Z24qk_int_sv_f8_attn_kernelILj128ELj64ELj32ELj64ELj64EL8DataType1EL16QuantGranularity2ELS1_2EfLb1E6__halfL11ComputeUnit1EL8MaskMode0ELb0ELb0ELb0ELb1EEvPaS5_S5_PT9_PfS8_S8_S8_S8_jjjjjjjjjjjjjjjf
          0 bytes stack frame, 0 bytes spill stores, 0 bytes spill loads
      ptxas info    : Used 249 registers, used 1 barriers, 488 bytes cmem[0], 8 bytes cmem[2]
      ptxas info    : Compile time = 102.899 ms
      ptxas info    : Compiling entry function '_Z24qk_int_sv_f8_attn_kernelILj128ELj64ELj32ELj64ELj64EL8DataType1EL16QuantGranularity2ELS1_2EfLb1E13__nv_bfloat16L11ComputeUnit1EL8MaskMode0ELb1ELb0ELb0ELb1EEvPaS5_S5_PT9_PfS8_S8_S8_S8_jjjjjjjjjjjjjjjf' for 'sm_89'
      ptxas info    : Function properties for _Z24qk_int_sv_f8_attn_kernelILj128ELj64ELj32ELj64ELj64EL8DataType1EL16QuantGranularity2ELS1_2EfLb1E13__nv_bfloat16L11ComputeUnit1EL8MaskMode0ELb1ELb0ELb0ELb1EEvPaS5_S5_PT9_PfS8_S8_S8_S8_jjjjjjjjjjjjjjjf
          32 bytes stack frame, 0 bytes spill stores, 0 bytes spill loads
      ptxas info    : Used 254 registers, used 1 barriers, 32 bytes cumulative stack size, 488 bytes cmem[0], 8 bytes cmem[2]
      ptxas info    : Compile time = 104.339 ms
      ptxas info    : Compiling entry function '_Z24qk_int_sv_f8_attn_kernelILj128ELj64ELj32ELj64ELj64EL8DataType1EL16QuantGranularity2ELS1_2EfLb1E6__halfL11ComputeUnit1EL8MaskMode0ELb1ELb0ELb0ELb1EEvPaS5_S5_PT9_PfS8_S8_S8_S8_jjjjjjjjjjjjjjjf' for 'sm_89'
      ptxas info    : Function properties for _Z24qk_int_sv_f8_attn_kernelILj128ELj64ELj32ELj64ELj64EL8DataType1EL16QuantGranularity2ELS1_2EfLb1E6__halfL11ComputeUnit1EL8MaskMode0ELb1ELb0ELb0ELb1EEvPaS5_S5_PT9_PfS8_S8_S8_S8_jjjjjjjjjjjjjjjf
          32 bytes stack frame, 0 bytes spill stores, 0 bytes spill loads
      ptxas info    : Used 254 registers, used 1 barriers, 32 bytes cumulative stack size, 488 bytes cmem[0], 8 bytes cmem[2]
      ptxas info    : Compile time = 106.013 ms
      ptxas info    : Compiling entry function '_Z24qk_int_sv_f8_attn_kernelILj128ELj64ELj32ELj64ELj64EL8DataType1EL16QuantGranularity3ELS1_3EfLb1E13__nv_bfloat16L11ComputeUnit1EL8MaskMode1ELb0ELb0ELb0ELb1EEvPaS5_S5_PT9_PfS8_S8_S8_S8_jjjjjjjjjjjjjjjf' for 'sm_89'
      ptxas info    : Function properties for _Z24qk_int_sv_f8_attn_kernelILj128ELj64ELj32ELj64ELj64EL8DataType1EL16QuantGranularity3ELS1_3EfLb1E13__nv_bfloat16L11ComputeUnit1EL8MaskMode1ELb0ELb0ELb0ELb1EEvPaS5_S5_PT9_PfS8_S8_S8_S8_jjjjjjjjjjjjjjjf
          0 bytes stack frame, 0 bytes spill stores, 0 bytes spill loads
      ptxas info    : Used 255 registers, used 1 barriers, 488 bytes cmem[0], 8 bytes cmem[2]
      ptxas info    : Compile time = 113.962 ms
      ptxas info    : Compiling entry function '_Z24qk_int_sv_f8_attn_kernelILj128ELj64ELj32ELj64ELj64EL8DataType1EL16QuantGranularity3ELS1_3EfLb1E6__halfL11ComputeUnit1EL8MaskMode1ELb0ELb0ELb0ELb1EEvPaS5_S5_PT9_PfS8_S8_S8_S8_jjjjjjjjjjjjjjjf' for 'sm_89'
      ptxas info    : Function properties for _Z24qk_int_sv_f8_attn_kernelILj128ELj64ELj32ELj64ELj64EL8DataType1EL16QuantGranularity3ELS1_3EfLb1E6__halfL11ComputeUnit1EL8MaskMode1ELb0ELb0ELb0ELb1EEvPaS5_S5_PT9_PfS8_S8_S8_S8_jjjjjjjjjjjjjjjf
          0 bytes stack frame, 0 bytes spill stores, 0 bytes spill loads
      ptxas info    : Used 255 registers, used 1 barriers, 488 bytes cmem[0], 8 bytes cmem[2]
      ptxas info    : Compile time = 111.989 ms
      ptxas info    : Compiling entry function '_Z24qk_int_sv_f8_attn_kernelILj128ELj64ELj32ELj64ELj64EL8DataType1EL16QuantGranularity3ELS1_3EfLb1E13__nv_bfloat16L11ComputeUnit1EL8MaskMode1ELb1ELb0ELb0ELb1EEvPaS5_S5_PT9_PfS8_S8_S8_S8_jjjjjjjjjjjjjjjf' for 'sm_89'
      ptxas info    : Function properties for _Z24qk_int_sv_f8_attn_kernelILj128ELj64ELj32ELj64ELj64EL8DataType1EL16QuantGranularity3ELS1_3EfLb1E13__nv_bfloat16L11ComputeUnit1EL8MaskMode1ELb1ELb0ELb0ELb1EEvPaS5_S5_PT9_PfS8_S8_S8_S8_jjjjjjjjjjjjjjjf
          32 bytes stack frame, 0 bytes spill stores, 0 bytes spill loads
      ptxas info    : Used 255 registers, used 1 barriers, 32 bytes cumulative stack size, 488 bytes cmem[0], 8 bytes cmem[2]
      ptxas info    : Compile time = 115.279 ms
      ptxas info    : Compiling entry function '_Z24qk_int_sv_f8_attn_kernelILj128ELj64ELj32ELj64ELj64EL8DataType1EL16QuantGranularity3ELS1_3EfLb1E6__halfL11ComputeUnit1EL8MaskMode1ELb1ELb0ELb0ELb1EEvPaS5_S5_PT9_PfS8_S8_S8_S8_jjjjjjjjjjjjjjjf' for 'sm_89'
      ptxas info    : Function properties for _Z24qk_int_sv_f8_attn_kernelILj128ELj64ELj32ELj64ELj64EL8DataType1EL16QuantGranularity3ELS1_3EfLb1E6__halfL11ComputeUnit1EL8MaskMode1ELb1ELb0ELb0ELb1EEvPaS5_S5_PT9_PfS8_S8_S8_S8_jjjjjjjjjjjjjjjf
          32 bytes stack frame, 0 bytes spill stores, 0 bytes spill loads
      ptxas info    : Used 255 registers, used 1 barriers, 32 bytes cumulative stack size, 488 bytes cmem[0], 8 bytes cmem[2]
      ptxas info    : Compile time = 114.404 ms
      ptxas info    : Compiling entry function '_Z24qk_int_sv_f8_attn_kernelILj128ELj64ELj32ELj64ELj64EL8DataType1EL16QuantGranularity2ELS1_2EfLb1E13__nv_bfloat16L11ComputeUnit1EL8MaskMode1ELb0ELb0ELb0ELb1EEvPaS5_S5_PT9_PfS8_S8_S8_S8_jjjjjjjjjjjjjjjf' for 'sm_89'
      ptxas info    : Function properties for _Z24qk_int_sv_f8_attn_kernelILj128ELj64ELj32ELj64ELj64EL8DataType1EL16QuantGranularity2ELS1_2EfLb1E13__nv_bfloat16L11ComputeUnit1EL8MaskMode1ELb0ELb0ELb0ELb1EEvPaS5_S5_PT9_PfS8_S8_S8_S8_jjjjjjjjjjjjjjjf
          0 bytes stack frame, 0 bytes spill stores, 0 bytes spill loads
      ptxas info    : Used 253 registers, used 1 barriers, 488 bytes cmem[0], 8 bytes cmem[2]
      ptxas info    : Compile time = 111.734 ms
      ptxas info    : Compiling entry function '_Z24qk_int_sv_f8_attn_kernelILj128ELj64ELj32ELj64ELj64EL8DataType1EL16QuantGranularity2ELS1_2EfLb1E6__halfL11ComputeUnit1EL8MaskMode1ELb0ELb0ELb0ELb1EEvPaS5_S5_PT9_PfS8_S8_S8_S8_jjjjjjjjjjjjjjjf' for 'sm_89'
      ptxas info    : Function properties for _Z24qk_int_sv_f8_attn_kernelILj128ELj64ELj32ELj64ELj64EL8DataType1EL16QuantGranularity2ELS1_2EfLb1E6__halfL11ComputeUnit1EL8MaskMode1ELb0ELb0ELb0ELb1EEvPaS5_S5_PT9_PfS8_S8_S8_S8_jjjjjjjjjjjjjjjf
          0 bytes stack frame, 0 bytes spill stores, 0 bytes spill loads
      ptxas info    : Used 253 registers, used 1 barriers, 488 bytes cmem[0], 8 bytes cmem[2]
      ptxas info    : Compile time = 112.695 ms
      ptxas info    : Compiling entry function '_Z24qk_int_sv_f8_attn_kernelILj128ELj64ELj32ELj64ELj64EL8DataType1EL16QuantGranularity2ELS1_2EfLb1E13__nv_bfloat16L11ComputeUnit1EL8MaskMode1ELb1ELb0ELb0ELb1EEvPaS5_S5_PT9_PfS8_S8_S8_S8_jjjjjjjjjjjjjjjf' for 'sm_89'
      ptxas info    : Function properties for _Z24qk_int_sv_f8_attn_kernelILj128ELj64ELj32ELj64ELj64EL8DataType1EL16QuantGranularity2ELS1_2EfLb1E13__nv_bfloat16L11ComputeUnit1EL8MaskMode1ELb1ELb0ELb0ELb1EEvPaS5_S5_PT9_PfS8_S8_S8_S8_jjjjjjjjjjjjjjjf
          32 bytes stack frame, 0 bytes spill stores, 0 bytes spill loads
      ptxas info    : Used 255 registers, used 1 barriers, 32 bytes cumulative stack size, 488 bytes cmem[0], 8 bytes cmem[2]
      ptxas info    : Compile time = 114.547 ms
      ptxas info    : Compiling entry function '_Z24qk_int_sv_f8_attn_kernelILj128ELj64ELj32ELj64ELj64EL8DataType1EL16QuantGranularity2ELS1_2EfLb1E6__halfL11ComputeUnit1EL8MaskMode1ELb1ELb0ELb0ELb1EEvPaS5_S5_PT9_PfS8_S8_S8_S8_jjjjjjjjjjjjjjjf' for 'sm_89'
      ptxas info    : Function properties for _Z24qk_int_sv_f8_attn_kernelILj128ELj64ELj32ELj64ELj64EL8DataType1EL16QuantGranularity2ELS1_2EfLb1E6__halfL11ComputeUnit1EL8MaskMode1ELb1ELb0ELb0ELb1EEvPaS5_S5_PT9_PfS8_S8_S8_S8_jjjjjjjjjjjjjjjf
          32 bytes stack frame, 0 bytes spill stores, 0 bytes spill loads
      ptxas info    : Used 255 registers, used 1 barriers, 32 bytes cumulative stack size, 488 bytes cmem[0], 8 bytes cmem[2]
      ptxas info    : Compile time = 113.224 ms
      [4/8] /workspace/experiments/pro30-deps/cuda-12.8/bin/nvcc --generate-dependencies-with-compile --dependency-output /workspace/experiments/pro30-deps/SageAttention-sm89/build/temp.linux-x86_64-3.10/sageattention._qattn_sm89/csrc/qattn/sm89_qk_int8_sv_f8_accum_f16_fuse_v_scale_attn_inst_buf.o.d -I/workspace/SoulX-FlashHead/.venv/lib/python3.10/site-packages/torch/include -I/workspace/SoulX-FlashHead/.venv/lib/python3.10/site-packages/torch/include/torch/csrc/api/include -I/workspace/experiments/pro30-deps/cuda-12.8/include -I/workspace/SoulX-FlashHead/.venv/include -I/usr/include/python3.10 -c -c /workspace/experiments/pro30-deps/SageAttention-sm89/csrc/qattn/sm89_qk_int8_sv_f8_accum_f16_fuse_v_scale_attn_inst_buf.cu -o /workspace/experiments/pro30-deps/SageAttention-sm89/build/temp.linux-x86_64-3.10/sageattention._qattn_sm89/csrc/qattn/sm89_qk_int8_sv_f8_accum_f16_fuse_v_scale_attn_inst_buf.o -D__CUDA_NO_HALF_OPERATORS__ -D__CUDA_NO_HALF_CONVERSIONS__ -D__CUDA_NO_BFLOAT16_CONVERSIONS__ -D__CUDA_NO_HALF2_OPERATORS__ --expt-relaxed-constexpr --compiler-options ''"'"'-fPIC'"'"'' -O3 -std=c++17 -U__CUDA_NO_HALF_OPERATORS__ -U__CUDA_NO_HALF_CONVERSIONS__ --use_fast_math --threads=8 -Xptxas=-v -diag-suppress=174 --threads 2 -D_GLIBCXX_USE_CXX11_ABI=1 -gencode arch=compute_89,code=sm_89 -DTORCH_API_INCLUDE_EXTENSION_H '-DPYBIND11_COMPILER_TYPE="_gcc"' '-DPYBIND11_STDLIB="_libstdcpp"' '-DPYBIND11_BUILD_ABI="_cxxabi1016"' -DTORCH_EXTENSION_NAME=_qattn_sm89 -D_GLIBCXX_USE_CXX11_ABI=1
      nvcc warning : incompatible redefinition for option 'threads', the last value of this option was used
      In file included from /workspace/experiments/pro30-deps/SageAttention-sm89/csrc/qattn/qk_int_sv_f8_cuda_sm89.cuh:17,
                       from /workspace/experiments/pro30-deps/SageAttention-sm89/csrc/qattn/sm89_qk_int8_sv_f8_accum_f16_fuse_v_scale_attn_inst_buf.cu:2:
      /workspace/experiments/pro30-deps/SageAttention-sm89/csrc/qattn/../utils.cuh:36:37: warning: backslash-newline at end of file
         36 | #define CHECK_LASTDIM_CONTIGUOUS(x) \
            |
      In file included from /workspace/experiments/pro30-deps/SageAttention-sm89/csrc/qattn/qk_int_sv_f8_cuda_sm89.cuh:17,
                       from /workspace/experiments/pro30-deps/SageAttention-sm89/csrc/qattn/sm89_qk_int8_sv_f8_accum_f16_fuse_v_scale_attn_inst_buf.cu:2:
      /workspace/experiments/pro30-deps/SageAttention-sm89/csrc/qattn/../utils.cuh:36:37: warning: backslash-newline at end of file
         36 | #define CHECK_LASTDIM_CONTIGUOUS(x) \
            |
      ptxas info    : 11 bytes gmem, 88 bytes cmem[4]
      ptxas info    : Compiling entry function '_Z24qk_int_sv_f8_attn_kernelILj128ELj64ELj32ELj64ELj128EL8DataType1EL16QuantGranularity3ELS1_3EfLb1E13__nv_bfloat16L11ComputeUnit1EL8MaskMode0ELb0ELb1ELb0ELb1EEvPaS5_S5_PT9_PfS8_S8_S8_S8_jjjjjjjjjjjjjjjf' for 'sm_89'
      ptxas info    : Function properties for _Z24qk_int_sv_f8_attn_kernelILj128ELj64ELj32ELj64ELj128EL8DataType1EL16QuantGranularity3ELS1_3EfLb1E13__nv_bfloat16L11ComputeUnit1EL8MaskMode0ELb0ELb1ELb0ELb1EEvPaS5_S5_PT9_PfS8_S8_S8_S8_jjjjjjjjjjjjjjjf
          56 bytes stack frame, 72 bytes spill stores, 56 bytes spill loads
      ptxas info    : Used 255 registers, used 1 barriers, 56 bytes cumulative stack size, 488 bytes cmem[0], 8 bytes cmem[2]
      ptxas info    : Compile time = 256.280 ms
      ptxas info    : Compiling entry function '_Z24qk_int_sv_f8_attn_kernelILj128ELj64ELj32ELj64ELj128EL8DataType1EL16QuantGranularity3ELS1_3EfLb1E6__halfL11ComputeUnit1EL8MaskMode0ELb0ELb1ELb0ELb1EEvPaS5_S5_PT9_PfS8_S8_S8_S8_jjjjjjjjjjjjjjjf' for 'sm_89'
      ptxas info    : Function properties for _Z24qk_int_sv_f8_attn_kernelILj128ELj64ELj32ELj64ELj128EL8DataType1EL16QuantGranularity3ELS1_3EfLb1E6__halfL11ComputeUnit1EL8MaskMode0ELb0ELb1ELb0ELb1EEvPaS5_S5_PT9_PfS8_S8_S8_S8_jjjjjjjjjjjjjjjf
          56 bytes stack frame, 72 bytes spill stores, 56 bytes spill loads
      ptxas info    : Used 255 registers, used 1 barriers, 56 bytes cumulative stack size, 488 bytes cmem[0], 8 bytes cmem[2]
      ptxas info    : Compile time = 254.871 ms
      ptxas info    : Compiling entry function '_Z24qk_int_sv_f8_attn_kernelILj128ELj64ELj32ELj64ELj128EL8DataType1EL16QuantGranularity3ELS1_3EfLb1E13__nv_bfloat16L11ComputeUnit1EL8MaskMode0ELb1ELb1ELb0ELb1EEvPaS5_S5_PT9_PfS8_S8_S8_S8_jjjjjjjjjjjjjjjf' for 'sm_89'
      ptxas info    : Function properties for _Z24qk_int_sv_f8_attn_kernelILj128ELj64ELj32ELj64ELj128EL8DataType1EL16QuantGranularity3ELS1_3EfLb1E13__nv_bfloat16L11ComputeUnit1EL8MaskMode0ELb1ELb1ELb0ELb1EEvPaS5_S5_PT9_PfS8_S8_S8_S8_jjjjjjjjjjjjjjjf
          80 bytes stack frame, 80 bytes spill stores, 68 bytes spill loads
      ptxas info    : Used 255 registers, used 1 barriers, 80 bytes cumulative stack size, 488 bytes cmem[0], 8 bytes cmem[2]
      ptxas info    : Compile time = 256.202 ms
      ptxas info    : Compiling entry function '_Z24qk_int_sv_f8_attn_kernelILj128ELj64ELj32ELj64ELj128EL8DataType1EL16QuantGranularity3ELS1_3EfLb1E6__halfL11ComputeUnit1EL8MaskMode0ELb1ELb1ELb0ELb1EEvPaS5_S5_PT9_PfS8_S8_S8_S8_jjjjjjjjjjjjjjjf' for 'sm_89'
      ptxas info    : Function properties for _Z24qk_int_sv_f8_attn_kernelILj128ELj64ELj32ELj64ELj128EL8DataType1EL16QuantGranularity3ELS1_3EfLb1E6__halfL11ComputeUnit1EL8MaskMode0ELb1ELb1ELb0ELb1EEvPaS5_S5_PT9_PfS8_S8_S8_S8_jjjjjjjjjjjjjjjf
          80 bytes stack frame, 80 bytes spill stores, 68 bytes spill loads
      ptxas info    : Used 255 registers, used 1 barriers, 80 bytes cumulative stack size, 488 bytes cmem[0], 8 bytes cmem[2]
      ptxas info    : Compile time = 260.034 ms
      ptxas info    : Compiling entry function '_Z24qk_int_sv_f8_attn_kernelILj128ELj64ELj32ELj64ELj128EL8DataType1EL16QuantGranularity2ELS1_2EfLb1E13__nv_bfloat16L11ComputeUnit1EL8MaskMode0ELb0ELb1ELb0ELb1EEvPaS5_S5_PT9_PfS8_S8_S8_S8_jjjjjjjjjjjjjjjf' for 'sm_89'
      ptxas info    : Function properties for _Z24qk_int_sv_f8_attn_kernelILj128ELj64ELj32ELj64ELj128EL8DataType1EL16QuantGranularity2ELS1_2EfLb1E13__nv_bfloat16L11ComputeUnit1EL8MaskMode0ELb0ELb1ELb0ELb1EEvPaS5_S5_PT9_PfS8_S8_S8_S8_jjjjjjjjjjjjjjjf
          16 bytes stack frame, 16 bytes spill stores, 16 bytes spill loads
      ptxas info    : Used 255 registers, used 1 barriers, 16 bytes cumulative stack size, 488 bytes cmem[0], 8 bytes cmem[2]
      ptxas info    : Compile time = 250.005 ms
      ptxas info    : Compiling entry function '_Z24qk_int_sv_f8_attn_kernelILj128ELj64ELj32ELj64ELj128EL8DataType1EL16QuantGranularity2ELS1_2EfLb1E6__halfL11ComputeUnit1EL8MaskMode0ELb0ELb1ELb0ELb1EEvPaS5_S5_PT9_PfS8_S8_S8_S8_jjjjjjjjjjjjjjjf' for 'sm_89'
      ptxas info    : Function properties for _Z24qk_int_sv_f8_attn_kernelILj128ELj64ELj32ELj64ELj128EL8DataType1EL16QuantGranularity2ELS1_2EfLb1E6__halfL11ComputeUnit1EL8MaskMode0ELb0ELb1ELb0ELb1EEvPaS5_S5_PT9_PfS8_S8_S8_S8_jjjjjjjjjjjjjjjf
          16 bytes stack frame, 16 bytes spill stores, 16 bytes spill loads
      ptxas info    : Used 255 registers, used 1 barriers, 16 bytes cumulative stack size, 488 bytes cmem[0], 8 bytes cmem[2]
      ptxas info    : Compile time = 251.246 ms
      ptxas info    : Compiling entry function '_Z24qk_int_sv_f8_attn_kernelILj128ELj64ELj32ELj64ELj128EL8DataType1EL16QuantGranularity2ELS1_2EfLb1E13__nv_bfloat16L11ComputeUnit1EL8MaskMode0ELb1ELb1ELb0ELb1EEvPaS5_S5_PT9_PfS8_S8_S8_S8_jjjjjjjjjjjjjjjf' for 'sm_89'
      ptxas info    : Function properties for _Z24qk_int_sv_f8_attn_kernelILj128ELj64ELj32ELj64ELj128EL8DataType1EL16QuantGranularity2ELS1_2EfLb1E13__nv_bfloat16L11ComputeUnit1EL8MaskMode0ELb1ELb1ELb0ELb1EEvPaS5_S5_PT9_PfS8_S8_S8_S8_jjjjjjjjjjjjjjjf
          48 bytes stack frame, 32 bytes spill stores, 28 bytes spill loads
      ptxas info    : Used 255 registers, used 1 barriers, 48 bytes cumulative stack size, 488 bytes cmem[0], 8 bytes cmem[2]
      ptxas info    : Compile time = 253.895 ms
      ptxas info    : Compiling entry function '_Z24qk_int_sv_f8_attn_kernelILj128ELj64ELj32ELj64ELj128EL8DataType1EL16QuantGranularity2ELS1_2EfLb1E6__halfL11ComputeUnit1EL8MaskMode0ELb1ELb1ELb0ELb1EEvPaS5_S5_PT9_PfS8_S8_S8_S8_jjjjjjjjjjjjjjjf' for 'sm_89'
      ptxas info    : Function properties for _Z24qk_int_sv_f8_attn_kernelILj128ELj64ELj32ELj64ELj128EL8DataType1EL16QuantGranularity2ELS1_2EfLb1E6__halfL11ComputeUnit1EL8MaskMode0ELb1ELb1ELb0ELb1EEvPaS5_S5_PT9_PfS8_S8_S8_S8_jjjjjjjjjjjjjjjf
          48 bytes stack frame, 32 bytes spill stores, 28 bytes spill loads
      ptxas info    : Used 255 registers, used 1 barriers, 48 bytes cumulative stack size, 488 bytes cmem[0], 8 bytes cmem[2]
      ptxas info    : Compile time = 255.838 ms
      ptxas info    : Compiling entry function '_Z24qk_int_sv_f8_attn_kernelILj128ELj64ELj32ELj64ELj128EL8DataType1EL16QuantGranularity3ELS1_3EfLb1E13__nv_bfloat16L11ComputeUnit1EL8MaskMode1ELb0ELb1ELb0ELb1EEvPaS5_S5_PT9_PfS8_S8_S8_S8_jjjjjjjjjjjjjjjf' for 'sm_89'
      ptxas info    : Function properties for _Z24qk_int_sv_f8_attn_kernelILj128ELj64ELj32ELj64ELj128EL8DataType1EL16QuantGranularity3ELS1_3EfLb1E13__nv_bfloat16L11ComputeUnit1EL8MaskMode1ELb0ELb1ELb0ELb1EEvPaS5_S5_PT9_PfS8_S8_S8_S8_jjjjjjjjjjjjjjjf
          96 bytes stack frame, 176 bytes spill stores, 168 bytes spill loads
      ptxas info    : Used 255 registers, used 1 barriers, 96 bytes cumulative stack size, 488 bytes cmem[0], 8 bytes cmem[2]
      ptxas info    : Compile time = 228.749 ms
      ptxas info    : Compiling entry function '_Z24qk_int_sv_f8_attn_kernelILj128ELj64ELj32ELj64ELj128EL8DataType1EL16QuantGranularity3ELS1_3EfLb1E6__halfL11ComputeUnit1EL8MaskMode1ELb0ELb1ELb0ELb1EEvPaS5_S5_PT9_PfS8_S8_S8_S8_jjjjjjjjjjjjjjjf' for 'sm_89'
      ptxas info    : Function properties for _Z24qk_int_sv_f8_attn_kernelILj128ELj64ELj32ELj64ELj128EL8DataType1EL16QuantGranularity3ELS1_3EfLb1E6__halfL11ComputeUnit1EL8MaskMode1ELb0ELb1ELb0ELb1EEvPaS5_S5_PT9_PfS8_S8_S8_S8_jjjjjjjjjjjjjjjf
          96 bytes stack frame, 176 bytes spill stores, 168 bytes spill loads
      ptxas info    : Used 255 registers, used 1 barriers, 96 bytes cumulative stack size, 488 bytes cmem[0], 8 bytes cmem[2]
      ptxas info    : Compile time = 227.720 ms
      ptxas info    : Compiling entry function '_Z24qk_int_sv_f8_attn_kernelILj128ELj64ELj32ELj64ELj128EL8DataType1EL16QuantGranularity3ELS1_3EfLb1E13__nv_bfloat16L11ComputeUnit1EL8MaskMode1ELb1ELb1ELb0ELb1EEvPaS5_S5_PT9_PfS8_S8_S8_S8_jjjjjjjjjjjjjjjf' for 'sm_89'
      ptxas info    : Function properties for _Z24qk_int_sv_f8_attn_kernelILj128ELj64ELj32ELj64ELj128EL8DataType1EL16QuantGranularity3ELS1_3EfLb1E13__nv_bfloat16L11ComputeUnit1EL8MaskMode1ELb1ELb1ELb0ELb1EEvPaS5_S5_PT9_PfS8_S8_S8_S8_jjjjjjjjjjjjjjjf
          96 bytes stack frame, 92 bytes spill stores, 88 bytes spill loads
      ptxas info    : Used 255 registers, used 1 barriers, 96 bytes cumulative stack size, 488 bytes cmem[0], 8 bytes cmem[2]
      ptxas info    : Compile time = 273.538 ms
      ptxas info    : Compiling entry function '_Z24qk_int_sv_f8_attn_kernelILj128ELj64ELj32ELj64ELj128EL8DataType1EL16QuantGranularity3ELS1_3EfLb1E6__halfL11ComputeUnit1EL8MaskMode1ELb1ELb1ELb0ELb1EEvPaS5_S5_PT9_PfS8_S8_S8_S8_jjjjjjjjjjjjjjjf' for 'sm_89'
      ptxas info    : Function properties for _Z24qk_int_sv_f8_attn_kernelILj128ELj64ELj32ELj64ELj128EL8DataType1EL16QuantGranularity3ELS1_3EfLb1E6__halfL11ComputeUnit1EL8MaskMode1ELb1ELb1ELb0ELb1EEvPaS5_S5_PT9_PfS8_S8_S8_S8_jjjjjjjjjjjjjjjf
          96 bytes stack frame, 92 bytes spill stores, 88 bytes spill loads
      ptxas info    : Used 255 registers, used 1 barriers, 96 bytes cumulative stack size, 488 bytes cmem[0], 8 bytes cmem[2]
      ptxas info    : Compile time = 269.602 ms
      ptxas info    : Compiling entry function '_Z24qk_int_sv_f8_attn_kernelILj128ELj64ELj32ELj64ELj128EL8DataType1EL16QuantGranularity2ELS1_2EfLb1E13__nv_bfloat16L11ComputeUnit1EL8MaskMode1ELb0ELb1ELb0ELb1EEvPaS5_S5_PT9_PfS8_S8_S8_S8_jjjjjjjjjjjjjjjf' for 'sm_89'
      ptxas info    : Function properties for _Z24qk_int_sv_f8_attn_kernelILj128ELj64ELj32ELj64ELj128EL8DataType1EL16QuantGranularity2ELS1_2EfLb1E13__nv_bfloat16L11ComputeUnit1EL8MaskMode1ELb0ELb1ELb0ELb1EEvPaS5_S5_PT9_PfS8_S8_S8_S8_jjjjjjjjjjjjjjjf
          64 bytes stack frame, 80 bytes spill stores, 68 bytes spill loads
      ptxas info    : Used 255 registers, used 1 barriers, 64 bytes cumulative stack size, 488 bytes cmem[0], 8 bytes cmem[2]
      ptxas info    : Compile time = 217.655 ms
      ptxas info    : Compiling entry function '_Z24qk_int_sv_f8_attn_kernelILj128ELj64ELj32ELj64ELj128EL8DataType1EL16QuantGranularity2ELS1_2EfLb1E6__halfL11ComputeUnit1EL8MaskMode1ELb0ELb1ELb0ELb1EEvPaS5_S5_PT9_PfS8_S8_S8_S8_jjjjjjjjjjjjjjjf' for 'sm_89'
      ptxas info    : Function properties for _Z24qk_int_sv_f8_attn_kernelILj128ELj64ELj32ELj64ELj128EL8DataType1EL16QuantGranularity2ELS1_2EfLb1E6__halfL11ComputeUnit1EL8MaskMode1ELb0ELb1ELb0ELb1EEvPaS5_S5_PT9_PfS8_S8_S8_S8_jjjjjjjjjjjjjjjf
          64 bytes stack frame, 80 bytes spill stores, 68 bytes spill loads
      ptxas info    : Used 255 registers, used 1 barriers, 64 bytes cumulative stack size, 488 bytes cmem[0], 8 bytes cmem[2]
      ptxas info    : Compile time = 222.349 ms
      ptxas info    : Compiling entry function '_Z24qk_int_sv_f8_attn_kernelILj128ELj64ELj32ELj64ELj128EL8DataType1EL16QuantGranularity2ELS1_2EfLb1E13__nv_bfloat16L11ComputeUnit1EL8MaskMode1ELb1ELb1ELb0ELb1EEvPaS5_S5_PT9_PfS8_S8_S8_S8_jjjjjjjjjjjjjjjf' for 'sm_89'
      ptxas info    : Function properties for _Z24qk_int_sv_f8_attn_kernelILj128ELj64ELj32ELj64ELj128EL8DataType1EL16QuantGranularity2ELS1_2EfLb1E13__nv_bfloat16L11ComputeUnit1EL8MaskMode1ELb1ELb1ELb0ELb1EEvPaS5_S5_PT9_PfS8_S8_S8_S8_jjjjjjjjjjjjjjjf
          80 bytes stack frame, 60 bytes spill stores, 48 bytes spill loads
      ptxas info    : Used 255 registers, used 1 barriers, 80 bytes cumulative stack size, 488 bytes cmem[0], 8 bytes cmem[2]
      ptxas info    : Compile time = 282.942 ms
      ptxas info    : Compiling entry function '_Z24qk_int_sv_f8_attn_kernelILj128ELj64ELj32ELj64ELj128EL8DataType1EL16QuantGranularity2ELS1_2EfLb1E6__halfL11ComputeUnit1EL8MaskMode1ELb1ELb1ELb0ELb1EEvPaS5_S5_PT9_PfS8_S8_S8_S8_jjjjjjjjjjjjjjjf' for 'sm_89'
      ptxas info    : Function properties for _Z24qk_int_sv_f8_attn_kernelILj128ELj64ELj32ELj64ELj128EL8DataType1EL16QuantGranularity2ELS1_2EfLb1E6__halfL11ComputeUnit1EL8MaskMode1ELb1ELb1ELb0ELb1EEvPaS5_S5_PT9_PfS8_S8_S8_S8_jjjjjjjjjjjjjjjf
          80 bytes stack frame, 60 bytes spill stores, 48 bytes spill loads
      ptxas info    : Used 255 registers, used 1 barriers, 80 bytes cumulative stack size, 488 bytes cmem[0], 8 bytes cmem[2]
      ptxas info    : Compile time = 278.837 ms
      ptxas info    : Compiling entry function '_Z24qk_int_sv_f8_attn_kernelILj128ELj64ELj32ELj64ELj64EL8DataType1EL16QuantGranularity3ELS1_3EfLb1E13__nv_bfloat16L11ComputeUnit1EL8MaskMode0ELb0ELb1ELb0ELb1EEvPaS5_S5_PT9_PfS8_S8_S8_S8_jjjjjjjjjjjjjjjf' for 'sm_89'
      ptxas info    : Function properties for _Z24qk_int_sv_f8_attn_kernelILj128ELj64ELj32ELj64ELj64EL8DataType1EL16QuantGranularity3ELS1_3EfLb1E13__nv_bfloat16L11ComputeUnit1EL8MaskMode0ELb0ELb1ELb0ELb1EEvPaS5_S5_PT9_PfS8_S8_S8_S8_jjjjjjjjjjjjjjjf
          0 bytes stack frame, 0 bytes spill stores, 0 bytes spill loads
      ptxas info    : Used 251 registers, used 1 barriers, 488 bytes cmem[0], 8 bytes cmem[2]
      ptxas info    : Compile time = 106.414 ms
      ptxas info    : Compiling entry function '_Z24qk_int_sv_f8_attn_kernelILj128ELj64ELj32ELj64ELj64EL8DataType1EL16QuantGranularity3ELS1_3EfLb1E6__halfL11ComputeUnit1EL8MaskMode0ELb0ELb1ELb0ELb1EEvPaS5_S5_PT9_PfS8_S8_S8_S8_jjjjjjjjjjjjjjjf' for 'sm_89'
      ptxas info    : Function properties for _Z24qk_int_sv_f8_attn_kernelILj128ELj64ELj32ELj64ELj64EL8DataType1EL16QuantGranularity3ELS1_3EfLb1E6__halfL11ComputeUnit1EL8MaskMode0ELb0ELb1ELb0ELb1EEvPaS5_S5_PT9_PfS8_S8_S8_S8_jjjjjjjjjjjjjjjf
          0 bytes stack frame, 0 bytes spill stores, 0 bytes spill loads
      ptxas info    : Used 251 registers, used 1 barriers, 488 bytes cmem[0], 8 bytes cmem[2]
      ptxas info    : Compile time = 108.025 ms
      ptxas info    : Compiling entry function '_Z24qk_int_sv_f8_attn_kernelILj128ELj64ELj32ELj64ELj64EL8DataType1EL16QuantGranularity3ELS1_3EfLb1E13__nv_bfloat16L11ComputeUnit1EL8MaskMode0ELb1ELb1ELb0ELb1EEvPaS5_S5_PT9_PfS8_S8_S8_S8_jjjjjjjjjjjjjjjf' for 'sm_89'
      ptxas info    : Function properties for _Z24qk_int_sv_f8_attn_kernelILj128ELj64ELj32ELj64ELj64EL8DataType1EL16QuantGranularity3ELS1_3EfLb1E13__nv_bfloat16L11ComputeUnit1EL8MaskMode0ELb1ELb1ELb0ELb1EEvPaS5_S5_PT9_PfS8_S8_S8_S8_jjjjjjjjjjjjjjjf
          32 bytes stack frame, 0 bytes spill stores, 0 bytes spill loads
      ptxas info    : Used 252 registers, used 1 barriers, 32 bytes cumulative stack size, 488 bytes cmem[0], 8 bytes cmem[2]
      ptxas info    : Compile time = 110.815 ms
      ptxas info    : Compiling entry function '_Z24qk_int_sv_f8_attn_kernelILj128ELj64ELj32ELj64ELj64EL8DataType1EL16QuantGranularity3ELS1_3EfLb1E6__halfL11ComputeUnit1EL8MaskMode0ELb1ELb1ELb0ELb1EEvPaS5_S5_PT9_PfS8_S8_S8_S8_jjjjjjjjjjjjjjjf' for 'sm_89'
      ptxas info    : Function properties for _Z24qk_int_sv_f8_attn_kernelILj128ELj64ELj32ELj64ELj64EL8DataType1EL16QuantGranularity3ELS1_3EfLb1E6__halfL11ComputeUnit1EL8MaskMode0ELb1ELb1ELb0ELb1EEvPaS5_S5_PT9_PfS8_S8_S8_S8_jjjjjjjjjjjjjjjf
          32 bytes stack frame, 0 bytes spill stores, 0 bytes spill loads
      ptxas info    : Used 252 registers, used 1 barriers, 32 bytes cumulative stack size, 488 bytes cmem[0], 8 bytes cmem[2]
      ptxas info    : Compile time = 110.083 ms
      ptxas info    : Compiling entry function '_Z24qk_int_sv_f8_attn_kernelILj128ELj64ELj32ELj64ELj64EL8DataType1EL16QuantGranularity2ELS1_2EfLb1E13__nv_bfloat16L11ComputeUnit1EL8MaskMode0ELb0ELb1ELb0ELb1EEvPaS5_S5_PT9_PfS8_S8_S8_S8_jjjjjjjjjjjjjjjf' for 'sm_89'
      ptxas info    : Function properties for _Z24qk_int_sv_f8_attn_kernelILj128ELj64ELj32ELj64ELj64EL8DataType1EL16QuantGranularity2ELS1_2EfLb1E13__nv_bfloat16L11ComputeUnit1EL8MaskMode0ELb0ELb1ELb0ELb1EEvPaS5_S5_PT9_PfS8_S8_S8_S8_jjjjjjjjjjjjjjjf
          0 bytes stack frame, 0 bytes spill stores, 0 bytes spill loads
      ptxas info    : Used 255 registers, used 1 barriers, 488 bytes cmem[0], 8 bytes cmem[2]
      ptxas info    : Compile time = 107.722 ms
      ptxas info    : Compiling entry function '_Z24qk_int_sv_f8_attn_kernelILj128ELj64ELj32ELj64ELj64EL8DataType1EL16QuantGranularity2ELS1_2EfLb1E6__halfL11ComputeUnit1EL8MaskMode0ELb0ELb1ELb0ELb1EEvPaS5_S5_PT9_PfS8_S8_S8_S8_jjjjjjjjjjjjjjjf' for 'sm_89'
      ptxas info    : Function properties for _Z24qk_int_sv_f8_attn_kernelILj128ELj64ELj32ELj64ELj64EL8DataType1EL16QuantGranularity2ELS1_2EfLb1E6__halfL11ComputeUnit1EL8MaskMode0ELb0ELb1ELb0ELb1EEvPaS5_S5_PT9_PfS8_S8_S8_S8_jjjjjjjjjjjjjjjf
          0 bytes stack frame, 0 bytes spill stores, 0 bytes spill loads
      ptxas info    : Used 255 registers, used 1 barriers, 488 bytes cmem[0], 8 bytes cmem[2]
      ptxas info    : Compile time = 113.415 ms
      ptxas info    : Compiling entry function '_Z24qk_int_sv_f8_attn_kernelILj128ELj64ELj32ELj64ELj64EL8DataType1EL16QuantGranularity2ELS1_2EfLb1E13__nv_bfloat16L11ComputeUnit1EL8MaskMode0ELb1ELb1ELb0ELb1EEvPaS5_S5_PT9_PfS8_S8_S8_S8_jjjjjjjjjjjjjjjf' for 'sm_89'
      ptxas info    : Function properties for _Z24qk_int_sv_f8_attn_kernelILj128ELj64ELj32ELj64ELj64EL8DataType1EL16QuantGranularity2ELS1_2EfLb1E13__nv_bfloat16L11ComputeUnit1EL8MaskMode0ELb1ELb1ELb0ELb1EEvPaS5_S5_PT9_PfS8_S8_S8_S8_jjjjjjjjjjjjjjjf
          32 bytes stack frame, 0 bytes spill stores, 0 bytes spill loads
      ptxas info    : Used 252 registers, used 1 barriers, 32 bytes cumulative stack size, 488 bytes cmem[0], 8 bytes cmem[2]
      ptxas info    : Compile time = 114.148 ms
      ptxas info    : Compiling entry function '_Z24qk_int_sv_f8_attn_kernelILj128ELj64ELj32ELj64ELj64EL8DataType1EL16QuantGranularity2ELS1_2EfLb1E6__halfL11ComputeUnit1EL8MaskMode0ELb1ELb1ELb0ELb1EEvPaS5_S5_PT9_PfS8_S8_S8_S8_jjjjjjjjjjjjjjjf' for 'sm_89'
      ptxas info    : Function properties for _Z24qk_int_sv_f8_attn_kernelILj128ELj64ELj32ELj64ELj64EL8DataType1EL16QuantGranularity2ELS1_2EfLb1E6__halfL11ComputeUnit1EL8MaskMode0ELb1ELb1ELb0ELb1EEvPaS5_S5_PT9_PfS8_S8_S8_S8_jjjjjjjjjjjjjjjf
          32 bytes stack frame, 0 bytes spill stores, 0 bytes spill loads
      ptxas info    : Used 252 registers, used 1 barriers, 32 bytes cumulative stack size, 488 bytes cmem[0], 8 bytes cmem[2]
      ptxas info    : Compile time = 109.737 ms
      ptxas info    : Compiling entry function '_Z24qk_int_sv_f8_attn_kernelILj128ELj64ELj32ELj64ELj64EL8DataType1EL16QuantGranularity3ELS1_3EfLb1E13__nv_bfloat16L11ComputeUnit1EL8MaskMode1ELb0ELb1ELb0ELb1EEvPaS5_S5_PT9_PfS8_S8_S8_S8_jjjjjjjjjjjjjjjf' for 'sm_89'
      ptxas info    : Function properties for _Z24qk_int_sv_f8_attn_kernelILj128ELj64ELj32ELj64ELj64EL8DataType1EL16QuantGranularity3ELS1_3EfLb1E13__nv_bfloat16L11ComputeUnit1EL8MaskMode1ELb0ELb1ELb0ELb1EEvPaS5_S5_PT9_PfS8_S8_S8_S8_jjjjjjjjjjjjjjjf
          0 bytes stack frame, 0 bytes spill stores, 0 bytes spill loads
      ptxas info    : Used 255 registers, used 1 barriers, 488 bytes cmem[0], 8 bytes cmem[2]
      ptxas info    : Compile time = 118.550 ms
      ptxas info    : Compiling entry function '_Z24qk_int_sv_f8_attn_kernelILj128ELj64ELj32ELj64ELj64EL8DataType1EL16QuantGranularity3ELS1_3EfLb1E6__halfL11ComputeUnit1EL8MaskMode1ELb0ELb1ELb0ELb1EEvPaS5_S5_PT9_PfS8_S8_S8_S8_jjjjjjjjjjjjjjjf' for 'sm_89'
      ptxas info    : Function properties for _Z24qk_int_sv_f8_attn_kernelILj128ELj64ELj32ELj64ELj64EL8DataType1EL16QuantGranularity3ELS1_3EfLb1E6__halfL11ComputeUnit1EL8MaskMode1ELb0ELb1ELb0ELb1EEvPaS5_S5_PT9_PfS8_S8_S8_S8_jjjjjjjjjjjjjjjf
          0 bytes stack frame, 0 bytes spill stores, 0 bytes spill loads
      ptxas info    : Used 255 registers, used 1 barriers, 488 bytes cmem[0], 8 bytes cmem[2]
      ptxas info    : Compile time = 116.854 ms
      ptxas info    : Compiling entry function '_Z24qk_int_sv_f8_attn_kernelILj128ELj64ELj32ELj64ELj64EL8DataType1EL16QuantGranularity3ELS1_3EfLb1E13__nv_bfloat16L11ComputeUnit1EL8MaskMode1ELb1ELb1ELb0ELb1EEvPaS5_S5_PT9_PfS8_S8_S8_S8_jjjjjjjjjjjjjjjf' for 'sm_89'
      ptxas info    : Function properties for _Z24qk_int_sv_f8_attn_kernelILj128ELj64ELj32ELj64ELj64EL8DataType1EL16QuantGranularity3ELS1_3EfLb1E13__nv_bfloat16L11ComputeUnit1EL8MaskMode1ELb1ELb1ELb0ELb1EEvPaS5_S5_PT9_PfS8_S8_S8_S8_jjjjjjjjjjjjjjjf
          32 bytes stack frame, 0 bytes spill stores, 0 bytes spill loads
      ptxas info    : Used 253 registers, used 1 barriers, 32 bytes cumulative stack size, 488 bytes cmem[0], 8 bytes cmem[2]
      ptxas info    : Compile time = 119.130 ms
      ptxas info    : Compiling entry function '_Z24qk_int_sv_f8_attn_kernelILj128ELj64ELj32ELj64ELj64EL8DataType1EL16QuantGranularity3ELS1_3EfLb1E6__halfL11ComputeUnit1EL8MaskMode1ELb1ELb1ELb0ELb1EEvPaS5_S5_PT9_PfS8_S8_S8_S8_jjjjjjjjjjjjjjjf' for 'sm_89'
      ptxas info    : Function properties for _Z24qk_int_sv_f8_attn_kernelILj128ELj64ELj32ELj64ELj64EL8DataType1EL16QuantGranularity3ELS1_3EfLb1E6__halfL11ComputeUnit1EL8MaskMode1ELb1ELb1ELb0ELb1EEvPaS5_S5_PT9_PfS8_S8_S8_S8_jjjjjjjjjjjjjjjf
          32 bytes stack frame, 0 bytes spill stores, 0 bytes spill loads
      ptxas info    : Used 253 registers, used 1 barriers, 32 bytes cumulative stack size, 488 bytes cmem[0], 8 bytes cmem[2]
      ptxas info    : Compile time = 119.619 ms
      ptxas info    : Compiling entry function '_Z24qk_int_sv_f8_attn_kernelILj128ELj64ELj32ELj64ELj64EL8DataType1EL16QuantGranularity2ELS1_2EfLb1E13__nv_bfloat16L11ComputeUnit1EL8MaskMode1ELb0ELb1ELb0ELb1EEvPaS5_S5_PT9_PfS8_S8_S8_S8_jjjjjjjjjjjjjjjf' for 'sm_89'
      ptxas info    : Function properties for _Z24qk_int_sv_f8_attn_kernelILj128ELj64ELj32ELj64ELj64EL8DataType1EL16QuantGranularity2ELS1_2EfLb1E13__nv_bfloat16L11ComputeUnit1EL8MaskMode1ELb0ELb1ELb0ELb1EEvPaS5_S5_PT9_PfS8_S8_S8_S8_jjjjjjjjjjjjjjjf
          0 bytes stack frame, 0 bytes spill stores, 0 bytes spill loads
      ptxas info    : Used 255 registers, used 1 barriers, 488 bytes cmem[0], 8 bytes cmem[2]
      ptxas info    : Compile time = 118.466 ms
      ptxas info    : Compiling entry function '_Z24qk_int_sv_f8_attn_kernelILj128ELj64ELj32ELj64ELj64EL8DataType1EL16QuantGranularity2ELS1_2EfLb1E6__halfL11ComputeUnit1EL8MaskMode1ELb0ELb1ELb0ELb1EEvPaS5_S5_PT9_PfS8_S8_S8_S8_jjjjjjjjjjjjjjjf' for 'sm_89'
      ptxas info    : Function properties for _Z24qk_int_sv_f8_attn_kernelILj128ELj64ELj32ELj64ELj64EL8DataType1EL16QuantGranularity2ELS1_2EfLb1E6__halfL11ComputeUnit1EL8MaskMode1ELb0ELb1ELb0ELb1EEvPaS5_S5_PT9_PfS8_S8_S8_S8_jjjjjjjjjjjjjjjf
          0 bytes stack frame, 0 bytes spill stores, 0 bytes spill loads
      ptxas info    : Used 255 registers, used 1 barriers, 488 bytes cmem[0], 8 bytes cmem[2]
      ptxas info    : Compile time = 117.596 ms
      ptxas info    : Compiling entry function '_Z24qk_int_sv_f8_attn_kernelILj128ELj64ELj32ELj64ELj64EL8DataType1EL16QuantGranularity2ELS1_2EfLb1E13__nv_bfloat16L11ComputeUnit1EL8MaskMode1ELb1ELb1ELb0ELb1EEvPaS5_S5_PT9_PfS8_S8_S8_S8_jjjjjjjjjjjjjjjf' for 'sm_89'
      ptxas info    : Function properties for _Z24qk_int_sv_f8_attn_kernelILj128ELj64ELj32ELj64ELj64EL8DataType1EL16QuantGranularity2ELS1_2EfLb1E13__nv_bfloat16L11ComputeUnit1EL8MaskMode1ELb1ELb1ELb0ELb1EEvPaS5_S5_PT9_PfS8_S8_S8_S8_jjjjjjjjjjjjjjjf
          32 bytes stack frame, 0 bytes spill stores, 0 bytes spill loads
      ptxas info    : Used 255 registers, used 1 barriers, 32 bytes cumulative stack size, 488 bytes cmem[0], 8 bytes cmem[2]
      ptxas info    : Compile time = 120.964 ms
      ptxas info    : Compiling entry function '_Z24qk_int_sv_f8_attn_kernelILj128ELj64ELj32ELj64ELj64EL8DataType1EL16QuantGranularity2ELS1_2EfLb1E6__halfL11ComputeUnit1EL8MaskMode1ELb1ELb1ELb0ELb1EEvPaS5_S5_PT9_PfS8_S8_S8_S8_jjjjjjjjjjjjjjjf' for 'sm_89'
      ptxas info    : Function properties for _Z24qk_int_sv_f8_attn_kernelILj128ELj64ELj32ELj64ELj64EL8DataType1EL16QuantGranularity2ELS1_2EfLb1E6__halfL11ComputeUnit1EL8MaskMode1ELb1ELb1ELb0ELb1EEvPaS5_S5_PT9_PfS8_S8_S8_S8_jjjjjjjjjjjjjjjf
          32 bytes stack frame, 0 bytes spill stores, 0 bytes spill loads
      ptxas info    : Used 255 registers, used 1 barriers, 32 bytes cumulative stack size, 488 bytes cmem[0], 8 bytes cmem[2]
      ptxas info    : Compile time = 119.763 ms
      [5/8] /workspace/experiments/pro30-deps/cuda-12.8/bin/nvcc --generate-dependencies-with-compile --dependency-output /workspace/experiments/pro30-deps/SageAttention-sm89/build/temp.linux-x86_64-3.10/sageattention._qattn_sm89/csrc/qattn/sm89_qk_int8_sv_f8_accum_f32_attn.o.d -I/workspace/SoulX-FlashHead/.venv/lib/python3.10/site-packages/torch/include -I/workspace/SoulX-FlashHead/.venv/lib/python3.10/site-packages/torch/include/torch/csrc/api/include -I/workspace/experiments/pro30-deps/cuda-12.8/include -I/workspace/SoulX-FlashHead/.venv/include -I/usr/include/python3.10 -c -c /workspace/experiments/pro30-deps/SageAttention-sm89/csrc/qattn/sm89_qk_int8_sv_f8_accum_f32_attn.cu -o /workspace/experiments/pro30-deps/SageAttention-sm89/build/temp.linux-x86_64-3.10/sageattention._qattn_sm89/csrc/qattn/sm89_qk_int8_sv_f8_accum_f32_attn.o -D__CUDA_NO_HALF_OPERATORS__ -D__CUDA_NO_HALF_CONVERSIONS__ -D__CUDA_NO_BFLOAT16_CONVERSIONS__ -D__CUDA_NO_HALF2_OPERATORS__ --expt-relaxed-constexpr --compiler-options ''"'"'-fPIC'"'"'' -O3 -std=c++17 -U__CUDA_NO_HALF_OPERATORS__ -U__CUDA_NO_HALF_CONVERSIONS__ --use_fast_math --threads=8 -Xptxas=-v -diag-suppress=174 --threads 2 -D_GLIBCXX_USE_CXX11_ABI=1 -gencode arch=compute_89,code=sm_89 -DTORCH_API_INCLUDE_EXTENSION_H '-DPYBIND11_COMPILER_TYPE="_gcc"' '-DPYBIND11_STDLIB="_libstdcpp"' '-DPYBIND11_BUILD_ABI="_cxxabi1016"' -DTORCH_EXTENSION_NAME=_qattn_sm89 -D_GLIBCXX_USE_CXX11_ABI=1
      nvcc warning : incompatible redefinition for option 'threads', the last value of this option was used
      In file included from /workspace/experiments/pro30-deps/SageAttention-sm89/csrc/qattn/qk_int_sv_f8_cuda_sm89.cuh:17,
                       from /workspace/experiments/pro30-deps/SageAttention-sm89/csrc/qattn/sm89_qk_int8_sv_f8_accum_f32_attn.cu:2:
      /workspace/experiments/pro30-deps/SageAttention-sm89/csrc/qattn/../utils.cuh:36:37: warning: backslash-newline at end of file
         36 | #define CHECK_LASTDIM_CONTIGUOUS(x) \
            |
      In file included from /workspace/experiments/pro30-deps/SageAttention-sm89/csrc/qattn/qk_int_sv_f8_cuda_sm89.cuh:17,
                       from /workspace/experiments/pro30-deps/SageAttention-sm89/csrc/qattn/sm89_qk_int8_sv_f8_accum_f32_attn.cu:2:
      /workspace/experiments/pro30-deps/SageAttention-sm89/csrc/qattn/../utils.cuh:36:37: warning: backslash-newline at end of file
         36 | #define CHECK_LASTDIM_CONTIGUOUS(x) \
            |
      ptxas info    : 11 bytes gmem, 88 bytes cmem[4]
      ptxas info    : Compiling entry function '_Z24qk_int_sv_f8_attn_kernelILj128ELj64ELj32ELj64ELj128EL8DataType1EL16QuantGranularity3ELS1_3EfLb0E13__nv_bfloat16L11ComputeUnit1EL8MaskMode0ELb0ELb0ELb0ELb0EEvPaS5_S5_PT9_PfS8_S8_S8_S8_jjjjjjjjjjjjjjjf' for 'sm_89'
      ptxas info    : Function properties for _Z24qk_int_sv_f8_attn_kernelILj128ELj64ELj32ELj64ELj128EL8DataType1EL16QuantGranularity3ELS1_3EfLb0E13__nv_bfloat16L11ComputeUnit1EL8MaskMode0ELb0ELb0ELb0ELb0EEvPaS5_S5_PT9_PfS8_S8_S8_S8_jjjjjjjjjjjjjjjf
          8 bytes stack frame, 8 bytes spill stores, 8 bytes spill loads
      ptxas info    : Used 255 registers, used 1 barriers, 8 bytes cumulative stack size, 488 bytes cmem[0], 8 bytes cmem[2]
      ptxas info    : Compile time = 198.319 ms
      ptxas info    : Compiling entry function '_Z24qk_int_sv_f8_attn_kernelILj128ELj64ELj32ELj64ELj128EL8DataType1EL16QuantGranularity3ELS1_3EfLb0E6__halfL11ComputeUnit1EL8MaskMode0ELb0ELb0ELb0ELb0EEvPaS5_S5_PT9_PfS8_S8_S8_S8_jjjjjjjjjjjjjjjf' for 'sm_89'
      ptxas info    : Function properties for _Z24qk_int_sv_f8_attn_kernelILj128ELj64ELj32ELj64ELj128EL8DataType1EL16QuantGranularity3ELS1_3EfLb0E6__halfL11ComputeUnit1EL8MaskMode0ELb0ELb0ELb0ELb0EEvPaS5_S5_PT9_PfS8_S8_S8_S8_jjjjjjjjjjjjjjjf
          8 bytes stack frame, 8 bytes spill stores, 8 bytes spill loads
      ptxas info    : Used 255 registers, used 1 barriers, 8 bytes cumulative stack size, 488 bytes cmem[0], 8 bytes cmem[2]
      ptxas info    : Compile time = 193.577 ms
      ptxas info    : Compiling entry function '_Z24qk_int_sv_f8_attn_kernelILj128ELj64ELj32ELj64ELj128EL8DataType1EL16QuantGranularity3ELS1_3EfLb0E13__nv_bfloat16L11ComputeUnit1EL8MaskMode0ELb1ELb0ELb0ELb0EEvPaS5_S5_PT9_PfS8_S8_S8_S8_jjjjjjjjjjjjjjjf' for 'sm_89'
      ptxas info    : Function properties for _Z24qk_int_sv_f8_attn_kernelILj128ELj64ELj32ELj64ELj128EL8DataType1EL16QuantGranularity3ELS1_3EfLb0E13__nv_bfloat16L11ComputeUnit1EL8MaskMode0ELb1ELb0ELb0ELb0EEvPaS5_S5_PT9_PfS8_S8_S8_S8_jjjjjjjjjjjjjjjf
          48 bytes stack frame, 8 bytes spill stores, 8 bytes spill loads
      ptxas info    : Used 255 registers, used 1 barriers, 48 bytes cumulative stack size, 488 bytes cmem[0], 8 bytes cmem[2]
      ptxas info    : Compile time = 241.220 ms
      ptxas info    : Compiling entry function '_Z24qk_int_sv_f8_attn_kernelILj128ELj64ELj32ELj64ELj128EL8DataType1EL16QuantGranularity3ELS1_3EfLb0E6__halfL11ComputeUnit1EL8MaskMode0ELb1ELb0ELb0ELb0EEvPaS5_S5_PT9_PfS8_S8_S8_S8_jjjjjjjjjjjjjjjf' for 'sm_89'
      ptxas info    : Function properties for _Z24qk_int_sv_f8_attn_kernelILj128ELj64ELj32ELj64ELj128EL8DataType1EL16QuantGranularity3ELS1_3EfLb0E6__halfL11ComputeUnit1EL8MaskMode0ELb1ELb0ELb0ELb0EEvPaS5_S5_PT9_PfS8_S8_S8_S8_jjjjjjjjjjjjjjjf
          48 bytes stack frame, 8 bytes spill stores, 8 bytes spill loads
      ptxas info    : Used 255 registers, used 1 barriers, 48 bytes cumulative stack size, 488 bytes cmem[0], 8 bytes cmem[2]
      ptxas info    : Compile time = 240.135 ms
      ptxas info    : Compiling entry function '_Z24qk_int_sv_f8_attn_kernelILj128ELj64ELj32ELj64ELj128EL8DataType1EL16QuantGranularity2ELS1_2EfLb0E13__nv_bfloat16L11ComputeUnit1EL8MaskMode0ELb0ELb0ELb0ELb0EEvPaS5_S5_PT9_PfS8_S8_S8_S8_jjjjjjjjjjjjjjjf' for 'sm_89'
      ptxas info    : Function properties for _Z24qk_int_sv_f8_attn_kernelILj128ELj64ELj32ELj64ELj128EL8DataType1EL16QuantGranularity2ELS1_2EfLb0E13__nv_bfloat16L11ComputeUnit1EL8MaskMode0ELb0ELb0ELb0ELb0EEvPaS5_S5_PT9_PfS8_S8_S8_S8_jjjjjjjjjjjjjjjf
          8 bytes stack frame, 4 bytes spill stores, 4 bytes spill loads
      ptxas info    : Used 255 registers, used 1 barriers, 8 bytes cumulative stack size, 488 bytes cmem[0], 8 bytes cmem[2]
      ptxas info    : Compile time = 230.429 ms
      ptxas info    : Compiling entry function '_Z24qk_int_sv_f8_attn_kernelILj128ELj64ELj32ELj64ELj128EL8DataType1EL16QuantGranularity2ELS1_2EfLb0E6__halfL11ComputeUnit1EL8MaskMode0ELb0ELb0ELb0ELb0EEvPaS5_S5_PT9_PfS8_S8_S8_S8_jjjjjjjjjjjjjjjf' for 'sm_89'
      ptxas info    : Function properties for _Z24qk_int_sv_f8_attn_kernelILj128ELj64ELj32ELj64ELj128EL8DataType1EL16QuantGranularity2ELS1_2EfLb0E6__halfL11ComputeUnit1EL8MaskMode0ELb0ELb0ELb0ELb0EEvPaS5_S5_PT9_PfS8_S8_S8_S8_jjjjjjjjjjjjjjjf
          8 bytes stack frame, 4 bytes spill stores, 4 bytes spill loads
      ptxas info    : Used 255 registers, used 1 barriers, 8 bytes cumulative stack size, 488 bytes cmem[0], 8 bytes cmem[2]
      ptxas info    : Compile time = 233.416 ms
      ptxas info    : Compiling entry function '_Z24qk_int_sv_f8_attn_kernelILj128ELj64ELj32ELj64ELj128EL8DataType1EL16QuantGranularity2ELS1_2EfLb0E13__nv_bfloat16L11ComputeUnit1EL8MaskMode0ELb1ELb0ELb0ELb0EEvPaS5_S5_PT9_PfS8_S8_S8_S8_jjjjjjjjjjjjjjjf' for 'sm_89'
      ptxas info    : Function properties for _Z24qk_int_sv_f8_attn_kernelILj128ELj64ELj32ELj64ELj128EL8DataType1EL16QuantGranularity2ELS1_2EfLb0E13__nv_bfloat16L11ComputeUnit1EL8MaskMode0ELb1ELb0ELb0ELb0EEvPaS5_S5_PT9_PfS8_S8_S8_S8_jjjjjjjjjjjjjjjf
          48 bytes stack frame, 4 bytes spill stores, 4 bytes spill loads
      ptxas info    : Used 255 registers, used 1 barriers, 48 bytes cumulative stack size, 488 bytes cmem[0], 8 bytes cmem[2]
      ptxas info    : Compile time = 227.314 ms
      ptxas info    : Compiling entry function '_Z24qk_int_sv_f8_attn_kernelILj128ELj64ELj32ELj64ELj128EL8DataType1EL16QuantGranularity2ELS1_2EfLb0E6__halfL11ComputeUnit1EL8MaskMode0ELb1ELb0ELb0ELb0EEvPaS5_S5_PT9_PfS8_S8_S8_S8_jjjjjjjjjjjjjjjf' for 'sm_89'
      ptxas info    : Function properties for _Z24qk_int_sv_f8_attn_kernelILj128ELj64ELj32ELj64ELj128EL8DataType1EL16QuantGranularity2ELS1_2EfLb0E6__halfL11ComputeUnit1EL8MaskMode0ELb1ELb0ELb0ELb0EEvPaS5_S5_PT9_PfS8_S8_S8_S8_jjjjjjjjjjjjjjjf
          48 bytes stack frame, 4 bytes spill stores, 4 bytes spill loads
      ptxas info    : Used 255 registers, used 1 barriers, 48 bytes cumulative stack size, 488 bytes cmem[0], 8 bytes cmem[2]
      ptxas info    : Compile time = 226.439 ms
      ptxas info    : Compiling entry function '_Z24qk_int_sv_f8_attn_kernelILj128ELj64ELj32ELj64ELj128EL8DataType1EL16QuantGranularity3ELS1_3EfLb0E13__nv_bfloat16L11ComputeUnit1EL8MaskMode1ELb0ELb0ELb0ELb0EEvPaS5_S5_PT9_PfS8_S8_S8_S8_jjjjjjjjjjjjjjjf' for 'sm_89'
      ptxas info    : Function properties for _Z24qk_int_sv_f8_attn_kernelILj128ELj64ELj32ELj64ELj128EL8DataType1EL16QuantGranularity3ELS1_3EfLb0E13__nv_bfloat16L11ComputeUnit1EL8MaskMode1ELb0ELb0ELb0ELb0EEvPaS5_S5_PT9_PfS8_S8_S8_S8_jjjjjjjjjjjjjjjf
          48 bytes stack frame, 44 bytes spill stores, 44 bytes spill loads
      ptxas info    : Used 255 registers, used 1 barriers, 48 bytes cumulative stack size, 488 bytes cmem[0], 8 bytes cmem[2]
      ptxas info    : Compile time = 194.060 ms
      ptxas info    : Compiling entry function '_Z24qk_int_sv_f8_attn_kernelILj128ELj64ELj32ELj64ELj128EL8DataType1EL16QuantGranularity3ELS1_3EfLb0E6__halfL11ComputeUnit1EL8MaskMode1ELb0ELb0ELb0ELb0EEvPaS5_S5_PT9_PfS8_S8_S8_S8_jjjjjjjjjjjjjjjf' for 'sm_89'
      ptxas info    : Function properties for _Z24qk_int_sv_f8_attn_kernelILj128ELj64ELj32ELj64ELj128EL8DataType1EL16QuantGranularity3ELS1_3EfLb0E6__halfL11ComputeUnit1EL8MaskMode1ELb0ELb0ELb0ELb0EEvPaS5_S5_PT9_PfS8_S8_S8_S8_jjjjjjjjjjjjjjjf
          48 bytes stack frame, 44 bytes spill stores, 44 bytes spill loads
      ptxas info    : Used 255 registers, used 1 barriers, 48 bytes cumulative stack size, 488 bytes cmem[0], 8 bytes cmem[2]
      ptxas info    : Compile time = 197.808 ms
      ptxas info    : Compiling entry function '_Z24qk_int_sv_f8_attn_kernelILj128ELj64ELj32ELj64ELj128EL8DataType1EL16QuantGranularity3ELS1_3EfLb0E13__nv_bfloat16L11ComputeUnit1EL8MaskMode1ELb1ELb0ELb0ELb0EEvPaS5_S5_PT9_PfS8_S8_S8_S8_jjjjjjjjjjjjjjjf' for 'sm_89'
      ptxas info    : Function properties for _Z24qk_int_sv_f8_attn_kernelILj128ELj64ELj32ELj64ELj128EL8DataType1EL16QuantGranularity3ELS1_3EfLb0E13__nv_bfloat16L11ComputeUnit1EL8MaskMode1ELb1ELb0ELb0ELb0EEvPaS5_S5_PT9_PfS8_S8_S8_S8_jjjjjjjjjjjjjjjf
          80 bytes stack frame, 44 bytes spill stores, 44 bytes spill loads
      ptxas info    : Used 255 registers, used 1 barriers, 80 bytes cumulative stack size, 488 bytes cmem[0], 8 bytes cmem[2]
      ptxas info    : Compile time = 241.258 ms
      ptxas info    : Compiling entry function '_Z24qk_int_sv_f8_attn_kernelILj128ELj64ELj32ELj64ELj128EL8DataType1EL16QuantGranularity3ELS1_3EfLb0E6__halfL11ComputeUnit1EL8MaskMode1ELb1ELb0ELb0ELb0EEvPaS5_S5_PT9_PfS8_S8_S8_S8_jjjjjjjjjjjjjjjf' for 'sm_89'
      ptxas info    : Function properties for _Z24qk_int_sv_f8_attn_kernelILj128ELj64ELj32ELj64ELj128EL8DataType1EL16QuantGranularity3ELS1_3EfLb0E6__halfL11ComputeUnit1EL8MaskMode1ELb1ELb0ELb0ELb0EEvPaS5_S5_PT9_PfS8_S8_S8_S8_jjjjjjjjjjjjjjjf
          80 bytes stack frame, 44 bytes spill stores, 44 bytes spill loads
      ptxas info    : Used 255 registers, used 1 barriers, 80 bytes cumulative stack size, 488 bytes cmem[0], 8 bytes cmem[2]
      ptxas info    : Compile time = 243.754 ms
      ptxas info    : Compiling entry function '_Z24qk_int_sv_f8_attn_kernelILj128ELj64ELj32ELj64ELj128EL8DataType1EL16QuantGranularity2ELS1_2EfLb0E13__nv_bfloat16L11ComputeUnit1EL8MaskMode1ELb0ELb0ELb0ELb0EEvPaS5_S5_PT9_PfS8_S8_S8_S8_jjjjjjjjjjjjjjjf' for 'sm_89'
      ptxas info    : Function properties for _Z24qk_int_sv_f8_attn_kernelILj128ELj64ELj32ELj64ELj128EL8DataType1EL16QuantGranularity2ELS1_2EfLb0E13__nv_bfloat16L11ComputeUnit1EL8MaskMode1ELb0ELb0ELb0ELb0EEvPaS5_S5_PT9_PfS8_S8_S8_S8_jjjjjjjjjjjjjjjf
          40 bytes stack frame, 40 bytes spill stores, 40 bytes spill loads
      ptxas info    : Used 255 registers, used 1 barriers, 40 bytes cumulative stack size, 488 bytes cmem[0], 8 bytes cmem[2]
      ptxas info    : Compile time = 199.401 ms
      ptxas info    : Compiling entry function '_Z24qk_int_sv_f8_attn_kernelILj128ELj64ELj32ELj64ELj128EL8DataType1EL16QuantGranularity2ELS1_2EfLb0E6__halfL11ComputeUnit1EL8MaskMode1ELb0ELb0ELb0ELb0EEvPaS5_S5_PT9_PfS8_S8_S8_S8_jjjjjjjjjjjjjjjf' for 'sm_89'
      ptxas info    : Function properties for _Z24qk_int_sv_f8_attn_kernelILj128ELj64ELj32ELj64ELj128EL8DataType1EL16QuantGranularity2ELS1_2EfLb0E6__halfL11ComputeUnit1EL8MaskMode1ELb0ELb0ELb0ELb0EEvPaS5_S5_PT9_PfS8_S8_S8_S8_jjjjjjjjjjjjjjjf
          40 bytes stack frame, 40 bytes spill stores, 40 bytes spill loads
      ptxas info    : Used 255 registers, used 1 barriers, 40 bytes cumulative stack size, 488 bytes cmem[0], 8 bytes cmem[2]
      ptxas info    : Compile time = 199.179 ms
      ptxas info    : Compiling entry function '_Z24qk_int_sv_f8_attn_kernelILj128ELj64ELj32ELj64ELj128EL8DataType1EL16QuantGranularity2ELS1_2EfLb0E13__nv_bfloat16L11ComputeUnit1EL8MaskMode1ELb1ELb0ELb0ELb0EEvPaS5_S5_PT9_PfS8_S8_S8_S8_jjjjjjjjjjjjjjjf' for 'sm_89'
      ptxas info    : Function properties for _Z24qk_int_sv_f8_attn_kernelILj128ELj64ELj32ELj64ELj128EL8DataType1EL16QuantGranularity2ELS1_2EfLb0E13__nv_bfloat16L11ComputeUnit1EL8MaskMode1ELb1ELb0ELb0ELb0EEvPaS5_S5_PT9_PfS8_S8_S8_S8_jjjjjjjjjjjjjjjf
          64 bytes stack frame, 24 bytes spill stores, 24 bytes spill loads
      ptxas info    : Used 255 registers, used 1 barriers, 64 bytes cumulative stack size, 488 bytes cmem[0], 8 bytes cmem[2]
      ptxas info    : Compile time = 244.578 ms
      ptxas info    : Compiling entry function '_Z24qk_int_sv_f8_attn_kernelILj128ELj64ELj32ELj64ELj128EL8DataType1EL16QuantGranularity2ELS1_2EfLb0E6__halfL11ComputeUnit1EL8MaskMode1ELb1ELb0ELb0ELb0EEvPaS5_S5_PT9_PfS8_S8_S8_S8_jjjjjjjjjjjjjjjf' for 'sm_89'
      ptxas info    : Function properties for _Z24qk_int_sv_f8_attn_kernelILj128ELj64ELj32ELj64ELj128EL8DataType1EL16QuantGranularity2ELS1_2EfLb0E6__halfL11ComputeUnit1EL8MaskMode1ELb1ELb0ELb0ELb0EEvPaS5_S5_PT9_PfS8_S8_S8_S8_jjjjjjjjjjjjjjjf
          64 bytes stack frame, 24 bytes spill stores, 24 bytes spill loads
      ptxas info    : Used 255 registers, used 1 barriers, 64 bytes cumulative stack size, 488 bytes cmem[0], 8 bytes cmem[2]
      ptxas info    : Compile time = 242.086 ms
      ptxas info    : Compiling entry function '_Z24qk_int_sv_f8_attn_kernelILj128ELj64ELj32ELj64ELj64EL8DataType1EL16QuantGranularity3ELS1_3EfLb0E13__nv_bfloat16L11ComputeUnit1EL8MaskMode0ELb0ELb0ELb0ELb0EEvPaS5_S5_PT9_PfS8_S8_S8_S8_jjjjjjjjjjjjjjjf' for 'sm_89'
      ptxas info    : Function properties for _Z24qk_int_sv_f8_attn_kernelILj128ELj64ELj32ELj64ELj64EL8DataType1EL16QuantGranularity3ELS1_3EfLb0E13__nv_bfloat16L11ComputeUnit1EL8MaskMode0ELb0ELb0ELb0ELb0EEvPaS5_S5_PT9_PfS8_S8_S8_S8_jjjjjjjjjjjjjjjf
          0 bytes stack frame, 0 bytes spill stores, 0 bytes spill loads
      ptxas info    : Used 237 registers, used 1 barriers, 488 bytes cmem[0], 8 bytes cmem[2]
      ptxas info    : Compile time = 99.947 ms
      ptxas info    : Compiling entry function '_Z24qk_int_sv_f8_attn_kernelILj128ELj64ELj32ELj64ELj64EL8DataType1EL16QuantGranularity3ELS1_3EfLb0E6__halfL11ComputeUnit1EL8MaskMode0ELb0ELb0ELb0ELb0EEvPaS5_S5_PT9_PfS8_S8_S8_S8_jjjjjjjjjjjjjjjf' for 'sm_89'
      ptxas info    : Function properties for _Z24qk_int_sv_f8_attn_kernelILj128ELj64ELj32ELj64ELj64EL8DataType1EL16QuantGranularity3ELS1_3EfLb0E6__halfL11ComputeUnit1EL8MaskMode0ELb0ELb0ELb0ELb0EEvPaS5_S5_PT9_PfS8_S8_S8_S8_jjjjjjjjjjjjjjjf
          0 bytes stack frame, 0 bytes spill stores, 0 bytes spill loads
      ptxas info    : Used 237 registers, used 1 barriers, 488 bytes cmem[0], 8 bytes cmem[2]
      ptxas info    : Compile time = 100.171 ms
      ptxas info    : Compiling entry function '_Z24qk_int_sv_f8_attn_kernelILj128ELj64ELj32ELj64ELj64EL8DataType1EL16QuantGranularity3ELS1_3EfLb0E13__nv_bfloat16L11ComputeUnit1EL8MaskMode0ELb1ELb0ELb0ELb0EEvPaS5_S5_PT9_PfS8_S8_S8_S8_jjjjjjjjjjjjjjjf' for 'sm_89'
      ptxas info    : Function properties for _Z24qk_int_sv_f8_attn_kernelILj128ELj64ELj32ELj64ELj64EL8DataType1EL16QuantGranularity3ELS1_3EfLb0E13__nv_bfloat16L11ComputeUnit1EL8MaskMode0ELb1ELb0ELb0ELb0EEvPaS5_S5_PT9_PfS8_S8_S8_S8_jjjjjjjjjjjjjjjf
          32 bytes stack frame, 0 bytes spill stores, 0 bytes spill loads
      ptxas info    : Used 230 registers, used 1 barriers, 32 bytes cumulative stack size, 488 bytes cmem[0], 8 bytes cmem[2]
      ptxas info    : Compile time = 101.784 ms
      ptxas info    : Compiling entry function '_Z24qk_int_sv_f8_attn_kernelILj128ELj64ELj32ELj64ELj64EL8DataType1EL16QuantGranularity3ELS1_3EfLb0E6__halfL11ComputeUnit1EL8MaskMode0ELb1ELb0ELb0ELb0EEvPaS5_S5_PT9_PfS8_S8_S8_S8_jjjjjjjjjjjjjjjf' for 'sm_89'
      ptxas info    : Function properties for _Z24qk_int_sv_f8_attn_kernelILj128ELj64ELj32ELj64ELj64EL8DataType1EL16QuantGranularity3ELS1_3EfLb0E6__halfL11ComputeUnit1EL8MaskMode0ELb1ELb0ELb0ELb0EEvPaS5_S5_PT9_PfS8_S8_S8_S8_jjjjjjjjjjjjjjjf
          32 bytes stack frame, 0 bytes spill stores, 0 bytes spill loads
      ptxas info    : Used 230 registers, used 1 barriers, 32 bytes cumulative stack size, 488 bytes cmem[0], 8 bytes cmem[2]
      ptxas info    : Compile time = 99.512 ms
      ptxas info    : Compiling entry function '_Z24qk_int_sv_f8_attn_kernelILj128ELj64ELj32ELj64ELj64EL8DataType1EL16QuantGranularity2ELS1_2EfLb0E13__nv_bfloat16L11ComputeUnit1EL8MaskMode0ELb0ELb0ELb0ELb0EEvPaS5_S5_PT9_PfS8_S8_S8_S8_jjjjjjjjjjjjjjjf' for 'sm_89'
      ptxas info    : Function properties for _Z24qk_int_sv_f8_attn_kernelILj128ELj64ELj32ELj64ELj64EL8DataType1EL16QuantGranularity2ELS1_2EfLb0E13__nv_bfloat16L11ComputeUnit1EL8MaskMode0ELb0ELb0ELb0ELb0EEvPaS5_S5_PT9_PfS8_S8_S8_S8_jjjjjjjjjjjjjjjf
          0 bytes stack frame, 0 bytes spill stores, 0 bytes spill loads
      ptxas info    : Used 235 registers, used 1 barriers, 488 bytes cmem[0], 8 bytes cmem[2]
      ptxas info    : Compile time = 97.071 ms
      ptxas info    : Compiling entry function '_Z24qk_int_sv_f8_attn_kernelILj128ELj64ELj32ELj64ELj64EL8DataType1EL16QuantGranularity2ELS1_2EfLb0E6__halfL11ComputeUnit1EL8MaskMode0ELb0ELb0ELb0ELb0EEvPaS5_S5_PT9_PfS8_S8_S8_S8_jjjjjjjjjjjjjjjf' for 'sm_89'
      ptxas info    : Function properties for _Z24qk_int_sv_f8_attn_kernelILj128ELj64ELj32ELj64ELj64EL8DataType1EL16QuantGranularity2ELS1_2EfLb0E6__halfL11ComputeUnit1EL8MaskMode0ELb0ELb0ELb0ELb0EEvPaS5_S5_PT9_PfS8_S8_S8_S8_jjjjjjjjjjjjjjjf
          0 bytes stack frame, 0 bytes spill stores, 0 bytes spill loads
      ptxas info    : Used 235 registers, used 1 barriers, 488 bytes cmem[0], 8 bytes cmem[2]
      ptxas info    : Compile time = 96.325 ms
      ptxas info    : Compiling entry function '_Z24qk_int_sv_f8_attn_kernelILj128ELj64ELj32ELj64ELj64EL8DataType1EL16QuantGranularity2ELS1_2EfLb0E13__nv_bfloat16L11ComputeUnit1EL8MaskMode0ELb1ELb0ELb0ELb0EEvPaS5_S5_PT9_PfS8_S8_S8_S8_jjjjjjjjjjjjjjjf' for 'sm_89'
      ptxas info    : Function properties for _Z24qk_int_sv_f8_attn_kernelILj128ELj64ELj32ELj64ELj64EL8DataType1EL16QuantGranularity2ELS1_2EfLb0E13__nv_bfloat16L11ComputeUnit1EL8MaskMode0ELb1ELb0ELb0ELb0EEvPaS5_S5_PT9_PfS8_S8_S8_S8_jjjjjjjjjjjjjjjf
          32 bytes stack frame, 0 bytes spill stores, 0 bytes spill loads
      ptxas info    : Used 230 registers, used 1 barriers, 32 bytes cumulative stack size, 488 bytes cmem[0], 8 bytes cmem[2]
      ptxas info    : Compile time = 99.048 ms
      ptxas info    : Compiling entry function '_Z24qk_int_sv_f8_attn_kernelILj128ELj64ELj32ELj64ELj64EL8DataType1EL16QuantGranularity2ELS1_2EfLb0E6__halfL11ComputeUnit1EL8MaskMode0ELb1ELb0ELb0ELb0EEvPaS5_S5_PT9_PfS8_S8_S8_S8_jjjjjjjjjjjjjjjf' for 'sm_89'
      ptxas info    : Function properties for _Z24qk_int_sv_f8_attn_kernelILj128ELj64ELj32ELj64ELj64EL8DataType1EL16QuantGranularity2ELS1_2EfLb0E6__halfL11ComputeUnit1EL8MaskMode0ELb1ELb0ELb0ELb0EEvPaS5_S5_PT9_PfS8_S8_S8_S8_jjjjjjjjjjjjjjjf
          32 bytes stack frame, 0 bytes spill stores, 0 bytes spill loads
      ptxas info    : Used 230 registers, used 1 barriers, 32 bytes cumulative stack size, 488 bytes cmem[0], 8 bytes cmem[2]
      ptxas info    : Compile time = 99.555 ms
      ptxas info    : Compiling entry function '_Z24qk_int_sv_f8_attn_kernelILj128ELj64ELj32ELj64ELj64EL8DataType1EL16QuantGranularity3ELS1_3EfLb0E13__nv_bfloat16L11ComputeUnit1EL8MaskMode1ELb0ELb0ELb0ELb0EEvPaS5_S5_PT9_PfS8_S8_S8_S8_jjjjjjjjjjjjjjjf' for 'sm_89'
      ptxas info    : Function properties for _Z24qk_int_sv_f8_attn_kernelILj128ELj64ELj32ELj64ELj64EL8DataType1EL16QuantGranularity3ELS1_3EfLb0E13__nv_bfloat16L11ComputeUnit1EL8MaskMode1ELb0ELb0ELb0ELb0EEvPaS5_S5_PT9_PfS8_S8_S8_S8_jjjjjjjjjjjjjjjf
          0 bytes stack frame, 0 bytes spill stores, 0 bytes spill loads
      ptxas info    : Used 241 registers, used 1 barriers, 488 bytes cmem[0], 8 bytes cmem[2]
      ptxas info    : Compile time = 107.138 ms
      ptxas info    : Compiling entry function '_Z24qk_int_sv_f8_attn_kernelILj128ELj64ELj32ELj64ELj64EL8DataType1EL16QuantGranularity3ELS1_3EfLb0E6__halfL11ComputeUnit1EL8MaskMode1ELb0ELb0ELb0ELb0EEvPaS5_S5_PT9_PfS8_S8_S8_S8_jjjjjjjjjjjjjjjf' for 'sm_89'
      ptxas info    : Function properties for _Z24qk_int_sv_f8_attn_kernelILj128ELj64ELj32ELj64ELj64EL8DataType1EL16QuantGranularity3ELS1_3EfLb0E6__halfL11ComputeUnit1EL8MaskMode1ELb0ELb0ELb0ELb0EEvPaS5_S5_PT9_PfS8_S8_S8_S8_jjjjjjjjjjjjjjjf
          0 bytes stack frame, 0 bytes spill stores, 0 bytes spill loads
      ptxas info    : Used 241 registers, used 1 barriers, 488 bytes cmem[0], 8 bytes cmem[2]
      ptxas info    : Compile time = 106.246 ms
      ptxas info    : Compiling entry function '_Z24qk_int_sv_f8_attn_kernelILj128ELj64ELj32ELj64ELj64EL8DataType1EL16QuantGranularity3ELS1_3EfLb0E13__nv_bfloat16L11ComputeUnit1EL8MaskMode1ELb1ELb0ELb0ELb0EEvPaS5_S5_PT9_PfS8_S8_S8_S8_jjjjjjjjjjjjjjjf' for 'sm_89'
      ptxas info    : Function properties for _Z24qk_int_sv_f8_attn_kernelILj128ELj64ELj32ELj64ELj64EL8DataType1EL16QuantGranularity3ELS1_3EfLb0E13__nv_bfloat16L11ComputeUnit1EL8MaskMode1ELb1ELb0ELb0ELb0EEvPaS5_S5_PT9_PfS8_S8_S8_S8_jjjjjjjjjjjjjjjf
          32 bytes stack frame, 0 bytes spill stores, 0 bytes spill loads
      ptxas info    : Used 232 registers, used 1 barriers, 32 bytes cumulative stack size, 488 bytes cmem[0], 8 bytes cmem[2]
      ptxas info    : Compile time = 107.346 ms
      ptxas info    : Compiling entry function '_Z24qk_int_sv_f8_attn_kernelILj128ELj64ELj32ELj64ELj64EL8DataType1EL16QuantGranularity3ELS1_3EfLb0E6__halfL11ComputeUnit1EL8MaskMode1ELb1ELb0ELb0ELb0EEvPaS5_S5_PT9_PfS8_S8_S8_S8_jjjjjjjjjjjjjjjf' for 'sm_89'
      ptxas info    : Function properties for _Z24qk_int_sv_f8_attn_kernelILj128ELj64ELj32ELj64ELj64EL8DataType1EL16QuantGranularity3ELS1_3EfLb0E6__halfL11ComputeUnit1EL8MaskMode1ELb1ELb0ELb0ELb0EEvPaS5_S5_PT9_PfS8_S8_S8_S8_jjjjjjjjjjjjjjjf
          32 bytes stack frame, 0 bytes spill stores, 0 bytes spill loads
      ptxas info    : Used 232 registers, used 1 barriers, 32 bytes cumulative stack size, 488 bytes cmem[0], 8 bytes cmem[2]
      ptxas info    : Compile time = 126.152 ms
      ptxas info    : Compiling entry function '_Z24qk_int_sv_f8_attn_kernelILj128ELj64ELj32ELj64ELj64EL8DataType1EL16QuantGranularity2ELS1_2EfLb0E13__nv_bfloat16L11ComputeUnit1EL8MaskMode1ELb0ELb0ELb0ELb0EEvPaS5_S5_PT9_PfS8_S8_S8_S8_jjjjjjjjjjjjjjjf' for 'sm_89'
      ptxas info    : Function properties for _Z24qk_int_sv_f8_attn_kernelILj128ELj64ELj32ELj64ELj64EL8DataType1EL16QuantGranularity2ELS1_2EfLb0E13__nv_bfloat16L11ComputeUnit1EL8MaskMode1ELb0ELb0ELb0ELb0EEvPaS5_S5_PT9_PfS8_S8_S8_S8_jjjjjjjjjjjjjjjf
          0 bytes stack frame, 0 bytes spill stores, 0 bytes spill loads
      ptxas info    : Used 247 registers, used 1 barriers, 488 bytes cmem[0], 8 bytes cmem[2]
      ptxas info    : Compile time = 106.105 ms
      ptxas info    : Compiling entry function '_Z24qk_int_sv_f8_attn_kernelILj128ELj64ELj32ELj64ELj64EL8DataType1EL16QuantGranularity2ELS1_2EfLb0E6__halfL11ComputeUnit1EL8MaskMode1ELb0ELb0ELb0ELb0EEvPaS5_S5_PT9_PfS8_S8_S8_S8_jjjjjjjjjjjjjjjf' for 'sm_89'
      ptxas info    : Function properties for _Z24qk_int_sv_f8_attn_kernelILj128ELj64ELj32ELj64ELj64EL8DataType1EL16QuantGranularity2ELS1_2EfLb0E6__halfL11ComputeUnit1EL8MaskMode1ELb0ELb0ELb0ELb0EEvPaS5_S5_PT9_PfS8_S8_S8_S8_jjjjjjjjjjjjjjjf
          0 bytes stack frame, 0 bytes spill stores, 0 bytes spill loads
      ptxas info    : Used 247 registers, used 1 barriers, 488 bytes cmem[0], 8 bytes cmem[2]
      ptxas info    : Compile time = 106.210 ms
      ptxas info    : Compiling entry function '_Z24qk_int_sv_f8_attn_kernelILj128ELj64ELj32ELj64ELj64EL8DataType1EL16QuantGranularity2ELS1_2EfLb0E13__nv_bfloat16L11ComputeUnit1EL8MaskMode1ELb1ELb0ELb0ELb0EEvPaS5_S5_PT9_PfS8_S8_S8_S8_jjjjjjjjjjjjjjjf' for 'sm_89'
      ptxas info    : Function properties for _Z24qk_int_sv_f8_attn_kernelILj128ELj64ELj32ELj64ELj64EL8DataType1EL16QuantGranularity2ELS1_2EfLb0E13__nv_bfloat16L11ComputeUnit1EL8MaskMode1ELb1ELb0ELb0ELb0EEvPaS5_S5_PT9_PfS8_S8_S8_S8_jjjjjjjjjjjjjjjf
          32 bytes stack frame, 0 bytes spill stores, 0 bytes spill loads
      ptxas info    : Used 240 registers, used 1 barriers, 32 bytes cumulative stack size, 488 bytes cmem[0], 8 bytes cmem[2]
      ptxas info    : Compile time = 107.528 ms
      ptxas info    : Compiling entry function '_Z24qk_int_sv_f8_attn_kernelILj128ELj64ELj32ELj64ELj64EL8DataType1EL16QuantGranularity2ELS1_2EfLb0E6__halfL11ComputeUnit1EL8MaskMode1ELb1ELb0ELb0ELb0EEvPaS5_S5_PT9_PfS8_S8_S8_S8_jjjjjjjjjjjjjjjf' for 'sm_89'
      ptxas info    : Function properties for _Z24qk_int_sv_f8_attn_kernelILj128ELj64ELj32ELj64ELj64EL8DataType1EL16QuantGranularity2ELS1_2EfLb0E6__halfL11ComputeUnit1EL8MaskMode1ELb1ELb0ELb0ELb0EEvPaS5_S5_PT9_PfS8_S8_S8_S8_jjjjjjjjjjjjjjjf
          32 bytes stack frame, 0 bytes spill stores, 0 bytes spill loads
      ptxas info    : Used 240 registers, used 1 barriers, 32 bytes cumulative stack size, 488 bytes cmem[0], 8 bytes cmem[2]
      ptxas info    : Compile time = 106.912 ms
      [6/8] /workspace/experiments/pro30-deps/cuda-12.8/bin/nvcc --generate-dependencies-with-compile --dependency-output /workspace/experiments/pro30-deps/SageAttention-sm89/build/temp.linux-x86_64-3.10/sageattention._qattn_sm89/csrc/qattn/sm89_qk_int8_sv_f8_accum_f32_attn_inst_buf.o.d -I/workspace/SoulX-FlashHead/.venv/lib/python3.10/site-packages/torch/include -I/workspace/SoulX-FlashHead/.venv/lib/python3.10/site-packages/torch/include/torch/csrc/api/include -I/workspace/experiments/pro30-deps/cuda-12.8/include -I/workspace/SoulX-FlashHead/.venv/include -I/usr/include/python3.10 -c -c /workspace/experiments/pro30-deps/SageAttention-sm89/csrc/qattn/sm89_qk_int8_sv_f8_accum_f32_attn_inst_buf.cu -o /workspace/experiments/pro30-deps/SageAttention-sm89/build/temp.linux-x86_64-3.10/sageattention._qattn_sm89/csrc/qattn/sm89_qk_int8_sv_f8_accum_f32_attn_inst_buf.o -D__CUDA_NO_HALF_OPERATORS__ -D__CUDA_NO_HALF_CONVERSIONS__ -D__CUDA_NO_BFLOAT16_CONVERSIONS__ -D__CUDA_NO_HALF2_OPERATORS__ --expt-relaxed-constexpr --compiler-options ''"'"'-fPIC'"'"'' -O3 -std=c++17 -U__CUDA_NO_HALF_OPERATORS__ -U__CUDA_NO_HALF_CONVERSIONS__ --use_fast_math --threads=8 -Xptxas=-v -diag-suppress=174 --threads 2 -D_GLIBCXX_USE_CXX11_ABI=1 -gencode arch=compute_89,code=sm_89 -DTORCH_API_INCLUDE_EXTENSION_H '-DPYBIND11_COMPILER_TYPE="_gcc"' '-DPYBIND11_STDLIB="_libstdcpp"' '-DPYBIND11_BUILD_ABI="_cxxabi1016"' -DTORCH_EXTENSION_NAME=_qattn_sm89 -D_GLIBCXX_USE_CXX11_ABI=1
      nvcc warning : incompatible redefinition for option 'threads', the last value of this option was used
      In file included from /workspace/experiments/pro30-deps/SageAttention-sm89/csrc/qattn/qk_int_sv_f8_cuda_sm89.cuh:17,
                       from /workspace/experiments/pro30-deps/SageAttention-sm89/csrc/qattn/sm89_qk_int8_sv_f8_accum_f32_attn_inst_buf.cu:2:
      /workspace/experiments/pro30-deps/SageAttention-sm89/csrc/qattn/../utils.cuh:36:37: warning: backslash-newline at end of file
         36 | #define CHECK_LASTDIM_CONTIGUOUS(x) \
            |
      In file included from /workspace/experiments/pro30-deps/SageAttention-sm89/csrc/qattn/qk_int_sv_f8_cuda_sm89.cuh:17,
                       from /workspace/experiments/pro30-deps/SageAttention-sm89/csrc/qattn/sm89_qk_int8_sv_f8_accum_f32_attn_inst_buf.cu:2:
      /workspace/experiments/pro30-deps/SageAttention-sm89/csrc/qattn/../utils.cuh:36:37: warning: backslash-newline at end of file
         36 | #define CHECK_LASTDIM_CONTIGUOUS(x) \
            |
      ptxas info    : 11 bytes gmem, 88 bytes cmem[4]
      ptxas info    : Compiling entry function '_Z24qk_int_sv_f8_attn_kernelILj128ELj64ELj32ELj64ELj128EL8DataType1EL16QuantGranularity3ELS1_3EfLb1E13__nv_bfloat16L11ComputeUnit1EL8MaskMode0ELb0ELb0ELb0ELb0EEvPaS5_S5_PT9_PfS8_S8_S8_S8_jjjjjjjjjjjjjjjf' for 'sm_89'
      ptxas info    : Function properties for _Z24qk_int_sv_f8_attn_kernelILj128ELj64ELj32ELj64ELj128EL8DataType1EL16QuantGranularity3ELS1_3EfLb1E13__nv_bfloat16L11ComputeUnit1EL8MaskMode0ELb0ELb0ELb0ELb0EEvPaS5_S5_PT9_PfS8_S8_S8_S8_jjjjjjjjjjjjjjjf
          48 bytes stack frame, 64 bytes spill stores, 48 bytes spill loads
      ptxas info    : Used 255 registers, used 1 barriers, 48 bytes cumulative stack size, 488 bytes cmem[0], 8 bytes cmem[2]
      ptxas info    : Compile time = 263.598 ms
      ptxas info    : Compiling entry function '_Z24qk_int_sv_f8_attn_kernelILj128ELj64ELj32ELj64ELj128EL8DataType1EL16QuantGranularity3ELS1_3EfLb1E6__halfL11ComputeUnit1EL8MaskMode0ELb0ELb0ELb0ELb0EEvPaS5_S5_PT9_PfS8_S8_S8_S8_jjjjjjjjjjjjjjjf' for 'sm_89'
      ptxas info    : Function properties for _Z24qk_int_sv_f8_attn_kernelILj128ELj64ELj32ELj64ELj128EL8DataType1EL16QuantGranularity3ELS1_3EfLb1E6__halfL11ComputeUnit1EL8MaskMode0ELb0ELb0ELb0ELb0EEvPaS5_S5_PT9_PfS8_S8_S8_S8_jjjjjjjjjjjjjjjf
          48 bytes stack frame, 64 bytes spill stores, 48 bytes spill loads
      ptxas info    : Used 255 registers, used 1 barriers, 48 bytes cumulative stack size, 488 bytes cmem[0], 8 bytes cmem[2]
      ptxas info    : Compile time = 239.436 ms
      ptxas info    : Compiling entry function '_Z24qk_int_sv_f8_attn_kernelILj128ELj64ELj32ELj64ELj128EL8DataType1EL16QuantGranularity3ELS1_3EfLb1E13__nv_bfloat16L11ComputeUnit1EL8MaskMode0ELb1ELb0ELb0ELb0EEvPaS5_S5_PT9_PfS8_S8_S8_S8_jjjjjjjjjjjjjjjf' for 'sm_89'
      ptxas info    : Function properties for _Z24qk_int_sv_f8_attn_kernelILj128ELj64ELj32ELj64ELj128EL8DataType1EL16QuantGranularity3ELS1_3EfLb1E13__nv_bfloat16L11ComputeUnit1EL8MaskMode0ELb1ELb0ELb0ELb0EEvPaS5_S5_PT9_PfS8_S8_S8_S8_jjjjjjjjjjjjjjjf
          48 bytes stack frame, 12 bytes spill stores, 8 bytes spill loads
      ptxas info    : Used 255 registers, used 1 barriers, 48 bytes cumulative stack size, 488 bytes cmem[0], 8 bytes cmem[2]
      ptxas info    : Compile time = 247.756 ms
      ptxas info    : Compiling entry function '_Z24qk_int_sv_f8_attn_kernelILj128ELj64ELj32ELj64ELj128EL8DataType1EL16QuantGranularity3ELS1_3EfLb1E6__halfL11ComputeUnit1EL8MaskMode0ELb1ELb0ELb0ELb0EEvPaS5_S5_PT9_PfS8_S8_S8_S8_jjjjjjjjjjjjjjjf' for 'sm_89'
      ptxas info    : Function properties for _Z24qk_int_sv_f8_attn_kernelILj128ELj64ELj32ELj64ELj128EL8DataType1EL16QuantGranularity3ELS1_3EfLb1E6__halfL11ComputeUnit1EL8MaskMode0ELb1ELb0ELb0ELb0EEvPaS5_S5_PT9_PfS8_S8_S8_S8_jjjjjjjjjjjjjjjf
          48 bytes stack frame, 12 bytes spill stores, 8 bytes spill loads
      ptxas info    : Used 255 registers, used 1 barriers, 48 bytes cumulative stack size, 488 bytes cmem[0], 8 bytes cmem[2]
      ptxas info    : Compile time = 271.381 ms
      ptxas info    : Compiling entry function '_Z24qk_int_sv_f8_attn_kernelILj128ELj64ELj32ELj64ELj128EL8DataType1EL16QuantGranularity2ELS1_2EfLb1E13__nv_bfloat16L11ComputeUnit1EL8MaskMode0ELb0ELb0ELb0ELb0EEvPaS5_S5_PT9_PfS8_S8_S8_S8_jjjjjjjjjjjjjjjf' for 'sm_89'
      ptxas info    : Function properties for _Z24qk_int_sv_f8_attn_kernelILj128ELj64ELj32ELj64ELj128EL8DataType1EL16QuantGranularity2ELS1_2EfLb1E13__nv_bfloat16L11ComputeUnit1EL8MaskMode0ELb0ELb0ELb0ELb0EEvPaS5_S5_PT9_PfS8_S8_S8_S8_jjjjjjjjjjjjjjjf
          48 bytes stack frame, 84 bytes spill stores, 56 bytes spill loads
      ptxas info    : Used 255 registers, used 1 barriers, 48 bytes cumulative stack size, 488 bytes cmem[0], 8 bytes cmem[2]
      ptxas info    : Compile time = 247.128 ms
      ptxas info    : Compiling entry function '_Z24qk_int_sv_f8_attn_kernelILj128ELj64ELj32ELj64ELj128EL8DataType1EL16QuantGranularity2ELS1_2EfLb1E6__halfL11ComputeUnit1EL8MaskMode0ELb0ELb0ELb0ELb0EEvPaS5_S5_PT9_PfS8_S8_S8_S8_jjjjjjjjjjjjjjjf' for 'sm_89'
      ptxas info    : Function properties for _Z24qk_int_sv_f8_attn_kernelILj128ELj64ELj32ELj64ELj128EL8DataType1EL16QuantGranularity2ELS1_2EfLb1E6__halfL11ComputeUnit1EL8MaskMode0ELb0ELb0ELb0ELb0EEvPaS5_S5_PT9_PfS8_S8_S8_S8_jjjjjjjjjjjjjjjf
          48 bytes stack frame, 84 bytes spill stores, 56 bytes spill loads
      ptxas info    : Used 255 registers, used 1 barriers, 48 bytes cumulative stack size, 488 bytes cmem[0], 8 bytes cmem[2]
      ptxas info    : Compile time = 246.402 ms
      ptxas info    : Compiling entry function '_Z24qk_int_sv_f8_attn_kernelILj128ELj64ELj32ELj64ELj128EL8DataType1EL16QuantGranularity2ELS1_2EfLb1E13__nv_bfloat16L11ComputeUnit1EL8MaskMode0ELb1ELb0ELb0ELb0EEvPaS5_S5_PT9_PfS8_S8_S8_S8_jjjjjjjjjjjjjjjf' for 'sm_89'
      ptxas info    : Function properties for _Z24qk_int_sv_f8_attn_kernelILj128ELj64ELj32ELj64ELj128EL8DataType1EL16QuantGranularity2ELS1_2EfLb1E13__nv_bfloat16L11ComputeUnit1EL8MaskMode0ELb1ELb0ELb0ELb0EEvPaS5_S5_PT9_PfS8_S8_S8_S8_jjjjjjjjjjjjjjjf
          48 bytes stack frame, 16 bytes spill stores, 12 bytes spill loads
      ptxas info    : Used 255 registers, used 1 barriers, 48 bytes cumulative stack size, 488 bytes cmem[0], 8 bytes cmem[2]
      ptxas info    : Compile time = 240.896 ms
      ptxas info    : Compiling entry function '_Z24qk_int_sv_f8_attn_kernelILj128ELj64ELj32ELj64ELj128EL8DataType1EL16QuantGranularity2ELS1_2EfLb1E6__halfL11ComputeUnit1EL8MaskMode0ELb1ELb0ELb0ELb0EEvPaS5_S5_PT9_PfS8_S8_S8_S8_jjjjjjjjjjjjjjjf' for 'sm_89'
      ptxas info    : Function properties for _Z24qk_int_sv_f8_attn_kernelILj128ELj64ELj32ELj64ELj128EL8DataType1EL16QuantGranularity2ELS1_2EfLb1E6__halfL11ComputeUnit1EL8MaskMode0ELb1ELb0ELb0ELb0EEvPaS5_S5_PT9_PfS8_S8_S8_S8_jjjjjjjjjjjjjjjf
          48 bytes stack frame, 16 bytes spill stores, 12 bytes spill loads
      ptxas info    : Used 255 registers, used 1 barriers, 48 bytes cumulative stack size, 488 bytes cmem[0], 8 bytes cmem[2]
      ptxas info    : Compile time = 239.248 ms
      ptxas info    : Compiling entry function '_Z24qk_int_sv_f8_attn_kernelILj128ELj64ELj32ELj64ELj128EL8DataType1EL16QuantGranularity3ELS1_3EfLb1E13__nv_bfloat16L11ComputeUnit1EL8MaskMode1ELb0ELb0ELb0ELb0EEvPaS5_S5_PT9_PfS8_S8_S8_S8_jjjjjjjjjjjjjjjf' for 'sm_89'
      ptxas info    : Function properties for _Z24qk_int_sv_f8_attn_kernelILj128ELj64ELj32ELj64ELj128EL8DataType1EL16QuantGranularity3ELS1_3EfLb1E13__nv_bfloat16L11ComputeUnit1EL8MaskMode1ELb0ELb0ELb0ELb0EEvPaS5_S5_PT9_PfS8_S8_S8_S8_jjjjjjjjjjjjjjjf
          48 bytes stack frame, 64 bytes spill stores, 48 bytes spill loads
      ptxas info    : Used 255 registers, used 1 barriers, 48 bytes cumulative stack size, 488 bytes cmem[0], 8 bytes cmem[2]
      ptxas info    : Compile time = 202.833 ms
      ptxas info    : Compiling entry function '_Z24qk_int_sv_f8_attn_kernelILj128ELj64ELj32ELj64ELj128EL8DataType1EL16QuantGranularity3ELS1_3EfLb1E6__halfL11ComputeUnit1EL8MaskMode1ELb0ELb0ELb0ELb0EEvPaS5_S5_PT9_PfS8_S8_S8_S8_jjjjjjjjjjjjjjjf' for 'sm_89'
      ptxas info    : Function properties for _Z24qk_int_sv_f8_attn_kernelILj128ELj64ELj32ELj64ELj128EL8DataType1EL16QuantGranularity3ELS1_3EfLb1E6__halfL11ComputeUnit1EL8MaskMode1ELb0ELb0ELb0ELb0EEvPaS5_S5_PT9_PfS8_S8_S8_S8_jjjjjjjjjjjjjjjf
          48 bytes stack frame, 64 bytes spill stores, 48 bytes spill loads
      ptxas info    : Used 255 registers, used 1 barriers, 48 bytes cumulative stack size, 488 bytes cmem[0], 8 bytes cmem[2]
      ptxas info    : Compile time = 200.145 ms
      ptxas info    : Compiling entry function '_Z24qk_int_sv_f8_attn_kernelILj128ELj64ELj32ELj64ELj128EL8DataType1EL16QuantGranularity3ELS1_3EfLb1E13__nv_bfloat16L11ComputeUnit1EL8MaskMode1ELb1ELb0ELb0ELb0EEvPaS5_S5_PT9_PfS8_S8_S8_S8_jjjjjjjjjjjjjjjf' for 'sm_89'
      ptxas info    : Function properties for _Z24qk_int_sv_f8_attn_kernelILj128ELj64ELj32ELj64ELj128EL8DataType1EL16QuantGranularity3ELS1_3EfLb1E13__nv_bfloat16L11ComputeUnit1EL8MaskMode1ELb1ELb0ELb0ELb0EEvPaS5_S5_PT9_PfS8_S8_S8_S8_jjjjjjjjjjjjjjjf
          80 bytes stack frame, 52 bytes spill stores, 40 bytes spill loads
      ptxas info    : Used 255 registers, used 1 barriers, 80 bytes cumulative stack size, 488 bytes cmem[0], 8 bytes cmem[2]
      ptxas info    : Compile time = 273.457 ms
      ptxas info    : Compiling entry function '_Z24qk_int_sv_f8_attn_kernelILj128ELj64ELj32ELj64ELj128EL8DataType1EL16QuantGranularity3ELS1_3EfLb1E6__halfL11ComputeUnit1EL8MaskMode1ELb1ELb0ELb0ELb0EEvPaS5_S5_PT9_PfS8_S8_S8_S8_jjjjjjjjjjjjjjjf' for 'sm_89'
      ptxas info    : Function properties for _Z24qk_int_sv_f8_attn_kernelILj128ELj64ELj32ELj64ELj128EL8DataType1EL16QuantGranularity3ELS1_3EfLb1E6__halfL11ComputeUnit1EL8MaskMode1ELb1ELb0ELb0ELb0EEvPaS5_S5_PT9_PfS8_S8_S8_S8_jjjjjjjjjjjjjjjf
          80 bytes stack frame, 52 bytes spill stores, 40 bytes spill loads
      ptxas info    : Used 255 registers, used 1 barriers, 80 bytes cumulative stack size, 488 bytes cmem[0], 8 bytes cmem[2]
      ptxas info    : Compile time = 253.144 ms
      ptxas info    : Compiling entry function '_Z24qk_int_sv_f8_attn_kernelILj128ELj64ELj32ELj64ELj128EL8DataType1EL16QuantGranularity2ELS1_2EfLb1E13__nv_bfloat16L11ComputeUnit1EL8MaskMode1ELb0ELb0ELb0ELb0EEvPaS5_S5_PT9_PfS8_S8_S8_S8_jjjjjjjjjjjjjjjf' for 'sm_89'
      ptxas info    : Function properties for _Z24qk_int_sv_f8_attn_kernelILj128ELj64ELj32ELj64ELj128EL8DataType1EL16QuantGranularity2ELS1_2EfLb1E13__nv_bfloat16L11ComputeUnit1EL8MaskMode1ELb0ELb0ELb0ELb0EEvPaS5_S5_PT9_PfS8_S8_S8_S8_jjjjjjjjjjjjjjjf
          32 bytes stack frame, 36 bytes spill stores, 32 bytes spill loads
      ptxas info    : Used 255 registers, used 1 barriers, 32 bytes cumulative stack size, 488 bytes cmem[0], 8 bytes cmem[2]
      ptxas info    : Compile time = 199.543 ms
      ptxas info    : Compiling entry function '_Z24qk_int_sv_f8_attn_kernelILj128ELj64ELj32ELj64ELj128EL8DataType1EL16QuantGranularity2ELS1_2EfLb1E6__halfL11ComputeUnit1EL8MaskMode1ELb0ELb0ELb0ELb0EEvPaS5_S5_PT9_PfS8_S8_S8_S8_jjjjjjjjjjjjjjjf' for 'sm_89'
      ptxas info    : Function properties for _Z24qk_int_sv_f8_attn_kernelILj128ELj64ELj32ELj64ELj128EL8DataType1EL16QuantGranularity2ELS1_2EfLb1E6__halfL11ComputeUnit1EL8MaskMode1ELb0ELb0ELb0ELb0EEvPaS5_S5_PT9_PfS8_S8_S8_S8_jjjjjjjjjjjjjjjf
          32 bytes stack frame, 36 bytes spill stores, 32 bytes spill loads
      ptxas info    : Used 255 registers, used 1 barriers, 32 bytes cumulative stack size, 488 bytes cmem[0], 8 bytes cmem[2]
      ptxas info    : Compile time = 197.189 ms
      ptxas info    : Compiling entry function '_Z24qk_int_sv_f8_attn_kernelILj128ELj64ELj32ELj64ELj128EL8DataType1EL16QuantGranularity2ELS1_2EfLb1E13__nv_bfloat16L11ComputeUnit1EL8MaskMode1ELb1ELb0ELb0ELb0EEvPaS5_S5_PT9_PfS8_S8_S8_S8_jjjjjjjjjjjjjjjf' for 'sm_89'
      ptxas info    : Function properties for _Z24qk_int_sv_f8_attn_kernelILj128ELj64ELj32ELj64ELj128EL8DataType1EL16QuantGranularity2ELS1_2EfLb1E13__nv_bfloat16L11ComputeUnit1EL8MaskMode1ELb1ELb0ELb0ELb0EEvPaS5_S5_PT9_PfS8_S8_S8_S8_jjjjjjjjjjjjjjjf
          80 bytes stack frame, 44 bytes spill stores, 40 bytes spill loads
      ptxas info    : Used 255 registers, used 1 barriers, 80 bytes cumulative stack size, 488 bytes cmem[0], 8 bytes cmem[2]
      ptxas info    : Compile time = 249.511 ms
      ptxas info    : Compiling entry function '_Z24qk_int_sv_f8_attn_kernelILj128ELj64ELj32ELj64ELj128EL8DataType1EL16QuantGranularity2ELS1_2EfLb1E6__halfL11ComputeUnit1EL8MaskMode1ELb1ELb0ELb0ELb0EEvPaS5_S5_PT9_PfS8_S8_S8_S8_jjjjjjjjjjjjjjjf' for 'sm_89'
      ptxas info    : Function properties for _Z24qk_int_sv_f8_attn_kernelILj128ELj64ELj32ELj64ELj128EL8DataType1EL16QuantGranularity2ELS1_2EfLb1E6__halfL11ComputeUnit1EL8MaskMode1ELb1ELb0ELb0ELb0EEvPaS5_S5_PT9_PfS8_S8_S8_S8_jjjjjjjjjjjjjjjf
          80 bytes stack frame, 44 bytes spill stores, 40 bytes spill loads
      ptxas info    : Used 255 registers, used 1 barriers, 80 bytes cumulative stack size, 488 bytes cmem[0], 8 bytes cmem[2]
      ptxas info    : Compile time = 247.873 ms
      ptxas info    : Compiling entry function '_Z24qk_int_sv_f8_attn_kernelILj128ELj64ELj32ELj64ELj64EL8DataType1EL16QuantGranularity3ELS1_3EfLb1E13__nv_bfloat16L11ComputeUnit1EL8MaskMode0ELb0ELb0ELb0ELb0EEvPaS5_S5_PT9_PfS8_S8_S8_S8_jjjjjjjjjjjjjjjf' for 'sm_89'
      ptxas info    : Function properties for _Z24qk_int_sv_f8_attn_kernelILj128ELj64ELj32ELj64ELj64EL8DataType1EL16QuantGranularity3ELS1_3EfLb1E13__nv_bfloat16L11ComputeUnit1EL8MaskMode0ELb0ELb0ELb0ELb0EEvPaS5_S5_PT9_PfS8_S8_S8_S8_jjjjjjjjjjjjjjjf
          0 bytes stack frame, 0 bytes spill stores, 0 bytes spill loads
      ptxas info    : Used 255 registers, used 1 barriers, 488 bytes cmem[0], 8 bytes cmem[2]
      ptxas info    : Compile time = 123.524 ms
      ptxas info    : Compiling entry function '_Z24qk_int_sv_f8_attn_kernelILj128ELj64ELj32ELj64ELj64EL8DataType1EL16QuantGranularity3ELS1_3EfLb1E6__halfL11ComputeUnit1EL8MaskMode0ELb0ELb0ELb0ELb0EEvPaS5_S5_PT9_PfS8_S8_S8_S8_jjjjjjjjjjjjjjjf' for 'sm_89'
      ptxas info    : Function properties for _Z24qk_int_sv_f8_attn_kernelILj128ELj64ELj32ELj64ELj64EL8DataType1EL16QuantGranularity3ELS1_3EfLb1E6__halfL11ComputeUnit1EL8MaskMode0ELb0ELb0ELb0ELb0EEvPaS5_S5_PT9_PfS8_S8_S8_S8_jjjjjjjjjjjjjjjf
          0 bytes stack frame, 0 bytes spill stores, 0 bytes spill loads
      ptxas info    : Used 255 registers, used 1 barriers, 488 bytes cmem[0], 8 bytes cmem[2]
      ptxas info    : Compile time = 123.849 ms
      ptxas info    : Compiling entry function '_Z24qk_int_sv_f8_attn_kernelILj128ELj64ELj32ELj64ELj64EL8DataType1EL16QuantGranularity3ELS1_3EfLb1E13__nv_bfloat16L11ComputeUnit1EL8MaskMode0ELb1ELb0ELb0ELb0EEvPaS5_S5_PT9_PfS8_S8_S8_S8_jjjjjjjjjjjjjjjf' for 'sm_89'
      ptxas info    : Function properties for _Z24qk_int_sv_f8_attn_kernelILj128ELj64ELj32ELj64ELj64EL8DataType1EL16QuantGranularity3ELS1_3EfLb1E13__nv_bfloat16L11ComputeUnit1EL8MaskMode0ELb1ELb0ELb0ELb0EEvPaS5_S5_PT9_PfS8_S8_S8_S8_jjjjjjjjjjjjjjjf
          32 bytes stack frame, 0 bytes spill stores, 0 bytes spill loads
      ptxas info    : Used 254 registers, used 1 barriers, 32 bytes cumulative stack size, 488 bytes cmem[0], 8 bytes cmem[2]
      ptxas info    : Compile time = 109.257 ms
      ptxas info    : Compiling entry function '_Z24qk_int_sv_f8_attn_kernelILj128ELj64ELj32ELj64ELj64EL8DataType1EL16QuantGranularity3ELS1_3EfLb1E6__halfL11ComputeUnit1EL8MaskMode0ELb1ELb0ELb0ELb0EEvPaS5_S5_PT9_PfS8_S8_S8_S8_jjjjjjjjjjjjjjjf' for 'sm_89'
      ptxas info    : Function properties for _Z24qk_int_sv_f8_attn_kernelILj128ELj64ELj32ELj64ELj64EL8DataType1EL16QuantGranularity3ELS1_3EfLb1E6__halfL11ComputeUnit1EL8MaskMode0ELb1ELb0ELb0ELb0EEvPaS5_S5_PT9_PfS8_S8_S8_S8_jjjjjjjjjjjjjjjf
          32 bytes stack frame, 0 bytes spill stores, 0 bytes spill loads
      ptxas info    : Used 254 registers, used 1 barriers, 32 bytes cumulative stack size, 488 bytes cmem[0], 8 bytes cmem[2]
      ptxas info    : Compile time = 108.006 ms
      ptxas info    : Compiling entry function '_Z24qk_int_sv_f8_attn_kernelILj128ELj64ELj32ELj64ELj64EL8DataType1EL16QuantGranularity2ELS1_2EfLb1E13__nv_bfloat16L11ComputeUnit1EL8MaskMode0ELb0ELb0ELb0ELb0EEvPaS5_S5_PT9_PfS8_S8_S8_S8_jjjjjjjjjjjjjjjf' for 'sm_89'
      ptxas info    : Function properties for _Z24qk_int_sv_f8_attn_kernelILj128ELj64ELj32ELj64ELj64EL8DataType1EL16QuantGranularity2ELS1_2EfLb1E13__nv_bfloat16L11ComputeUnit1EL8MaskMode0ELb0ELb0ELb0ELb0EEvPaS5_S5_PT9_PfS8_S8_S8_S8_jjjjjjjjjjjjjjjf
          16 bytes stack frame, 16 bytes spill stores, 16 bytes spill loads
      ptxas info    : Used 255 registers, used 1 barriers, 16 bytes cumulative stack size, 488 bytes cmem[0], 8 bytes cmem[2]
      ptxas info    : Compile time = 125.327 ms
      ptxas info    : Compiling entry function '_Z24qk_int_sv_f8_attn_kernelILj128ELj64ELj32ELj64ELj64EL8DataType1EL16QuantGranularity2ELS1_2EfLb1E6__halfL11ComputeUnit1EL8MaskMode0ELb0ELb0ELb0ELb0EEvPaS5_S5_PT9_PfS8_S8_S8_S8_jjjjjjjjjjjjjjjf' for 'sm_89'
      ptxas info    : Function properties for _Z24qk_int_sv_f8_attn_kernelILj128ELj64ELj32ELj64ELj64EL8DataType1EL16QuantGranularity2ELS1_2EfLb1E6__halfL11ComputeUnit1EL8MaskMode0ELb0ELb0ELb0ELb0EEvPaS5_S5_PT9_PfS8_S8_S8_S8_jjjjjjjjjjjjjjjf
          16 bytes stack frame, 16 bytes spill stores, 16 bytes spill loads
      ptxas info    : Used 255 registers, used 1 barriers, 16 bytes cumulative stack size, 488 bytes cmem[0], 8 bytes cmem[2]
      ptxas info    : Compile time = 125.462 ms
      ptxas info    : Compiling entry function '_Z24qk_int_sv_f8_attn_kernelILj128ELj64ELj32ELj64ELj64EL8DataType1EL16QuantGranularity2ELS1_2EfLb1E13__nv_bfloat16L11ComputeUnit1EL8MaskMode0ELb1ELb0ELb0ELb0EEvPaS5_S5_PT9_PfS8_S8_S8_S8_jjjjjjjjjjjjjjjf' for 'sm_89'
      ptxas info    : Function properties for _Z24qk_int_sv_f8_attn_kernelILj128ELj64ELj32ELj64ELj64EL8DataType1EL16QuantGranularity2ELS1_2EfLb1E13__nv_bfloat16L11ComputeUnit1EL8MaskMode0ELb1ELb0ELb0ELb0EEvPaS5_S5_PT9_PfS8_S8_S8_S8_jjjjjjjjjjjjjjjf
          32 bytes stack frame, 0 bytes spill stores, 0 bytes spill loads
      ptxas info    : Used 254 registers, used 1 barriers, 32 bytes cumulative stack size, 488 bytes cmem[0], 8 bytes cmem[2]
      ptxas info    : Compile time = 108.027 ms
      ptxas info    : Compiling entry function '_Z24qk_int_sv_f8_attn_kernelILj128ELj64ELj32ELj64ELj64EL8DataType1EL16QuantGranularity2ELS1_2EfLb1E6__halfL11ComputeUnit1EL8MaskMode0ELb1ELb0ELb0ELb0EEvPaS5_S5_PT9_PfS8_S8_S8_S8_jjjjjjjjjjjjjjjf' for 'sm_89'
      ptxas info    : Function properties for _Z24qk_int_sv_f8_attn_kernelILj128ELj64ELj32ELj64ELj64EL8DataType1EL16QuantGranularity2ELS1_2EfLb1E6__halfL11ComputeUnit1EL8MaskMode0ELb1ELb0ELb0ELb0EEvPaS5_S5_PT9_PfS8_S8_S8_S8_jjjjjjjjjjjjjjjf
          32 bytes stack frame, 0 bytes spill stores, 0 bytes spill loads
      ptxas info    : Used 254 registers, used 1 barriers, 32 bytes cumulative stack size, 488 bytes cmem[0], 8 bytes cmem[2]
      ptxas info    : Compile time = 108.458 ms
      ptxas info    : Compiling entry function '_Z24qk_int_sv_f8_attn_kernelILj128ELj64ELj32ELj64ELj64EL8DataType1EL16QuantGranularity3ELS1_3EfLb1E13__nv_bfloat16L11ComputeUnit1EL8MaskMode1ELb0ELb0ELb0ELb0EEvPaS5_S5_PT9_PfS8_S8_S8_S8_jjjjjjjjjjjjjjjf' for 'sm_89'
      ptxas info    : Function properties for _Z24qk_int_sv_f8_attn_kernelILj128ELj64ELj32ELj64ELj64EL8DataType1EL16QuantGranularity3ELS1_3EfLb1E13__nv_bfloat16L11ComputeUnit1EL8MaskMode1ELb0ELb0ELb0ELb0EEvPaS5_S5_PT9_PfS8_S8_S8_S8_jjjjjjjjjjjjjjjf
          0 bytes stack frame, 0 bytes spill stores, 0 bytes spill loads
      ptxas info    : Used 255 registers, used 1 barriers, 488 bytes cmem[0], 8 bytes cmem[2]
      ptxas info    : Compile time = 133.655 ms
      ptxas info    : Compiling entry function '_Z24qk_int_sv_f8_attn_kernelILj128ELj64ELj32ELj64ELj64EL8DataType1EL16QuantGranularity3ELS1_3EfLb1E6__halfL11ComputeUnit1EL8MaskMode1ELb0ELb0ELb0ELb0EEvPaS5_S5_PT9_PfS8_S8_S8_S8_jjjjjjjjjjjjjjjf' for 'sm_89'
      ptxas info    : Function properties for _Z24qk_int_sv_f8_attn_kernelILj128ELj64ELj32ELj64ELj64EL8DataType1EL16QuantGranularity3ELS1_3EfLb1E6__halfL11ComputeUnit1EL8MaskMode1ELb0ELb0ELb0ELb0EEvPaS5_S5_PT9_PfS8_S8_S8_S8_jjjjjjjjjjjjjjjf
          0 bytes stack frame, 0 bytes spill stores, 0 bytes spill loads
      ptxas info    : Used 255 registers, used 1 barriers, 488 bytes cmem[0], 8 bytes cmem[2]
      ptxas info    : Compile time = 134.742 ms
      ptxas info    : Compiling entry function '_Z24qk_int_sv_f8_attn_kernelILj128ELj64ELj32ELj64ELj64EL8DataType1EL16QuantGranularity3ELS1_3EfLb1E13__nv_bfloat16L11ComputeUnit1EL8MaskMode1ELb1ELb0ELb0ELb0EEvPaS5_S5_PT9_PfS8_S8_S8_S8_jjjjjjjjjjjjjjjf' for 'sm_89'
      ptxas info    : Function properties for _Z24qk_int_sv_f8_attn_kernelILj128ELj64ELj32ELj64ELj64EL8DataType1EL16QuantGranularity3ELS1_3EfLb1E13__nv_bfloat16L11ComputeUnit1EL8MaskMode1ELb1ELb0ELb0ELb0EEvPaS5_S5_PT9_PfS8_S8_S8_S8_jjjjjjjjjjjjjjjf
          32 bytes stack frame, 0 bytes spill stores, 0 bytes spill loads
      ptxas info    : Used 255 registers, used 1 barriers, 32 bytes cumulative stack size, 488 bytes cmem[0], 8 bytes cmem[2]
      ptxas info    : Compile time = 137.251 ms
      ptxas info    : Compiling entry function '_Z24qk_int_sv_f8_attn_kernelILj128ELj64ELj32ELj64ELj64EL8DataType1EL16QuantGranularity3ELS1_3EfLb1E6__halfL11ComputeUnit1EL8MaskMode1ELb1ELb0ELb0ELb0EEvPaS5_S5_PT9_PfS8_S8_S8_S8_jjjjjjjjjjjjjjjf' for 'sm_89'
      ptxas info    : Function properties for _Z24qk_int_sv_f8_attn_kernelILj128ELj64ELj32ELj64ELj64EL8DataType1EL16QuantGranularity3ELS1_3EfLb1E6__halfL11ComputeUnit1EL8MaskMode1ELb1ELb0ELb0ELb0EEvPaS5_S5_PT9_PfS8_S8_S8_S8_jjjjjjjjjjjjjjjf
          32 bytes stack frame, 0 bytes spill stores, 0 bytes spill loads
      ptxas info    : Used 255 registers, used 1 barriers, 32 bytes cumulative stack size, 488 bytes cmem[0], 8 bytes cmem[2]
      ptxas info    : Compile time = 136.964 ms
      ptxas info    : Compiling entry function '_Z24qk_int_sv_f8_attn_kernelILj128ELj64ELj32ELj64ELj64EL8DataType1EL16QuantGranularity2ELS1_2EfLb1E13__nv_bfloat16L11ComputeUnit1EL8MaskMode1ELb0ELb0ELb0ELb0EEvPaS5_S5_PT9_PfS8_S8_S8_S8_jjjjjjjjjjjjjjjf' for 'sm_89'
      ptxas info    : Function properties for _Z24qk_int_sv_f8_attn_kernelILj128ELj64ELj32ELj64ELj64EL8DataType1EL16QuantGranularity2ELS1_2EfLb1E13__nv_bfloat16L11ComputeUnit1EL8MaskMode1ELb0ELb0ELb0ELb0EEvPaS5_S5_PT9_PfS8_S8_S8_S8_jjjjjjjjjjjjjjjf
          0 bytes stack frame, 0 bytes spill stores, 0 bytes spill loads
      ptxas info    : Used 255 registers, used 1 barriers, 488 bytes cmem[0], 8 bytes cmem[2]
      ptxas info    : Compile time = 134.402 ms
      ptxas info    : Compiling entry function '_Z24qk_int_sv_f8_attn_kernelILj128ELj64ELj32ELj64ELj64EL8DataType1EL16QuantGranularity2ELS1_2EfLb1E6__halfL11ComputeUnit1EL8MaskMode1ELb0ELb0ELb0ELb0EEvPaS5_S5_PT9_PfS8_S8_S8_S8_jjjjjjjjjjjjjjjf' for 'sm_89'
      ptxas info    : Function properties for _Z24qk_int_sv_f8_attn_kernelILj128ELj64ELj32ELj64ELj64EL8DataType1EL16QuantGranularity2ELS1_2EfLb1E6__halfL11ComputeUnit1EL8MaskMode1ELb0ELb0ELb0ELb0EEvPaS5_S5_PT9_PfS8_S8_S8_S8_jjjjjjjjjjjjjjjf
          0 bytes stack frame, 0 bytes spill stores, 0 bytes spill loads
      ptxas info    : Used 255 registers, used 1 barriers, 488 bytes cmem[0], 8 bytes cmem[2]
      ptxas info    : Compile time = 134.156 ms
      ptxas info    : Compiling entry function '_Z24qk_int_sv_f8_attn_kernelILj128ELj64ELj32ELj64ELj64EL8DataType1EL16QuantGranularity2ELS1_2EfLb1E13__nv_bfloat16L11ComputeUnit1EL8MaskMode1ELb1ELb0ELb0ELb0EEvPaS5_S5_PT9_PfS8_S8_S8_S8_jjjjjjjjjjjjjjjf' for 'sm_89'
      ptxas info    : Function properties for _Z24qk_int_sv_f8_attn_kernelILj128ELj64ELj32ELj64ELj64EL8DataType1EL16QuantGranularity2ELS1_2EfLb1E13__nv_bfloat16L11ComputeUnit1EL8MaskMode1ELb1ELb0ELb0ELb0EEvPaS5_S5_PT9_PfS8_S8_S8_S8_jjjjjjjjjjjjjjjf
          32 bytes stack frame, 0 bytes spill stores, 0 bytes spill loads
      ptxas info    : Used 255 registers, used 1 barriers, 32 bytes cumulative stack size, 488 bytes cmem[0], 8 bytes cmem[2]
      ptxas info    : Compile time = 135.757 ms
      ptxas info    : Compiling entry function '_Z24qk_int_sv_f8_attn_kernelILj128ELj64ELj32ELj64ELj64EL8DataType1EL16QuantGranularity2ELS1_2EfLb1E6__halfL11ComputeUnit1EL8MaskMode1ELb1ELb0ELb0ELb0EEvPaS5_S5_PT9_PfS8_S8_S8_S8_jjjjjjjjjjjjjjjf' for 'sm_89'
      ptxas info    : Function properties for _Z24qk_int_sv_f8_attn_kernelILj128ELj64ELj32ELj64ELj64EL8DataType1EL16QuantGranularity2ELS1_2EfLb1E6__halfL11ComputeUnit1EL8MaskMode1ELb1ELb0ELb0ELb0EEvPaS5_S5_PT9_PfS8_S8_S8_S8_jjjjjjjjjjjjjjjf
          32 bytes stack frame, 0 bytes spill stores, 0 bytes spill loads
      ptxas info    : Used 255 registers, used 1 barriers, 32 bytes cumulative stack size, 488 bytes cmem[0], 8 bytes cmem[2]
      ptxas info    : Compile time = 136.027 ms
      [7/8] /workspace/experiments/pro30-deps/cuda-12.8/bin/nvcc --generate-dependencies-with-compile --dependency-output /workspace/experiments/pro30-deps/SageAttention-sm89/build/temp.linux-x86_64-3.10/sageattention._qattn_sm89/csrc/qattn/sm89_qk_int8_sv_f8_accum_f32_fuse_v_scale_attn.o.d -I/workspace/SoulX-FlashHead/.venv/lib/python3.10/site-packages/torch/include -I/workspace/SoulX-FlashHead/.venv/lib/python3.10/site-packages/torch/include/torch/csrc/api/include -I/workspace/experiments/pro30-deps/cuda-12.8/include -I/workspace/SoulX-FlashHead/.venv/include -I/usr/include/python3.10 -c -c /workspace/experiments/pro30-deps/SageAttention-sm89/csrc/qattn/sm89_qk_int8_sv_f8_accum_f32_fuse_v_scale_attn.cu -o /workspace/experiments/pro30-deps/SageAttention-sm89/build/temp.linux-x86_64-3.10/sageattention._qattn_sm89/csrc/qattn/sm89_qk_int8_sv_f8_accum_f32_fuse_v_scale_attn.o -D__CUDA_NO_HALF_OPERATORS__ -D__CUDA_NO_HALF_CONVERSIONS__ -D__CUDA_NO_BFLOAT16_CONVERSIONS__ -D__CUDA_NO_HALF2_OPERATORS__ --expt-relaxed-constexpr --compiler-options ''"'"'-fPIC'"'"'' -O3 -std=c++17 -U__CUDA_NO_HALF_OPERATORS__ -U__CUDA_NO_HALF_CONVERSIONS__ --use_fast_math --threads=8 -Xptxas=-v -diag-suppress=174 --threads 2 -D_GLIBCXX_USE_CXX11_ABI=1 -gencode arch=compute_89,code=sm_89 -DTORCH_API_INCLUDE_EXTENSION_H '-DPYBIND11_COMPILER_TYPE="_gcc"' '-DPYBIND11_STDLIB="_libstdcpp"' '-DPYBIND11_BUILD_ABI="_cxxabi1016"' -DTORCH_EXTENSION_NAME=_qattn_sm89 -D_GLIBCXX_USE_CXX11_ABI=1
      nvcc warning : incompatible redefinition for option 'threads', the last value of this option was used
      In file included from /workspace/experiments/pro30-deps/SageAttention-sm89/csrc/qattn/qk_int_sv_f8_cuda_sm89.cuh:17,
                       from /workspace/experiments/pro30-deps/SageAttention-sm89/csrc/qattn/sm89_qk_int8_sv_f8_accum_f32_fuse_v_scale_attn.cu:2:
      /workspace/experiments/pro30-deps/SageAttention-sm89/csrc/qattn/../utils.cuh:36:37: warning: backslash-newline at end of file
         36 | #define CHECK_LASTDIM_CONTIGUOUS(x) \
            |
      In file included from /workspace/experiments/pro30-deps/SageAttention-sm89/csrc/qattn/qk_int_sv_f8_cuda_sm89.cuh:17,
                       from /workspace/experiments/pro30-deps/SageAttention-sm89/csrc/qattn/sm89_qk_int8_sv_f8_accum_f32_fuse_v_scale_attn.cu:2:
      /workspace/experiments/pro30-deps/SageAttention-sm89/csrc/qattn/../utils.cuh:36:37: warning: backslash-newline at end of file
         36 | #define CHECK_LASTDIM_CONTIGUOUS(x) \
            |
      ptxas info    : 11 bytes gmem, 88 bytes cmem[4]
      ptxas info    : Compiling entry function '_Z24qk_int_sv_f8_attn_kernelILj128ELj64ELj32ELj64ELj128EL8DataType1EL16QuantGranularity3ELS1_3EfLb0E13__nv_bfloat16L11ComputeUnit1EL8MaskMode0ELb0ELb1ELb0ELb0EEvPaS5_S5_PT9_PfS8_S8_S8_S8_jjjjjjjjjjjjjjjf' for 'sm_89'
      ptxas info    : Function properties for _Z24qk_int_sv_f8_attn_kernelILj128ELj64ELj32ELj64ELj128EL8DataType1EL16QuantGranularity3ELS1_3EfLb0E13__nv_bfloat16L11ComputeUnit1EL8MaskMode0ELb0ELb1ELb0ELb0EEvPaS5_S5_PT9_PfS8_S8_S8_S8_jjjjjjjjjjjjjjjf
          16 bytes stack frame, 12 bytes spill stores, 20 bytes spill loads
      ptxas info    : Used 255 registers, used 1 barriers, 16 bytes cumulative stack size, 488 bytes cmem[0], 8 bytes cmem[2]
      ptxas info    : Compile time = 198.371 ms
      ptxas info    : Compiling entry function '_Z24qk_int_sv_f8_attn_kernelILj128ELj64ELj32ELj64ELj128EL8DataType1EL16QuantGranularity3ELS1_3EfLb0E6__halfL11ComputeUnit1EL8MaskMode0ELb0ELb1ELb0ELb0EEvPaS5_S5_PT9_PfS8_S8_S8_S8_jjjjjjjjjjjjjjjf' for 'sm_89'
      ptxas info    : Function properties for _Z24qk_int_sv_f8_attn_kernelILj128ELj64ELj32ELj64ELj128EL8DataType1EL16QuantGranularity3ELS1_3EfLb0E6__halfL11ComputeUnit1EL8MaskMode0ELb0ELb1ELb0ELb0EEvPaS5_S5_PT9_PfS8_S8_S8_S8_jjjjjjjjjjjjjjjf
          16 bytes stack frame, 12 bytes spill stores, 20 bytes spill loads
      ptxas info    : Used 255 registers, used 1 barriers, 16 bytes cumulative stack size, 488 bytes cmem[0], 8 bytes cmem[2]
      ptxas info    : Compile time = 195.392 ms
      ptxas info    : Compiling entry function '_Z24qk_int_sv_f8_attn_kernelILj128ELj64ELj32ELj64ELj128EL8DataType1EL16QuantGranularity3ELS1_3EfLb0E13__nv_bfloat16L11ComputeUnit1EL8MaskMode0ELb1ELb1ELb0ELb0EEvPaS5_S5_PT9_PfS8_S8_S8_S8_jjjjjjjjjjjjjjjf' for 'sm_89'
      ptxas info    : Function properties for _Z24qk_int_sv_f8_attn_kernelILj128ELj64ELj32ELj64ELj128EL8DataType1EL16QuantGranularity3ELS1_3EfLb0E13__nv_bfloat16L11ComputeUnit1EL8MaskMode0ELb1ELb1ELb0ELb0EEvPaS5_S5_PT9_PfS8_S8_S8_S8_jjjjjjjjjjjjjjjf
          48 bytes stack frame, 8 bytes spill stores, 20 bytes spill loads
      ptxas info    : Used 255 registers, used 1 barriers, 48 bytes cumulative stack size, 488 bytes cmem[0], 8 bytes cmem[2]
      ptxas info    : Compile time = 242.681 ms
      ptxas info    : Compiling entry function '_Z24qk_int_sv_f8_attn_kernelILj128ELj64ELj32ELj64ELj128EL8DataType1EL16QuantGranularity3ELS1_3EfLb0E6__halfL11ComputeUnit1EL8MaskMode0ELb1ELb1ELb0ELb0EEvPaS5_S5_PT9_PfS8_S8_S8_S8_jjjjjjjjjjjjjjjf' for 'sm_89'
      ptxas info    : Function properties for _Z24qk_int_sv_f8_attn_kernelILj128ELj64ELj32ELj64ELj128EL8DataType1EL16QuantGranularity3ELS1_3EfLb0E6__halfL11ComputeUnit1EL8MaskMode0ELb1ELb1ELb0ELb0EEvPaS5_S5_PT9_PfS8_S8_S8_S8_jjjjjjjjjjjjjjjf
          48 bytes stack frame, 8 bytes spill stores, 20 bytes spill loads
      ptxas info    : Used 255 registers, used 1 barriers, 48 bytes cumulative stack size, 488 bytes cmem[0], 8 bytes cmem[2]
      ptxas info    : Compile time = 239.534 ms
      ptxas info    : Compiling entry function '_Z24qk_int_sv_f8_attn_kernelILj128ELj64ELj32ELj64ELj128EL8DataType1EL16QuantGranularity2ELS1_2EfLb0E13__nv_bfloat16L11ComputeUnit1EL8MaskMode0ELb0ELb1ELb0ELb0EEvPaS5_S5_PT9_PfS8_S8_S8_S8_jjjjjjjjjjjjjjjf' for 'sm_89'
      ptxas info    : Function properties for _Z24qk_int_sv_f8_attn_kernelILj128ELj64ELj32ELj64ELj128EL8DataType1EL16QuantGranularity2ELS1_2EfLb0E13__nv_bfloat16L11ComputeUnit1EL8MaskMode0ELb0ELb1ELb0ELb0EEvPaS5_S5_PT9_PfS8_S8_S8_S8_jjjjjjjjjjjjjjjf
          8 bytes stack frame, 4 bytes spill stores, 4 bytes spill loads
      ptxas info    : Used 255 registers, used 1 barriers, 8 bytes cumulative stack size, 488 bytes cmem[0], 8 bytes cmem[2]
      ptxas info    : Compile time = 237.157 ms
      ptxas info    : Compiling entry function '_Z24qk_int_sv_f8_attn_kernelILj128ELj64ELj32ELj64ELj128EL8DataType1EL16QuantGranularity2ELS1_2EfLb0E6__halfL11ComputeUnit1EL8MaskMode0ELb0ELb1ELb0ELb0EEvPaS5_S5_PT9_PfS8_S8_S8_S8_jjjjjjjjjjjjjjjf' for 'sm_89'
      ptxas info    : Function properties for _Z24qk_int_sv_f8_attn_kernelILj128ELj64ELj32ELj64ELj128EL8DataType1EL16QuantGranularity2ELS1_2EfLb0E6__halfL11ComputeUnit1EL8MaskMode0ELb0ELb1ELb0ELb0EEvPaS5_S5_PT9_PfS8_S8_S8_S8_jjjjjjjjjjjjjjjf
          8 bytes stack frame, 4 bytes spill stores, 4 bytes spill loads
      ptxas info    : Used 255 registers, used 1 barriers, 8 bytes cumulative stack size, 488 bytes cmem[0], 8 bytes cmem[2]
      ptxas info    : Compile time = 260.585 ms
      ptxas info    : Compiling entry function '_Z24qk_int_sv_f8_attn_kernelILj128ELj64ELj32ELj64ELj128EL8DataType1EL16QuantGranularity2ELS1_2EfLb0E13__nv_bfloat16L11ComputeUnit1EL8MaskMode0ELb1ELb1ELb0ELb0EEvPaS5_S5_PT9_PfS8_S8_S8_S8_jjjjjjjjjjjjjjjf' for 'sm_89'
      ptxas info    : Function properties for _Z24qk_int_sv_f8_attn_kernelILj128ELj64ELj32ELj64ELj128EL8DataType1EL16QuantGranularity2ELS1_2EfLb0E13__nv_bfloat16L11ComputeUnit1EL8MaskMode0ELb1ELb1ELb0ELb0EEvPaS5_S5_PT9_PfS8_S8_S8_S8_jjjjjjjjjjjjjjjf
          48 bytes stack frame, 8 bytes spill stores, 8 bytes spill loads
      ptxas info    : Used 255 registers, used 1 barriers, 48 bytes cumulative stack size, 488 bytes cmem[0], 8 bytes cmem[2]
      ptxas info    : Compile time = 237.262 ms
      ptxas info    : Compiling entry function '_Z24qk_int_sv_f8_attn_kernelILj128ELj64ELj32ELj64ELj128EL8DataType1EL16QuantGranularity2ELS1_2EfLb0E6__halfL11ComputeUnit1EL8MaskMode0ELb1ELb1ELb0ELb0EEvPaS5_S5_PT9_PfS8_S8_S8_S8_jjjjjjjjjjjjjjjf' for 'sm_89'
      ptxas info    : Function properties for _Z24qk_int_sv_f8_attn_kernelILj128ELj64ELj32ELj64ELj128EL8DataType1EL16QuantGranularity2ELS1_2EfLb0E6__halfL11ComputeUnit1EL8MaskMode0ELb1ELb1ELb0ELb0EEvPaS5_S5_PT9_PfS8_S8_S8_S8_jjjjjjjjjjjjjjjf
          48 bytes stack frame, 8 bytes spill stores, 8 bytes spill loads
      ptxas info    : Used 255 registers, used 1 barriers, 48 bytes cumulative stack size, 488 bytes cmem[0], 8 bytes cmem[2]
      ptxas info    : Compile time = 241.095 ms
      ptxas info    : Compiling entry function '_Z24qk_int_sv_f8_attn_kernelILj128ELj64ELj32ELj64ELj128EL8DataType1EL16QuantGranularity3ELS1_3EfLb0E13__nv_bfloat16L11ComputeUnit1EL8MaskMode1ELb0ELb1ELb0ELb0EEvPaS5_S5_PT9_PfS8_S8_S8_S8_jjjjjjjjjjjjjjjf' for 'sm_89'
      ptxas info    : Function properties for _Z24qk_int_sv_f8_attn_kernelILj128ELj64ELj32ELj64ELj128EL8DataType1EL16QuantGranularity3ELS1_3EfLb0E13__nv_bfloat16L11ComputeUnit1EL8MaskMode1ELb0ELb1ELb0ELb0EEvPaS5_S5_PT9_PfS8_S8_S8_S8_jjjjjjjjjjjjjjjf
          48 bytes stack frame, 44 bytes spill stores, 44 bytes spill loads
      ptxas info    : Used 255 registers, used 1 barriers, 48 bytes cumulative stack size, 488 bytes cmem[0], 8 bytes cmem[2]
      ptxas info    : Compile time = 207.674 ms
      ptxas info    : Compiling entry function '_Z24qk_int_sv_f8_attn_kernelILj128ELj64ELj32ELj64ELj128EL8DataType1EL16QuantGranularity3ELS1_3EfLb0E6__halfL11ComputeUnit1EL8MaskMode1ELb0ELb1ELb0ELb0EEvPaS5_S5_PT9_PfS8_S8_S8_S8_jjjjjjjjjjjjjjjf' for 'sm_89'
      ptxas info    : Function properties for _Z24qk_int_sv_f8_attn_kernelILj128ELj64ELj32ELj64ELj128EL8DataType1EL16QuantGranularity3ELS1_3EfLb0E6__halfL11ComputeUnit1EL8MaskMode1ELb0ELb1ELb0ELb0EEvPaS5_S5_PT9_PfS8_S8_S8_S8_jjjjjjjjjjjjjjjf
          48 bytes stack frame, 44 bytes spill stores, 44 bytes spill loads
      ptxas info    : Used 255 registers, used 1 barriers, 48 bytes cumulative stack size, 488 bytes cmem[0], 8 bytes cmem[2]
      ptxas info    : Compile time = 215.918 ms
      ptxas info    : Compiling entry function '_Z24qk_int_sv_f8_attn_kernelILj128ELj64ELj32ELj64ELj128EL8DataType1EL16QuantGranularity3ELS1_3EfLb0E13__nv_bfloat16L11ComputeUnit1EL8MaskMode1ELb1ELb1ELb0ELb0EEvPaS5_S5_PT9_PfS8_S8_S8_S8_jjjjjjjjjjjjjjjf' for 'sm_89'
      ptxas info    : Function properties for _Z24qk_int_sv_f8_attn_kernelILj128ELj64ELj32ELj64ELj128EL8DataType1EL16QuantGranularity3ELS1_3EfLb0E13__nv_bfloat16L11ComputeUnit1EL8MaskMode1ELb1ELb1ELb0ELb0EEvPaS5_S5_PT9_PfS8_S8_S8_S8_jjjjjjjjjjjjjjjf
          80 bytes stack frame, 56 bytes spill stores, 48 bytes spill loads
      ptxas info    : Used 255 registers, used 1 barriers, 80 bytes cumulative stack size, 488 bytes cmem[0], 8 bytes cmem[2]
      ptxas info    : Compile time = 269.146 ms
      ptxas info    : Compiling entry function '_Z24qk_int_sv_f8_attn_kernelILj128ELj64ELj32ELj64ELj128EL8DataType1EL16QuantGranularity3ELS1_3EfLb0E6__halfL11ComputeUnit1EL8MaskMode1ELb1ELb1ELb0ELb0EEvPaS5_S5_PT9_PfS8_S8_S8_S8_jjjjjjjjjjjjjjjf' for 'sm_89'
      ptxas info    : Function properties for _Z24qk_int_sv_f8_attn_kernelILj128ELj64ELj32ELj64ELj128EL8DataType1EL16QuantGranularity3ELS1_3EfLb0E6__halfL11ComputeUnit1EL8MaskMode1ELb1ELb1ELb0ELb0EEvPaS5_S5_PT9_PfS8_S8_S8_S8_jjjjjjjjjjjjjjjf
          80 bytes stack frame, 56 bytes spill stores, 48 bytes spill loads
      ptxas info    : Used 255 registers, used 1 barriers, 80 bytes cumulative stack size, 488 bytes cmem[0], 8 bytes cmem[2]
      ptxas info    : Compile time = 257.001 ms
      ptxas info    : Compiling entry function '_Z24qk_int_sv_f8_attn_kernelILj128ELj64ELj32ELj64ELj128EL8DataType1EL16QuantGranularity2ELS1_2EfLb0E13__nv_bfloat16L11ComputeUnit1EL8MaskMode1ELb0ELb1ELb0ELb0EEvPaS5_S5_PT9_PfS8_S8_S8_S8_jjjjjjjjjjjjjjjf' for 'sm_89'
      ptxas info    : Function properties for _Z24qk_int_sv_f8_attn_kernelILj128ELj64ELj32ELj64ELj128EL8DataType1EL16QuantGranularity2ELS1_2EfLb0E13__nv_bfloat16L11ComputeUnit1EL8MaskMode1ELb0ELb1ELb0ELb0EEvPaS5_S5_PT9_PfS8_S8_S8_S8_jjjjjjjjjjjjjjjf
          40 bytes stack frame, 40 bytes spill stores, 40 bytes spill loads
      ptxas info    : Used 255 registers, used 1 barriers, 40 bytes cumulative stack size, 488 bytes cmem[0], 8 bytes cmem[2]
      ptxas info    : Compile time = 222.668 ms
      ptxas info    : Compiling entry function '_Z24qk_int_sv_f8_attn_kernelILj128ELj64ELj32ELj64ELj128EL8DataType1EL16QuantGranularity2ELS1_2EfLb0E6__halfL11ComputeUnit1EL8MaskMode1ELb0ELb1ELb0ELb0EEvPaS5_S5_PT9_PfS8_S8_S8_S8_jjjjjjjjjjjjjjjf' for 'sm_89'
      ptxas info    : Function properties for _Z24qk_int_sv_f8_attn_kernelILj128ELj64ELj32ELj64ELj128EL8DataType1EL16QuantGranularity2ELS1_2EfLb0E6__halfL11ComputeUnit1EL8MaskMode1ELb0ELb1ELb0ELb0EEvPaS5_S5_PT9_PfS8_S8_S8_S8_jjjjjjjjjjjjjjjf
          40 bytes stack frame, 40 bytes spill stores, 40 bytes spill loads
      ptxas info    : Used 255 registers, used 1 barriers, 40 bytes cumulative stack size, 488 bytes cmem[0], 8 bytes cmem[2]
      ptxas info    : Compile time = 205.480 ms
      ptxas info    : Compiling entry function '_Z24qk_int_sv_f8_attn_kernelILj128ELj64ELj32ELj64ELj128EL8DataType1EL16QuantGranularity2ELS1_2EfLb0E13__nv_bfloat16L11ComputeUnit1EL8MaskMode1ELb1ELb1ELb0ELb0EEvPaS5_S5_PT9_PfS8_S8_S8_S8_jjjjjjjjjjjjjjjf' for 'sm_89'
      ptxas info    : Function properties for _Z24qk_int_sv_f8_attn_kernelILj128ELj64ELj32ELj64ELj128EL8DataType1EL16QuantGranularity2ELS1_2EfLb0E13__nv_bfloat16L11ComputeUnit1EL8MaskMode1ELb1ELb1ELb0ELb0EEvPaS5_S5_PT9_PfS8_S8_S8_S8_jjjjjjjjjjjjjjjf
          64 bytes stack frame, 32 bytes spill stores, 32 bytes spill loads
      ptxas info    : Used 255 registers, used 1 barriers, 64 bytes cumulative stack size, 488 bytes cmem[0], 8 bytes cmem[2]
      ptxas info    : Compile time = 273.830 ms
      ptxas info    : Compiling entry function '_Z24qk_int_sv_f8_attn_kernelILj128ELj64ELj32ELj64ELj128EL8DataType1EL16QuantGranularity2ELS1_2EfLb0E6__halfL11ComputeUnit1EL8MaskMode1ELb1ELb1ELb0ELb0EEvPaS5_S5_PT9_PfS8_S8_S8_S8_jjjjjjjjjjjjjjjf' for 'sm_89'
      ptxas info    : Function properties for _Z24qk_int_sv_f8_attn_kernelILj128ELj64ELj32ELj64ELj128EL8DataType1EL16QuantGranularity2ELS1_2EfLb0E6__halfL11ComputeUnit1EL8MaskMode1ELb1ELb1ELb0ELb0EEvPaS5_S5_PT9_PfS8_S8_S8_S8_jjjjjjjjjjjjjjjf
          64 bytes stack frame, 32 bytes spill stores, 32 bytes spill loads
      ptxas info    : Used 255 registers, used 1 barriers, 64 bytes cumulative stack size, 488 bytes cmem[0], 8 bytes cmem[2]
      ptxas info    : Compile time = 257.755 ms
      ptxas info    : Compiling entry function '_Z24qk_int_sv_f8_attn_kernelILj128ELj64ELj32ELj64ELj64EL8DataType1EL16QuantGranularity3ELS1_3EfLb0E13__nv_bfloat16L11ComputeUnit1EL8MaskMode0ELb0ELb1ELb0ELb0EEvPaS5_S5_PT9_PfS8_S8_S8_S8_jjjjjjjjjjjjjjjf' for 'sm_89'
      ptxas info    : Function properties for _Z24qk_int_sv_f8_attn_kernelILj128ELj64ELj32ELj64ELj64EL8DataType1EL16QuantGranularity3ELS1_3EfLb0E13__nv_bfloat16L11ComputeUnit1EL8MaskMode0ELb0ELb1ELb0ELb0EEvPaS5_S5_PT9_PfS8_S8_S8_S8_jjjjjjjjjjjjjjjf
          0 bytes stack frame, 0 bytes spill stores, 0 bytes spill loads
      ptxas info    : Used 239 registers, used 1 barriers, 488 bytes cmem[0], 8 bytes cmem[2]
      ptxas info    : Compile time = 107.593 ms
      ptxas info    : Compiling entry function '_Z24qk_int_sv_f8_attn_kernelILj128ELj64ELj32ELj64ELj64EL8DataType1EL16QuantGranularity3ELS1_3EfLb0E6__halfL11ComputeUnit1EL8MaskMode0ELb0ELb1ELb0ELb0EEvPaS5_S5_PT9_PfS8_S8_S8_S8_jjjjjjjjjjjjjjjf' for 'sm_89'
      ptxas info    : Function properties for _Z24qk_int_sv_f8_attn_kernelILj128ELj64ELj32ELj64ELj64EL8DataType1EL16QuantGranularity3ELS1_3EfLb0E6__halfL11ComputeUnit1EL8MaskMode0ELb0ELb1ELb0ELb0EEvPaS5_S5_PT9_PfS8_S8_S8_S8_jjjjjjjjjjjjjjjf
          0 bytes stack frame, 0 bytes spill stores, 0 bytes spill loads
      ptxas info    : Used 239 registers, used 1 barriers, 488 bytes cmem[0], 8 bytes cmem[2]
      ptxas info    : Compile time = 105.587 ms
      ptxas info    : Compiling entry function '_Z24qk_int_sv_f8_attn_kernelILj128ELj64ELj32ELj64ELj64EL8DataType1EL16QuantGranularity3ELS1_3EfLb0E13__nv_bfloat16L11ComputeUnit1EL8MaskMode0ELb1ELb1ELb0ELb0EEvPaS5_S5_PT9_PfS8_S8_S8_S8_jjjjjjjjjjjjjjjf' for 'sm_89'
      ptxas info    : Function properties for _Z24qk_int_sv_f8_attn_kernelILj128ELj64ELj32ELj64ELj64EL8DataType1EL16QuantGranularity3ELS1_3EfLb0E13__nv_bfloat16L11ComputeUnit1EL8MaskMode0ELb1ELb1ELb0ELb0EEvPaS5_S5_PT9_PfS8_S8_S8_S8_jjjjjjjjjjjjjjjf
          32 bytes stack frame, 0 bytes spill stores, 0 bytes spill loads
      ptxas info    : Used 230 registers, used 1 barriers, 32 bytes cumulative stack size, 488 bytes cmem[0], 8 bytes cmem[2]
      ptxas info    : Compile time = 107.690 ms
      ptxas info    : Compiling entry function '_Z24qk_int_sv_f8_attn_kernelILj128ELj64ELj32ELj64ELj64EL8DataType1EL16QuantGranularity3ELS1_3EfLb0E6__halfL11ComputeUnit1EL8MaskMode0ELb1ELb1ELb0ELb0EEvPaS5_S5_PT9_PfS8_S8_S8_S8_jjjjjjjjjjjjjjjf' for 'sm_89'
      ptxas info    : Function properties for _Z24qk_int_sv_f8_attn_kernelILj128ELj64ELj32ELj64ELj64EL8DataType1EL16QuantGranularity3ELS1_3EfLb0E6__halfL11ComputeUnit1EL8MaskMode0ELb1ELb1ELb0ELb0EEvPaS5_S5_PT9_PfS8_S8_S8_S8_jjjjjjjjjjjjjjjf
          32 bytes stack frame, 0 bytes spill stores, 0 bytes spill loads
      ptxas info    : Used 230 registers, used 1 barriers, 32 bytes cumulative stack size, 488 bytes cmem[0], 8 bytes cmem[2]
      ptxas info    : Compile time = 103.978 ms
      ptxas info    : Compiling entry function '_Z24qk_int_sv_f8_attn_kernelILj128ELj64ELj32ELj64ELj64EL8DataType1EL16QuantGranularity2ELS1_2EfLb0E13__nv_bfloat16L11ComputeUnit1EL8MaskMode0ELb0ELb1ELb0ELb0EEvPaS5_S5_PT9_PfS8_S8_S8_S8_jjjjjjjjjjjjjjjf' for 'sm_89'
      ptxas info    : Function properties for _Z24qk_int_sv_f8_attn_kernelILj128ELj64ELj32ELj64ELj64EL8DataType1EL16QuantGranularity2ELS1_2EfLb0E13__nv_bfloat16L11ComputeUnit1EL8MaskMode0ELb0ELb1ELb0ELb0EEvPaS5_S5_PT9_PfS8_S8_S8_S8_jjjjjjjjjjjjjjjf
          0 bytes stack frame, 0 bytes spill stores, 0 bytes spill loads
      ptxas info    : Used 239 registers, used 1 barriers, 488 bytes cmem[0], 8 bytes cmem[2]
      ptxas info    : Compile time = 99.794 ms
      ptxas info    : Compiling entry function '_Z24qk_int_sv_f8_attn_kernelILj128ELj64ELj32ELj64ELj64EL8DataType1EL16QuantGranularity2ELS1_2EfLb0E6__halfL11ComputeUnit1EL8MaskMode0ELb0ELb1ELb0ELb0EEvPaS5_S5_PT9_PfS8_S8_S8_S8_jjjjjjjjjjjjjjjf' for 'sm_89'
      ptxas info    : Function properties for _Z24qk_int_sv_f8_attn_kernelILj128ELj64ELj32ELj64ELj64EL8DataType1EL16QuantGranularity2ELS1_2EfLb0E6__halfL11ComputeUnit1EL8MaskMode0ELb0ELb1ELb0ELb0EEvPaS5_S5_PT9_PfS8_S8_S8_S8_jjjjjjjjjjjjjjjf
          0 bytes stack frame, 0 bytes spill stores, 0 bytes spill loads
      ptxas info    : Used 239 registers, used 1 barriers, 488 bytes cmem[0], 8 bytes cmem[2]
      ptxas info    : Compile time = 100.008 ms
      ptxas info    : Compiling entry function '_Z24qk_int_sv_f8_attn_kernelILj128ELj64ELj32ELj64ELj64EL8DataType1EL16QuantGranularity2ELS1_2EfLb0E13__nv_bfloat16L11ComputeUnit1EL8MaskMode0ELb1ELb1ELb0ELb0EEvPaS5_S5_PT9_PfS8_S8_S8_S8_jjjjjjjjjjjjjjjf' for 'sm_89'
      ptxas info    : Function properties for _Z24qk_int_sv_f8_attn_kernelILj128ELj64ELj32ELj64ELj64EL8DataType1EL16QuantGranularity2ELS1_2EfLb0E13__nv_bfloat16L11ComputeUnit1EL8MaskMode0ELb1ELb1ELb0ELb0EEvPaS5_S5_PT9_PfS8_S8_S8_S8_jjjjjjjjjjjjjjjf
          32 bytes stack frame, 0 bytes spill stores, 0 bytes spill loads
      ptxas info    : Used 230 registers, used 1 barriers, 32 bytes cumulative stack size, 488 bytes cmem[0], 8 bytes cmem[2]
      ptxas info    : Compile time = 103.594 ms
      ptxas info    : Compiling entry function '_Z24qk_int_sv_f8_attn_kernelILj128ELj64ELj32ELj64ELj64EL8DataType1EL16QuantGranularity2ELS1_2EfLb0E6__halfL11ComputeUnit1EL8MaskMode0ELb1ELb1ELb0ELb0EEvPaS5_S5_PT9_PfS8_S8_S8_S8_jjjjjjjjjjjjjjjf' for 'sm_89'
      ptxas info    : Function properties for _Z24qk_int_sv_f8_attn_kernelILj128ELj64ELj32ELj64ELj64EL8DataType1EL16QuantGranularity2ELS1_2EfLb0E6__halfL11ComputeUnit1EL8MaskMode0ELb1ELb1ELb0ELb0EEvPaS5_S5_PT9_PfS8_S8_S8_S8_jjjjjjjjjjjjjjjf
          32 bytes stack frame, 0 bytes spill stores, 0 bytes spill loads
      ptxas info    : Used 230 registers, used 1 barriers, 32 bytes cumulative stack size, 488 bytes cmem[0], 8 bytes cmem[2]
      ptxas info    : Compile time = 103.082 ms
      ptxas info    : Compiling entry function '_Z24qk_int_sv_f8_attn_kernelILj128ELj64ELj32ELj64ELj64EL8DataType1EL16QuantGranularity3ELS1_3EfLb0E13__nv_bfloat16L11ComputeUnit1EL8MaskMode1ELb0ELb1ELb0ELb0EEvPaS5_S5_PT9_PfS8_S8_S8_S8_jjjjjjjjjjjjjjjf' for 'sm_89'
      ptxas info    : Function properties for _Z24qk_int_sv_f8_attn_kernelILj128ELj64ELj32ELj64ELj64EL8DataType1EL16QuantGranularity3ELS1_3EfLb0E13__nv_bfloat16L11ComputeUnit1EL8MaskMode1ELb0ELb1ELb0ELb0EEvPaS5_S5_PT9_PfS8_S8_S8_S8_jjjjjjjjjjjjjjjf
          0 bytes stack frame, 0 bytes spill stores, 0 bytes spill loads
      ptxas info    : Used 234 registers, used 1 barriers, 488 bytes cmem[0], 8 bytes cmem[2]
      ptxas info    : Compile time = 110.425 ms
      ptxas info    : Compiling entry function '_Z24qk_int_sv_f8_attn_kernelILj128ELj64ELj32ELj64ELj64EL8DataType1EL16QuantGranularity3ELS1_3EfLb0E6__halfL11ComputeUnit1EL8MaskMode1ELb0ELb1ELb0ELb0EEvPaS5_S5_PT9_PfS8_S8_S8_S8_jjjjjjjjjjjjjjjf' for 'sm_89'
      ptxas info    : Function properties for _Z24qk_int_sv_f8_attn_kernelILj128ELj64ELj32ELj64ELj64EL8DataType1EL16QuantGranularity3ELS1_3EfLb0E6__halfL11ComputeUnit1EL8MaskMode1ELb0ELb1ELb0ELb0EEvPaS5_S5_PT9_PfS8_S8_S8_S8_jjjjjjjjjjjjjjjf
          0 bytes stack frame, 0 bytes spill stores, 0 bytes spill loads
      ptxas info    : Used 234 registers, used 1 barriers, 488 bytes cmem[0], 8 bytes cmem[2]
      ptxas info    : Compile time = 109.581 ms
      ptxas info    : Compiling entry function '_Z24qk_int_sv_f8_attn_kernelILj128ELj64ELj32ELj64ELj64EL8DataType1EL16QuantGranularity3ELS1_3EfLb0E13__nv_bfloat16L11ComputeUnit1EL8MaskMode1ELb1ELb1ELb0ELb0EEvPaS5_S5_PT9_PfS8_S8_S8_S8_jjjjjjjjjjjjjjjf' for 'sm_89'
      ptxas info    : Function properties for _Z24qk_int_sv_f8_attn_kernelILj128ELj64ELj32ELj64ELj64EL8DataType1EL16QuantGranularity3ELS1_3EfLb0E13__nv_bfloat16L11ComputeUnit1EL8MaskMode1ELb1ELb1ELb0ELb0EEvPaS5_S5_PT9_PfS8_S8_S8_S8_jjjjjjjjjjjjjjjf
          32 bytes stack frame, 0 bytes spill stores, 0 bytes spill loads
      ptxas info    : Used 244 registers, used 1 barriers, 32 bytes cumulative stack size, 488 bytes cmem[0], 8 bytes cmem[2]
      ptxas info    : Compile time = 111.906 ms
      ptxas info    : Compiling entry function '_Z24qk_int_sv_f8_attn_kernelILj128ELj64ELj32ELj64ELj64EL8DataType1EL16QuantGranularity3ELS1_3EfLb0E6__halfL11ComputeUnit1EL8MaskMode1ELb1ELb1ELb0ELb0EEvPaS5_S5_PT9_PfS8_S8_S8_S8_jjjjjjjjjjjjjjjf' for 'sm_89'
      ptxas info    : Function properties for _Z24qk_int_sv_f8_attn_kernelILj128ELj64ELj32ELj64ELj64EL8DataType1EL16QuantGranularity3ELS1_3EfLb0E6__halfL11ComputeUnit1EL8MaskMode1ELb1ELb1ELb0ELb0EEvPaS5_S5_PT9_PfS8_S8_S8_S8_jjjjjjjjjjjjjjjf
          32 bytes stack frame, 0 bytes spill stores, 0 bytes spill loads
      ptxas info    : Used 244 registers, used 1 barriers, 32 bytes cumulative stack size, 488 bytes cmem[0], 8 bytes cmem[2]
      ptxas info    : Compile time = 112.422 ms
      ptxas info    : Compiling entry function '_Z24qk_int_sv_f8_attn_kernelILj128ELj64ELj32ELj64ELj64EL8DataType1EL16QuantGranularity2ELS1_2EfLb0E13__nv_bfloat16L11ComputeUnit1EL8MaskMode1ELb0ELb1ELb0ELb0EEvPaS5_S5_PT9_PfS8_S8_S8_S8_jjjjjjjjjjjjjjjf' for 'sm_89'
      ptxas info    : Function properties for _Z24qk_int_sv_f8_attn_kernelILj128ELj64ELj32ELj64ELj64EL8DataType1EL16QuantGranularity2ELS1_2EfLb0E13__nv_bfloat16L11ComputeUnit1EL8MaskMode1ELb0ELb1ELb0ELb0EEvPaS5_S5_PT9_PfS8_S8_S8_S8_jjjjjjjjjjjjjjjf
          0 bytes stack frame, 0 bytes spill stores, 0 bytes spill loads
      ptxas info    : Used 237 registers, used 1 barriers, 488 bytes cmem[0], 8 bytes cmem[2]
      ptxas info    : Compile time = 108.998 ms
      ptxas info    : Compiling entry function '_Z24qk_int_sv_f8_attn_kernelILj128ELj64ELj32ELj64ELj64EL8DataType1EL16QuantGranularity2ELS1_2EfLb0E6__halfL11ComputeUnit1EL8MaskMode1ELb0ELb1ELb0ELb0EEvPaS5_S5_PT9_PfS8_S8_S8_S8_jjjjjjjjjjjjjjjf' for 'sm_89'
      ptxas info    : Function properties for _Z24qk_int_sv_f8_attn_kernelILj128ELj64ELj32ELj64ELj64EL8DataType1EL16QuantGranularity2ELS1_2EfLb0E6__halfL11ComputeUnit1EL8MaskMode1ELb0ELb1ELb0ELb0EEvPaS5_S5_PT9_PfS8_S8_S8_S8_jjjjjjjjjjjjjjjf
          0 bytes stack frame, 0 bytes spill stores, 0 bytes spill loads
      ptxas info    : Used 237 registers, used 1 barriers, 488 bytes cmem[0], 8 bytes cmem[2]
      ptxas info    : Compile time = 109.170 ms
      ptxas info    : Compiling entry function '_Z24qk_int_sv_f8_attn_kernelILj128ELj64ELj32ELj64ELj64EL8DataType1EL16QuantGranularity2ELS1_2EfLb0E13__nv_bfloat16L11ComputeUnit1EL8MaskMode1ELb1ELb1ELb0ELb0EEvPaS5_S5_PT9_PfS8_S8_S8_S8_jjjjjjjjjjjjjjjf' for 'sm_89'
      ptxas info    : Function properties for _Z24qk_int_sv_f8_attn_kernelILj128ELj64ELj32ELj64ELj64EL8DataType1EL16QuantGranularity2ELS1_2EfLb0E13__nv_bfloat16L11ComputeUnit1EL8MaskMode1ELb1ELb1ELb0ELb0EEvPaS5_S5_PT9_PfS8_S8_S8_S8_jjjjjjjjjjjjjjjf
          32 bytes stack frame, 0 bytes spill stores, 0 bytes spill loads
      ptxas info    : Used 232 registers, used 1 barriers, 32 bytes cumulative stack size, 488 bytes cmem[0], 8 bytes cmem[2]
      ptxas info    : Compile time = 112.552 ms
      ptxas info    : Compiling entry function '_Z24qk_int_sv_f8_attn_kernelILj128ELj64ELj32ELj64ELj64EL8DataType1EL16QuantGranularity2ELS1_2EfLb0E6__halfL11ComputeUnit1EL8MaskMode1ELb1ELb1ELb0ELb0EEvPaS5_S5_PT9_PfS8_S8_S8_S8_jjjjjjjjjjjjjjjf' for 'sm_89'
      ptxas info    : Function properties for _Z24qk_int_sv_f8_attn_kernelILj128ELj64ELj32ELj64ELj64EL8DataType1EL16QuantGranularity2ELS1_2EfLb0E6__halfL11ComputeUnit1EL8MaskMode1ELb1ELb1ELb0ELb0EEvPaS5_S5_PT9_PfS8_S8_S8_S8_jjjjjjjjjjjjjjjf
          32 bytes stack frame, 0 bytes spill stores, 0 bytes spill loads
      ptxas info    : Used 232 registers, used 1 barriers, 32 bytes cumulative stack size, 488 bytes cmem[0], 8 bytes cmem[2]
      ptxas info    : Compile time = 111.872 ms
      [8/8] /workspace/experiments/pro30-deps/cuda-12.8/bin/nvcc --generate-dependencies-with-compile --dependency-output /workspace/experiments/pro30-deps/SageAttention-sm89/build/temp.linux-x86_64-3.10/sageattention._qattn_sm89/csrc/qattn/sm89_qk_int8_sv_f8_accum_f32_fuse_v_scale_attn_inst_buf.o.d -I/workspace/SoulX-FlashHead/.venv/lib/python3.10/site-packages/torch/include -I/workspace/SoulX-FlashHead/.venv/lib/python3.10/site-packages/torch/include/torch/csrc/api/include -I/workspace/experiments/pro30-deps/cuda-12.8/include -I/workspace/SoulX-FlashHead/.venv/include -I/usr/include/python3.10 -c -c /workspace/experiments/pro30-deps/SageAttention-sm89/csrc/qattn/sm89_qk_int8_sv_f8_accum_f32_fuse_v_scale_attn_inst_buf.cu -o /workspace/experiments/pro30-deps/SageAttention-sm89/build/temp.linux-x86_64-3.10/sageattention._qattn_sm89/csrc/qattn/sm89_qk_int8_sv_f8_accum_f32_fuse_v_scale_attn_inst_buf.o -D__CUDA_NO_HALF_OPERATORS__ -D__CUDA_NO_HALF_CONVERSIONS__ -D__CUDA_NO_BFLOAT16_CONVERSIONS__ -D__CUDA_NO_HALF2_OPERATORS__ --expt-relaxed-constexpr --compiler-options ''"'"'-fPIC'"'"'' -O3 -std=c++17 -U__CUDA_NO_HALF_OPERATORS__ -U__CUDA_NO_HALF_CONVERSIONS__ --use_fast_math --threads=8 -Xptxas=-v -diag-suppress=174 --threads 2 -D_GLIBCXX_USE_CXX11_ABI=1 -gencode arch=compute_89,code=sm_89 -DTORCH_API_INCLUDE_EXTENSION_H '-DPYBIND11_COMPILER_TYPE="_gcc"' '-DPYBIND11_STDLIB="_libstdcpp"' '-DPYBIND11_BUILD_ABI="_cxxabi1016"' -DTORCH_EXTENSION_NAME=_qattn_sm89 -D_GLIBCXX_USE_CXX11_ABI=1
      nvcc warning : incompatible redefinition for option 'threads', the last value of this option was used
      In file included from /workspace/experiments/pro30-deps/SageAttention-sm89/csrc/qattn/qk_int_sv_f8_cuda_sm89.cuh:17,
                       from /workspace/experiments/pro30-deps/SageAttention-sm89/csrc/qattn/sm89_qk_int8_sv_f8_accum_f32_fuse_v_scale_attn_inst_buf.cu:2:
      /workspace/experiments/pro30-deps/SageAttention-sm89/csrc/qattn/../utils.cuh:36:37: warning: backslash-newline at end of file
         36 | #define CHECK_LASTDIM_CONTIGUOUS(x) \
            |
      In file included from /workspace/experiments/pro30-deps/SageAttention-sm89/csrc/qattn/qk_int_sv_f8_cuda_sm89.cuh:17,
                       from /workspace/experiments/pro30-deps/SageAttention-sm89/csrc/qattn/sm89_qk_int8_sv_f8_accum_f32_fuse_v_scale_attn_inst_buf.cu:2:
      /workspace/experiments/pro30-deps/SageAttention-sm89/csrc/qattn/../utils.cuh:36:37: warning: backslash-newline at end of file
         36 | #define CHECK_LASTDIM_CONTIGUOUS(x) \
            |
      ptxas info    : 11 bytes gmem, 88 bytes cmem[4]
      ptxas info    : Compiling entry function '_Z24qk_int_sv_f8_attn_kernelILj128ELj64ELj32ELj64ELj128EL8DataType1EL16QuantGranularity3ELS1_3EfLb1E13__nv_bfloat16L11ComputeUnit1EL8MaskMode0ELb0ELb1ELb0ELb0EEvPaS5_S5_PT9_PfS8_S8_S8_S8_jjjjjjjjjjjjjjjf' for 'sm_89'
      ptxas info    : Function properties for _Z24qk_int_sv_f8_attn_kernelILj128ELj64ELj32ELj64ELj128EL8DataType1EL16QuantGranularity3ELS1_3EfLb1E13__nv_bfloat16L11ComputeUnit1EL8MaskMode0ELb0ELb1ELb0ELb0EEvPaS5_S5_PT9_PfS8_S8_S8_S8_jjjjjjjjjjjjjjjf
          16 bytes stack frame, 28 bytes spill stores, 12 bytes spill loads
      ptxas info    : Used 255 registers, used 1 barriers, 16 bytes cumulative stack size, 488 bytes cmem[0], 8 bytes cmem[2]
      ptxas info    : Compile time = 253.411 ms
      ptxas info    : Compiling entry function '_Z24qk_int_sv_f8_attn_kernelILj128ELj64ELj32ELj64ELj128EL8DataType1EL16QuantGranularity3ELS1_3EfLb1E6__halfL11ComputeUnit1EL8MaskMode0ELb0ELb1ELb0ELb0EEvPaS5_S5_PT9_PfS8_S8_S8_S8_jjjjjjjjjjjjjjjf' for 'sm_89'
      ptxas info    : Function properties for _Z24qk_int_sv_f8_attn_kernelILj128ELj64ELj32ELj64ELj128EL8DataType1EL16QuantGranularity3ELS1_3EfLb1E6__halfL11ComputeUnit1EL8MaskMode0ELb0ELb1ELb0ELb0EEvPaS5_S5_PT9_PfS8_S8_S8_S8_jjjjjjjjjjjjjjjf
          16 bytes stack frame, 28 bytes spill stores, 12 bytes spill loads
      ptxas info    : Used 255 registers, used 1 barriers, 16 bytes cumulative stack size, 488 bytes cmem[0], 8 bytes cmem[2]
      ptxas info    : Compile time = 254.534 ms
      ptxas info    : Compiling entry function '_Z24qk_int_sv_f8_attn_kernelILj128ELj64ELj32ELj64ELj128EL8DataType1EL16QuantGranularity3ELS1_3EfLb1E13__nv_bfloat16L11ComputeUnit1EL8MaskMode0ELb1ELb1ELb0ELb0EEvPaS5_S5_PT9_PfS8_S8_S8_S8_jjjjjjjjjjjjjjjf' for 'sm_89'
      ptxas info    : Function properties for _Z24qk_int_sv_f8_attn_kernelILj128ELj64ELj32ELj64ELj128EL8DataType1EL16QuantGranularity3ELS1_3EfLb1E13__nv_bfloat16L11ComputeUnit1EL8MaskMode0ELb1ELb1ELb0ELb0EEvPaS5_S5_PT9_PfS8_S8_S8_S8_jjjjjjjjjjjjjjjf
          64 bytes stack frame, 76 bytes spill stores, 44 bytes spill loads
      ptxas info    : Used 255 registers, used 1 barriers, 64 bytes cumulative stack size, 488 bytes cmem[0], 8 bytes cmem[2]
      ptxas info    : Compile time = 251.242 ms
      ptxas info    : Compiling entry function '_Z24qk_int_sv_f8_attn_kernelILj128ELj64ELj32ELj64ELj128EL8DataType1EL16QuantGranularity3ELS1_3EfLb1E6__halfL11ComputeUnit1EL8MaskMode0ELb1ELb1ELb0ELb0EEvPaS5_S5_PT9_PfS8_S8_S8_S8_jjjjjjjjjjjjjjjf' for 'sm_89'
      ptxas info    : Function properties for _Z24qk_int_sv_f8_attn_kernelILj128ELj64ELj32ELj64ELj128EL8DataType1EL16QuantGranularity3ELS1_3EfLb1E6__halfL11ComputeUnit1EL8MaskMode0ELb1ELb1ELb0ELb0EEvPaS5_S5_PT9_PfS8_S8_S8_S8_jjjjjjjjjjjjjjjf
          64 bytes stack frame, 76 bytes spill stores, 44 bytes spill loads
      ptxas info    : Used 255 registers, used 1 barriers, 64 bytes cumulative stack size, 488 bytes cmem[0], 8 bytes cmem[2]
      ptxas info    : Compile time = 252.548 ms
      ptxas info    : Compiling entry function '_Z24qk_int_sv_f8_attn_kernelILj128ELj64ELj32ELj64ELj128EL8DataType1EL16QuantGranularity2ELS1_2EfLb1E13__nv_bfloat16L11ComputeUnit1EL8MaskMode0ELb0ELb1ELb0ELb0EEvPaS5_S5_PT9_PfS8_S8_S8_S8_jjjjjjjjjjjjjjjf' for 'sm_89'
      ptxas info    : Function properties for _Z24qk_int_sv_f8_attn_kernelILj128ELj64ELj32ELj64ELj128EL8DataType1EL16QuantGranularity2ELS1_2EfLb1E13__nv_bfloat16L11ComputeUnit1EL8MaskMode0ELb0ELb1ELb0ELb0EEvPaS5_S5_PT9_PfS8_S8_S8_S8_jjjjjjjjjjjjjjjf
          16 bytes stack frame, 28 bytes spill stores, 12 bytes spill loads
      ptxas info    : Used 255 registers, used 1 barriers, 16 bytes cumulative stack size, 488 bytes cmem[0], 8 bytes cmem[2]
      ptxas info    : Compile time = 250.887 ms
      ptxas info    : Compiling entry function '_Z24qk_int_sv_f8_attn_kernelILj128ELj64ELj32ELj64ELj128EL8DataType1EL16QuantGranularity2ELS1_2EfLb1E6__halfL11ComputeUnit1EL8MaskMode0ELb0ELb1ELb0ELb0EEvPaS5_S5_PT9_PfS8_S8_S8_S8_jjjjjjjjjjjjjjjf' for 'sm_89'
      ptxas info    : Function properties for _Z24qk_int_sv_f8_attn_kernelILj128ELj64ELj32ELj64ELj128EL8DataType1EL16QuantGranularity2ELS1_2EfLb1E6__halfL11ComputeUnit1EL8MaskMode0ELb0ELb1ELb0ELb0EEvPaS5_S5_PT9_PfS8_S8_S8_S8_jjjjjjjjjjjjjjjf
          16 bytes stack frame, 28 bytes spill stores, 12 bytes spill loads
      ptxas info    : Used 255 registers, used 1 barriers, 16 bytes cumulative stack size, 488 bytes cmem[0], 8 bytes cmem[2]
      ptxas info    : Compile time = 271.099 ms
      ptxas info    : Compiling entry function '_Z24qk_int_sv_f8_attn_kernelILj128ELj64ELj32ELj64ELj128EL8DataType1EL16QuantGranularity2ELS1_2EfLb1E13__nv_bfloat16L11ComputeUnit1EL8MaskMode0ELb1ELb1ELb0ELb0EEvPaS5_S5_PT9_PfS8_S8_S8_S8_jjjjjjjjjjjjjjjf' for 'sm_89'
      ptxas info    : Function properties for _Z24qk_int_sv_f8_attn_kernelILj128ELj64ELj32ELj64ELj128EL8DataType1EL16QuantGranularity2ELS1_2EfLb1E13__nv_bfloat16L11ComputeUnit1EL8MaskMode0ELb1ELb1ELb0ELb0EEvPaS5_S5_PT9_PfS8_S8_S8_S8_jjjjjjjjjjjjjjjf
          48 bytes stack frame, 16 bytes spill stores, 12 bytes spill loads
      ptxas info    : Used 255 registers, used 1 barriers, 48 bytes cumulative stack size, 488 bytes cmem[0], 8 bytes cmem[2]
      ptxas info    : Compile time = 271.563 ms
      ptxas info    : Compiling entry function '_Z24qk_int_sv_f8_attn_kernelILj128ELj64ELj32ELj64ELj128EL8DataType1EL16QuantGranularity2ELS1_2EfLb1E6__halfL11ComputeUnit1EL8MaskMode0ELb1ELb1ELb0ELb0EEvPaS5_S5_PT9_PfS8_S8_S8_S8_jjjjjjjjjjjjjjjf' for 'sm_89'
      ptxas info    : Function properties for _Z24qk_int_sv_f8_attn_kernelILj128ELj64ELj32ELj64ELj128EL8DataType1EL16QuantGranularity2ELS1_2EfLb1E6__halfL11ComputeUnit1EL8MaskMode0ELb1ELb1ELb0ELb0EEvPaS5_S5_PT9_PfS8_S8_S8_S8_jjjjjjjjjjjjjjjf
          48 bytes stack frame, 16 bytes spill stores, 12 bytes spill loads
      ptxas info    : Used 255 registers, used 1 barriers, 48 bytes cumulative stack size, 488 bytes cmem[0], 8 bytes cmem[2]
      ptxas info    : Compile time = 256.317 ms
      ptxas info    : Compiling entry function '_Z24qk_int_sv_f8_attn_kernelILj128ELj64ELj32ELj64ELj128EL8DataType1EL16QuantGranularity3ELS1_3EfLb1E13__nv_bfloat16L11ComputeUnit1EL8MaskMode1ELb0ELb1ELb0ELb0EEvPaS5_S5_PT9_PfS8_S8_S8_S8_jjjjjjjjjjjjjjjf' for 'sm_89'
      ptxas info    : Function properties for _Z24qk_int_sv_f8_attn_kernelILj128ELj64ELj32ELj64ELj128EL8DataType1EL16QuantGranularity3ELS1_3EfLb1E13__nv_bfloat16L11ComputeUnit1EL8MaskMode1ELb0ELb1ELb0ELb0EEvPaS5_S5_PT9_PfS8_S8_S8_S8_jjjjjjjjjjjjjjjf
          40 bytes stack frame, 52 bytes spill stores, 40 bytes spill loads
      ptxas info    : Used 255 registers, used 1 barriers, 40 bytes cumulative stack size, 488 bytes cmem[0], 8 bytes cmem[2]
      ptxas info    : Compile time = 211.178 ms
      ptxas info    : Compiling entry function '_Z24qk_int_sv_f8_attn_kernelILj128ELj64ELj32ELj64ELj128EL8DataType1EL16QuantGranularity3ELS1_3EfLb1E6__halfL11ComputeUnit1EL8MaskMode1ELb0ELb1ELb0ELb0EEvPaS5_S5_PT9_PfS8_S8_S8_S8_jjjjjjjjjjjjjjjf' for 'sm_89'
      ptxas info    : Function properties for _Z24qk_int_sv_f8_attn_kernelILj128ELj64ELj32ELj64ELj128EL8DataType1EL16QuantGranularity3ELS1_3EfLb1E6__halfL11ComputeUnit1EL8MaskMode1ELb0ELb1ELb0ELb0EEvPaS5_S5_PT9_PfS8_S8_S8_S8_jjjjjjjjjjjjjjjf
          40 bytes stack frame, 52 bytes spill stores, 40 bytes spill loads
      ptxas info    : Used 255 registers, used 1 barriers, 40 bytes cumulative stack size, 488 bytes cmem[0], 8 bytes cmem[2]
      ptxas info    : Compile time = 203.375 ms
      ptxas info    : Compiling entry function '_Z24qk_int_sv_f8_attn_kernelILj128ELj64ELj32ELj64ELj128EL8DataType1EL16QuantGranularity3ELS1_3EfLb1E13__nv_bfloat16L11ComputeUnit1EL8MaskMode1ELb1ELb1ELb0ELb0EEvPaS5_S5_PT9_PfS8_S8_S8_S8_jjjjjjjjjjjjjjjf' for 'sm_89'
      ptxas info    : Function properties for _Z24qk_int_sv_f8_attn_kernelILj128ELj64ELj32ELj64ELj128EL8DataType1EL16QuantGranularity3ELS1_3EfLb1E13__nv_bfloat16L11ComputeUnit1EL8MaskMode1ELb1ELb1ELb0ELb0EEvPaS5_S5_PT9_PfS8_S8_S8_S8_jjjjjjjjjjjjjjjf
          80 bytes stack frame, 44 bytes spill stores, 36 bytes spill loads
      ptxas info    : Used 255 registers, used 1 barriers, 80 bytes cumulative stack size, 488 bytes cmem[0], 8 bytes cmem[2]
      ptxas info    : Compile time = 264.862 ms
      ptxas info    : Compiling entry function '_Z24qk_int_sv_f8_attn_kernelILj128ELj64ELj32ELj64ELj128EL8DataType1EL16QuantGranularity3ELS1_3EfLb1E6__halfL11ComputeUnit1EL8MaskMode1ELb1ELb1ELb0ELb0EEvPaS5_S5_PT9_PfS8_S8_S8_S8_jjjjjjjjjjjjjjjf' for 'sm_89'
      ptxas info    : Function properties for _Z24qk_int_sv_f8_attn_kernelILj128ELj64ELj32ELj64ELj128EL8DataType1EL16QuantGranularity3ELS1_3EfLb1E6__halfL11ComputeUnit1EL8MaskMode1ELb1ELb1ELb0ELb0EEvPaS5_S5_PT9_PfS8_S8_S8_S8_jjjjjjjjjjjjjjjf
          80 bytes stack frame, 44 bytes spill stores, 36 bytes spill loads
      ptxas info    : Used 255 registers, used 1 barriers, 80 bytes cumulative stack size, 488 bytes cmem[0], 8 bytes cmem[2]
      ptxas info    : Compile time = 287.903 ms
      ptxas info    : Compiling entry function '_Z24qk_int_sv_f8_attn_kernelILj128ELj64ELj32ELj64ELj128EL8DataType1EL16QuantGranularity2ELS1_2EfLb1E13__nv_bfloat16L11ComputeUnit1EL8MaskMode1ELb0ELb1ELb0ELb0EEvPaS5_S5_PT9_PfS8_S8_S8_S8_jjjjjjjjjjjjjjjf' for 'sm_89'
      ptxas info    : Function properties for _Z24qk_int_sv_f8_attn_kernelILj128ELj64ELj32ELj64ELj128EL8DataType1EL16QuantGranularity2ELS1_2EfLb1E13__nv_bfloat16L11ComputeUnit1EL8MaskMode1ELb0ELb1ELb0ELb0EEvPaS5_S5_PT9_PfS8_S8_S8_S8_jjjjjjjjjjjjjjjf
          40 bytes stack frame, 52 bytes spill stores, 40 bytes spill loads
      ptxas info    : Used 255 registers, used 1 barriers, 40 bytes cumulative stack size, 488 bytes cmem[0], 8 bytes cmem[2]
      ptxas info    : Compile time = 214.380 ms
      ptxas info    : Compiling entry function '_Z24qk_int_sv_f8_attn_kernelILj128ELj64ELj32ELj64ELj128EL8DataType1EL16QuantGranularity2ELS1_2EfLb1E6__halfL11ComputeUnit1EL8MaskMode1ELb0ELb1ELb0ELb0EEvPaS5_S5_PT9_PfS8_S8_S8_S8_jjjjjjjjjjjjjjjf' for 'sm_89'
      ptxas info    : Function properties for _Z24qk_int_sv_f8_attn_kernelILj128ELj64ELj32ELj64ELj128EL8DataType1EL16QuantGranularity2ELS1_2EfLb1E6__halfL11ComputeUnit1EL8MaskMode1ELb0ELb1ELb0ELb0EEvPaS5_S5_PT9_PfS8_S8_S8_S8_jjjjjjjjjjjjjjjf
          40 bytes stack frame, 52 bytes spill stores, 40 bytes spill loads
      ptxas info    : Used 255 registers, used 1 barriers, 40 bytes cumulative stack size, 488 bytes cmem[0], 8 bytes cmem[2]
      ptxas info    : Compile time = 212.724 ms
      ptxas info    : Compiling entry function '_Z24qk_int_sv_f8_attn_kernelILj128ELj64ELj32ELj64ELj128EL8DataType1EL16QuantGranularity2ELS1_2EfLb1E13__nv_bfloat16L11ComputeUnit1EL8MaskMode1ELb1ELb1ELb0ELb0EEvPaS5_S5_PT9_PfS8_S8_S8_S8_jjjjjjjjjjjjjjjf' for 'sm_89'
      ptxas info    : Function properties for _Z24qk_int_sv_f8_attn_kernelILj128ELj64ELj32ELj64ELj128EL8DataType1EL16QuantGranularity2ELS1_2EfLb1E13__nv_bfloat16L11ComputeUnit1EL8MaskMode1ELb1ELb1ELb0ELb0EEvPaS5_S5_PT9_PfS8_S8_S8_S8_jjjjjjjjjjjjjjjf
          80 bytes stack frame, 44 bytes spill stores, 40 bytes spill loads
      ptxas info    : Used 255 registers, used 1 barriers, 80 bytes cumulative stack size, 488 bytes cmem[0], 8 bytes cmem[2]
      ptxas info    : Compile time = 263.021 ms
      ptxas info    : Compiling entry function '_Z24qk_int_sv_f8_attn_kernelILj128ELj64ELj32ELj64ELj128EL8DataType1EL16QuantGranularity2ELS1_2EfLb1E6__halfL11ComputeUnit1EL8MaskMode1ELb1ELb1ELb0ELb0EEvPaS5_S5_PT9_PfS8_S8_S8_S8_jjjjjjjjjjjjjjjf' for 'sm_89'
      ptxas info    : Function properties for _Z24qk_int_sv_f8_attn_kernelILj128ELj64ELj32ELj64ELj128EL8DataType1EL16QuantGranularity2ELS1_2EfLb1E6__halfL11ComputeUnit1EL8MaskMode1ELb1ELb1ELb0ELb0EEvPaS5_S5_PT9_PfS8_S8_S8_S8_jjjjjjjjjjjjjjjf
          80 bytes stack frame, 44 bytes spill stores, 40 bytes spill loads
      ptxas info    : Used 255 registers, used 1 barriers, 80 bytes cumulative stack size, 488 bytes cmem[0], 8 bytes cmem[2]
      ptxas info    : Compile time = 271.127 ms
      ptxas info    : Compiling entry function '_Z24qk_int_sv_f8_attn_kernelILj128ELj64ELj32ELj64ELj64EL8DataType1EL16QuantGranularity3ELS1_3EfLb1E13__nv_bfloat16L11ComputeUnit1EL8MaskMode0ELb0ELb1ELb0ELb0EEvPaS5_S5_PT9_PfS8_S8_S8_S8_jjjjjjjjjjjjjjjf' for 'sm_89'
      ptxas info    : Function properties for _Z24qk_int_sv_f8_attn_kernelILj128ELj64ELj32ELj64ELj64EL8DataType1EL16QuantGranularity3ELS1_3EfLb1E13__nv_bfloat16L11ComputeUnit1EL8MaskMode0ELb0ELb1ELb0ELb0EEvPaS5_S5_PT9_PfS8_S8_S8_S8_jjjjjjjjjjjjjjjf
          0 bytes stack frame, 0 bytes spill stores, 0 bytes spill loads
      ptxas info    : Used 255 registers, used 1 barriers, 488 bytes cmem[0], 8 bytes cmem[2]
      ptxas info    : Compile time = 137.825 ms
      ptxas info    : Compiling entry function '_Z24qk_int_sv_f8_attn_kernelILj128ELj64ELj32ELj64ELj64EL8DataType1EL16QuantGranularity3ELS1_3EfLb1E6__halfL11ComputeUnit1EL8MaskMode0ELb0ELb1ELb0ELb0EEvPaS5_S5_PT9_PfS8_S8_S8_S8_jjjjjjjjjjjjjjjf' for 'sm_89'
      ptxas info    : Function properties for _Z24qk_int_sv_f8_attn_kernelILj128ELj64ELj32ELj64ELj64EL8DataType1EL16QuantGranularity3ELS1_3EfLb1E6__halfL11ComputeUnit1EL8MaskMode0ELb0ELb1ELb0ELb0EEvPaS5_S5_PT9_PfS8_S8_S8_S8_jjjjjjjjjjjjjjjf
          0 bytes stack frame, 0 bytes spill stores, 0 bytes spill loads
      ptxas info    : Used 255 registers, used 1 barriers, 488 bytes cmem[0], 8 bytes cmem[2]
      ptxas info    : Compile time = 137.643 ms
      ptxas info    : Compiling entry function '_Z24qk_int_sv_f8_attn_kernelILj128ELj64ELj32ELj64ELj64EL8DataType1EL16QuantGranularity3ELS1_3EfLb1E13__nv_bfloat16L11ComputeUnit1EL8MaskMode0ELb1ELb1ELb0ELb0EEvPaS5_S5_PT9_PfS8_S8_S8_S8_jjjjjjjjjjjjjjjf' for 'sm_89'
      ptxas info    : Function properties for _Z24qk_int_sv_f8_attn_kernelILj128ELj64ELj32ELj64ELj64EL8DataType1EL16QuantGranularity3ELS1_3EfLb1E13__nv_bfloat16L11ComputeUnit1EL8MaskMode0ELb1ELb1ELb0ELb0EEvPaS5_S5_PT9_PfS8_S8_S8_S8_jjjjjjjjjjjjjjjf
          32 bytes stack frame, 0 bytes spill stores, 0 bytes spill loads
      ptxas info    : Used 255 registers, used 1 barriers, 32 bytes cumulative stack size, 488 bytes cmem[0], 8 bytes cmem[2]
      ptxas info    : Compile time = 137.076 ms
      ptxas info    : Compiling entry function '_Z24qk_int_sv_f8_attn_kernelILj128ELj64ELj32ELj64ELj64EL8DataType1EL16QuantGranularity3ELS1_3EfLb1E6__halfL11ComputeUnit1EL8MaskMode0ELb1ELb1ELb0ELb0EEvPaS5_S5_PT9_PfS8_S8_S8_S8_jjjjjjjjjjjjjjjf' for 'sm_89'
      ptxas info    : Function properties for _Z24qk_int_sv_f8_attn_kernelILj128ELj64ELj32ELj64ELj64EL8DataType1EL16QuantGranularity3ELS1_3EfLb1E6__halfL11ComputeUnit1EL8MaskMode0ELb1ELb1ELb0ELb0EEvPaS5_S5_PT9_PfS8_S8_S8_S8_jjjjjjjjjjjjjjjf
          32 bytes stack frame, 0 bytes spill stores, 0 bytes spill loads
      ptxas info    : Used 255 registers, used 1 barriers, 32 bytes cumulative stack size, 488 bytes cmem[0], 8 bytes cmem[2]
      ptxas info    : Compile time = 138.551 ms
      ptxas info    : Compiling entry function '_Z24qk_int_sv_f8_attn_kernelILj128ELj64ELj32ELj64ELj64EL8DataType1EL16QuantGranularity2ELS1_2EfLb1E13__nv_bfloat16L11ComputeUnit1EL8MaskMode0ELb0ELb1ELb0ELb0EEvPaS5_S5_PT9_PfS8_S8_S8_S8_jjjjjjjjjjjjjjjf' for 'sm_89'
      ptxas info    : Function properties for _Z24qk_int_sv_f8_attn_kernelILj128ELj64ELj32ELj64ELj64EL8DataType1EL16QuantGranularity2ELS1_2EfLb1E13__nv_bfloat16L11ComputeUnit1EL8MaskMode0ELb0ELb1ELb0ELb0EEvPaS5_S5_PT9_PfS8_S8_S8_S8_jjjjjjjjjjjjjjjf
          0 bytes stack frame, 0 bytes spill stores, 0 bytes spill loads
      ptxas info    : Used 255 registers, used 1 barriers, 488 bytes cmem[0], 8 bytes cmem[2]
      ptxas info    : Compile time = 135.036 ms
      ptxas info    : Compiling entry function '_Z24qk_int_sv_f8_attn_kernelILj128ELj64ELj32ELj64ELj64EL8DataType1EL16QuantGranularity2ELS1_2EfLb1E6__halfL11ComputeUnit1EL8MaskMode0ELb0ELb1ELb0ELb0EEvPaS5_S5_PT9_PfS8_S8_S8_S8_jjjjjjjjjjjjjjjf' for 'sm_89'
      ptxas info    : Function properties for _Z24qk_int_sv_f8_attn_kernelILj128ELj64ELj32ELj64ELj64EL8DataType1EL16QuantGranularity2ELS1_2EfLb1E6__halfL11ComputeUnit1EL8MaskMode0ELb0ELb1ELb0ELb0EEvPaS5_S5_PT9_PfS8_S8_S8_S8_jjjjjjjjjjjjjjjf
          0 bytes stack frame, 0 bytes spill stores, 0 bytes spill loads
      ptxas info    : Used 255 registers, used 1 barriers, 488 bytes cmem[0], 8 bytes cmem[2]
      ptxas info    : Compile time = 132.103 ms
      ptxas info    : Compiling entry function '_Z24qk_int_sv_f8_attn_kernelILj128ELj64ELj32ELj64ELj64EL8DataType1EL16QuantGranularity2ELS1_2EfLb1E13__nv_bfloat16L11ComputeUnit1EL8MaskMode0ELb1ELb1ELb0ELb0EEvPaS5_S5_PT9_PfS8_S8_S8_S8_jjjjjjjjjjjjjjjf' for 'sm_89'
      ptxas info    : Function properties for _Z24qk_int_sv_f8_attn_kernelILj128ELj64ELj32ELj64ELj64EL8DataType1EL16QuantGranularity2ELS1_2EfLb1E13__nv_bfloat16L11ComputeUnit1EL8MaskMode0ELb1ELb1ELb0ELb0EEvPaS5_S5_PT9_PfS8_S8_S8_S8_jjjjjjjjjjjjjjjf
          32 bytes stack frame, 0 bytes spill stores, 0 bytes spill loads
      ptxas info    : Used 255 registers, used 1 barriers, 32 bytes cumulative stack size, 488 bytes cmem[0], 8 bytes cmem[2]
      ptxas info    : Compile time = 136.328 ms
      ptxas info    : Compiling entry function '_Z24qk_int_sv_f8_attn_kernelILj128ELj64ELj32ELj64ELj64EL8DataType1EL16QuantGranularity2ELS1_2EfLb1E6__halfL11ComputeUnit1EL8MaskMode0ELb1ELb1ELb0ELb0EEvPaS5_S5_PT9_PfS8_S8_S8_S8_jjjjjjjjjjjjjjjf' for 'sm_89'
      ptxas info    : Function properties for _Z24qk_int_sv_f8_attn_kernelILj128ELj64ELj32ELj64ELj64EL8DataType1EL16QuantGranularity2ELS1_2EfLb1E6__halfL11ComputeUnit1EL8MaskMode0ELb1ELb1ELb0ELb0EEvPaS5_S5_PT9_PfS8_S8_S8_S8_jjjjjjjjjjjjjjjf
          32 bytes stack frame, 0 bytes spill stores, 0 bytes spill loads
      ptxas info    : Used 255 registers, used 1 barriers, 32 bytes cumulative stack size, 488 bytes cmem[0], 8 bytes cmem[2]
      ptxas info    : Compile time = 137.016 ms
      ptxas info    : Compiling entry function '_Z24qk_int_sv_f8_attn_kernelILj128ELj64ELj32ELj64ELj64EL8DataType1EL16QuantGranularity3ELS1_3EfLb1E13__nv_bfloat16L11ComputeUnit1EL8MaskMode1ELb0ELb1ELb0ELb0EEvPaS5_S5_PT9_PfS8_S8_S8_S8_jjjjjjjjjjjjjjjf' for 'sm_89'
      ptxas info    : Function properties for _Z24qk_int_sv_f8_attn_kernelILj128ELj64ELj32ELj64ELj64EL8DataType1EL16QuantGranularity3ELS1_3EfLb1E13__nv_bfloat16L11ComputeUnit1EL8MaskMode1ELb0ELb1ELb0ELb0EEvPaS5_S5_PT9_PfS8_S8_S8_S8_jjjjjjjjjjjjjjjf
          0 bytes stack frame, 0 bytes spill stores, 0 bytes spill loads
      ptxas info    : Used 255 registers, used 1 barriers, 488 bytes cmem[0], 8 bytes cmem[2]
      ptxas info    : Compile time = 144.161 ms
      ptxas info    : Compiling entry function '_Z24qk_int_sv_f8_attn_kernelILj128ELj64ELj32ELj64ELj64EL8DataType1EL16QuantGranularity3ELS1_3EfLb1E6__halfL11ComputeUnit1EL8MaskMode1ELb0ELb1ELb0ELb0EEvPaS5_S5_PT9_PfS8_S8_S8_S8_jjjjjjjjjjjjjjjf' for 'sm_89'
      ptxas info    : Function properties for _Z24qk_int_sv_f8_attn_kernelILj128ELj64ELj32ELj64ELj64EL8DataType1EL16QuantGranularity3ELS1_3EfLb1E6__halfL11ComputeUnit1EL8MaskMode1ELb0ELb1ELb0ELb0EEvPaS5_S5_PT9_PfS8_S8_S8_S8_jjjjjjjjjjjjjjjf
          0 bytes stack frame, 0 bytes spill stores, 0 bytes spill loads
      ptxas info    : Used 255 registers, used 1 barriers, 488 bytes cmem[0], 8 bytes cmem[2]
      ptxas info    : Compile time = 143.678 ms
      ptxas info    : Compiling entry function '_Z24qk_int_sv_f8_attn_kernelILj128ELj64ELj32ELj64ELj64EL8DataType1EL16QuantGranularity3ELS1_3EfLb1E13__nv_bfloat16L11ComputeUnit1EL8MaskMode1ELb1ELb1ELb0ELb0EEvPaS5_S5_PT9_PfS8_S8_S8_S8_jjjjjjjjjjjjjjjf' for 'sm_89'
      ptxas info    : Function properties for _Z24qk_int_sv_f8_attn_kernelILj128ELj64ELj32ELj64ELj64EL8DataType1EL16QuantGranularity3ELS1_3EfLb1E13__nv_bfloat16L11ComputeUnit1EL8MaskMode1ELb1ELb1ELb0ELb0EEvPaS5_S5_PT9_PfS8_S8_S8_S8_jjjjjjjjjjjjjjjf
          32 bytes stack frame, 0 bytes spill stores, 0 bytes spill loads
      ptxas info    : Used 255 registers, used 1 barriers, 32 bytes cumulative stack size, 488 bytes cmem[0], 8 bytes cmem[2]
      ptxas info    : Compile time = 145.062 ms
      ptxas info    : Compiling entry function '_Z24qk_int_sv_f8_attn_kernelILj128ELj64ELj32ELj64ELj64EL8DataType1EL16QuantGranularity3ELS1_3EfLb1E6__halfL11ComputeUnit1EL8MaskMode1ELb1ELb1ELb0ELb0EEvPaS5_S5_PT9_PfS8_S8_S8_S8_jjjjjjjjjjjjjjjf' for 'sm_89'
      ptxas info    : Function properties for _Z24qk_int_sv_f8_attn_kernelILj128ELj64ELj32ELj64ELj64EL8DataType1EL16QuantGranularity3ELS1_3EfLb1E6__halfL11ComputeUnit1EL8MaskMode1ELb1ELb1ELb0ELb0EEvPaS5_S5_PT9_PfS8_S8_S8_S8_jjjjjjjjjjjjjjjf
          32 bytes stack frame, 0 bytes spill stores, 0 bytes spill loads
      ptxas info    : Used 255 registers, used 1 barriers, 32 bytes cumulative stack size, 488 bytes cmem[0], 8 bytes cmem[2]
      ptxas info    : Compile time = 145.576 ms
      ptxas info    : Compiling entry function '_Z24qk_int_sv_f8_attn_kernelILj128ELj64ELj32ELj64ELj64EL8DataType1EL16QuantGranularity2ELS1_2EfLb1E13__nv_bfloat16L11ComputeUnit1EL8MaskMode1ELb0ELb1ELb0ELb0EEvPaS5_S5_PT9_PfS8_S8_S8_S8_jjjjjjjjjjjjjjjf' for 'sm_89'
      ptxas info    : Function properties for _Z24qk_int_sv_f8_attn_kernelILj128ELj64ELj32ELj64ELj64EL8DataType1EL16QuantGranularity2ELS1_2EfLb1E13__nv_bfloat16L11ComputeUnit1EL8MaskMode1ELb0ELb1ELb0ELb0EEvPaS5_S5_PT9_PfS8_S8_S8_S8_jjjjjjjjjjjjjjjf
          0 bytes stack frame, 0 bytes spill stores, 0 bytes spill loads
      ptxas info    : Used 255 registers, used 1 barriers, 488 bytes cmem[0], 8 bytes cmem[2]
      ptxas info    : Compile time = 141.866 ms
      ptxas info    : Compiling entry function '_Z24qk_int_sv_f8_attn_kernelILj128ELj64ELj32ELj64ELj64EL8DataType1EL16QuantGranularity2ELS1_2EfLb1E6__halfL11ComputeUnit1EL8MaskMode1ELb0ELb1ELb0ELb0EEvPaS5_S5_PT9_PfS8_S8_S8_S8_jjjjjjjjjjjjjjjf' for 'sm_89'
      ptxas info    : Function properties for _Z24qk_int_sv_f8_attn_kernelILj128ELj64ELj32ELj64ELj64EL8DataType1EL16QuantGranularity2ELS1_2EfLb1E6__halfL11ComputeUnit1EL8MaskMode1ELb0ELb1ELb0ELb0EEvPaS5_S5_PT9_PfS8_S8_S8_S8_jjjjjjjjjjjjjjjf
          0 bytes stack frame, 0 bytes spill stores, 0 bytes spill loads
      ptxas info    : Used 255 registers, used 1 barriers, 488 bytes cmem[0], 8 bytes cmem[2]
      ptxas info    : Compile time = 142.402 ms
      ptxas info    : Compiling entry function '_Z24qk_int_sv_f8_attn_kernelILj128ELj64ELj32ELj64ELj64EL8DataType1EL16QuantGranularity2ELS1_2EfLb1E13__nv_bfloat16L11ComputeUnit1EL8MaskMode1ELb1ELb1ELb0ELb0EEvPaS5_S5_PT9_PfS8_S8_S8_S8_jjjjjjjjjjjjjjjf' for 'sm_89'
      ptxas info    : Function properties for _Z24qk_int_sv_f8_attn_kernelILj128ELj64ELj32ELj64ELj64EL8DataType1EL16QuantGranularity2ELS1_2EfLb1E13__nv_bfloat16L11ComputeUnit1EL8MaskMode1ELb1ELb1ELb0ELb0EEvPaS5_S5_PT9_PfS8_S8_S8_S8_jjjjjjjjjjjjjjjf
          32 bytes stack frame, 0 bytes spill stores, 0 bytes spill loads
      ptxas info    : Used 255 registers, used 1 barriers, 32 bytes cumulative stack size, 488 bytes cmem[0], 8 bytes cmem[2]
      ptxas info    : Compile time = 145.348 ms
      ptxas info    : Compiling entry function '_Z24qk_int_sv_f8_attn_kernelILj128ELj64ELj32ELj64ELj64EL8DataType1EL16QuantGranularity2ELS1_2EfLb1E6__halfL11ComputeUnit1EL8MaskMode1ELb1ELb1ELb0ELb0EEvPaS5_S5_PT9_PfS8_S8_S8_S8_jjjjjjjjjjjjjjjf' for 'sm_89'
      ptxas info    : Function properties for _Z24qk_int_sv_f8_attn_kernelILj128ELj64ELj32ELj64ELj64EL8DataType1EL16QuantGranularity2ELS1_2EfLb1E6__halfL11ComputeUnit1EL8MaskMode1ELb1ELb1ELb0ELb0EEvPaS5_S5_PT9_PfS8_S8_S8_S8_jjjjjjjjjjjjjjjf
          32 bytes stack frame, 0 bytes spill stores, 0 bytes spill loads
      ptxas info    : Used 255 registers, used 1 barriers, 32 bytes cumulative stack size, 488 bytes cmem[0], 8 bytes cmem[2]
      ptxas info    : Compile time = 146.371 ms
      x86_64-linux-gnu-g++ -shared -Wl,-O1 -Wl,-Bsymbolic-functions -Wl,-Bsymbolic-functions -g -fwrapv -O2 -Wl,-Bsymbolic-functions -g -fwrapv -O2 -g -fstack-protector-strong -Wformat -Werror=format-security -Wdate-time -D_FORTIFY_SOURCE=2 /workspace/experiments/pro30-deps/SageAttention-sm89/build/temp.linux-x86_64-3.10/sageattention._qattn_sm89/csrc/qattn/pybind_sm89.o /workspace/experiments/pro30-deps/SageAttention-sm89/build/temp.linux-x86_64-3.10/sageattention._qattn_sm89/csrc/qattn/sm89_qk_int8_sv_f8_accum_f16_attn_inst_buf.o /workspace/experiments/pro30-deps/SageAttention-sm89/build/temp.linux-x86_64-3.10/sageattention._qattn_sm89/csrc/qattn/sm89_qk_int8_sv_f8_accum_f16_fuse_v_scale_attn_inst_buf.o /workspace/experiments/pro30-deps/SageAttention-sm89/build/temp.linux-x86_64-3.10/sageattention._qattn_sm89/csrc/qattn/sm89_qk_int8_sv_f8_accum_f32_attn.o /workspace/experiments/pro30-deps/SageAttention-sm89/build/temp.linux-x86_64-3.10/sageattention._qattn_sm89/csrc/qattn/sm89_qk_int8_sv_f8_accum_f32_attn_inst_buf.o /workspace/experiments/pro30-deps/SageAttention-sm89/build/temp.linux-x86_64-3.10/sageattention._qattn_sm89/csrc/qattn/sm89_qk_int8_sv_f8_accum_f32_fuse_v_scale_attn.o /workspace/experiments/pro30-deps/SageAttention-sm89/build/temp.linux-x86_64-3.10/sageattention._qattn_sm89/csrc/qattn/sm89_qk_int8_sv_f8_accum_f32_fuse_v_scale_attn_inst_buf.o /workspace/experiments/pro30-deps/SageAttention-sm89/build/temp.linux-x86_64-3.10/sageattention._qattn_sm89/csrc/qattn/sm89_qk_int8_sv_f8_accum_f32_fuse_v_scale_fuse_v_mean_attn.o -L/workspace/SoulX-FlashHead/.venv/lib/python3.10/site-packages/torch/lib -L/workspace/experiments/pro30-deps/cuda-12.8/lib64 -lc10 -ltorch -ltorch_cpu -ltorch_python -lcudart -lc10_cuda -ltorch_cuda -o build/lib.linux-x86_64-3.10/sageattention/_qattn_sm89.cpython-310-x86_64-linux-gnu.so
      building 'sageattention._fused' extension
      creating /workspace/experiments/pro30-deps/SageAttention-sm89/build/temp.linux-x86_64-3.10/sageattention._fused
      creating /workspace/experiments/pro30-deps/SageAttention-sm89/build/temp.linux-x86_64-3.10/sageattention._fused/csrc
      creating /workspace/experiments/pro30-deps/SageAttention-sm89/build/temp.linux-x86_64-3.10/sageattention._fused/csrc/fused
      Emitting ninja build file /workspace/experiments/pro30-deps/SageAttention-sm89/build/temp.linux-x86_64-3.10/sageattention._fused/build.ninja...
      Compiling objects...
      Using envvar MAX_JOBS (2) as the number of workers...
      [1/2] /workspace/experiments/pro30-deps/cuda-12.8/bin/nvcc --generate-dependencies-with-compile --dependency-output /workspace/experiments/pro30-deps/SageAttention-sm89/build/temp.linux-x86_64-3.10/sageattention._fused/csrc/fused/fused.o.d -I/workspace/SoulX-FlashHead/.venv/lib/python3.10/site-packages/torch/include -I/workspace/SoulX-FlashHead/.venv/lib/python3.10/site-packages/torch/include/torch/csrc/api/include -I/workspace/experiments/pro30-deps/cuda-12.8/include -I/workspace/SoulX-FlashHead/.venv/include -I/usr/include/python3.10 -c -c /workspace/experiments/pro30-deps/SageAttention-sm89/csrc/fused/fused.cu -o /workspace/experiments/pro30-deps/SageAttention-sm89/build/temp.linux-x86_64-3.10/sageattention._fused/csrc/fused/fused.o -D__CUDA_NO_HALF_OPERATORS__ -D__CUDA_NO_HALF_CONVERSIONS__ -D__CUDA_NO_BFLOAT16_CONVERSIONS__ -D__CUDA_NO_HALF2_OPERATORS__ --expt-relaxed-constexpr --compiler-options ''"'"'-fPIC'"'"'' -O3 -std=c++17 -U__CUDA_NO_HALF_OPERATORS__ -U__CUDA_NO_HALF_CONVERSIONS__ --use_fast_math --threads=8 -Xptxas=-v -diag-suppress=174 --threads 2 -D_GLIBCXX_USE_CXX11_ABI=1 -gencode arch=compute_89,code=sm_89 -DTORCH_API_INCLUDE_EXTENSION_H '-DPYBIND11_COMPILER_TYPE="_gcc"' '-DPYBIND11_STDLIB="_libstdcpp"' '-DPYBIND11_BUILD_ABI="_cxxabi1016"' -DTORCH_EXTENSION_NAME=_fused -D_GLIBCXX_USE_CXX11_ABI=1
      FAILED: /workspace/experiments/pro30-deps/SageAttention-sm89/build/temp.linux-x86_64-3.10/sageattention._fused/csrc/fused/fused.o
      /workspace/experiments/pro30-deps/cuda-12.8/bin/nvcc --generate-dependencies-with-compile --dependency-output /workspace/experiments/pro30-deps/SageAttention-sm89/build/temp.linux-x86_64-3.10/sageattention._fused/csrc/fused/fused.o.d -I/workspace/SoulX-FlashHead/.venv/lib/python3.10/site-packages/torch/include -I/workspace/SoulX-FlashHead/.venv/lib/python3.10/site-packages/torch/include/torch/csrc/api/include -I/workspace/experiments/pro30-deps/cuda-12.8/include -I/workspace/SoulX-FlashHead/.venv/include -I/usr/include/python3.10 -c -c /workspace/experiments/pro30-deps/SageAttention-sm89/csrc/fused/fused.cu -o /workspace/experiments/pro30-deps/SageAttention-sm89/build/temp.linux-x86_64-3.10/sageattention._fused/csrc/fused/fused.o -D__CUDA_NO_HALF_OPERATORS__ -D__CUDA_NO_HALF_CONVERSIONS__ -D__CUDA_NO_BFLOAT16_CONVERSIONS__ -D__CUDA_NO_HALF2_OPERATORS__ --expt-relaxed-constexpr --compiler-options ''"'"'-fPIC'"'"'' -O3 -std=c++17 -U__CUDA_NO_HALF_OPERATORS__ -U__CUDA_NO_HALF_CONVERSIONS__ --use_fast_math --threads=8 -Xptxas=-v -diag-suppress=174 --threads 2 -D_GLIBCXX_USE_CXX11_ABI=1 -gencode arch=compute_89,code=sm_89 -DTORCH_API_INCLUDE_EXTENSION_H '-DPYBIND11_COMPILER_TYPE="_gcc"' '-DPYBIND11_STDLIB="_libstdcpp"' '-DPYBIND11_BUILD_ABI="_cxxabi1016"' -DTORCH_EXTENSION_NAME=_fused -D_GLIBCXX_USE_CXX11_ABI=1
      nvcc warning : incompatible redefinition for option 'threads', the last value of this option was used
      In file included from /workspace/SoulX-FlashHead/.venv/lib/python3.10/site-packages/torch/include/ATen/cuda/CUDAContext.h:3,
                       from /workspace/experiments/pro30-deps/SageAttention-sm89/csrc/fused/fused.cu:17:
      /workspace/SoulX-FlashHead/.venv/lib/python3.10/site-packages/torch/include/ATen/cuda/CUDAContextLight.h:7:10: fatal error: cusparse.h: No such file or directory
          7 | #include <cusparse.h>
            |          ^~~~~~~~~~~~
      compilation terminated.
      In file included from /workspace/SoulX-FlashHead/.venv/lib/python3.10/site-packages/torch/include/ATen/cuda/CUDAContext.h:3,
                       from /workspace/experiments/pro30-deps/SageAttention-sm89/csrc/fused/fused.cu:17:
      /workspace/SoulX-FlashHead/.venv/lib/python3.10/site-packages/torch/include/ATen/cuda/CUDAContextLight.h:7:10: fatal error: cusparse.h: No such file or directory
          7 | #include <cusparse.h>
            |          ^~~~~~~~~~~~
      compilation terminated.
      fatal   : Could not open input file /tmp/tmpxft_0007d792_00000000-7_fused.cpp1.ii
      [2/2] c++ -MMD -MF /workspace/experiments/pro30-deps/SageAttention-sm89/build/temp.linux-x86_64-3.10/sageattention._fused/csrc/fused/pybind.o.d -Wno-unused-result -Wsign-compare -DNDEBUG -g -fwrapv -O2 -Wall -g -fstack-protector-strong -Wformat -Werror=format-security -g -fwrapv -O2 -g -fstack-protector-strong -Wformat -Werror=format-security -Wdate-time -D_FORTIFY_SOURCE=2 -fPIC -I/workspace/SoulX-FlashHead/.venv/lib/python3.10/site-packages/torch/include -I/workspace/SoulX-FlashHead/.venv/lib/python3.10/site-packages/torch/include/torch/csrc/api/include -I/workspace/experiments/pro30-deps/cuda-12.8/include -I/workspace/SoulX-FlashHead/.venv/include -I/usr/include/python3.10 -c -c /workspace/experiments/pro30-deps/SageAttention-sm89/csrc/fused/pybind.cpp -o /workspace/experiments/pro30-deps/SageAttention-sm89/build/temp.linux-x86_64-3.10/sageattention._fused/csrc/fused/pybind.o -g -O3 -fopenmp -lgomp -std=c++17 -DENABLE_BF16 -D_GLIBCXX_USE_CXX11_ABI=1 -DTORCH_API_INCLUDE_EXTENSION_H '-DPYBIND11_COMPILER_TYPE="_gcc"' '-DPYBIND11_STDLIB="_libstdcpp"' '-DPYBIND11_BUILD_ABI="_cxxabi1016"' -DTORCH_EXTENSION_NAME=_fused -D_GLIBCXX_USE_CXX11_ABI=1
      ninja: build stopped: subcommand failed.
      Traceback (most recent call last):
        File "/workspace/SoulX-FlashHead/.venv/lib/python3.10/site-packages/torch/utils/cpp_extension.py", line 2506, in _run_ninja_build
          subprocess.run(
        File "/usr/lib/python3.10/subprocess.py", line 526, in run
          raise CalledProcessError(retcode, process.args,
      subprocess.CalledProcessError: Command '['ninja', '-v', '-j', '2']' returned non-zero exit status 1.
      
      The above exception was the direct cause of the following exception:
      
      Traceback (most recent call last):
        File "/workspace/SoulX-FlashHead/.venv/lib/python3.10/site-packages/pip/_vendor/pyproject_hooks/_in_process/_in_process.py", line 389, in <module>
          main()
        File "/workspace/SoulX-FlashHead/.venv/lib/python3.10/site-packages/pip/_vendor/pyproject_hooks/_in_process/_in_process.py", line 373, in main
          json_out["return_val"] = hook(**hook_input["kwargs"])
        File "/workspace/SoulX-FlashHead/.venv/lib/python3.10/site-packages/pip/_vendor/pyproject_hooks/_in_process/_in_process.py", line 280, in build_wheel
          return _build_backend().build_wheel(
        File "/workspace/SoulX-FlashHead/.venv/lib/python3.10/site-packages/setuptools/build_meta.py", line 230, in build_wheel
          return self._build_with_temp_dir(['bdist_wheel'], '.whl',
        File "/workspace/SoulX-FlashHead/.venv/lib/python3.10/site-packages/setuptools/build_meta.py", line 215, in _build_with_temp_dir
          self.run_setup()
        File "/workspace/SoulX-FlashHead/.venv/lib/python3.10/site-packages/setuptools/build_meta.py", line 158, in run_setup
          exec(compile(code, __file__, 'exec'), locals())
        File "setup.py", line 272, in <module>
          setup(
        File "/workspace/SoulX-FlashHead/.venv/lib/python3.10/site-packages/setuptools/__init__.py", line 153, in setup
          return distutils.core.setup(**attrs)
        File "/usr/lib/python3.10/distutils/core.py", line 148, in setup
          dist.run_commands()
        File "/usr/lib/python3.10/distutils/dist.py", line 966, in run_commands
          self.run_command(cmd)
        File "/usr/lib/python3.10/distutils/dist.py", line 985, in run_command
          cmd_obj.run()
        File "/workspace/SoulX-FlashHead/.venv/lib/python3.10/site-packages/wheel/_bdist_wheel.py", line 390, in run
          self.run_command("build")
        File "/usr/lib/python3.10/distutils/cmd.py", line 313, in run_command
          self.distribution.run_command(command)
        File "/usr/lib/python3.10/distutils/dist.py", line 985, in run_command
          cmd_obj.run()
        File "/usr/lib/python3.10/distutils/command/build.py", line 135, in run
          self.run_command(cmd_name)
        File "/usr/lib/python3.10/distutils/cmd.py", line 313, in run_command
          self.distribution.run_command(command)
        File "/usr/lib/python3.10/distutils/dist.py", line 985, in run_command
          cmd_obj.run()
        File "/workspace/SoulX-FlashHead/.venv/lib/python3.10/site-packages/setuptools/command/build_ext.py", line 79, in run
          _build_ext.run(self)
        File "/usr/lib/python3.10/distutils/command/build_ext.py", line 340, in run
          self.build_extensions()
        File "/workspace/SoulX-FlashHead/.venv/lib/python3.10/site-packages/torch/utils/cpp_extension.py", line 1010, in build_extensions
          build_ext.build_extensions(self)
        File "/usr/lib/python3.10/distutils/command/build_ext.py", line 447, in build_extensions
          self._build_extensions_parallel()
        File "/usr/lib/python3.10/distutils/command/build_ext.py", line 469, in _build_extensions_parallel
          fut.result()
        File "/usr/lib/python3.10/concurrent/futures/_base.py", line 458, in result
          return self.__get_result()
        File "/usr/lib/python3.10/concurrent/futures/_base.py", line 403, in __get_result
          raise self._exception
        File "/usr/lib/python3.10/concurrent/futures/thread.py", line 58, in run
          result = self.fn(*self.args, **self.kwargs)
        File "setup.py", line 267, in build_extension
          objects = super().build_extension(ext)
        File "/workspace/SoulX-FlashHead/.venv/lib/python3.10/site-packages/setuptools/command/build_ext.py", line 202, in build_extension
          _build_ext.build_extension(self, ext)
        File "/usr/lib/python3.10/distutils/command/build_ext.py", line 529, in build_extension
          objects = self.compiler.compile(sources,
        File "setup.py", line 258, in compile_new
          return compile_orig(*args, **{
        File "/workspace/SoulX-FlashHead/.venv/lib/python3.10/site-packages/torch/utils/cpp_extension.py", line 815, in unix_wrap_ninja_compile
          _write_ninja_file_and_compile_objects(
        File "/workspace/SoulX-FlashHead/.venv/lib/python3.10/site-packages/torch/utils/cpp_extension.py", line 2159, in _write_ninja_file_and_compile_objects
          _run_ninja_build(
        File "/workspace/SoulX-FlashHead/.venv/lib/python3.10/site-packages/torch/utils/cpp_extension.py", line 2522, in _run_ninja_build
          raise RuntimeError(message) from e
      RuntimeError: Error compiling objects for extension
      [end of output]
  
  note: This error originates from a subprocess, and is likely not a problem with pip.
  ERROR: Failed building wheel for sageattention
Failed to build sageattention

[notice] A new release of pip is available: 25.2 -> 26.2.1
[notice] To update, run: /workspace/SoulX-FlashHead/.venv/bin/python -m pip install --upgrade pip
error: failed-wheel-build-for-install

× Failed to build installable wheels for some pyproject.toml based projects
╰─> sageattention
