name,calls,device_type,self_cpu_time_us,cpu_time_us,self_cuda_time_us,self_cuda_time_us_source,cuda_time_us,cuda_time_us_source,self_cuda_memory_bytes,self_cuda_memory_bytes_source,cuda_memory_bytes,cuda_memory_bytes_source
aten::slice,683,DeviceType.CPU,1218.8829999967747,1514.8929999972133,0,self_device_time_total,0,device_time_total,0,self_device_memory_usage,0,device_memory_usage
aten::as_strided,1845,DeviceType.CPU,759.5779999972583,759.5779999972583,0,self_device_time_total,0,device_time_total,0,self_device_memory_usage,0,device_memory_usage
aten::clone,91,DeviceType.CPU,655.2369999983584,5312.288999998696,0.0,self_device_time_total,6194.8339999980635,device_time_total,0,self_device_memory_usage,1257398272,device_memory_usage
aten::empty_like,273,DeviceType.CPU,722.0669999977727,1744.2409999983247,0,self_device_time_total,0,device_time_total,0,self_device_memory_usage,3510494720,device_memory_usage
aten::empty_strided,545,DeviceType.CPU,1846.9510000029495,1927.7210000040159,0,self_device_time_total,0,device_time_total,6834504192,self_device_memory_usage,6834504192,device_memory_usage
aten::copy_,481,DeviceType.CPU,2184.2960000007224,1713366.2619999992,42131.55899999922,self_device_time_total,44402.13599999875,device_time_total,0,self_device_memory_usage,0,device_memory_usage
Activity Buffer Request,2,DeviceType.CPU,985.6639999999024,985.6639999999024,2367.5089999999,self_device_time_total,2367.5089999999,device_time_total,0,self_device_memory_usage,0,device_memory_usage
cudaLaunchKernel,6208,DeviceType.CPU,18503.853999993156,107924.1789999936,0.0,self_device_time_total,156142.78999999608,device_time_total,0,self_device_memory_usage,0,device_memory_usage
"void at::native::elementwise_kernel<128, 4, at::native::gpu_kernel_impl_nocast<at::native::direct_copy_kernel_cuda(at::TensorIteratorBase&)::{lambda()#3}::operator()() const::{lambda()#12}::operator()() const::{lambda(c10::BFloat16)#1}>(at::TensorIteratorBase&, at::native::direct_copy_kernel_cuda(at::TensorIteratorBase&)::{lambda()#3}::operator()() const::{lambda()#12}::operator()() const::{lambda(c10::BFloat16)#1} const&)::{lambda(int)#1}>(int, at::native::gpu_kernel_impl_nocast<at::native::direct_copy_kernel_cuda(at::TensorIteratorBase&)::{lambda()#3}::operator()() const::{lambda()#12}::operator()() const::{lambda(c10::BFloat16)#1}>(at::TensorIteratorBase&, at::native::direct_copy_kernel_cuda(at::TensorIteratorBase&)::{lambda()#3}::operator()() const::{lambda()#12}::operator()() const::{lambda(c10::BFloat16)#1} const&)::{lambda(int)#1})",167,DeviceType.CUDA,0,0,6262.164999998688,self_device_time_total,6262.164999998688,device_time_total,0,self_device_memory_usage,0,device_memory_usage
[memory],3029,DeviceType.CPU,0.0,0.0,0,self_device_time_total,0,device_time_total,-21100931584,self_device_memory_usage,-21100931584,device_memory_usage
cudaStreamIsCapturing,912,DeviceType.CPU,186.9189999980299,186.9189999980299,0,self_device_time_total,0,device_time_total,0,self_device_memory_usage,0,device_memory_usage
cudaEventRecord,264,DeviceType.CPU,286.3180000004959,286.3180000004959,143.2329999999929,self_device_time_total,143.2329999999929,device_time_total,0,self_device_memory_usage,0,device_memory_usage
aten::lift_fresh,21,DeviceType.CPU,11.790000000624786,11.790000000624786,0,self_device_time_total,0,device_time_total,0,self_device_memory_usage,0,device_memory_usage
aten::to,952,DeviceType.CPU,371.5470000062378,1712074.9820000045,0.0,self_device_time_total,38183.97400000115,device_time_total,0,self_device_memory_usage,6665418240,device_memory_usage
aten::_to_copy,378,DeviceType.CPU,1080.893999996495,1711703.4349999982,0.0,self_device_time_total,38183.97400000115,device_time_total,0,self_device_memory_usage,6665418240,device_memory_usage
cudaMemcpyAsync,75,DeviceType.CPU,225210.2950000005,226155.88000000035,0.0,self_device_time_total,132.6090000005206,device_time_total,0,self_device_memory_usage,0,device_memory_usage
cudaStreamSynchronize,27,DeviceType.CPU,1478849.3260000004,1478849.3260000004,0,self_device_time_total,0,device_time_total,0,self_device_memory_usage,0,device_memory_usage
Memcpy HtoD (Pageable -> Device),24,DeviceType.CUDA,0,0,68.41700000003766,self_device_time_total,68.41700000003766,device_time_total,0,self_device_memory_usage,0,device_memory_usage
aten::unsqueeze,202,DeviceType.CPU,311.7099999965212,400.19999999714673,0,self_device_time_total,0,device_time_total,0,self_device_memory_usage,0,device_memory_usage
aten::conv1d,24,DeviceType.CPU,37.79000000035376,2041.9470000000183,0.0,self_device_time_total,17187.222999998834,device_time_total,0,self_device_memory_usage,316070912,device_memory_usage
aten::convolution,651,DeviceType.CPU,1802.8719999973273,130464.3049999986,0.0,self_device_time_total,712592.4679999969,device_time_total,0,self_device_memory_usage,7623918592,device_memory_usage
aten::_convolution,651,DeviceType.CPU,2476.877999996117,128661.43300000127,0.0,self_device_time_total,712592.4679999969,device_time_total,-48078848,self_device_memory_usage,7623918592,device_memory_usage
aten::cudnn_convolution,651,DeviceType.CPU,12612.81400000611,123600.7000000054,484129.5910000013,self_device_time_total,711963.4399999983,device_time_total,7623918592,self_device_memory_usage,7623918592,device_memory_usage
"void implicit_convolve_sgemm<float, float, 1024, 5, 5, 3, 3, 3, 1, false, false, true>(int, int, int, float const*, int, float*, float const*, kernel_conv_params, unsigned long long, int, float, float, int, float const*, float const*, bool, bool, int, int)",3,DeviceType.CUDA,0,0,644.6140000000214,self_device_time_total,644.6140000000214,device_time_total,0,self_device_memory_usage,0,device_memory_usage
aten::squeeze,27,DeviceType.CPU,47.349000000134765,57.30900000029578,0,self_device_time_total,0,device_time_total,0,self_device_memory_usage,0,device_memory_usage
aten::group_norm,3,DeviceType.CPU,157.49900000008893,354.9990000001071,0.0,self_device_time_total,789.0000000000582,device_time_total,-12288,self_device_memory_usage,157280256,device_memory_usage
aten::native_group_norm,3,DeviceType.CPU,89.91000000017448,197.5000000000182,789.0000000000582,self_device_time_total,789.0000000000582,device_time_total,-12288,self_device_memory_usage,157292544,device_memory_usage
aten::empty,2985,DeviceType.CPU,6233.591999997636,6290.950999996992,0,self_device_time_total,0,device_time_total,5352879104,self_device_memory_usage,5352879104,device_memory_usage
"void at::native::(anonymous namespace)::RowwiseMomentsCUDAKernel<float>(long, float, float const*, float*, float*)",3,DeviceType.CUDA,0,0,260.16200000013487,self_device_time_total,260.16200000013487,device_time_total,0,self_device_memory_usage,0,device_memory_usage
aten::view,1899,DeviceType.CPU,1682.7920000027916,1682.7920000027916,0,self_device_time_total,0,device_time_total,0,self_device_memory_usage,0,device_memory_usage
aten::gelu,60,DeviceType.CPU,318.1989999999314,497.94799999982934,1085.5779999996594,self_device_time_total,1085.5779999996594,device_time_total,419899392,self_device_memory_usage,419899392,device_memory_usage
"void at::native::(anonymous namespace)::ComputeFusedParamsCUDAKernel<float>(long, long, long, float const*, float const*, float const*, float const*, at::AccumulateType<float, true>::type*, at::AccumulateType<float, true>::type*)",3,DeviceType.CUDA,0,0,5.536999999869295,self_device_time_total,5.536999999869295,device_time_total,0,self_device_memory_usage,0,device_memory_usage
"void at::native::elementwise_kernel<128, 2, at::native::gpu_kernel_impl_nocast<at::native::(anonymous namespace)::GroupNormKernelImplInternal<float>(at::Tensor const&, at::Tensor const&, at::Tensor const&, long, long, long, long, float, at::Tensor&, at::Tensor&, at::Tensor&)::{lambda(float, float, float)#2}>(at::TensorIteratorBase&, at::native::(anonymous namespace)::GroupNormKernelImplInternal<float>(at::Tensor const&, at::Tensor const&, at::Tensor const&, long, long, long, long, float, at::Tensor&, at::Tensor&, at::Tensor&)::{lambda(float, float, float)#2} const&)::{lambda(int)#1}>(int, at::native::gpu_kernel_impl_nocast<at::native::(anonymous namespace)::GroupNormKernelImplInternal<float>(at::Tensor const&, at::Tensor const&, at::Tensor const&, long, long, long, long, float, at::Tensor&, at::Tensor&, at::Tensor&)::{lambda(float, float, float)#2}>(at::TensorIteratorBase&, at::native::(anonymous namespace)::GroupNormKernelImplInternal<float>(at::Tensor const&, at::Tensor const&, at::Tensor const&, long, long, long, long, float, at::Tensor&, at::Tensor&, at::Tensor&)::{lambda(float, float, float)#2} const&)::{lambda(int)#1})",3,DeviceType.CUDA,0,0,523.301000000054,self_device_time_total,523.301000000054,device_time_total,0,self_device_memory_usage,0,device_memory_usage
cudaPeekAtLastError,2111,DeviceType.CPU,96.73899999390414,96.73899999390414,0,self_device_time_total,0,device_time_total,0,self_device_memory_usage,0,device_memory_usage
cudaFuncGetAttributes,559,DeviceType.CPU,963.9650000002366,963.9650000002366,0,self_device_time_total,0,device_time_total,0,self_device_memory_usage,0,device_memory_usage
cudaLaunchKernelExC,1617,DeviceType.CPU,5586.147999997778,85269.6179999993,0.0,self_device_time_total,99808.51700000206,device_time_total,0,self_device_memory_usage,0,device_memory_usage
"void at::native::vectorized_elementwise_kernel<4, at::native::GeluCUDAKernelImpl(at::TensorIteratorBase&, at::native::GeluType)::{lambda()#2}::operator()() const::{lambda()#2}::operator()() const::{lambda(float)#1}, std::array<char*, 2ul> >(int, at::native::GeluCUDAKernelImpl(at::TensorIteratorBase&, at::native::GeluType)::{lambda()#2}::operator()() const::{lambda()#2}::operator()() const::{lambda(float)#1}, std::array<char*, 2ul>)",57,DeviceType.CUDA,0,0,1079.626999999542,self_device_time_total,1079.626999999542,device_time_total,0,self_device_memory_usage,0,device_memory_usage
"void cudnn::engines_precompiled::nchwToNhwcKernel<float, float, float, false, true, (cudnnKernelDataType_t)2>(cudnn::engines_precompiled::nchw2nhwc_params_t<float>, float const*, float*)",132,DeviceType.CUDA,0,0,1861.9669999991602,self_device_time_total,1861.9669999991602,device_time_total,0,self_device_memory_usage,0,device_memory_usage
aten::transpose,830,DeviceType.CPU,747.7980000044117,1041.8470000009838,0,self_device_time_total,0,device_time_total,0,self_device_memory_usage,0,device_memory_usage
aten::upsample_linear1d,3,DeviceType.CPU,263.9389999997802,318.0089999998454,169.76100000010047,self_device_time_total,172.70500000004176,device_time_total,1228800,self_device_memory_usage,1228800,device_memory_usage
sm86_xmma_fprop_implicit_gemm_tf32f32_tf32f32_f32_nhwckrsc_nchw_tilesize128x128x32_stage3_warpsize2x2x1_g1_tensor16x8x8_alignc4_execute_kernel__5x_cudnn,18,DeviceType.CUDA,0,0,3874.882999999867,self_device_time_total,3874.882999999867,device_time_total,0,self_device_memory_usage,0,device_memory_usage
aten::zero_,3,DeviceType.CPU,7.540000000066357,42.34000000008382,0.0,self_device_time_total,2.9439999999412976,device_time_total,0,self_device_memory_usage,0,device_memory_usage
aten::fill_,9,DeviceType.CPU,34.60999999943306,68.09999999994761,5.887999999958993,self_device_time_total,5.887999999958993,device_time_total,0,self_device_memory_usage,0,device_memory_usage
aten::layer_norm,84,DeviceType.CPU,134.89999999901192,1558.2529999991384,0.0,self_device_time_total,299.0440000002418,device_time_total,-5676032,self_device_memory_usage,58336256,device_memory_usage
aten::native_layer_norm,81,DeviceType.CPU,520.9939999997005,1254.6829999999318,250.17800000048373,self_device_time_total,259.5860000004941,device_time_total,-1228800,self_device_memory_usage,52982784,device_memory_usage
aten::contiguous,41,DeviceType.CPU,45.110000001110166,2563.406999999959,0.0,self_device_time_total,1366.6979999979558,device_time_total,0,self_device_memory_usage,253681664,device_memory_usage
aten::linear,411,DeviceType.CPU,982.7450000002318,10385.836999999658,0.0,self_device_time_total,17701.343000000004,device_time_total,0,self_device_memory_usage,375060480,device_memory_usage
aten::reshape,672,DeviceType.CPU,665.2629999968267,1398.3289999968838,0,self_device_time_total,0,device_time_total,0,self_device_memory_usage,0,device_memory_usage
aten::t,411,DeviceType.CPU,383.7989999999518,880.478000001036,0,self_device_time_total,0,device_time_total,0,self_device_memory_usage,0,device_memory_usage
aten::addmm,417,DeviceType.CPU,4791.923000000155,8014.646000000121,17852.256000000296,self_device_time_total,17852.256000000296,device_time_total,-62195712,self_device_memory_usage,375060480,device_memory_usage
cudaMemsetAsync,433,DeviceType.CPU,1278.8110000011475,2795.5660000012103,0.0,self_device_time_total,2604.180999999866,device_time_total,0,self_device_memory_usage,0,device_memory_usage
aten::dropout,114,DeviceType.CPU,28.849999999059946,28.849999999059946,0,self_device_time_total,0,device_time_total,0,self_device_memory_usage,0,device_memory_usage
aten::_weight_norm,3,DeviceType.CPU,9.210000000231958,69.74000000009983,0.0,self_device_time_total,699.5899999997164,device_time_total,-512,self_device_memory_usage,57016832,device_memory_usage
aten::_weight_norm_interface,3,DeviceType.CPU,20.61999999973341,60.52999999986787,699.5899999997164,self_device_time_total,699.5899999997164,device_time_total,0,self_device_memory_usage,57017856,device_memory_usage
cudaStreamWaitEvent,186,DeviceType.CPU,155.4500000005537,155.4500000005537,0,self_device_time_total,0,device_time_total,0,self_device_memory_usage,0,device_memory_usage
cudaFuncSetAttribute,463,DeviceType.CPU,426.9059999977653,426.9059999977653,0,self_device_time_total,0,device_time_total,0,self_device_memory_usage,0,device_memory_usage
aten::add_,3,DeviceType.CPU,26.288999999796943,41.218999999920925,6.431999999957043,self_device_time_total,6.431999999957043,device_time_total,0,self_device_memory_usage,0,device_memory_usage
aten::add,213,DeviceType.CPU,1089.7579999990303,3378.324999999859,1866.0639999986925,self_device_time_total,1875.9199999989542,device_time_total,603986944,self_device_memory_usage,603986944,device_memory_usage
aten::rand,36,DeviceType.CPU,63.26000000061322,172.42900000020018,0,self_device_time_total,0,device_time_total,0,self_device_memory_usage,0,device_memory_usage
aten::uniform_,36,DeviceType.CPU,66.82900000029986,66.82900000029986,0,self_device_time_total,0,device_time_total,0,self_device_memory_usage,0,device_memory_usage
aten::scaled_dot_product_attention,36,DeviceType.CPU,217.7890000003572,1015.5650000002206,0.0,self_device_time_total,1209.1000000001914,device_time_total,0,self_device_memory_usage,22118400,device_memory_usage
aten::_scaled_dot_product_efficient_attention,65,DeviceType.CPU,327.7060000005513,2902.1230000002215,0.0,self_device_time_total,6564.889000001462,device_time_total,0,self_device_memory_usage,75333632,device_memory_usage
aten::_efficient_attention_forward,65,DeviceType.CPU,509.6060000018333,2269.31899999937,5524.880000000947,self_device_time_total,6564.889000001462,device_time_total,-83099648,self_device_memory_usage,75333632,device_memory_usage
"void at::native::vectorized_elementwise_kernel<4, at::native::FillFunctor<float>, std::array<char*, 1ul> >(int, at::native::FillFunctor<float>, std::array<char*, 1ul>)",3,DeviceType.CUDA,0,0,2.9439999999412976,self_device_time_total,2.9439999999412976,device_time_total,0,self_device_memory_usage,0,device_memory_usage
"void at::native::(anonymous namespace)::upsample_linear1d_out_frame<float, float>(int, float, bool, at::GenericPackedTensorAccessor<float const, 3ul, at::DefaultPtrTraits, long>, at::GenericPackedTensorAccessor<float, 3ul, at::DefaultPtrTraits, long>)",3,DeviceType.CUDA,0,0,169.76100000010047,self_device_time_total,169.76100000010047,device_time_total,0,self_device_memory_usage,0,device_memory_usage
"void at::native::elementwise_kernel<128, 2, at::native::gpu_kernel_impl_nocast<at::native::direct_copy_kernel_cuda(at::TensorIteratorBase&)::{lambda()#3}::operator()() const::{lambda()#7}::operator()() const::{lambda(float)#1}>(at::TensorIteratorBase&, at::native::direct_copy_kernel_cuda(at::TensorIteratorBase&)::{lambda()#3}::operator()() const::{lambda()#7}::operator()() const::{lambda(float)#1} const&)::{lambda(int)#1}>(int, at::native::gpu_kernel_impl_nocast<at::native::direct_copy_kernel_cuda(at::TensorIteratorBase&)::{lambda()#3}::operator()() const::{lambda()#7}::operator()() const::{lambda(float)#1}>(at::TensorIteratorBase&, at::native::direct_copy_kernel_cuda(at::TensorIteratorBase&)::{lambda()#3}::operator()() const::{lambda()#7}::operator()() const::{lambda(float)#1} const&)::{lambda(int)#1})",9,DeviceType.CUDA,0,0,582.4679999998662,self_device_time_total,582.4679999998662,device_time_total,0,self_device_memory_usage,0,device_memory_usage
"void at::native::(anonymous namespace)::vectorized_layer_norm_kernel<float, float>(int, float, float const*, float const*, float const*, float*, float*, float*)",81,DeviceType.CUDA,0,0,250.17800000048373,self_device_time_total,250.17800000048373,device_time_total,0,self_device_memory_usage,0,device_memory_usage
Memset (Device),421,DeviceType.CUDA,0,0,269.6709999986051,self_device_time_total,269.6709999986051,device_time_total,0,self_device_memory_usage,0,device_memory_usage
ampere_sgemm_128x32_tn,183,DeviceType.CUDA,0,0,6619.735000000477,self_device_time_total,6619.735000000477,device_time_total,0,self_device_memory_usage,0,device_memory_usage
"void at::native::(anonymous namespace)::weight_norm_fwd_last_dim_kernel<float, float>(float*, float*, float const*, float const*, int, int)",3,DeviceType.CUDA,0,0,699.5899999997164,self_device_time_total,699.5899999997164,device_time_total,0,self_device_memory_usage,0,device_memory_usage
cudaOccupancyMaxActiveBlocksPerMultiprocessor,216,DeviceType.CPU,118.95799999996962,118.95799999996962,0,self_device_time_total,0,device_time_total,0,self_device_memory_usage,0,device_memory_usage
void cutlass__5x_cudnn::Kernel<cutlass_tensorop_s1688fprop_analytic_tf32_128x64_16x6_nhwc_align4>(cutlass_tensorop_s1688fprop_analytic_tf32_128x64_16x6_nhwc_align4::Params),48,DeviceType.CUDA,0,0,10726.399000000052,self_device_time_total,10726.399000000052,device_time_total,0,self_device_memory_usage,0,device_memory_usage
"void cudnn::engines_precompiled::nhwcToNchwKernel<float, float, float, true, false, (cudnnKernelDataType_t)0>(cudnn::engines_precompiled::nhwc2nchw_params_t<float>, float const*, float*)",48,DeviceType.CUDA,0,0,62.27199999989898,self_device_time_total,62.27199999989898,device_time_total,0,self_device_memory_usage,0,device_memory_usage
"void at::native::elementwise_kernel<128, 2, at::native::gpu_kernel_impl_nocast<at::native::CUDAFunctor_add<float> >(at::TensorIteratorBase&, at::native::CUDAFunctor_add<float> const&)::{lambda(int)#1}>(int, at::native::gpu_kernel_impl_nocast<at::native::CUDAFunctor_add<float> >(at::TensorIteratorBase&, at::native::CUDAFunctor_add<float> const&)::{lambda(int)#1})",6,DeviceType.CUDA,0,0,20.480999999792402,self_device_time_total,20.480999999792402,device_time_total,0,self_device_memory_usage,0,device_memory_usage
"void at::native::elementwise_kernel<128, 2, at::native::gpu_kernel_impl_nocast<at::native::GeluCUDAKernelImpl(at::TensorIteratorBase&, at::native::GeluType)::{lambda()#2}::operator()() const::{lambda()#2}::operator()() const::{lambda(float)#1}>(at::TensorIteratorBase&, at::native::GeluCUDAKernelImpl(at::TensorIteratorBase&, at::native::GeluType)::{lambda()#2}::operator()() const::{lambda()#2}::operator()() const::{lambda(float)#1} const&)::{lambda(int)#1}>(int, at::native::gpu_kernel_impl_nocast<at::native::GeluCUDAKernelImpl(at::TensorIteratorBase&, at::native::GeluType)::{lambda()#2}::operator()() const::{lambda()#2}::operator()() const::{lambda(float)#1}>(at::TensorIteratorBase&, at::native::GeluCUDAKernelImpl(at::TensorIteratorBase&, at::native::GeluType)::{lambda()#2}::operator()() const::{lambda()#2}::operator()() const::{lambda(float)#1} const&)::{lambda(int)#1})",3,DeviceType.CUDA,0,0,5.951000000117347,self_device_time_total,5.951000000117347,device_time_total,0,self_device_memory_usage,0,device_memory_usage
"fmha_cutlassF_f32_aligned_64x64_rf_sm80(PyTorchMemEffAttention::AttentionKernel<float, cutlass::arch::Sm80, true, 64, 64, 64, true, true>::Params)",36,DeviceType.CUDA,0,0,1209.1000000001914,self_device_time_total,1209.1000000001914,device_time_total,0,self_device_memory_usage,0,device_memory_usage
"void at::native::vectorized_elementwise_kernel<4, at::native::CUDAFunctor_add<float>, std::array<char*, 3ul> >(int, at::native::CUDAFunctor_add<float>, std::array<char*, 3ul>)",72,DeviceType.CUDA,0,0,113.08800000058909,self_device_time_total,113.08800000058909,device_time_total,0,self_device_memory_usage,0,device_memory_usage
ampere_sgemm_128x64_tn,36,DeviceType.CUDA,0,0,2893.015999999927,self_device_time_total,2893.015999999927,device_time_total,0,self_device_memory_usage,0,device_memory_usage
aten::stack,12,DeviceType.CPU,66.18900000206122,474.7890000004227,0.0,self_device_time_total,744.0700000006291,device_time_total,0,self_device_memory_usage,161349632,device_memory_usage
aten::cat,62,DeviceType.CPU,984.5840000018943,4895.154999999755,1436.784000000218,self_device_time_total,1635.1209999996936,device_time_total,469003264,self_device_memory_usage,469003264,device_memory_usage
aten::permute,24,DeviceType.CPU,72.13999999974112,93.66000000019267,0,self_device_time_total,0,device_time_total,0,self_device_memory_usage,0,device_memory_usage
aten::arange,12,DeviceType.CPU,39.15899999965768,81.90799999990486,0,self_device_time_total,0,device_time_total,0,self_device_memory_usage,0,device_memory_usage
aten::resize_,39,DeviceType.CPU,75.35900000096808,76.27900000100999,0,self_device_time_total,0,device_time_total,276632064,self_device_memory_usage,276632064,device_memory_usage
aten::sub,51,DeviceType.CPU,243.2589999980628,416.3189999988608,662.883000000962,self_device_time_total,666.1790000009642,device_time_total,346508288,self_device_memory_usage,346508288,device_memory_usage
aten::mul,258,DeviceType.CPU,2597.636000000948,3312.8119999990195,3032.4370000005365,self_device_time_total,3053.3330000006026,device_time_total,1052983296,self_device_memory_usage,1052983296,device_memory_usage
aten::clamp,15,DeviceType.CPU,104.00999999861233,157.75999999973646,831.8470000004163,self_device_time_total,831.8470000004163,device_time_total,275283968,self_device_memory_usage,275283968,device_memory_usage
aten::index,3,DeviceType.CPU,53.92999999998574,4134.748999999996,37.8889999997773,self_device_time_total,38.880999999906635,device_time_total,20311552,self_device_memory_usage,20316160,device_memory_usage
"void at::native::(anonymous namespace)::CatArrayBatchedCopy_aligned16_contig<at::native::(anonymous namespace)::OpaqueType<4u>, unsigned int, 3, 128, 1>(at::native::(anonymous namespace)::OpaqueType<4u>*, at::native::(anonymous namespace)::CatArrInputTensorMetadata<at::native::(anonymous namespace)::OpaqueType<4u>, unsigned int, 128, 1>, at::native::(anonymous namespace)::TensorSizeStride<unsigned int, 4u>, int, unsigned int)",3,DeviceType.CUDA,0,0,46.52899999984584,self_device_time_total,46.52899999984584,device_time_total,0,self_device_memory_usage,0,device_memory_usage
"void at::native::index_elementwise_kernel<128, 4, at::native::gpu_index_kernel<at::native::index_kernel_impl<at::native::OpaqueType<4> >(at::TensorIteratorBase&, c10::ArrayRef<long>, c10::ArrayRef<long>)::{lambda(char*, char const*, long)#1}>(at::TensorIteratorBase&, c10::ArrayRef<long>, c10::ArrayRef<long>, at::native::index_kernel_impl<at::native::OpaqueType<4> >(at::TensorIteratorBase&, c10::ArrayRef<long>, c10::ArrayRef<long>)::{lambda(char*, char const*, long)#1} const&)::{lambda(int)#1}>(long, at::native::gpu_index_kernel<at::native::index_kernel_impl<at::native::OpaqueType<4> >(at::TensorIteratorBase&, c10::ArrayRef<long>, c10::ArrayRef<long>)::{lambda(char*, char const*, long)#1}>(at::TensorIteratorBase&, c10::ArrayRef<long>, c10::ArrayRef<long>, at::native::index_kernel_impl<at::native::OpaqueType<4> >(at::TensorIteratorBase&, c10::ArrayRef<long>, c10::ArrayRef<long>)::{lambda(char*, char const*, long)#1} const&)::{lambda(int)#1})",3,DeviceType.CUDA,0,0,37.8889999997773,self_device_time_total,37.8889999997773,device_time_total,0,self_device_memory_usage,0,device_memory_usage
"void at::native::vectorized_elementwise_kernel<4, at::native::bfloat16_copy_kernel_cuda(at::TensorIteratorBase&)::{lambda(float)#1}, std::array<char*, 2ul> >(int, at::native::bfloat16_copy_kernel_cuda(at::TensorIteratorBase&)::{lambda(float)#1}, std::array<char*, 2ul>)",108,DeviceType.CUDA,0,0,182.8150000001806,self_device_time_total,182.8150000001806,device_time_total,0,self_device_memory_usage,0,device_memory_usage
aten::_reshape_alias,12,DeviceType.CPU,21.339999999170686,21.339999999170686,0,self_device_time_total,0,device_time_total,0,self_device_memory_usage,0,device_memory_usage
aten::narrow,124,DeviceType.CPU,135.0399999996116,327.3099999983933,0,self_device_time_total,0,device_time_total,0,self_device_memory_usage,0,device_memory_usage
"std::enable_if<!(false), void>::type internal::gemvx::kernel<int, int, __nv_bfloat16, float, float, float, false, true, true, false, 7, false, cublasGemvParamsEx<int, cublasGemvTensorStridedBatched<__nv_bfloat16 const>, cublasGemvTensorStridedBatched<float const>, cublasGemvTensorStridedBatched<float>, float> >(cublasGemvParamsEx<int, cublasGemvTensorStridedBatched<__nv_bfloat16 const>, cublasGemvTensorStridedBatched<float const>, cublasGemvTensorStridedBatched<float>, float>)",3,DeviceType.CUDA,0,0,324.2589999999291,self_device_time_total,324.2589999999291,device_time_total,0,self_device_memory_usage,0,device_memory_usage
aten::relu,9,DeviceType.CPU,18.060000000150467,99.63000000023021,0.0,self_device_time_total,9.696000000050844,device_time_total,0,self_device_memory_usage,55296,device_memory_usage
aten::clamp_min,9,DeviceType.CPU,49.570000000239816,81.57000000007974,9.696000000050844,self_device_time_total,9.696000000050844,device_time_total,55296,self_device_memory_usage,55296,device_memory_usage
cudaDeviceGetAttribute,1492,DeviceType.CPU,293.409000002066,293.409000002066,0,self_device_time_total,0,device_time_total,0,self_device_memory_usage,0,device_memory_usage
cuLaunchKernel,8266,DeviceType.CPU,26963.69499999712,277068.2329999943,0.0,self_device_time_total,61331.17999999839,device_time_total,0,self_device_memory_usage,0,device_memory_usage
"void cublasLt::splitKreduce_kernel<32, 16, int, float, __nv_bfloat16, float, __nv_bfloat16, false, __nv_bfloat16, __nv_bfloat16, __nv_bfloat16, true, false, false>(cublasLt::cublasSplitKParams<float>, float const*, __nv_bfloat16 const*, __nv_bfloat16*, __nv_bfloat16*, float const*, float const*, __nv_bfloat16 const*, float const*, __nv_bfloat16*, void*, long, float*, int*, float*, float*, float const*, float const*, float const*, float const*, float const*)",3,DeviceType.CUDA,0,0,3.6799999999202555,self_device_time_total,3.6799999999202555,device_time_total,0,self_device_memory_usage,0,device_memory_usage
aten::concat,3,DeviceType.CPU,3.4499999998151907,42.18999999982043,0.0,self_device_time_total,4.960000000097352,device_time_total,0,self_device_memory_usage,27648,device_memory_usage
"void cublasLt::epilogue::impl::globalKernel<8, 32, __nv_bfloat16, __nv_bfloat16, float, true, true, 1>(int, int, long, __nv_bfloat16*, cublasLtEpilogue_t, int, __nv_bfloat16*, long, void*, long, long, long, float*, long, int*)",3,DeviceType.CUDA,0,0,3.7440000000424334,self_device_time_total,3.7440000000424334,device_time_total,0,self_device_memory_usage,0,device_memory_usage
"void at::native::vectorized_elementwise_kernel<4, at::native::(anonymous namespace)::launch_clamp_scalar(at::TensorIteratorBase&, c10::Scalar, c10::Scalar, at::native::detail::ClampLimits)::{lambda()#1}::operator()() const::{lambda()#9}::operator()() const::{lambda(c10::BFloat16)#1}, std::array<char*, 2ul> >(int, at::native::(anonymous namespace)::launch_clamp_scalar(at::TensorIteratorBase&, c10::Scalar, c10::Scalar, at::native::detail::ClampLimits)::{lambda()#1}::operator()() const::{lambda()#9}::operator()() const::{lambda(c10::BFloat16)#1}, std::array<char*, 2ul>)",21,DeviceType.CUDA,0,0,269.89000000030137,self_device_time_total,269.89000000030137,device_time_total,0,self_device_memory_usage,0,device_memory_usage
void cutlass::Kernel2<cutlass_80_wmma_tensorop_bf16_s161616gemm_bf16_32x32_128x2_tn_align8>(cutlass_80_wmma_tensorop_bf16_s161616gemm_bf16_32x32_128x2_tn_align8::Params),3,DeviceType.CUDA,0,0,640.3259999999391,self_device_time_total,640.3259999999391,device_time_total,0,self_device_memory_usage,0,device_memory_usage
"void cublasLt::splitKreduce_kernel<32, 16, int, __nv_bfloat16, __nv_bfloat16, float, __nv_bfloat16, false, __nv_bfloat16, __nv_bfloat16, __nv_bfloat16, true, true, false>(cublasLt::cublasSplitKParams<float>, __nv_bfloat16 const*, __nv_bfloat16 const*, __nv_bfloat16*, __nv_bfloat16*, float const*, float const*, __nv_bfloat16 const*, __nv_bfloat16 const*, __nv_bfloat16*, void*, long, float*, int*, float*, float*, float const*, float const*, float const*, float const*, float const*)",3,DeviceType.CUDA,0,0,6.239999999936117,self_device_time_total,6.239999999936117,device_time_total,0,self_device_memory_usage,0,device_memory_usage
"void at::native::(anonymous namespace)::CatArrayBatchedCopy_contig<at::native::(anonymous namespace)::OpaqueType<2u>, unsigned int, 3, 128, 1>(at::native::(anonymous namespace)::OpaqueType<2u>*, at::native::(anonymous namespace)::CatArrInputTensorMetadata<at::native::(anonymous namespace)::OpaqueType<2u>, unsigned int, 128, 1>, at::native::(anonymous namespace)::TensorSizeStride<unsigned int, 4u>, int, unsigned int)",3,DeviceType.CUDA,0,0,4.960000000097352,self_device_time_total,4.960000000097352,device_time_total,0,self_device_memory_usage,0,device_memory_usage
void cutlass::Kernel2<cutlass_80_wmma_tensorop_bf16_s161616gemm_bf16_16x16_128x2_tn_align8>(cutlass_80_wmma_tensorop_bf16_s161616gemm_bf16_16x16_128x2_tn_align8::Params),3,DeviceType.CUDA,0,0,14.656000000002678,self_device_time_total,14.656000000002678,device_time_total,0,self_device_memory_usage,0,device_memory_usage
void cutlass::Kernel2<cutlass_80_wmma_tensorop_bf16_s161616gemm_bf16_16x16_128x1_tn_align8>(cutlass_80_wmma_tensorop_bf16_s161616gemm_bf16_16x16_128x1_tn_align8::Params),3,DeviceType.CUDA,0,0,337.2510000000002,self_device_time_total,337.2510000000002,device_time_total,0,self_device_memory_usage,0,device_memory_usage
"void at::native::unrolled_elementwise_kernel<at::native::direct_copy_kernel_cuda(at::TensorIteratorBase&)::{lambda()#3}::operator()() const::{lambda()#7}::operator()() const::{lambda(float)#1}, std::array<char*, 2ul>, 4, TrivialOffsetCalculator<1, unsigned int>, TrivialOffsetCalculator<1, unsigned int>, at::native::memory::LoadWithCast<1>, at::native::memory::StoreWithCast<1> >(int, at::native::direct_copy_kernel_cuda(at::TensorIteratorBase&)::{lambda()#3}::operator()() const::{lambda()#7}::operator()() const::{lambda(float)#1}, std::array<char*, 2ul>, TrivialOffsetCalculator<1, unsigned int>, TrivialOffsetCalculator<1, unsigned int>, at::native::memory::LoadWithCast<1>, at::native::memory::StoreWithCast<1>)",102,DeviceType.CUDA,0,0,713.380000000092,self_device_time_total,713.380000000092,device_time_total,0,self_device_memory_usage,0,device_memory_usage
aten::pow,120,DeviceType.CPU,676.1359999976048,1106.7139999985266,1175.7859999992834,self_device_time_total,1175.7859999992834,device_time_total,488636416,self_device_memory_usage,488636416,device_memory_usage
ampere_bf16_s1688gemm_bf16_128x128_ldg8_relu_f2f_stages_32x1_tn,180,DeviceType.CUDA,0,0,6662.815000000544,self_device_time_total,6662.815000000544,device_time_total,0,self_device_memory_usage,0,device_memory_usage
aten::result_type,120,DeviceType.CPU,25.790000000233704,25.790000000233704,0,self_device_time_total,0,device_time_total,0,self_device_memory_usage,0,device_memory_usage
"void at::native::vectorized_elementwise_kernel<4, at::native::(anonymous namespace)::pow_tensor_scalar_kernel_impl<float, float>(at::TensorIteratorBase&, float)::{lambda(float)#1}, std::array<char*, 2ul> >(int, at::native::(anonymous namespace)::pow_tensor_scalar_kernel_impl<float, float>(at::TensorIteratorBase&, float)::{lambda(float)#1}, std::array<char*, 2ul>)",90,DeviceType.CUDA,0,0,194.9790000001849,self_device_time_total,194.9790000001849,device_time_total,0,self_device_memory_usage,0,device_memory_usage
aten::mean,96,DeviceType.CPU,580.1950000003453,859.134000000362,499.55700000019715,self_device_time_total,499.55700000019715,device_time_total,141312,self_device_memory_usage,141312,device_memory_usage
"void at::native::reduce_kernel<512, 1, at::native::ReduceOp<float, at::native::MeanOps<float, float, float, float>, unsigned int, float, 4, 4> >(at::native::ReduceOp<float, at::native::MeanOps<float, float, float, float>, unsigned int, float, 4, 4>)",90,DeviceType.CUDA,0,0,313.6670000005324,self_device_time_total,313.6670000005324,device_time_total,0,self_device_memory_usage,0,device_memory_usage
"void at::native::vectorized_elementwise_kernel<4, at::native::CUDAFunctorOnSelf_add<float>, std::array<char*, 2ul> >(int, at::native::CUDAFunctorOnSelf_add<float>, std::array<char*, 2ul>)",93,DeviceType.CUDA,0,0,691.1749999988133,self_device_time_total,691.1749999988133,device_time_total,0,self_device_memory_usage,0,device_memory_usage
aten::rsqrt,90,DeviceType.CPU,297.6100000008628,524.8100000001468,82.24299999954019,self_device_time_total,82.24299999954019,device_time_total,138240,self_device_memory_usage,138240,device_memory_usage
"void at::native::vectorized_elementwise_kernel<4, at::native::rsqrt_kernel_cuda(at::TensorIteratorBase&)::{lambda()#2}::operator()() const::{lambda()#2}::operator()() const::{lambda(float)#1}, std::array<char*, 2ul> >(int, at::native::rsqrt_kernel_cuda(at::TensorIteratorBase&)::{lambda()#2}::operator()() const::{lambda()#2}::operator()() const::{lambda(float)#1}, std::array<char*, 2ul>)",90,DeviceType.CUDA,0,0,82.24299999954019,self_device_time_total,82.24299999954019,device_time_total,0,self_device_memory_usage,0,device_memory_usage
"void at::native::elementwise_kernel<128, 2, at::native::gpu_kernel_impl_nocast<at::native::BinaryFunctor<float, float, float, at::native::binary_internal::MulFunctor<float> > >(at::TensorIteratorBase&, at::native::BinaryFunctor<float, float, float, at::native::binary_internal::MulFunctor<float> > const&)::{lambda(int)#1}>(int, at::native::gpu_kernel_impl_nocast<at::native::BinaryFunctor<float, float, float, at::native::binary_internal::MulFunctor<float> > >(at::TensorIteratorBase&, at::native::BinaryFunctor<float, float, float, at::native::binary_internal::MulFunctor<float> > const&)::{lambda(int)#1})",90,DeviceType.CUDA,0,0,271.55100000098173,self_device_time_total,271.55100000098173,device_time_total,0,self_device_memory_usage,0,device_memory_usage
"void at::native::elementwise_kernel<128, 4, at::native::gpu_kernel_impl_nocast<at::native::BinaryFunctor<c10::BFloat16, c10::BFloat16, c10::BFloat16, at::native::binary_internal::MulFunctor<float> > >(at::TensorIteratorBase&, at::native::BinaryFunctor<c10::BFloat16, c10::BFloat16, c10::BFloat16, at::native::binary_internal::MulFunctor<float> > const&)::{lambda(int)#1}>(int, at::native::gpu_kernel_impl_nocast<at::native::BinaryFunctor<c10::BFloat16, c10::BFloat16, c10::BFloat16, at::native::binary_internal::MulFunctor<float> > >(at::TensorIteratorBase&, at::native::BinaryFunctor<c10::BFloat16, c10::BFloat16, c10::BFloat16, at::native::binary_internal::MulFunctor<float> > const&)::{lambda(int)#1})",114,DeviceType.CUDA,0,0,710.565999999606,self_device_time_total,710.565999999606,device_time_total,0,self_device_memory_usage,0,device_memory_usage
aten::randn,9,DeviceType.CPU,33.429999999509164,327.8189999995884,0.0,self_device_time_total,43.00799999978335,device_time_total,0,self_device_memory_usage,4644864,device_memory_usage
aten::normal_,9,DeviceType.CPU,63.77000000018961,272.5689999998467,32.19199999993725,self_device_time_total,43.00799999978335,device_time_total,0,self_device_memory_usage,0,device_memory_usage
"void at::native::(anonymous namespace)::distribution_elementwise_grid_stride_kernel<float, 4, at::native::templates::cuda::normal_and_transform<c10::BFloat16, float, at::CUDAGeneratorImpl*, at::native::templates::cuda::normal_kernel<at::CUDAGeneratorImpl*>(at::TensorBase const&, double, double, at::CUDAGeneratorImpl*)::{lambda()#1}::operator()() const::{lambda()#4}::operator()() const::{lambda(float)#1}>(at::TensorIteratorBase&, at::CUDAGeneratorImpl*, at::native::templates::cuda::normal_kernel<at::CUDAGeneratorImpl*>(at::TensorBase const&, double, double, at::CUDAGeneratorImpl*)::{lambda()#1}::operator()() const::{lambda()#4}::operator()() const::{lambda(float)#1})::{lambda(curandStatePhilox4_32_10*)#2}, at::native::(anonymous namespace)::distribution_nullary_kernel<c10::BFloat16, float, float4, at::CUDAGeneratorImpl*, at::native::templates::cuda::normal_and_transform<c10::BFloat16, float, at::CUDAGeneratorImpl*, at::native::templates::cuda::normal_kernel<at::CUDAGeneratorImpl*>(at::TensorBase const&, double, double, at::CUDAGeneratorImpl*)::{lambda()#1}::operator()() const::{lambda()#4}::operator()() const::{lambda(float)#1}>(at::TensorIteratorBase&, at::CUDAGeneratorImpl*, at::native::templates::cuda::normal_kernel<at::CUDAGeneratorImpl*>(at::TensorBase const&, double, double, at::CUDAGeneratorImpl*)::{lambda()#1}::operator()() const::{lambda()#4}::operator()() const::{lambda(float)#1})::{lambda(curandStatePhilox4_32_10*)#2}, at::native::templates::cuda::normal_kernel<at::CUDAGeneratorImpl*>(at::TensorBase const&, double, double, at::CUDAGeneratorImpl*)::{lambda()#1}::operator()() const::{lambda()#4}::operator()() const::{lambda(float)#1}>(at::TensorIteratorBase&, at::CUDAGeneratorImpl*, at::native::templates::cuda::normal_and_transform<c10::BFloat16, float, at::CUDAGeneratorImpl*, at::native::templates::cuda::normal_kernel<at::CUDAGeneratorImpl*>(at::TensorBase const&, double, double, at::CUDAGeneratorImpl*)::{lambda()#1}::operator()() const::{lambda()#4}::operator()() const::{lambda(float)#1}>(at::TensorIteratorBase&, at::CUDAGeneratorImpl*, at::native::templates::cuda::normal_kernel<at::CUDAGeneratorImpl*>(at::TensorBase const&, double, double, at::CUDAGeneratorImpl*)::{lambda()#1}::operator()() const::{lambda()#4}::operator()() const::{lambda(float)#1})::{lambda(curandStatePhilox4_32_10*)#2} const&, at::native::templates::cuda::normal_kernel<at::CUDAGeneratorImpl*>(at::TensorBase const&, double, double, at::CUDAGeneratorImpl*)::{lambda()#1}::operator()() const::{lambda()#4}::operator()() const::{lambda(float)#1})::{lambda(int, float)#1}>(long, at::PhiloxCudaState, at::native::templates::cuda::normal_and_transform<c10::BFloat16, float, at::CUDAGeneratorImpl*, at::native::templates::cuda::normal_kernel<at::CUDAGeneratorImpl*>(at::TensorBase const&, double, double, at::CUDAGeneratorImpl*)::{lambda()#1}::operator()() const::{lambda()#4}::operator()() const::{lambda(float)#1}>(at::TensorIteratorBase&, at::CUDAGeneratorImpl*, at::native::templates::cuda::normal_kernel<at::CUDAGeneratorImpl*>(at::TensorBase const&, double, double, at::CUDAGeneratorImpl*)::{lambda()#1}::operator()() const::{lambda()#4}::operator()() const::{lambda(float)#1})::{lambda(curandStatePhilox4_32_10*)#2}, at::native::(anonymous namespace)::distribution_nullary_kernel<c10::BFloat16, float, float4, at::CUDAGeneratorImpl*, at::native::templates::cuda::normal_and_transform<c10::BFloat16, float, at::CUDAGeneratorImpl*, at::native::templates::cuda::normal_kernel<at::CUDAGeneratorImpl*>(at::TensorBase const&, double, double, at::CUDAGeneratorImpl*)::{lambda()#1}::operator()() const::{lambda()#4}::operator()() const::{lambda(float)#1}>(at::TensorIteratorBase&, at::CUDAGeneratorImpl*, at::native::templates::cuda::normal_kernel<at::CUDAGeneratorImpl*>(at::TensorBase const&, double, double, at::CUDAGeneratorImpl*)::{lambda()#1}::operator()() const::{lambda()#4}::operator()() const::{lambda(float)#1})::{lambda(curandStatePhilox4_32_10*)#2}, at::native::templates::cuda::normal_kernel<at::CUDAGeneratorImpl*>(at::TensorBase const&, double, double, at::CUDAGeneratorImpl*)::{lambda()#1}::operator()() const::{lambda()#4}::operator()() const::{lambda(float)#1}>(at::TensorIteratorBase&, at::CUDAGeneratorImpl*, at::native::templates::cuda::normal_and_transform<c10::BFloat16, float, at::CUDAGeneratorImpl*, at::native::templates::cuda::normal_kernel<at::CUDAGeneratorImpl*>(at::TensorBase const&, double, double, at::CUDAGeneratorImpl*)::{lambda()#1}::operator()() const::{lambda()#4}::operator()() const::{lambda(float)#1}>(at::TensorIteratorBase&, at::CUDAGeneratorImpl*, at::native::templates::cuda::normal_kernel<at::CUDAGeneratorImpl*>(at::TensorBase const&, double, double, at::CUDAGeneratorImpl*)::{lambda()#1}::operator()() const::{lambda()#4}::operator()() const::{lambda(float)#1})::{lambda(curandStatePhilox4_32_10*)#2} const&, at::native::templates::cuda::normal_kernel<at::CUDAGeneratorImpl*>(at::TensorBase const&, double, double, at::CUDAGeneratorImpl*)::{lambda()#1}::operator()() const::{lambda()#4}::operator()() const::{lambda(float)#1})::{lambda(int, float)#1})",9,DeviceType.CUDA,0,0,32.19199999993725,self_device_time_total,32.19199999993725,device_time_total,0,self_device_memory_usage,0,device_memory_usage
TorchDynamo Cache Lookup,2280,DeviceType.CPU,31473.380000002257,31473.380000002257,0,self_device_time_total,0,device_time_total,0,self_device_memory_usage,0,device_memory_usage
Torch-Compiled Region: 0/0,6,DeviceType.CPU,2363.2760000001726,368519.5010000001,0.0,self_device_time_total,750897.1570000038,device_time_total,-2307391488,self_device_memory_usage,3096576,device_memory_usage
triton_poi_fused_cat_0,48,DeviceType.CPU,338.8969999993533,846.9619999999813,1274.0269999987067,self_device_time_total,1345.4529999982187,device_time_total,0,self_device_memory_usage,0,device_memory_usage
triton_poi_fused_cat_0,48,DeviceType.CUDA,0,0,1274.0269999987067,self_device_time_total,1274.0269999987067,device_time_total,0,self_device_memory_usage,0,device_memory_usage
"void cudnn::engines_precompiled::nchwToNhwcKernel<__nv_bfloat16, __nv_bfloat16, float, false, true, (cudnnKernelDataType_t)0>(cudnn::engines_precompiled::nchw2nhwc_params_t<float>, __nv_bfloat16 const*, __nv_bfloat16*)",870,DeviceType.CUDA,0,0,36481.92699999765,self_device_time_total,36481.92699999765,device_time_total,0,self_device_memory_usage,0,device_memory_usage
sm80_xmma_fprop_implicit_gemm_bf16bf16_bf16f32_f32_nhwckrsc_nhwc_tilesize128x32x32_stage4_warpsize4x1x1_g1_tensor16x8x16_execute_kernel__5x_cudnn,24,DeviceType.CUDA,0,0,13772.437999999354,self_device_time_total,13772.437999999354,device_time_total,0,self_device_memory_usage,0,device_memory_usage
triton_poi_fused_clone_1,6,DeviceType.CPU,63.83000000024913,87.89000000020314,75.13800000018819,self_device_time_total,75.13800000018819,device_time_total,0,self_device_memory_usage,0,device_memory_usage
"void cudnn::engines_precompiled::nhwcToNchwKernel<__nv_bfloat16, __nv_bfloat16, float, true, false, (cudnnKernelDataType_t)0>(cudnn::engines_precompiled::nhwc2nchw_params_t<float>, __nv_bfloat16 const*, __nv_bfloat16*)",435,DeviceType.CUDA,0,0,9949.945000005002,self_device_time_total,9949.945000005002,device_time_total,0,self_device_memory_usage,0,device_memory_usage
triton_poi_fused_clone_1,6,DeviceType.CUDA,0,0,75.13800000018819,self_device_time_total,75.13800000018819,device_time_total,0,self_device_memory_usage,0,device_memory_usage
Torch-Compiled Region: 2/0,180,DeviceType.CPU,9766.264000000963,362095.4750000007,0.0,self_device_time_total,749814.2670000037,device_time_total,-4458627072,self_device_memory_usage,2229977088,device_memory_usage
triton_poi_fused_add_0,180,DeviceType.CPU,936.647000000281,1706.592000000066,289.4439999997994,self_device_time_total,289.4439999997994,device_time_total,0,self_device_memory_usage,0,device_memory_usage
triton_poi_fused_add_0,180,DeviceType.CUDA,0,0,289.4439999997994,self_device_time_total,289.4439999997994,device_time_total,0,self_device_memory_usage,0,device_memory_usage
triton_red_fused_add_mul_native_layer_norm_1,180,DeviceType.CPU,720.5649999995912,1215.1549999992494,9260.139000001294,self_device_time_total,9260.139000001294,device_time_total,0,self_device_memory_usage,0,device_memory_usage
triton_red_fused_add_mul_native_layer_norm_1,180,DeviceType.CUDA,0,0,9260.139000001294,self_device_time_total,9260.139000001294,device_time_total,0,self_device_memory_usage,0,device_memory_usage
Torch-Compiled Region: 3/0,180,DeviceType.CPU,21308.702000000463,222591.44399999914,0.0,self_device_time_total,304274.06100000034,device_time_total,0,self_device_memory_usage,4459069440,device_memory_usage
triton_red_fused_abs_amax_0,360,DeviceType.CPU,1943.3700000012395,4078.62400000012,3425.6950000003853,self_device_time_total,3674.7239999996964,device_time_total,0,self_device_memory_usage,0,device_memory_usage
triton_red_fused_abs_amax_0,360,DeviceType.CUDA,0,0,3425.6950000003853,self_device_time_total,3425.6950000003853,device_time_total,0,self_device_memory_usage,0,device_memory_usage
triton_per_fused__to_copy_abs_amax_clamp_min_div_1,720,DeviceType.CPU,2500.2589999987795,10973.875999997017,780.4939999989219,self_device_time_total,904.1179999980595,device_time_total,0,self_device_memory_usage,0,device_memory_usage
triton_per_fused__to_copy_abs_amax_clamp_min_div_1,720,DeviceType.CUDA,0,0,780.4939999989219,self_device_time_total,780.4939999989219,device_time_total,0,self_device_memory_usage,0,device_memory_usage
triton_poi_fused__scaled_mm__to_copy_clamp_clamp_min_div_2,720,DeviceType.CPU,3198.8669999982158,18864.867999999537,10098.406000001163,self_device_time_total,12097.2620000016,device_time_total,0,self_device_memory_usage,0,device_memory_usage
triton_poi_fused__scaled_mm__to_copy_clamp_clamp_min_div_2,720,DeviceType.CUDA,0,0,10098.406000001163,self_device_time_total,10098.406000001163,device_time_total,0,self_device_memory_usage,0,device_memory_usage
aten::_scaled_mm,1080,DeviceType.CPU,19313.645000004264,82990.84500000044,163210.39500000054,self_device_time_total,188904.4420000016,device_time_total,-1132462080,self_device_memory_usage,0,device_memory_usage
sm89_xmma_gemm_e4m3bf16_e4m3f32_f32_tn_n_tilesize64x128x64_stage4_warpsize2x2x1_tensor16x8x32_algo2_execute_kernel__5x_cublas,1080,DeviceType.CUDA,0,0,163210.39500000054,self_device_time_total,163210.39500000054,device_time_total,0,self_device_memory_usage,0,device_memory_usage
triton_red_fused__to_copy_mean_pow_stack_3,180,DeviceType.CPU,1551.6889999996056,26382.10099999996,16972.908000001396,self_device_time_total,21779.473000001544,device_time_total,0,self_device_memory_usage,0,device_memory_usage
Torch-Compiled Region: 4/0,180,DeviceType.CPU,6748.768000000691,62907.69100000018,0.0,self_device_time_total,135881.2129999997,device_time_total,0,self_device_memory_usage,2229534720,device_memory_usage
Torch-Compiled Region: 5/0,180,DeviceType.CPU,1330.556000000015,52309.46199999969,0.0,self_device_time_total,135881.2129999997,device_time_total,-147456,self_device_memory_usage,2229534720,device_memory_usage
Torch-Compiled Region: 6/0,180,DeviceType.CPU,13891.777999996852,49385.54600000032,0.0,self_device_time_total,135881.2129999997,device_time_total,877879296,self_device_memory_usage,2229682176,device_memory_usage
quant_query_per_thread_int8_kernel_0,180,DeviceType.CPU,1181.3410000011827,2211.139999999963,4065.46800000063,self_device_time_total,4065.46800000063,device_time_total,0,self_device_memory_usage,0,device_memory_usage
triton_red_fused_mean_0,180,DeviceType.CPU,739.9570000022759,1243.1260000006805,4138.2500000006075,self_device_time_total,4138.2500000006075,device_time_total,0,self_device_memory_usage,0,device_memory_usage
triton_red_fused__to_copy_mean_pow_stack_3,180,DeviceType.CUDA,0,0,16972.908000001396,self_device_time_total,16972.908000001396,device_time_total,0,self_device_memory_usage,0,device_memory_usage
triton_per_fused_mean_1,180,DeviceType.CPU,637.7479999989919,1088.325999999368,396.45300000089264,self_device_time_total,396.45300000089264,device_time_total,0,self_device_memory_usage,0,device_memory_usage
triton_poi_fused_2,180,DeviceType.CPU,681.3360000010107,4623.244999999515,6843.698000000048,self_device_time_total,7187.794999999998,device_time_total,0,self_device_memory_usage,0,device_memory_usage
quant_key_per_thread_int8_kernel_1,180,DeviceType.CPU,695.3660000005402,1143.8839999999145,2087.6079999987633,self_device_time_total,2087.6079999987633,device_time_total,0,self_device_memory_usage,0,device_memory_usage
Torch-Compiled Region: 7/0,180,DeviceType.CPU,3240.2070000008716,7692.8630000016565,13534.54499999931,self_device_time_total,15742.65899999761,device_time_total,123863040,self_device_memory_usage,1351802880,device_memory_usage
Torch-Compiled Region: 8/0,180,DeviceType.CPU,2259.4679999989967,2795.1259999991053,2208.113999998299,self_device_time_total,2208.113999998299,device_time_total,1227939840,self_device_memory_usage,1227939840,device_memory_usage
Torch-Compiled Region: 10/0,180,DeviceType.CPU,4989.520000002576,14701.638000001352,0.0,self_device_time_total,102262.9800000012,device_time_total,0,self_device_memory_usage,0,device_memory_usage
quant_query_per_thread_int8_kernel,180,DeviceType.CUDA,0,0,4065.46800000063,self_device_time_total,4065.46800000063,device_time_total,0,self_device_memory_usage,0,device_memory_usage
triton_red_fused_mean_0,180,DeviceType.CUDA,0,0,4138.2500000006075,self_device_time_total,4138.2500000006075,device_time_total,0,self_device_memory_usage,0,device_memory_usage
triton_per_fused_mean_1,180,DeviceType.CUDA,0,0,396.45300000089264,self_device_time_total,396.45300000089264,device_time_total,0,self_device_memory_usage,0,device_memory_usage
triton_poi_fused_2,180,DeviceType.CUDA,0,0,6843.698000000048,self_device_time_total,6843.698000000048,device_time_total,0,self_device_memory_usage,0,device_memory_usage
quant_key_per_thread_int8_kernel,180,DeviceType.CUDA,0,0,2087.6079999987633,self_device_time_total,2087.6079999987633,device_time_total,0,self_device_memory_usage,0,device_memory_usage
"void TransposePadPermuteKernel<128u, 64u, true, __nv_bfloat16>(__nv_bfloat16*, __nv_bfloat16*, unsigned int, unsigned int, unsigned int, unsigned int, unsigned int, unsigned int, unsigned int)",180,DeviceType.CUDA,0,0,13534.54499999931,self_device_time_total,13534.54499999931,device_time_total,0,self_device_memory_usage,0,device_memory_usage
"void MeanScaleKernel<64u, false, __nv_bfloat16>(__nv_bfloat16*, signed char*, float*, float*, float, unsigned int, unsigned int, unsigned int, unsigned int, unsigned int, unsigned int, unsigned int, unsigned int, unsigned int, unsigned int, unsigned int)",180,DeviceType.CUDA,0,0,2208.113999998299,self_device_time_total,2208.113999998299,device_time_total,0,self_device_memory_usage,0,device_memory_usage
sageattention_sm89::qk_int8_sv_f8_accum_f16_fuse_v_scale_attn_inst_buf,180,DeviceType.CPU,7637.730000000462,9319.978999998963,97318.90400000091,self_device_time_total,102262.9800000012,device_time_total,0,self_device_memory_usage,0,device_memory_usage
"void qk_int_sv_f8_attn_kernel<128u, 64u, 32u, 64u, 128u, (DataType)1, (QuantGranularity)3, (QuantGranularity)3, float, true, __nv_bfloat16, (ComputeUnit)1, (MaskMode)0, false, true, false, true>(signed char*, signed char*, signed char*, __nv_bfloat16*, float*, float*, float*, float*, float*, unsigned int, unsigned int, unsigned int, unsigned int, unsigned int, unsigned int, unsigned int, unsigned int, unsigned int, unsigned int, unsigned int, unsigned int, unsigned int, unsigned int, unsigned int, float)",180,DeviceType.CUDA,0,0,97318.90400000091,self_device_time_total,97318.90400000091,device_time_total,0,self_device_memory_usage,0,device_memory_usage
aten::alias,180,DeviceType.CPU,392.1389999998137,392.1389999998137,0,self_device_time_total,0,device_time_total,0,self_device_memory_usage,0,device_memory_usage
aten::reshape_as,180,DeviceType.CPU,208.8489999993144,723.3139999990126,0,self_device_time_total,0,device_time_total,0,self_device_memory_usage,0,device_memory_usage
Torch-Compiled Region: 11/0,180,DeviceType.CPU,45.89999999951033,45.89999999951033,0,self_device_time_total,0,device_time_total,0,self_device_memory_usage,0,device_memory_usage
Torch-Compiled Region: 12/0,180,DeviceType.CPU,10861.075000001641,30943.54200000012,0.0,self_device_time_total,33258.849999998,device_time_total,2229534720,self_device_memory_usage,2229534720,device_memory_usage
Torch-Compiled Region: 13/0,180,DeviceType.CPU,31336.176000003725,118727.39600000119,0.0,self_device_time_total,435990.6230000023,device_time_total,-34928640,self_device_memory_usage,2229534720,device_memory_usage
triton_red_fused_abs_add_amax_mul_native_layer_norm_0,180,DeviceType.CPU,1518.6449999976103,2414.3299999990086,9702.872999999156,self_device_time_total,9702.872999999156,device_time_total,0,self_device_memory_usage,0,device_memory_usage
triton_red_fused__to_copy_abs_amax_clamp_min_div_1,180,DeviceType.CPU,751.3080000009395,1244.9330000005866,296.54699999816876,self_device_time_total,296.54699999816876,device_time_total,0,self_device_memory_usage,0,device_memory_usage
triton_red_fused__flash_attn_forward__to_copy_mean_pow_3,180,DeviceType.CPU,882.9560000002457,1422.448999999684,3921.277000000493,self_device_time_total,3921.277000000493,device_time_total,0,self_device_memory_usage,0,device_memory_usage
flash_attn::_flash_attn_forward,180,DeviceType.CPU,7973.939000002814,11182.075999999885,5427.751999999517,self_device_time_total,5610.569999999661,device_time_total,0,self_device_memory_usage,2264463360,device_memory_usage
triton_red_fused_abs_amax_4,180,DeviceType.CPU,831.0859999998029,22461.118000000235,1729.0999999994383,self_device_time_total,2295.249999998967,device_time_total,0,self_device_memory_usage,0,device_memory_usage
triton_per_fused__to_copy_abs_amax_clamp_min_div_5,180,DeviceType.CPU,675.9040000000678,5995.635999999136,198.6320000005544,self_device_time_total,208.5840000003991,device_time_total,0,self_device_memory_usage,0,device_memory_usage
triton_red_fused__to_copy_abs_add_amax_clamp_clamp_min_div_mul_native_layer_norm_round_6,180,DeviceType.CPU,1550.7939999999617,7773.746999999679,14539.233999999076,self_device_time_total,19264.331999998376,device_time_total,0,self_device_memory_usage,0,device_memory_usage
triton_red_fused_abs_add_amax_mul_native_layer_norm_0,180,DeviceType.CUDA,0,0,9702.872999999156,self_device_time_total,9702.872999999156,device_time_total,0,self_device_memory_usage,0,device_memory_usage
aten::_int_mm,360,DeviceType.CPU,3604.677999999818,6377.665000000299,190839.91600000233,self_device_time_total,217730.22800000294,device_time_total,0,self_device_memory_usage,0,device_memory_usage
triton_red_fused__to_copy_abs_amax_clamp_min_div_1,180,DeviceType.CUDA,0,0,296.54699999816876,self_device_time_total,296.54699999816876,device_time_total,0,self_device_memory_usage,0,device_memory_usage
triton_red_fused__flash_attn_forward__to_copy_mean_pow_3,180,DeviceType.CUDA,0,0,3921.277000000493,self_device_time_total,3921.277000000493,device_time_total,0,self_device_memory_usage,0,device_memory_usage
"void flash::flash_fwd_kernel<Flash_fwd_kernel_traits<128, 128, 32, 4, false, false, cutlass::bfloat16_t, Flash_kernel_traits<128, 128, 32, 4, cutlass::bfloat16_t> >, false, false, false, false, false, true, false, false>(flash::Flash_fwd_params)",180,DeviceType.CUDA,0,0,5427.751999999517,self_device_time_total,5427.751999999517,device_time_total,0,self_device_memory_usage,0,device_memory_usage
triton_red_fused_abs_amax_4,180,DeviceType.CUDA,0,0,1729.0999999994383,self_device_time_total,1729.0999999994383,device_time_total,0,self_device_memory_usage,0,device_memory_usage
triton_per_fused__to_copy_abs_amax_clamp_min_div_5,180,DeviceType.CUDA,0,0,198.6320000005544,self_device_time_total,198.6320000005544,device_time_total,0,self_device_memory_usage,0,device_memory_usage
triton_poi_fused__to_copy_clamp_div_round_7,180,DeviceType.CPU,1259.934999998768,1860.390999998399,74424.78000000102,self_device_time_total,78147.49800000104,device_time_total,0,self_device_memory_usage,0,device_memory_usage
triton_poi_fused_add_mul_8,180,DeviceType.CPU,1386.657999998868,7021.860999999139,31318.99000000069,self_device_time_total,39846.29300000123,device_time_total,0,self_device_memory_usage,0,device_memory_usage
triton_red_fused__to_copy_abs_add_amax_clamp_clamp_min_div_mul_native_layer_norm_round_6,180,DeviceType.CUDA,0,0,14539.233999999076,self_device_time_total,14539.233999999076,device_time_total,0,self_device_memory_usage,0,device_memory_usage
void cutlass::Kernel2<cutlass_80_tensorop_i16832gemm_s8_256x128_64x3_tn_align16>(cutlass_80_tensorop_i16832gemm_s8_256x128_64x3_tn_align16::Params),360,DeviceType.CUDA,0,0,190839.91600000233,self_device_time_total,190839.91600000233,device_time_total,0,self_device_memory_usage,0,device_memory_usage
triton_poi_fused__to_copy_clamp_div_round_7,180,DeviceType.CUDA,0,0,74424.78000000102,self_device_time_total,74424.78000000102,device_time_total,0,self_device_memory_usage,0,device_memory_usage
triton_poi_fused_add_mul_8,180,DeviceType.CUDA,0,0,31318.99000000069,self_device_time_total,31318.99000000069,device_time_total,0,self_device_memory_usage,0,device_memory_usage
Torch-Compiled Region: 14/0,6,DeviceType.CPU,313.99000000006345,582.0890000001091,0.0,self_device_time_total,489.7640000002575,device_time_total,3096576,self_device_memory_usage,3096576,device_memory_usage
triton_red_fused_add_mul_native_layer_norm_0,6,DeviceType.CPU,43.510000000096625,76.14000000015949,338.850999999966,self_device_time_total,338.850999999966,device_time_total,0,self_device_memory_usage,0,device_memory_usage
Torch-Compiled Region: 15/0,6,DeviceType.CPU,211.07900000007066,279.05900000002293,0.0,self_device_time_total,9.44000000008964,device_time_total,3096576,self_device_memory_usage,3096576,device_memory_usage
triton_poi_fused_clone_0,6,DeviceType.CPU,34.96999999995751,67.97999999995227,9.44000000008964,self_device_time_total,9.44000000008964,device_time_total,0,self_device_memory_usage,0,device_memory_usage
aten::select,73,DeviceType.CPU,200.198999999222,239.75799999860465,0,self_device_time_total,0,device_time_total,0,self_device_memory_usage,0,device_memory_usage
aten::div,72,DeviceType.CPU,447.7980000018433,1216.0770000012562,1749.3919999978098,self_device_time_total,1754.7359999977343,device_time_total,649641472,self_device_memory_usage,649641472,device_memory_usage
aten::rsub,6,DeviceType.CPU,19.289000000004307,107.11899999977322,0.0,self_device_time_total,9.889000000053784,device_time_total,0,self_device_memory_usage,3072,device_memory_usage
Command Buffer Full,2093,DeviceType.CPU,421670.672999999,421670.672999999,320019.2769999969,self_device_time_total,320019.2769999969,device_time_total,0,self_device_memory_usage,0,device_memory_usage
triton_red_fused_add_mul_native_layer_norm_0,6,DeviceType.CUDA,0,0,338.850999999966,self_device_time_total,338.850999999966,device_time_total,0,self_device_memory_usage,0,device_memory_usage
void cutlass::Kernel2<cutlass_80_wmma_tensorop_bf16_s161616gemm_bf16_32x32_64x1_tn_align8>(cutlass_80_wmma_tensorop_bf16_s161616gemm_bf16_32x32_64x1_tn_align8::Params),6,DeviceType.CUDA,0,0,150.9130000002915,self_device_time_total,150.9130000002915,device_time_total,0,self_device_memory_usage,0,device_memory_usage
triton_poi_fused_clone_0,6,DeviceType.CUDA,0,0,9.44000000008964,self_device_time_total,9.44000000008964,device_time_total,0,self_device_memory_usage,0,device_memory_usage
"void at::native::vectorized_elementwise_kernel<4, at::native::BUnaryFunctor<float, float, float, at::native::binary_internal::MulFunctor<float> >, std::array<char*, 2ul> >(int, at::native::BUnaryFunctor<float, float, float, at::native::binary_internal::MulFunctor<float> >, std::array<char*, 2ul>)",15,DeviceType.CUDA,0,0,636.4219999997003,self_device_time_total,636.4219999997003,device_time_total,0,self_device_memory_usage,0,device_memory_usage
"void at::native::vectorized_elementwise_kernel<4, at::native::CUDAFunctor_add<c10::BFloat16>, std::array<char*, 3ul> >(int, at::native::CUDAFunctor_add<c10::BFloat16>, std::array<char*, 3ul>)",21,DeviceType.CUDA,0,0,449.8600000003062,self_device_time_total,449.8600000003062,device_time_total,0,self_device_memory_usage,0,device_memory_usage
"void at::native::vectorized_elementwise_kernel<4, at::native::CUDAFunctorOnOther_add<c10::BFloat16>, std::array<char*, 2ul> >(int, at::native::CUDAFunctorOnOther_add<c10::BFloat16>, std::array<char*, 2ul>)",6,DeviceType.CUDA,0,0,6.593000000051688,self_device_time_total,6.593000000051688,device_time_total,0,self_device_memory_usage,0,device_memory_usage
Torch-Compiled Region: 17/0,1,DeviceType.CPU,46.87999999997555,103.22999999998137,0.0,self_device_time_total,4.383000000030734,device_time_total,0,self_device_memory_usage,516096,device_memory_usage
triton_poi_fused_convolution_0,26,DeviceType.CPU,177.79999999911524,1019.9169999995793,3865.6369999995804,self_device_time_total,4391.849999999395,device_time_total,0,self_device_memory_usage,0,device_memory_usage
Torch-Compiled Region: 17/1,1,DeviceType.CPU,62.14000000001397,142.08900000000722,0.0,self_device_time_total,115.45600000000559,device_time_total,0,self_device_memory_usage,1572864,device_memory_usage
triton_poi_fused_constant_pad_nd_0,7,DeviceType.CPU,81.40900000047986,134.4590000002936,264.9299999999057,self_device_time_total,264.9299999999057,device_time_total,0,self_device_memory_usage,0,device_memory_usage
triton_poi_fused_constant_pad_nd_convolution_1,8,DeviceType.CPU,66.18900000010035,585.505999999994,20.480000000301516,self_device_time_total,22.336000000330387,device_time_total,0,self_device_memory_usage,0,device_memory_usage
Torch-Compiled Region: 19/0,1,DeviceType.CPU,146.3389999999781,2062.9290000000037,0.0,self_device_time_total,2274.548999999708,device_time_total,1835008,self_device_memory_usage,5242880,device_memory_usage
triton_red_fused_linalg_vector_norm_0,138,DeviceType.CPU,761.0569999997388,7921.1689999994705,3572.7039999984263,self_device_time_total,4089.763999998133,device_time_total,0,self_device_memory_usage,0,device_memory_usage
triton_per_fused_linalg_vector_norm_1,207,DeviceType.CPU,769.5390000014158,39512.24700000044,299.2369999992661,self_device_time_total,415.91299999906914,device_time_total,0,self_device_memory_usage,0,device_memory_usage
triton_poi_fused_add_constant_pad_nd_div_mul_silu_2,4,DeviceType.CPU,22.990000000048894,477.0370000000112,52.929999999993015,self_device_time_total,92.67499999998836,device_time_total,0,self_device_memory_usage,0,device_memory_usage
triton_red_fused_convolution_linalg_vector_norm_3,92,DeviceType.CPU,598.2659999983734,6384.658999999578,640.0430000002088,self_device_time_total,876.3979999998119,device_time_total,0,self_device_memory_usage,0,device_memory_usage
triton_poi_fused_add_constant_pad_nd_convolution_div_mul_silu_4,5,DeviceType.CPU,29.10000000000582,178.84900000001653,69.0570000000007,self_device_time_total,82.78500000000349,device_time_total,0,self_device_memory_usage,0,device_memory_usage
triton_poi_fused_add_convolution_div_mul_silu_5,4,DeviceType.CPU,35.209000000031665,222.79900000002817,16.41599999999744,self_device_time_total,24.64000000001397,device_time_total,0,self_device_memory_usage,0,device_memory_usage
triton_poi_fused_add_convolution_div_mul_silu_6,5,DeviceType.CPU,25.779999999998836,810.9860000000044,16.159000000014203,self_device_time_total,25.726000000024214,device_time_total,0,self_device_memory_usage,0,device_memory_usage
Torch-Compiled Region: 20/0,23,DeviceType.CPU,3295.000999998825,23459.815999999497,0.0,self_device_time_total,7526.527000000322,device_time_total,-131661824,self_device_memory_usage,42205184,device_memory_usage
triton_poi_fused_add_div_mul_2,23,DeviceType.CPU,131.3389999998035,3292.9730000001728,84.2570000004489,self_device_time_total,135.97000000067055,device_time_total,0,self_device_memory_usage,0,device_memory_usage
triton_poi_fused__scaled_dot_product_efficient_attention_3,23,DeviceType.CPU,139.3590000003751,1994.280999999959,55.45699999987846,self_device_time_total,72.03299999970477,device_time_total,0,self_device_memory_usage,0,device_memory_usage
triton_poi_fused__scaled_dot_product_efficient_attention_4,23,DeviceType.CPU,95.74999999967986,595.4679999998189,62.1789999998,self_device_time_total,81.7959999992454,device_time_total,0,self_device_memory_usage,0,device_memory_usage
triton_poi_fused__scaled_dot_product_efficient_attention_5,23,DeviceType.CPU,115.15900000056718,2493.0290000000095,99.0720000003057,self_device_time_total,153.02400000064517,device_time_total,0,self_device_memory_usage,0,device_memory_usage
triton_poi_fused_add_6,23,DeviceType.CPU,181.6280000002007,2245.089000000269,79.52100000096834,self_device_time_total,117.66700000179117,device_time_total,0,self_device_memory_usage,0,device_memory_usage
Torch-Compiled Region: 19/1,1,DeviceType.CPU,132.9990000000398,2013.328999999998,0.0,self_device_time_total,2273.1070000000764,device_time_total,1572864,self_device_memory_usage,5242880,device_memory_usage
triton_per_fused_add_div_linalg_vector_norm_mul_silu_0,1,DeviceType.CPU,8.25,13.470000000001164,3.9359999999869615,self_device_time_total,3.9359999999869615,device_time_total,0,self_device_memory_usage,0,device_memory_usage
triton_poi_fused_add_constant_pad_nd_div_mul_silu_1,1,DeviceType.CPU,5.539999999979045,9.699999999982538,17.60000000000582,self_device_time_total,17.60000000000582,device_time_total,0,self_device_memory_usage,0,device_memory_usage
triton_red_fused_convolution_linalg_vector_norm_2,23,DeviceType.CPU,159.06899999961024,811.6559999997553,159.7140000006184,self_device_time_total,207.68300000112504,device_time_total,0,self_device_memory_usage,0,device_memory_usage
triton_per_fused_convolution_linalg_vector_norm_3,23,DeviceType.CPU,97.45000000056461,2985.425000000396,32.7039999999688,self_device_time_total,43.84000000008382,device_time_total,0,self_device_memory_usage,0,device_memory_usage
triton_poi_fused_add_convolution_5,1,DeviceType.CPU,6.980000000010477,392.9780000000028,2.752999999996973,self_device_time_total,5.505999999993946,device_time_total,0,self_device_memory_usage,0,device_memory_usage
Torch-Compiled Region: 19/2,1,DeviceType.CPU,140.2499999999418,846.3950000000186,0.0,self_device_time_total,1948.338999999949,device_time_total,1835008,self_device_memory_usage,5505024,device_memory_usage
Torch-Compiled Region: 19/3,1,DeviceType.CPU,143.8979999999865,1070.2540000000154,0.0,self_device_time_total,2541.393999999942,device_time_total,1835008,self_device_memory_usage,5505024,device_memory_usage
Torch-Compiled Region: 19/4,1,DeviceType.CPU,139.28800000005867,2187.008999999991,0.0,self_device_time_total,1931.1920000000682,device_time_total,1835008,self_device_memory_usage,5505024,device_memory_usage
Torch-Compiled Region: 21/0,1,DeviceType.CPU,79.36999999993714,253.9989999999816,0.0,self_device_time_total,209.63399999996182,device_time_total,0,self_device_memory_usage,2883584,device_memory_usage
triton_poi_fused__to_copy__unsafe_index_0,2,DeviceType.CPU,12.610000000015134,24.70000000001164,182.20999999999185,self_device_time_total,182.20999999999185,device_time_total,0,self_device_memory_usage,0,device_memory_usage
triton_poi_fused__to_copy__unsafe_index_convolution_1,2,DeviceType.CPU,11.710000000020955,128.4790000000212,12.543999999994412,self_device_time_total,18.527999999991152,device_time_total,0,self_device_memory_usage,0,device_memory_usage
triton_poi_fused__to_copy__unsafe_index_convolution_2,2,DeviceType.CPU,14.670000000012806,24.270000000018626,17.82400000002235,self_device_time_total,17.82400000002235,device_time_total,0,self_device_memory_usage,0,device_memory_usage
aten::record_stream,1017,DeviceType.CPU,789.8970000018016,789.8970000018016,0,self_device_time_total,0,device_time_total,0,self_device_memory_usage,0,device_memory_usage
cuLaunchKernelEx,851,DeviceType.CPU,1933.6419999994396,1933.6419999994396,0,self_device_time_total,0,device_time_total,0,self_device_memory_usage,0,device_memory_usage
Torch-Compiled Region: 21/1,1,DeviceType.CPU,89.80900000000838,163.0690000000177,0.0,self_device_time_total,928.8400000000256,device_time_total,1048576,self_device_memory_usage,12058624,device_memory_usage
cudaEventQuery,2227,DeviceType.CPU,898.1950000024808,898.1950000024808,0,self_device_time_total,0,device_time_total,0,self_device_memory_usage,0,device_memory_usage
Torch-Compiled Region: 21/2,1,DeviceType.CPU,84.55900000000838,158.46900000001187,0.0,self_device_time_total,684.1019999999553,device_time_total,0,self_device_memory_usage,22020096,device_memory_usage
triton_poi_fused_convolution_1,23,DeviceType.CPU,112.12000000063563,1194.2840000006254,173.34499999991385,self_device_time_total,189.1209999997518,device_time_total,0,self_device_memory_usage,0,device_memory_usage
triton_poi_fused_pixel_shuffle_2,23,DeviceType.CPU,151.51999999934924,387.0889999993087,13203.027999999525,self_device_time_total,13817.881999999518,device_time_total,0,self_device_memory_usage,0,device_memory_usage
Torch-Compiled Region: 23/0,1,DeviceType.CPU,53.999999999970896,77.09999999997672,0.0,self_device_time_total,49.82500000001164,device_time_total,22020096,self_device_memory_usage,22020096,device_memory_usage
triton_poi_fused_add_div_mul_1,23,DeviceType.CPU,143.39000000010128,1219.086000000214,8299.910999999032,self_device_time_total,9048.909999998868,device_time_total,0,self_device_memory_usage,0,device_memory_usage
aten::silu,23,DeviceType.CPU,198.71899999902234,603.9379999996163,8881.071000000462,self_device_time_total,10087.67300000065,device_time_total,1959788544,self_device_memory_usage,1959788544,device_memory_usage
Torch-Compiled Region: 17/2,1,DeviceType.CPU,73.4999999999709,998.304999999993,0.0,self_device_time_total,920.5200000001932,device_time_total,0,self_device_memory_usage,688128,device_memory_usage
cudaOccupancyMaxActiveBlocksPerMultiprocessorWithFlags,414,DeviceType.CPU,68.40999999915948,68.40999999915948,0,self_device_time_total,0,device_time_total,0,self_device_memory_usage,0,device_memory_usage
Torch-Compiled Region: 17/3,1,DeviceType.CPU,119.2390000000014,304.7280000000028,0.0,self_device_time_total,116.54500000010012,device_time_total,0,self_device_memory_usage,1835008,device_memory_usage
triton_poi_fused_cat_constant_pad_nd_0,44,DeviceType.CPU,314.5769999985059,1475.740999999136,13664.151000001468,self_device_time_total,14240.604000001564,device_time_total,0,self_device_memory_usage,0,device_memory_usage
triton_poi_fused_cat_constant_pad_nd_convolution_1,44,DeviceType.CPU,298.9680000001681,3115.9449999998033,134.33800000039628,self_device_time_total,163.90500000107568,device_time_total,0,self_device_memory_usage,0,device_memory_usage
Torch-Compiled Region: 19/5,1,DeviceType.CPU,192.2589999998454,1341.4229999999807,0.0,self_device_time_total,1958.2869999997783,device_time_total,393216,self_device_memory_usage,4063232,device_memory_usage
triton_poi_fused_cat_constant_pad_nd_2,88,DeviceType.CPU,495.89799999890965,4785.049999999668,1637.1020000003628,self_device_time_total,2376.82099999988,device_time_total,0,self_device_memory_usage,0,device_memory_usage
triton_poi_fused_cat_4,132,DeviceType.CPU,764.0289999983506,11519.66599999895,1714.7660000008764,self_device_time_total,2548.0210000016377,device_time_total,0,self_device_memory_usage,0,device_memory_usage
triton_poi_fused_constant_pad_nd_5,110,DeviceType.CPU,401.5389999996987,13784.534999999392,755.5910000001895,self_device_time_total,1171.8840000009513,device_time_total,0,self_device_memory_usage,0,device_memory_usage
triton_poi_fused_add_cat_constant_pad_nd_convolution_6,88,DeviceType.CPU,704.5969999994559,6399.6859999990265,411.93999999854714,self_device_time_total,612.8989999988698,device_time_total,0,self_device_memory_usage,0,device_memory_usage
triton_poi_fused_cat_7,198,DeviceType.CPU,692.1150000018533,17206.526000001933,579.4240000002901,self_device_time_total,836.9299999990617,device_time_total,0,self_device_memory_usage,0,device_memory_usage
triton_poi_fused_cat_8,119,DeviceType.CPU,599.6959999982791,10986.073999999033,4762.82599999907,self_device_time_total,4971.88399999839,device_time_total,0,self_device_memory_usage,0,device_memory_usage
Torch-Compiled Region: 19/6,1,DeviceType.CPU,191.26999999998952,1313.383999999991,0.0,self_device_time_total,1330.9559999998892,device_time_total,524288,self_device_memory_usage,3932160,device_memory_usage
triton_per_fused_cat_linalg_vector_norm_0,22,DeviceType.CPU,159.3000000003376,422.5999999999767,94.87899999989895,self_device_time_total,103.64699999958975,device_time_total,0,self_device_memory_usage,0,device_memory_usage
triton_poi_fused_cat_constant_pad_nd_1,22,DeviceType.CPU,128.65699999974458,1207.1599999993923,550.5970000002417,self_device_time_total,648.8700000001118,device_time_total,0,self_device_memory_usage,0,device_memory_usage
triton_poi_fused_add_constant_pad_nd_convolution_6,22,DeviceType.CPU,141.08800000068732,18513.275000000547,77.63500000047497,self_device_time_total,111.01200000033714,device_time_total,0,self_device_memory_usage,0,device_memory_usage
triton_poi_fused_cat_9,22,DeviceType.CPU,81.79999999917345,2970.8039999991015,59.4560000008787,self_device_time_total,97.37600000126986,device_time_total,0,self_device_memory_usage,0,device_memory_usage
triton_poi_fused_cat_10,22,DeviceType.CPU,113.45799999978044,3667.120999999839,75.5840000002645,self_device_time_total,113.56800000037765,device_time_total,0,self_device_memory_usage,0,device_memory_usage
Torch-Compiled Region: 19/7,1,DeviceType.CPU,179.70000000001164,2287.377999999997,0.0,self_device_time_total,2518.360000000568,device_time_total,262144,self_device_memory_usage,3407872,device_memory_usage
Torch-Compiled Region: 19/8,1,DeviceType.CPU,180.4879999999539,1320.433000000019,0.0,self_device_time_total,1610.224999999802,device_time_total,262144,self_device_memory_usage,3670016,device_memory_usage
Torch-Compiled Region: 19/9,1,DeviceType.CPU,176.9199999999837,2294.29800000001,0.0,self_device_time_total,2520.6320000000414,device_time_total,262144,self_device_memory_usage,3407872,device_memory_usage
Torch-Compiled Region: 21/3,1,DeviceType.CPU,115.79900000002817,578.8869999999879,0.0,self_device_time_total,773.3189999999013,device_time_total,0,self_device_memory_usage,8257536,device_memory_usage
triton_poi_fused__to_copy__unsafe_index_clone_1,44,DeviceType.CPU,301.95899999994435,3763.8370000002615,6301.523000000045,self_device_time_total,8127.392000000051,device_time_total,0,self_device_memory_usage,0,device_memory_usage
triton_poi_fused__to_copy_clone_convolution_2,44,DeviceType.CPU,218.13700000065728,1886.5320000000065,343.17300000059186,self_device_time_total,443.3660000009695,device_time_total,0,self_device_memory_usage,0,device_memory_usage
triton_poi_fused__to_copy_clone_convolution_3,44,DeviceType.CPU,250.2090000003518,1782.689000000013,4048.4169999996666,self_device_time_total,4616.580999999191,device_time_total,0,self_device_memory_usage,0,device_memory_usage
Torch-Compiled Region: 21/4,1,DeviceType.CPU,131.09800000011455,348.8180000000284,0.0,self_device_time_total,4324.839000000036,device_time_total,-11010048,self_device_memory_usage,55050240,device_memory_usage
triton_poi_fused_clone_4,22,DeviceType.CPU,94.94000000020606,873.4470000000147,982.4090000000433,self_device_time_total,1208.2020000001066,device_time_total,0,self_device_memory_usage,0,device_memory_usage
Torch-Compiled Region: 21/5,22,DeviceType.CPU,1746.2300000006217,5992.501999999746,0.0,self_device_time_total,84280.3879999991,device_time_total,0,self_device_memory_usage,1937768448,device_memory_usage
Torch-Compiled Region: 23/1,22,DeviceType.CPU,1760.3899999996938,3513.6529999997,0.0,self_device_time_total,12769.773999998579,device_time_total,1937768448,self_device_memory_usage,1937768448,device_memory_usage
Torch-Compiled Region: 17/4,1,DeviceType.CPU,65.90000000005239,898.6350000000093,0.0,self_device_time_total,6880.698000000266,device_time_total,0,self_device_memory_usage,2752512,device_memory_usage
Torch-Compiled Region: 17/5,7,DeviceType.CPU,428.15600000007544,3807.3310000000347,0.0,self_device_time_total,3142.6490000001504,device_time_total,0,self_device_memory_usage,11010048,device_memory_usage
Torch-Compiled Region: 19/10,21,DeviceType.CPU,3622.215000000375,35307.01900000026,0.0,self_device_time_total,48116.32999999466,device_time_total,-27656192,self_device_memory_usage,39976960,device_memory_usage
Torch-Compiled Region: 19/11,21,DeviceType.CPU,3716.8949999999895,70399.8529999998,0.0,self_device_time_total,52441.964999995194,device_time_total,-22020096,self_device_memory_usage,38535168,device_memory_usage
Torch-Compiled Region: 19/12,21,DeviceType.CPU,3451.004000001034,70339.71700000035,0.0,self_device_time_total,46975.502000001026,device_time_total,-10759168,self_device_memory_usage,48234496,device_memory_usage
Torch-Compiled Region: 19/13,21,DeviceType.CPU,3530.9269999993267,31829.674999999697,0.0,self_device_time_total,47870.373999996926,device_time_total,-32910336,self_device_memory_usage,33030144,device_memory_usage
Torch-Compiled Region: 19/14,21,DeviceType.CPU,3382.1180000007153,32670.589999999327,0.0,self_device_time_total,42115.20800000278,device_time_total,-32910336,self_device_memory_usage,37093376,device_memory_usage
Torch-Compiled Region: 21/6,21,DeviceType.CPU,2179.4740000017046,17685.66900000008,0.0,self_device_time_total,18377.02800000168,device_time_total,-54427648,self_device_memory_usage,119046144,device_memory_usage
Torch-Compiled Region: 21/7,21,DeviceType.CPU,2484.7429999993183,10534.775999999896,0.0,self_device_time_total,121185.08200000203,device_time_total,-440401920,self_device_memory_usage,935854080,device_memory_usage
Torch-Compiled Region: 17/6,21,DeviceType.CPU,1271.3030000012077,5018.205000000249,0.0,self_device_time_total,58551.42500000418,device_time_total,0,self_device_memory_usage,60325888,device_memory_usage
"void at::native::elementwise_kernel<128, 4, at::native::gpu_kernel_impl_nocast<at::native::BinaryFunctor<c10::BFloat16, c10::BFloat16, c10::BFloat16, at::native::binary_internal::DivFunctor<c10::BFloat16> > >(at::TensorIteratorBase&, at::native::BinaryFunctor<c10::BFloat16, c10::BFloat16, c10::BFloat16, at::native::binary_internal::DivFunctor<c10::BFloat16> > const&)::{lambda(int)#1}>(int, at::native::gpu_kernel_impl_nocast<at::native::BinaryFunctor<c10::BFloat16, c10::BFloat16, c10::BFloat16, at::native::binary_internal::DivFunctor<c10::BFloat16> > >(at::TensorIteratorBase&, at::native::BinaryFunctor<c10::BFloat16, c10::BFloat16, c10::BFloat16, at::native::binary_internal::DivFunctor<c10::BFloat16> > const&)::{lambda(int)#1})",12,DeviceType.CUDA,0,0,257.60299999895506,self_device_time_total,257.60299999895506,device_time_total,0,self_device_memory_usage,0,device_memory_usage
"void at::native::elementwise_kernel<128, 4, at::native::gpu_kernel_impl_nocast<at::native::CUDAFunctor_add<c10::BFloat16> >(at::TensorIteratorBase&, at::native::CUDAFunctor_add<c10::BFloat16> const&)::{lambda(int)#1}>(int, at::native::gpu_kernel_impl_nocast<at::native::CUDAFunctor_add<c10::BFloat16> >(at::TensorIteratorBase&, at::native::CUDAFunctor_add<c10::BFloat16> const&)::{lambda(int)#1})",21,DeviceType.CUDA,0,0,463.81200000006356,self_device_time_total,463.81200000006356,device_time_total,0,self_device_memory_usage,0,device_memory_usage
void cutlass::Kernel2<cutlass_80_wmma_tensorop_bf16_s161616gemm_bf16_16x16_32x1_nn_align8>(cutlass_80_wmma_tensorop_bf16_s161616gemm_bf16_16x16_32x1_nn_align8::Params),3,DeviceType.CUDA,0,0,8.384000000078231,self_device_time_total,8.384000000078231,device_time_total,0,self_device_memory_usage,0,device_memory_usage
triton_poi_fused_convolution_0,26,DeviceType.CUDA,0,0,3865.6369999995804,self_device_time_total,3865.6369999995804,device_time_total,0,self_device_memory_usage,0,device_memory_usage
triton_poi_fused_constant_pad_nd_0,7,DeviceType.CUDA,0,0,264.9299999999057,self_device_time_total,264.9299999999057,device_time_total,0,self_device_memory_usage,0,device_memory_usage
sm80_xmma_fprop_implicit_gemm_bf16bf16_bf16f32_f32_nhwckrsc_nhwc_tilesize128x128x64_stage3_warpsize2x2x1_g1_tensor16x8x16_execute_kernel__5x_cudnn,78,DeviceType.CUDA,0,0,141828.56300000183,self_device_time_total,141828.56300000183,device_time_total,0,self_device_memory_usage,0,device_memory_usage
triton_poi_fused_constant_pad_nd_convolution_1,8,DeviceType.CUDA,0,0,20.480000000301516,self_device_time_total,20.480000000301516,device_time_total,0,self_device_memory_usage,0,device_memory_usage
triton_red_fused_linalg_vector_norm_0,138,DeviceType.CUDA,0,0,3572.7039999984263,self_device_time_total,3572.7039999984263,device_time_total,0,self_device_memory_usage,0,device_memory_usage
triton_per_fused_linalg_vector_norm_1,207,DeviceType.CUDA,0,0,299.2369999992661,self_device_time_total,299.2369999992661,device_time_total,0,self_device_memory_usage,0,device_memory_usage
triton_poi_fused_add_constant_pad_nd_div_mul_silu_2,4,DeviceType.CUDA,0,0,52.929999999993015,self_device_time_total,52.929999999993015,device_time_total,0,self_device_memory_usage,0,device_memory_usage
sm80_xmma_fprop_implicit_gemm_bf16bf16_bf16f32_f32_nhwckrsc_nhwc_tilesize256x64x32_stage3_warpsize4x1x1_g1_tensor16x8x16_execute_kernel__5x_cudnn,320,DeviceType.CUDA,0,0,154113.97099999947,self_device_time_total,154113.97099999947,device_time_total,0,self_device_memory_usage,0,device_memory_usage
triton_red_fused_convolution_linalg_vector_norm_3,92,DeviceType.CUDA,0,0,640.0430000002088,self_device_time_total,640.0430000002088,device_time_total,0,self_device_memory_usage,0,device_memory_usage
triton_poi_fused_add_constant_pad_nd_convolution_div_mul_silu_4,5,DeviceType.CUDA,0,0,69.0570000000007,self_device_time_total,69.0570000000007,device_time_total,0,self_device_memory_usage,0,device_memory_usage
triton_poi_fused_add_convolution_div_mul_silu_5,4,DeviceType.CUDA,0,0,16.41599999999744,self_device_time_total,16.41599999999744,device_time_total,0,self_device_memory_usage,0,device_memory_usage
triton_poi_fused_add_convolution_div_mul_silu_6,5,DeviceType.CUDA,0,0,16.159000000014203,self_device_time_total,16.159000000014203,device_time_total,0,self_device_memory_usage,0,device_memory_usage
triton_poi_fused_add_div_mul_2,23,DeviceType.CUDA,0,0,84.2570000004489,self_device_time_total,84.2570000004489,device_time_total,0,self_device_memory_usage,0,device_memory_usage
ampere_bf16_s1688gemm_bf16_128x128_ldg8_f2f_stages_32x1_tn,29,DeviceType.CUDA,0,0,1164.7119999992428,self_device_time_total,1164.7119999992428,device_time_total,0,self_device_memory_usage,0,device_memory_usage
triton_poi_fused__scaled_dot_product_efficient_attention_3,23,DeviceType.CUDA,0,0,55.45699999987846,self_device_time_total,55.45699999987846,device_time_total,0,self_device_memory_usage,0,device_memory_usage
triton_poi_fused__scaled_dot_product_efficient_attention_4,23,DeviceType.CUDA,0,0,62.1789999998,self_device_time_total,62.1789999998,device_time_total,0,self_device_memory_usage,0,device_memory_usage
triton_poi_fused__scaled_dot_product_efficient_attention_5,23,DeviceType.CUDA,0,0,99.0720000003057,self_device_time_total,99.0720000003057,device_time_total,0,self_device_memory_usage,0,device_memory_usage
"fmha_cutlassF_bf16_aligned_32x128_gmem_sm80(PyTorchMemEffAttention::AttentionKernel<cutlass::bfloat16_t, cutlass::arch::Sm80, true, 32, 128, 65536, true, true>::Params)",29,DeviceType.CUDA,0,0,4315.7800000007555,self_device_time_total,4315.7800000007555,device_time_total,0,self_device_memory_usage,0,device_memory_usage
ampere_bf16_s1688gemm_bf16_128x128_ldg8_f2f_stages_32x1_nn,38,DeviceType.CUDA,0,0,771.5920000000042,self_device_time_total,771.5920000000042,device_time_total,0,self_device_memory_usage,0,device_memory_usage
triton_poi_fused_add_6,23,DeviceType.CUDA,0,0,79.52100000096834,self_device_time_total,79.52100000096834,device_time_total,0,self_device_memory_usage,0,device_memory_usage
triton_per_fused_add_div_linalg_vector_norm_mul_silu_0,1,DeviceType.CUDA,0,0,3.9359999999869615,self_device_time_total,3.9359999999869615,device_time_total,0,self_device_memory_usage,0,device_memory_usage
triton_poi_fused_add_constant_pad_nd_div_mul_silu_1,1,DeviceType.CUDA,0,0,17.60000000000582,self_device_time_total,17.60000000000582,device_time_total,0,self_device_memory_usage,0,device_memory_usage
triton_red_fused_convolution_linalg_vector_norm_2,23,DeviceType.CUDA,0,0,159.7140000006184,self_device_time_total,159.7140000006184,device_time_total,0,self_device_memory_usage,0,device_memory_usage
triton_per_fused_convolution_linalg_vector_norm_3,23,DeviceType.CUDA,0,0,32.7039999999688,self_device_time_total,32.7039999999688,device_time_total,0,self_device_memory_usage,0,device_memory_usage
triton_poi_fused_add_convolution_5,1,DeviceType.CUDA,0,0,2.752999999996973,self_device_time_total,2.752999999996973,device_time_total,0,self_device_memory_usage,0,device_memory_usage
triton_poi_fused__to_copy__unsafe_index_0,2,DeviceType.CUDA,0,0,182.20999999999185,self_device_time_total,182.20999999999185,device_time_total,0,self_device_memory_usage,0,device_memory_usage
triton_poi_fused__to_copy__unsafe_index_convolution_1,2,DeviceType.CUDA,0,0,12.543999999994412,self_device_time_total,12.543999999994412,device_time_total,0,self_device_memory_usage,0,device_memory_usage
void cutlass__5x_cudnn::Kernel<cutlass_tensorop_bf16_s16816fprop_optimized_bf16_64x64_64x5_nhwc_align8>(cutlass_tensorop_bf16_s16816fprop_optimized_bf16_64x64_64x5_nhwc_align8::Params),26,DeviceType.CUDA,0,0,8187.784999999945,self_device_time_total,8187.784999999945,device_time_total,0,self_device_memory_usage,0,device_memory_usage
triton_poi_fused__to_copy__unsafe_index_convolution_2,2,DeviceType.CUDA,0,0,17.82400000002235,self_device_time_total,17.82400000002235,device_time_total,0,self_device_memory_usage,0,device_memory_usage
"void at::native::unrolled_elementwise_kernel<at::native::direct_copy_kernel_cuda(at::TensorIteratorBase&)::{lambda()#3}::operator()() const::{lambda()#10}::operator()() const::{lambda(c10::Half)#1}, std::array<char*, 2ul>, 4, TrivialOffsetCalculator<1, unsigned int>, TrivialOffsetCalculator<1, unsigned int>, at::native::memory::LoadWithCast<1>, at::native::memory::StoreWithCast<1> >(int, at::native::direct_copy_kernel_cuda(at::TensorIteratorBase&)::{lambda()#3}::operator()() const::{lambda()#10}::operator()() const::{lambda(c10::Half)#1}, std::array<char*, 2ul>, TrivialOffsetCalculator<1, unsigned int>, TrivialOffsetCalculator<1, unsigned int>, at::native::memory::LoadWithCast<1>, at::native::memory::StoreWithCast<1>)",3,DeviceType.CUDA,0,0,82.30400000000373,self_device_time_total,82.30400000000373,device_time_total,0,self_device_memory_usage,0,device_memory_usage
"void CUTENSOR_NAMESPACE::permutationKernelPLC3<CUTENSOR_NAMESPACE::VectorWrite2DTensorView<(unsigned char)0, (unsigned char)1, false, 8u, float, __half, CUTENSOR_NAMESPACE::GeneralUnarySmall<float> >, CUTENSOR_NAMESPACE::VectorRead2DTensorView<(unsigned char)1, (unsigned char)0, false, 8u, float, __half, CUTENSOR_NAMESPACE::GeneralUnarySmall<float> >, CUTENSOR_NAMESPACE::ThreadLevelElementwise<CUTENSOR_NAMESPACE::ElementwiseConfig2DCommonCase<CUTENSOR_NAMESPACE::GeneralUnarySmall<float>, CUTENSOR_NAMESPACE::GeneralBinary<float>, 2, 16, 128, 128, (signed char)8, false, false, true, false, false>, float>, CUTENSOR_NAMESPACE::ElementwiseRuntimePLC3<__half, float, __half, float>::Params>(CUTENSOR_NAMESPACE::ElementwiseRuntimePLC3<__half, float, __half, float>::Params)",889,DeviceType.CUDA,0,0,137358.63499999963,self_device_time_total,137358.63499999963,device_time_total,0,self_device_memory_usage,0,device_memory_usage
__myl_CastMulMulCast_0xc55fdfe63fa3879d864b083c1c8bedcf,1,DeviceType.CUDA,0,0,4.320000000006985,self_device_time_total,4.320000000006985,device_time_total,0,self_device_memory_usage,0,device_memory_usage
sm80_xmma_fprop_implicit_gemm_f16f16_f16f16_f16_nhwckrsc_nhwc_tilesize128x32x32_stage4_warpsize4x1x1_g1_tensor16x8x16_simple_t1r1s1_execute_kernel_trt,138,DeviceType.CUDA,0,0,1130.726000001916,self_device_time_total,1130.726000001916,device_time_total,0,self_device_memory_usage,0,device_memory_usage
"void cuInt8::nchwTonhwc<__half, 1, 128, 2>(__half const*, __half*, int, int, int, int, int, int, int, int)",271,DeviceType.CUDA,0,0,424.3509999992966,self_device_time_total,424.3509999992966,device_time_total,0,self_device_memory_usage,0,device_memory_usage
__myl_CastCastCastSqrtMulMaxDivMulMulMulMulTanhMulAddMulCast_0x676e39158e81e061861e669b8a20b7a7,1,DeviceType.CUDA,0,0,5.28000000002794,self_device_time_total,5.28000000002794,device_time_total,0,self_device_memory_usage,0,device_memory_usage
"void cuInt8::nhwcTonchw<__half, 32, 32, 2>(__half const*, __half*, int, int, int, int, int, int)",59,DeviceType.CUDA,0,0,12785.741000000737,self_device_time_total,12785.741000000737,device_time_total,0,self_device_memory_usage,0,device_memory_usage
sm80_xmma_fprop_implicit_gemm_f16f16_f16f16_f16_nhwckrsc_nhwc_tilesize128x128x32_stage4_warpsize2x2x1_g1_tensor16x8x16_execute_kernel_trt,1,DeviceType.CUDA,0,0,227.71400000000722,self_device_time_total,227.71400000000722,device_time_total,0,self_device_memory_usage,0,device_memory_usage
__myl_CastMulMulCast_0x693c6263f087767902826dad63486785,5,DeviceType.CUDA,0,0,27.361000000033528,self_device_time_total,27.361000000033528,device_time_total,0,self_device_memory_usage,0,device_memory_usage
__myl_CastCastCastSqrtMulMaxDivMulMulMulMulTanhMulAddMulCast_0xbc385a12b486765a7947cf954e4251fa,5,DeviceType.CUDA,0,0,40.38500000000931,self_device_time_total,40.38500000000931,device_time_total,0,self_device_memory_usage,0,device_memory_usage
sm80_xmma_fprop_implicit_gemm_f16f16_f16f16_f16_nhwckrsc_nhwc_tilesize128x128x64_stage3_warpsize2x2x1_g1_tensor16x8x16_t3r3s3_execute_kernel_trt,5,DeviceType.CUDA,0,0,2176.2739999999467,self_device_time_total,2176.2739999999467,device_time_total,0,self_device_memory_usage,0,device_memory_usage
sm75_xmma_fprop_implicit_gemm_f16f16_f16f16_f16_nhwckrsc_nhwc_tilesize128x128x32_stage1_warpsize2x2x1_g1_tensor16x8x8_simple_t1r1s1_execute_kernel_trt,22,DeviceType.CUDA,0,0,838.4050000003772,self_device_time_total,838.4050000003772,device_time_total,0,self_device_memory_usage,0,device_memory_usage
"void at::native::unrolled_elementwise_kernel<at::native::direct_copy_kernel_cuda(at::TensorIteratorBase&)::{lambda()#3}::operator()() const::{lambda()#12}::operator()() const::{lambda(c10::BFloat16)#1}, std::array<char*, 2ul>, 4, TrivialOffsetCalculator<1, unsigned int>, TrivialOffsetCalculator<1, unsigned int>, at::native::memory::LoadWithCast<1>, at::native::memory::StoreWithCast<1> >(int, at::native::direct_copy_kernel_cuda(at::TensorIteratorBase&)::{lambda()#3}::operator()() const::{lambda()#12}::operator()() const::{lambda(c10::BFloat16)#1}, std::array<char*, 2ul>, TrivialOffsetCalculator<1, unsigned int>, TrivialOffsetCalculator<1, unsigned int>, at::native::memory::LoadWithCast<1>, at::native::memory::StoreWithCast<1>)",69,DeviceType.CUDA,0,0,14065.047000000777,self_device_time_total,14065.047000000777,device_time_total,0,self_device_memory_usage,0,device_memory_usage
__myl_CastMulMulCast_0xf05d3375c39bcfc527b18b104b89246d,6,DeviceType.CUDA,0,0,65.08899999994901,self_device_time_total,65.08899999994901,device_time_total,0,self_device_memory_usage,0,device_memory_usage
sm75_xmma_fprop_implicit_gemm_f16f16_f16f16_f16_nhwckrsc_nhwc_tilesize128x32x32_stage1_warpsize4x1x1_g1_tensor16x8x8_simple_t1r1s1_execute_kernel_trt,18,DeviceType.CUDA,0,0,613.7330000000657,self_device_time_total,613.7330000000657,device_time_total,0,self_device_memory_usage,0,device_memory_usage
__myl_CastCastCastSqrtMulMaxDivMulMulMulMulTanhMulAddMulCast_0x6826e9bb65c543211d5464f1ce3705b8,6,DeviceType.CUDA,0,0,85.47199999995064,self_device_time_total,85.47199999995064,device_time_total,0,self_device_memory_usage,0,device_memory_usage
sm80_xmma_fprop_implicit_gemm_f16f16_f16f16_f16_nhwckrsc_nhwc_tilesize256x64x32_stage3_warpsize4x1x1_g1_tensor16x8x16_execute_kernel_trt,6,DeviceType.CUDA,0,0,2729.0149999999267,self_device_time_total,2729.0149999999267,device_time_total,0,self_device_memory_usage,0,device_memory_usage
triton_poi_fused_convolution_1,23,DeviceType.CUDA,0,0,173.34499999991385,self_device_time_total,173.34499999991385,device_time_total,0,self_device_memory_usage,0,device_memory_usage
triton_poi_fused_pixel_shuffle_2,23,DeviceType.CUDA,0,0,13203.027999999525,self_device_time_total,13203.027999999525,device_time_total,0,self_device_memory_usage,0,device_memory_usage
__myl_CastMulMulCast_0xd1e33e3c953d7dfb47ad9f160020957e,6,DeviceType.CUDA,0,0,186.33699999999953,self_device_time_total,186.33699999999953,device_time_total,0,self_device_memory_usage,0,device_memory_usage
"void cuInt8::nchwTonhwc<__half, 1, 64, 2>(__half const*, __half*, int, int, int, int, int, int, int, int)",138,DeviceType.CUDA,0,0,254.01700000005076,self_device_time_total,254.01700000005076,device_time_total,0,self_device_memory_usage,0,device_memory_usage
__myl_CastCastCastSqrtMulMaxDivMulMulMulMulTanhMulAddMulCast_0x6b1d0111da6e9bf71318e12c5e8bd31b,6,DeviceType.CUDA,0,0,207.61800000007497,self_device_time_total,207.61800000007497,device_time_total,0,self_device_memory_usage,0,device_memory_usage
sm75_xmma_fprop_implicit_gemm_f16f16_f16f16_f16_nhwckrsc_nhwc_tilesize256x32x32_stage1_warpsize4x1x1_g1_tensor16x8x8_execute_kernel_trt,6,DeviceType.CUDA,0,0,3348.9890000000014,self_device_time_total,3348.9890000000014,device_time_total,0,self_device_memory_usage,0,device_memory_usage
triton_poi_fused_add_div_mul_1,23,DeviceType.CUDA,0,0,8299.910999999032,self_device_time_total,8299.910999999032,device_time_total,0,self_device_memory_usage,0,device_memory_usage
"void at::native::vectorized_elementwise_kernel<4, at::native::(anonymous namespace)::silu_kernel(at::TensorIteratorBase&)::{lambda()#1}::operator()() const::{lambda()#6}::operator()() const::{lambda(c10::BFloat16)#1}, std::array<char*, 2ul> >(int, at::native::(anonymous namespace)::silu_kernel(at::TensorIteratorBase&)::{lambda()#1}::operator()() const::{lambda()#6}::operator()() const::{lambda(c10::BFloat16)#1}, std::array<char*, 2ul>)",23,DeviceType.CUDA,0,0,8881.071000000462,self_device_time_total,8881.071000000462,device_time_total,0,self_device_memory_usage,0,device_memory_usage
Memcpy DtoD (Device -> Device),48,DeviceType.CUDA,0,0,609.4479999996256,self_device_time_total,609.4479999996256,device_time_total,0,self_device_memory_usage,0,device_memory_usage
"void nhwcAddPaddingKernel<__nv_bfloat16, __nv_bfloat16, float, true, (cudnnKernelDataType_t)0>(int, int, int, int, int, int, int, int, __nv_bfloat16 const*, __nv_bfloat16*, int, int, int, int, float, float, cudnn::reduced_divisor, cudnn::reduced_divisor, cudnn::reduced_divisor)",46,DeviceType.CUDA,0,0,537.6060000007274,self_device_time_total,537.6060000007274,device_time_total,0,self_device_memory_usage,0,device_memory_usage
sm80_xmma_fprop_implicit_gemm_bf16bf16_bf16f32_f32_nhwckrsc_nhwc_tilesize256x32x32_stage4_warpsize4x1x1_g1_tensor16x8x16_execute_kernel__5x_cudnn,35,DeviceType.CUDA,0,0,82200.10600000055,self_device_time_total,82200.10600000055,device_time_total,0,self_device_memory_usage,0,device_memory_usage
triton_poi_fused_cat_constant_pad_nd_0,44,DeviceType.CUDA,0,0,13664.151000001468,self_device_time_total,13664.151000001468,device_time_total,0,self_device_memory_usage,0,device_memory_usage
triton_poi_fused_cat_constant_pad_nd_convolution_1,44,DeviceType.CUDA,0,0,134.33800000039628,self_device_time_total,134.33800000039628,device_time_total,0,self_device_memory_usage,0,device_memory_usage
triton_poi_fused_cat_constant_pad_nd_2,88,DeviceType.CUDA,0,0,1637.1020000003628,self_device_time_total,1637.1020000003628,device_time_total,0,self_device_memory_usage,0,device_memory_usage
triton_poi_fused_cat_4,132,DeviceType.CUDA,0,0,1714.7660000008764,self_device_time_total,1714.7660000008764,device_time_total,0,self_device_memory_usage,0,device_memory_usage
triton_poi_fused_constant_pad_nd_5,110,DeviceType.CUDA,0,0,755.5910000001895,self_device_time_total,755.5910000001895,device_time_total,0,self_device_memory_usage,0,device_memory_usage
triton_poi_fused_add_cat_constant_pad_nd_convolution_6,88,DeviceType.CUDA,0,0,411.93999999854714,self_device_time_total,411.93999999854714,device_time_total,0,self_device_memory_usage,0,device_memory_usage
triton_poi_fused_cat_7,198,DeviceType.CUDA,0,0,579.4240000002901,self_device_time_total,579.4240000002901,device_time_total,0,self_device_memory_usage,0,device_memory_usage
triton_poi_fused_cat_8,119,DeviceType.CUDA,0,0,4762.82599999907,self_device_time_total,4762.82599999907,device_time_total,0,self_device_memory_usage,0,device_memory_usage
triton_per_fused_cat_linalg_vector_norm_0,22,DeviceType.CUDA,0,0,94.87899999989895,self_device_time_total,94.87899999989895,device_time_total,0,self_device_memory_usage,0,device_memory_usage
triton_poi_fused_cat_constant_pad_nd_1,22,DeviceType.CUDA,0,0,550.5970000002417,self_device_time_total,550.5970000002417,device_time_total,0,self_device_memory_usage,0,device_memory_usage
triton_poi_fused_add_constant_pad_nd_convolution_6,22,DeviceType.CUDA,0,0,77.63500000047497,self_device_time_total,77.63500000047497,device_time_total,0,self_device_memory_usage,0,device_memory_usage
triton_poi_fused_cat_9,22,DeviceType.CUDA,0,0,59.4560000008787,self_device_time_total,59.4560000008787,device_time_total,0,self_device_memory_usage,0,device_memory_usage
triton_poi_fused_cat_10,22,DeviceType.CUDA,0,0,75.5840000002645,self_device_time_total,75.5840000002645,device_time_total,0,self_device_memory_usage,0,device_memory_usage
sm86_xmma_fprop_implicit_gemm_bf16bf16_bf16f32_f32_nhwckrsc_nhwc_tilesize256x128x64_stage2_warpsize4x2x1_g1_tensor16x8x16_execute_kernel__5x_cudnn,56,DeviceType.CUDA,0,0,12993.263999999617,self_device_time_total,12993.263999999617,device_time_total,0,self_device_memory_usage,0,device_memory_usage
triton_poi_fused__to_copy__unsafe_index_clone_1,44,DeviceType.CUDA,0,0,6301.523000000045,self_device_time_total,6301.523000000045,device_time_total,0,self_device_memory_usage,0,device_memory_usage
triton_poi_fused__to_copy_clone_convolution_2,44,DeviceType.CUDA,0,0,343.17300000059186,self_device_time_total,343.17300000059186,device_time_total,0,self_device_memory_usage,0,device_memory_usage
triton_poi_fused__to_copy_clone_convolution_3,44,DeviceType.CUDA,0,0,4048.4169999996666,self_device_time_total,4048.4169999996666,device_time_total,0,self_device_memory_usage,0,device_memory_usage
"void at::native::elementwise_kernel<128, 4, at::native::gpu_kernel_impl<at::native::direct_copy_kernel_cuda(at::TensorIteratorBase&)::{lambda()#3}::operator()() const::{lambda()#10}::operator()() const::{lambda(c10::Half)#1}>(at::TensorIteratorBase&, at::native::direct_copy_kernel_cuda(at::TensorIteratorBase&)::{lambda()#3}::operator()() const::{lambda()#10}::operator()() const::{lambda(c10::Half)#1} const&)::{lambda(int)#1}>(int, at::native::gpu_kernel_impl<at::native::direct_copy_kernel_cuda(at::TensorIteratorBase&)::{lambda()#3}::operator()() const::{lambda()#10}::operator()() const::{lambda(c10::Half)#1}>(at::TensorIteratorBase&, at::native::direct_copy_kernel_cuda(at::TensorIteratorBase&)::{lambda()#3}::operator()() const::{lambda()#10}::operator()() const::{lambda(c10::Half)#1} const&)::{lambda(int)#1})",66,DeviceType.CUDA,0,0,14504.385000000417,self_device_time_total,14504.385000000417,device_time_total,0,self_device_memory_usage,0,device_memory_usage
__myl_CastMulMulCast_0x28ae44616bafb1c7a753f27c2170d9a3,22,DeviceType.CUDA,0,0,155.96699999977136,self_device_time_total,155.96699999977136,device_time_total,0,self_device_memory_usage,0,device_memory_usage
__myl_CastCastCastSqrtMulMaxDivMulMulMulMulTanhMulAddMulCast_0xd6ff1420212056a6a1ac5a649ea01ce5,1,DeviceType.CUDA,0,0,7.9359999999869615,self_device_time_total,7.9359999999869615,device_time_total,0,self_device_memory_usage,0,device_memory_usage
sm80_xmma_fprop_implicit_gemm_f16f16_f16f16_f16_nhwckrsc_nhwc_tilesize256x128x32_stage3_warpsize4x2x1_g1_tensor16x8x16_execute_kernel_trt,114,DeviceType.CUDA,0,0,118119.0459999991,self_device_time_total,118119.0459999991,device_time_total,0,self_device_memory_usage,0,device_memory_usage
__myl_CastMulMulCast_0xf803fdf338606675a977b9a0ff16965b,110,DeviceType.CUDA,0,0,1152.4579999989364,self_device_time_total,1152.4579999989364,device_time_total,0,self_device_memory_usage,0,device_memory_usage
"void genericReformat::copyPackedKernel<__half, __half, true, true, genericReformat::ArrayN<4>, 4>(unsigned int, unsigned int, void const*, genericReformat::ArrayN<4>, genericReformat::ArrayNWithReducedDivisors<4>, genericReformat::ArrayN<4>, int, int, int, float const*, void*, genericReformat::ArrayN<4>, genericReformat::ArrayNWithReducedDivisors<4>, genericReformat::ArrayNWithReducedDivisors<4>, genericReformat::ArrayN<4>, int, int, int, float const*, genericReformat::ArrayN<4>)",5,DeviceType.CUDA,0,0,7.967999999993481,self_device_time_total,7.967999999993481,device_time_total,0,self_device_memory_usage,0,device_memory_usage
__myl_CastCastCastSqrtMulMaxDivMulMulMulMulTanhMulAddMulCast_0xb42a130a4c25f5fb0d1783f23bd61101,5,DeviceType.CUDA,0,0,68.41700000007404,self_device_time_total,68.41700000007404,device_time_total,0,self_device_memory_usage,0,device_memory_usage
sm75_xmma_fprop_implicit_gemm_f16f16_f16f16_f16_nhwckrsc_nhwc_tilesize128x128x32_stage1_warpsize2x2x1_g1_tensor16x8x8_t1r1s1_execute_kernel_trt,1,DeviceType.CUDA,0,0,35.52000000001863,self_device_time_total,35.52000000001863,device_time_total,0,self_device_memory_usage,0,device_memory_usage
triton_poi_fused_clone_4,22,DeviceType.CUDA,0,0,982.4090000000433,self_device_time_total,982.4090000000433,device_time_total,0,self_device_memory_usage,0,device_memory_usage
__myl_CastMulMulCast_0x95c42012f4dc41c8edbf87b5190cab3c,132,DeviceType.CUDA,0,0,21286.867000001483,self_device_time_total,21286.867000001483,device_time_total,0,self_device_memory_usage,0,device_memory_usage
__myl_CastCastCastSqrtMulMaxDivMulMulMulMulTanhMulAddMulCast_0x6773b9ba192b2b626a4c22441c367a6a,6,DeviceType.CUDA,0,0,984.7440000000643,self_device_time_total,984.7440000000643,device_time_total,0,self_device_memory_usage,0,device_memory_usage
"void cuSliceLayer::naiveSlice<short, (cuSliceLayer::Mode)0, 5>(cuSliceLayer::LaunchParams<short>)",264,DeviceType.CUDA,0,0,39039.85100000148,self_device_time_total,39039.85100000148,device_time_total,0,self_device_memory_usage,0,device_memory_usage
sm75_xmma_fprop_implicit_gemm_f16f16_f16f16_f16_nhwckrsc_nhwc_tilesize256x64x32_stage1_warpsize4x1x1_g1_tensor16x8x8_execute_kernel_trt,132,DeviceType.CUDA,0,0,284501.3200000001,self_device_time_total,284501.3200000001,device_time_total,0,self_device_memory_usage,0,device_memory_usage
__myl_CastMulMulCast_0x348ae868db920b2b873753ae69fbcb49,132,DeviceType.CUDA,0,0,47732.18799999927,self_device_time_total,47732.18799999927,device_time_total,0,self_device_memory_usage,0,device_memory_usage
sm75_xmma_fprop_implicit_gemm_f16f16_f16f16_f16_nhwckrsc_nhwc_tilesize64x128x32_stage1_warpsize2x2x1_g1_tensor16x8x8_simple_t1r1s1_execute_kernel_trt,6,DeviceType.CUDA,0,0,1664.9760000000242,self_device_time_total,1664.9760000000242,device_time_total,0,self_device_memory_usage,0,device_memory_usage
__myl_CastCastCastSqrtMulMaxDivMulMulMulMulTanhMulAddMulCast_0x26c24075d460b43288a01b3e43a993ad,6,DeviceType.CUDA,0,0,2105.810000000056,self_device_time_total,2105.810000000056,device_time_total,0,self_device_memory_usage,0,device_memory_usage
sm75_xmma_fprop_implicit_gemm_indexed_f16f16_f16f16_f16_nhwckrsc_nhwc_tilesize128x128x32_stage1_warpsize2x2x1_g1_tensor16x8x8_execute_kernel_trt,129,DeviceType.CUDA,0,0,369766.9940000021,self_device_time_total,369766.9940000021,device_time_total,0,self_device_memory_usage,0,device_memory_usage
aten::clamp_,3,DeviceType.CPU,29.36999999982072,45.34000000008382,53.66499999980442,self_device_time_total,53.66499999980442,device_time_total,0,self_device_memory_usage,0,device_memory_usage
aten::detach,6,DeviceType.CPU,10.699999999429565,31.379999999830034,0,self_device_time_total,0,device_time_total,0,self_device_memory_usage,0,device_memory_usage
detach,6,DeviceType.CPU,20.68000000040047,20.68000000040047,0,self_device_time_total,0,device_time_total,0,self_device_memory_usage,0,device_memory_usage
aten::gt,24,DeviceType.CPU,187.20900000008987,272.0490000001737,401.4440000005998,self_device_time_total,401.4440000005998,device_time_total,146325504,self_device_memory_usage,146325504,device_memory_usage
aten::where,27,DeviceType.CPU,181.53799999988405,382.7670000002254,1537.3590000001714,self_device_time_total,1537.3590000001714,device_time_total,0,self_device_memory_usage,276628992,device_memory_usage
__myl_CastCastCastSqrtMulMaxDivMulMulMulMulTanhMulAddMulCast_0xd8053d93a6ffc2dbde195fb801c700f5,21,DeviceType.CUDA,0,0,182.36900000012247,self_device_time_total,182.36900000012247,device_time_total,0,self_device_memory_usage,0,device_memory_usage
sm75_xmma_fprop_implicit_gemm_f16f16_f16f16_f16_nhwckrsc_nhwc_tilesize128x128x32_stage1_warpsize2x2x1_g1_tensor16x8x8_t3r3s3_execute_kernel_trt,21,DeviceType.CUDA,0,0,11006.654000000155,self_device_time_total,11006.654000000155,device_time_total,0,self_device_memory_usage,0,device_memory_usage
__myl_CastCastCastSqrtMulMaxDivMulMulMulMulTanhMulAddMulCast_0xf51c607454fb61d3425c30c711de5424,105,DeviceType.CUDA,0,0,1647.7240000008605,self_device_time_total,1647.7240000008605,device_time_total,0,self_device_memory_usage,0,device_memory_usage
sm75_xmma_fprop_implicit_gemm_f16f16_f16f16_f16_nhwckrsc_nhwc_tilesize128x32x32_stage1_warpsize4x1x1_g1_tensor16x8x8_execute_kernel_trt,126,DeviceType.CUDA,0,0,10048.539999999513,self_device_time_total,10048.539999999513,device_time_total,0,self_device_memory_usage,0,device_memory_usage
__myl_CastCastCastSqrtMulMaxDivMulMulMulMulTanhMulAddMulCast_0x4848db3f4f72fd2a1e97035c93c7b222,126,DeviceType.CUDA,0,0,17919.801000001375,self_device_time_total,17919.801000001375,device_time_total,0,self_device_memory_usage,0,device_memory_usage
sm80_xmma_fprop_implicit_gemm_f16f16_f16f16_f16_nhwckrsc_nhwc_tilesize64x32x64_stage5_warpsize2x2x1_g1_tensor16x8x16_simple_t1r1s1_execute_kernel_trt,126,DeviceType.CUDA,0,0,34932.58699999907,self_device_time_total,34932.58699999907,device_time_total,0,self_device_memory_usage,0,device_memory_usage
__myl_CastCastCastSqrtMulMaxDivMulMulMulMulTanhMulAddMulCast_0x22a1c1b1bb19a3a7ece195729359cce7,126,DeviceType.CUDA,0,0,44194.4300000018,self_device_time_total,44194.4300000018,device_time_total,0,self_device_memory_usage,0,device_memory_usage
"void at::native::vectorized_elementwise_kernel<4, at::native::CUDAFunctorOnSelf_add<c10::BFloat16>, std::array<char*, 2ul> >(int, at::native::CUDAFunctorOnSelf_add<c10::BFloat16>, std::array<char*, 2ul>)",36,DeviceType.CUDA,0,0,699.618000000366,self_device_time_total,699.618000000366,device_time_total,0,self_device_memory_usage,0,device_memory_usage
"void at::native::vectorized_elementwise_kernel<4, at::native::BUnaryFunctor<c10::BFloat16, c10::BFloat16, c10::BFloat16, at::native::binary_internal::MulFunctor<float> >, std::array<char*, 2ul> >(int, at::native::BUnaryFunctor<c10::BFloat16, c10::BFloat16, c10::BFloat16, at::native::binary_internal::MulFunctor<float> >, std::array<char*, 2ul>)",36,DeviceType.CUDA,0,0,724.100999999675,self_device_time_total,724.100999999675,device_time_total,0,self_device_memory_usage,0,device_memory_usage
"void at::native::vectorized_elementwise_kernel<4, at::native::compare_scalar_kernel<c10::BFloat16>(at::TensorIteratorBase&, at::native::(anonymous namespace)::OpType, c10::BFloat16)::{lambda(c10::BFloat16)#1}, std::array<char*, 2ul> >(int, at::native::compare_scalar_kernel<c10::BFloat16>(at::TensorIteratorBase&, at::native::(anonymous namespace)::OpType, c10::BFloat16)::{lambda(c10::BFloat16)#1}, std::array<char*, 2ul>)",24,DeviceType.CUDA,0,0,231.07299999985844,self_device_time_total,231.07299999985844,device_time_total,0,self_device_memory_usage,0,device_memory_usage
"void at::native::vectorized_elementwise_kernel<4, at::native::(anonymous namespace)::pow_tensor_scalar_kernel_impl<c10::BFloat16, c10::BFloat16>(at::TensorIteratorBase&, c10::BFloat16)::{lambda(c10::BFloat16)#4}, std::array<char*, 2ul> >(int, at::native::(anonymous namespace)::pow_tensor_scalar_kernel_impl<c10::BFloat16, c10::BFloat16>(at::TensorIteratorBase&, c10::BFloat16)::{lambda(c10::BFloat16)#4}, std::array<char*, 2ul>)",15,DeviceType.CUDA,0,0,805.158999999403,self_device_time_total,805.158999999403,device_time_total,0,self_device_memory_usage,0,device_memory_usage
"void at::native::vectorized_elementwise_kernel<4, at::native::(anonymous namespace)::where_kernel_impl(at::TensorIterator&)::{lambda()#1}::operator()() const::{lambda()#3}::operator()() const::{lambda(bool, c10::BFloat16, c10::BFloat16)#1}, std::array<char*, 4ul> >(int, at::native::(anonymous namespace)::where_kernel_impl(at::TensorIterator&)::{lambda()#1}::operator()() const::{lambda()#3}::operator()() const::{lambda(bool, c10::BFloat16, c10::BFloat16)#1}, std::array<char*, 4ul>)",27,DeviceType.CUDA,0,0,1537.3590000001714,self_device_time_total,1537.3590000001714,device_time_total,0,self_device_memory_usage,0,device_memory_usage
aten::detach_,18,DeviceType.CPU,19.010000000940636,35.49000000022352,0,self_device_time_total,0,device_time_total,0,self_device_memory_usage,0,device_memory_usage
detach_,18,DeviceType.CPU,16.47999999928288,16.47999999928288,0,self_device_time_total,0,device_time_total,0,self_device_memory_usage,0,device_memory_usage
aten::numpy_T,9,DeviceType.CPU,14.199999999371357,57.08999999973457,0,self_device_time_total,0,device_time_total,0,self_device_memory_usage,0,device_memory_usage
aten::matmul,9,DeviceType.CPU,18.80000000016298,739.2470000002068,0.0,self_device_time_total,4729.099999999977,device_time_total,0,self_device_memory_usage,139034624,device_memory_usage
aten::mm,9,DeviceType.CPU,506.88700000045355,720.4470000000438,4729.099999999977,self_device_time_total,4729.099999999977,device_time_total,139034624,self_device_memory_usage,139034624,device_memory_usage
void cutlass::Kernel2<cutlass_75_tensorop_bf16_s1688gemm_bf16_64x128_tn_align1>(cutlass_75_tensorop_bf16_s1688gemm_bf16_64x128_tn_align1::Params),24,DeviceType.CUDA,0,0,4560.777000000002,self_device_time_total,4560.777000000002,device_time_total,0,self_device_memory_usage,0,device_memory_usage
"void at::native::vectorized_elementwise_kernel<4, at::native::AUnaryFunctor<c10::BFloat16, c10::BFloat16, c10::BFloat16, at::native::binary_internal::MulFunctor<float> >, std::array<char*, 2ul> >(int, at::native::AUnaryFunctor<c10::BFloat16, c10::BFloat16, c10::BFloat16, at::native::binary_internal::MulFunctor<float> >, std::array<char*, 2ul>)",39,DeviceType.CUDA,0,0,1326.698999999673,self_device_time_total,1326.698999999673,device_time_total,0,self_device_memory_usage,0,device_memory_usage
aten::as_strided_,3,DeviceType.CPU,11.409999999916181,11.409999999916181,0,self_device_time_total,0,device_time_total,0,self_device_memory_usage,0,device_memory_usage
"void at::native::elementwise_kernel<128, 4, at::native::gpu_kernel_impl_nocast<at::native::AUnaryFunctor<c10::BFloat16, c10::BFloat16, c10::BFloat16, at::native::binary_internal::MulFunctor<float> > >(at::TensorIteratorBase&, at::native::AUnaryFunctor<c10::BFloat16, c10::BFloat16, c10::BFloat16, at::native::binary_internal::MulFunctor<float> > const&)::{lambda(int)#1}>(int, at::native::gpu_kernel_impl_nocast<at::native::AUnaryFunctor<c10::BFloat16, c10::BFloat16, c10::BFloat16, at::native::binary_internal::MulFunctor<float> > >(at::TensorIteratorBase&, at::native::AUnaryFunctor<c10::BFloat16, c10::BFloat16, c10::BFloat16, at::native::binary_internal::MulFunctor<float> > const&)::{lambda(int)#1})",6,DeviceType.CUDA,0,0,100.51200000022072,self_device_time_total,100.51200000022072,device_time_total,0,self_device_memory_usage,0,device_memory_usage
void cutlass::Kernel2<cutlass_75_tensorop_bf16_s1688gemm_bf16_128x256_tt_align1>(cutlass_75_tensorop_bf16_s1688gemm_bf16_128x256_tt_align1::Params),3,DeviceType.CUDA,0,0,168.32299999997485,self_device_time_total,168.32299999997485,device_time_total,0,self_device_memory_usage,0,device_memory_usage
"void at::native::reduce_kernel<512, 1, at::native::ReduceOp<c10::BFloat16, at::native::MeanOps<c10::BFloat16, float, float, c10::BFloat16>, unsigned int, c10::BFloat16, 4, 4> >(at::native::ReduceOp<c10::BFloat16, at::native::MeanOps<c10::BFloat16, float, float, c10::BFloat16>, unsigned int, c10::BFloat16, 4, 4>)",6,DeviceType.CUDA,0,0,183.97000000008848,self_device_time_total,183.97000000008848,device_time_total,0,self_device_memory_usage,0,device_memory_usage
aten::std,6,DeviceType.CPU,64.91899999952875,120.57899999956135,199.5219999999972,self_device_time_total,199.5219999999972,device_time_total,0,self_device_memory_usage,3072,device_memory_usage
"void at::native::reduce_kernel<512, 1, at::native::ReduceOp<c10::BFloat16, at::native::WelfordOps<c10::BFloat16, float, int, thrust::THRUST_200700_750_800_860_900_1000_1200_NS::pair<c10::BFloat16, c10::BFloat16> >, unsigned int, c10::BFloat16, 2, 2> >(at::native::ReduceOp<c10::BFloat16, at::native::WelfordOps<c10::BFloat16, float, int, thrust::THRUST_200700_750_800_860_900_1000_1200_NS::pair<c10::BFloat16, c10::BFloat16> >, unsigned int, c10::BFloat16, 2, 2>)",6,DeviceType.CUDA,0,0,197.60099999944214,self_device_time_total,197.60099999944214,device_time_total,0,self_device_memory_usage,0,device_memory_usage
aten::lt,3,DeviceType.CPU,22.668999999877997,31.109000000054948,4.735999999684282,self_device_time_total,4.735999999684282,device_time_total,1536,self_device_memory_usage,1536,device_memory_usage
aten::ones_like,3,DeviceType.CPU,8.779999999911524,52.339999999967404,0.0,self_device_time_total,2.944000000017695,device_time_total,0,self_device_memory_usage,1536,device_memory_usage
"void at::native::vectorized_elementwise_kernel<4, at::native::FillFunctor<c10::BFloat16>, std::array<char*, 1ul> >(int, at::native::FillFunctor<c10::BFloat16>, std::array<char*, 1ul>)",3,DeviceType.CUDA,0,0,2.944000000017695,self_device_time_total,2.944000000017695,device_time_total,0,self_device_memory_usage,0,device_memory_usage
"void at::native::elementwise_kernel<128, 4, at::native::gpu_kernel_impl_nocast<at::native::CUDAFunctorOnSelf_add<c10::BFloat16> >(at::TensorIteratorBase&, at::native::CUDAFunctorOnSelf_add<c10::BFloat16> const&)::{lambda(int)#1}>(int, at::native::gpu_kernel_impl_nocast<at::native::CUDAFunctorOnSelf_add<c10::BFloat16> >(at::TensorIteratorBase&, at::native::CUDAFunctorOnSelf_add<c10::BFloat16> const&)::{lambda(int)#1})",6,DeviceType.CUDA,0,0,90.75199999962933,self_device_time_total,90.75199999962933,device_time_total,0,self_device_memory_usage,0,device_memory_usage
"void at::native::elementwise_kernel<128, 4, at::native::gpu_kernel_impl_nocast<at::native::BUnaryFunctor<c10::BFloat16, c10::BFloat16, c10::BFloat16, at::native::binary_internal::MulFunctor<float> > >(at::TensorIteratorBase&, at::native::BUnaryFunctor<c10::BFloat16, c10::BFloat16, c10::BFloat16, at::native::binary_internal::MulFunctor<float> > const&)::{lambda(int)#1}>(int, at::native::gpu_kernel_impl_nocast<at::native::BUnaryFunctor<c10::BFloat16, c10::BFloat16, c10::BFloat16, at::native::binary_internal::MulFunctor<float> > >(at::TensorIteratorBase&, at::native::BUnaryFunctor<c10::BFloat16, c10::BFloat16, c10::BFloat16, at::native::binary_internal::MulFunctor<float> > const&)::{lambda(int)#1})",9,DeviceType.CUDA,0,0,131.2659999994794,self_device_time_total,131.2659999994794,device_time_total,0,self_device_memory_usage,0,device_memory_usage
"void at::native::vectorized_elementwise_kernel<4, at::native::(anonymous namespace)::pow_tensor_scalar_kernel_impl<c10::BFloat16, c10::BFloat16>(at::TensorIteratorBase&, c10::BFloat16)::{lambda(c10::BFloat16)#2}, std::array<char*, 2ul> >(int, at::native::(anonymous namespace)::pow_tensor_scalar_kernel_impl<c10::BFloat16, c10::BFloat16>(at::TensorIteratorBase&, c10::BFloat16)::{lambda(c10::BFloat16)#2}, std::array<char*, 2ul>)",15,DeviceType.CUDA,0,0,175.64799999969546,self_device_time_total,175.64799999969546,device_time_total,0,self_device_memory_usage,0,device_memory_usage
"void at::native::elementwise_kernel<128, 4, at::native::gpu_kernel_impl_nocast<at::native::compare_scalar_kernel<c10::BFloat16>(at::TensorIteratorBase&, at::native::(anonymous namespace)::OpType, c10::BFloat16)::{lambda(c10::BFloat16)#1}>(at::TensorIteratorBase&, at::native::compare_scalar_kernel<c10::BFloat16>(at::TensorIteratorBase&, at::native::(anonymous namespace)::OpType, c10::BFloat16)::{lambda(c10::BFloat16)#1} const&)::{lambda(int)#1}>(int, at::native::gpu_kernel_impl_nocast<at::native::compare_scalar_kernel<c10::BFloat16>(at::TensorIteratorBase&, at::native::(anonymous namespace)::OpType, c10::BFloat16)::{lambda(c10::BFloat16)#1}>(at::TensorIteratorBase&, at::native::compare_scalar_kernel<c10::BFloat16>(at::TensorIteratorBase&, at::native::(anonymous namespace)::OpType, c10::BFloat16)::{lambda(c10::BFloat16)#1} const&)::{lambda(int)#1})",3,DeviceType.CUDA,0,0,175.10700000042561,self_device_time_total,175.10700000042561,device_time_total,0,self_device_memory_usage,0,device_memory_usage
Torch-Compiled Region: 24/0,3,DeviceType.CPU,6981.974000004353,17482.63899999985,0.0,self_device_time_total,229065.4020000028,device_time_total,-3021571072,self_device_memory_usage,344064,device_memory_usage
triton_poi_fused_constant_pad_nd_convolution_2,6,DeviceType.CPU,31.00999999931082,53.33999999973457,19.936000000219792,self_device_time_total,19.936000000219792,device_time_total,0,self_device_memory_usage,0,device_memory_usage
triton_poi_fused_constant_pad_nd_convolution_3,6,DeviceType.CPU,31.289999999222346,58.13999999978114,45.664000000222586,self_device_time_total,45.664000000222586,device_time_total,0,self_device_memory_usage,0,device_memory_usage
triton_poi_fused_cat_constant_pad_nd_4,3,DeviceType.CPU,16.319999999948777,28.909000000101514,27.423999999766238,self_device_time_total,27.423999999766238,device_time_total,0,self_device_memory_usage,0,device_memory_usage
triton_red_fused_constant_pad_nd_convolution_linalg_vector_norm_5,9,DeviceType.CPU,69.2199999995064,102.40999999910127,552.131999999634,self_device_time_total,552.131999999634,device_time_total,0,self_device_memory_usage,0,device_memory_usage
triton_poi_fused_add_constant_pad_nd_convolution_div_mul_silu_6,9,DeviceType.CPU,61.54000000003725,94.82000000018161,2247.8929999999236,self_device_time_total,2247.8929999999236,device_time_total,0,self_device_memory_usage,0,device_memory_usage
triton_red_fused_cat_constant_pad_nd_convolution_linalg_vector_norm_7,9,DeviceType.CPU,55.569000000250526,87.98799999989569,1814.6369999996386,self_device_time_total,1814.6369999996386,device_time_total,0,self_device_memory_usage,0,device_memory_usage
triton_poi_fused_constant_pad_nd_9,9,DeviceType.CPU,38.86000000080094,69.32000000053085,4917.482999999658,self_device_time_total,4917.482999999658,device_time_total,0,self_device_memory_usage,0,device_memory_usage
triton_red_fused_add_constant_pad_nd_convolution_linalg_vector_norm_10,3,DeviceType.CPU,32.449999999953434,46.940000000060536,170.08099999988917,self_device_time_total,170.08099999988917,device_time_total,0,self_device_memory_usage,0,device_memory_usage
triton_poi_fused_add_constant_pad_nd_convolution_div_mul_silu_11,3,DeviceType.CPU,26.559000000008382,43.37899999995716,477.70100000000093,self_device_time_total,477.70100000000093,device_time_total,0,self_device_memory_usage,0,device_memory_usage
triton_poi_fused_constant_pad_nd_silu_12,3,DeviceType.CPU,13.269999999552965,26.4599999996135,748.5819999999367,self_device_time_total,748.5819999999367,device_time_total,0,self_device_memory_usage,0,device_memory_usage
triton_red_fused_add_cat_constant_pad_nd_convolution_linalg_vector_norm_13,3,DeviceType.CPU,24.340000000200234,37.26000000012573,1091.082000000286,self_device_time_total,1091.082000000286,device_time_total,0,self_device_memory_usage,0,device_memory_usage
triton_poi_fused_add_cat_constant_pad_nd_convolution_div_mul_silu_14,3,DeviceType.CPU,30.059000000008382,45.16900000022724,2266.0990000000456,self_device_time_total,2266.0990000000456,device_time_total,0,self_device_memory_usage,0,device_memory_usage
triton_poi_fused_cat_constant_pad_nd_15,3,DeviceType.CPU,23.270000000251457,35.72999999998137,2450.1330000000307,self_device_time_total,2450.1330000000307,device_time_total,0,self_device_memory_usage,0,device_memory_usage
triton_poi_fused_constant_pad_nd_convolution_2,6,DeviceType.CUDA,0,0,19.936000000219792,self_device_time_total,19.936000000219792,device_time_total,0,self_device_memory_usage,0,device_memory_usage
triton_poi_fused_constant_pad_nd_convolution_3,6,DeviceType.CUDA,0,0,45.664000000222586,self_device_time_total,45.664000000222586,device_time_total,0,self_device_memory_usage,0,device_memory_usage
triton_poi_fused_cat_constant_pad_nd_4,3,DeviceType.CUDA,0,0,27.423999999766238,self_device_time_total,27.423999999766238,device_time_total,0,self_device_memory_usage,0,device_memory_usage
"void implicit_convolveNd_sgemm<__nv_bfloat16, 3, 1024, 5, 5, 3, 3, 3, 1, false, false, true>(int, int, int, __nv_bfloat16 const*, int, __nv_bfloat16*, __nv_bfloat16 const*, kernel_convNd_params, unsigned long long, int, float, float, int, __nv_bfloat16 const*, __nv_bfloat16 const*, bool, bool)",6,DeviceType.CUDA,0,0,3967.107999999891,self_device_time_total,3967.107999999891,device_time_total,0,self_device_memory_usage,0,device_memory_usage
triton_poi_fused_constant_pad_nd_16,3,DeviceType.CPU,35.500000000349246,49.799999999813735,609.7659999998286,self_device_time_total,609.7659999998286,device_time_total,0,self_device_memory_usage,0,device_memory_usage
triton_per_fused_linalg_vector_norm_17,3,DeviceType.CPU,25.479999999515712,40.36999999987893,61.31300000019837,self_device_time_total,61.31300000019837,device_time_total,0,self_device_memory_usage,0,device_memory_usage
triton_poi_fused_constant_pad_nd_18,3,DeviceType.CPU,16.069999999948777,28.98000000009779,29.441000000108033,self_device_time_total,29.441000000108033,device_time_total,0,self_device_memory_usage,0,device_memory_usage
triton_poi_fused_add_constant_pad_nd_div_mul_silu_19,3,DeviceType.CPU,19.35999999998603,32.32999999995809,225.37600000051316,self_device_time_total,225.37600000051316,device_time_total,0,self_device_memory_usage,0,device_memory_usage
triton_poi_fused_constant_pad_nd_20,3,DeviceType.CPU,31.32999999972526,43.690000000060536,2359.540000000503,self_device_time_total,2359.540000000503,device_time_total,0,self_device_memory_usage,0,device_memory_usage
triton_red_fused_convolution_linalg_vector_norm_21,6,DeviceType.CPU,35.50000000081491,57.840000000433065,192.16299999982584,self_device_time_total,192.16299999982584,device_time_total,0,self_device_memory_usage,0,device_memory_usage
triton_poi_fused_add_constant_pad_nd_convolution_div_mul_silu_22,6,DeviceType.CPU,32.02000000071712,54.62900000065565,687.5889999998035,self_device_time_total,687.5889999998035,device_time_total,0,self_device_memory_usage,0,device_memory_usage
triton_per_fused_linalg_vector_norm_23,3,DeviceType.CPU,14.20000000006985,24.830000000307336,172.06500000006054,self_device_time_total,172.06500000006054,device_time_total,0,self_device_memory_usage,0,device_memory_usage
triton_poi_fused_cat_24,3,DeviceType.CPU,19.089999999967404,30.78000000002794,930.601000000257,self_device_time_total,930.601000000257,device_time_total,0,self_device_memory_usage,0,device_memory_usage
triton_poi_fused_constant_pad_nd_25,3,DeviceType.CPU,12.949999999720603,22.830000000074506,119.42399999988265,self_device_time_total,119.42399999988265,device_time_total,0,self_device_memory_usage,0,device_memory_usage
triton_red_fused_add_constant_pad_nd_convolution_linalg_vector_norm_26,3,DeviceType.CPU,25.609999999869615,38.42999999993481,105.92099999997299,self_device_time_total,105.92099999997299,device_time_total,0,self_device_memory_usage,0,device_memory_usage
triton_poi_fused_add_constant_pad_nd_convolution_div_mul_silu_27,3,DeviceType.CPU,18.79999999993015,29.869999999995343,175.39400000008754,self_device_time_total,175.39400000008754,device_time_total,0,self_device_memory_usage,0,device_memory_usage
triton_poi_fused_constant_pad_nd_28,3,DeviceType.CPU,11.880000000237487,25.550000000046566,404.0989999999292,self_device_time_total,404.0989999999292,device_time_total,0,self_device_memory_usage,0,device_memory_usage
triton_poi_fused_constant_pad_nd_silu_29,3,DeviceType.CPU,14.210000000079162,25.48000000009779,338.7229999998817,self_device_time_total,338.7229999998817,device_time_total,0,self_device_memory_usage,0,device_memory_usage
triton_red_fused_constant_pad_nd_convolution_linalg_vector_norm_30,6,DeviceType.CPU,37.67000000050757,58.40000000037253,621.9900000001071,self_device_time_total,621.9900000001071,device_time_total,0,self_device_memory_usage,0,device_memory_usage
triton_poi_fused_cat_31,6,DeviceType.CPU,36.57999999891035,56.93999999947846,1354.923999999999,self_device_time_total,1354.923999999999,device_time_total,0,self_device_memory_usage,0,device_memory_usage
triton_poi_fused_constant_pad_nd_32,6,DeviceType.CPU,21.19900000002235,39.26900000043679,1556.2380000004778,self_device_time_total,1556.2380000004778,device_time_total,0,self_device_memory_usage,0,device_memory_usage
triton_poi_fused_constant_pad_nd_33,3,DeviceType.CPU,27.227999999769963,39.44799999985844,228.35399999970105,self_device_time_total,228.35399999970105,device_time_total,0,self_device_memory_usage,0,device_memory_usage
triton_red_fused_add_constant_pad_nd_convolution_linalg_vector_norm_34,3,DeviceType.CPU,21.41999999980908,31.9699999995064,469.38100000016857,self_device_time_total,469.38100000016857,device_time_total,0,self_device_memory_usage,0,device_memory_usage
triton_poi_fused_add_constant_pad_nd_convolution_div_mul_silu_35,3,DeviceType.CPU,18.449999999720603,31.069999999715947,1102.8260000003502,self_device_time_total,1102.8260000003502,device_time_total,0,self_device_memory_usage,0,device_memory_usage
triton_poi_fused_cat_constant_pad_nd_36,3,DeviceType.CPU,16.098999999579974,27.09899999969639,1235.1790000001201,self_device_time_total,1235.1790000001201,device_time_total,0,self_device_memory_usage,0,device_memory_usage
triton_per_fused_linalg_vector_norm_37,3,DeviceType.CPU,20.170000000158325,33.46000000007916,33.98399999958929,self_device_time_total,33.98399999958929,device_time_total,0,self_device_memory_usage,0,device_memory_usage
triton_poi_fused_constant_pad_nd_38,3,DeviceType.CPU,14.009999999892898,25.489999999990687,14.208000000100583,self_device_time_total,14.208000000100583,device_time_total,0,self_device_memory_usage,0,device_memory_usage
triton_poi_fused_add_constant_pad_nd_div_mul_silu_39,3,DeviceType.CPU,16.58000000019092,27.42900000035297,118.81700000003912,self_device_time_total,118.81700000003912,device_time_total,0,self_device_memory_usage,0,device_memory_usage
triton_red_fused_convolution_linalg_vector_norm_40,6,DeviceType.CPU,29.269999999785796,47.15000000002328,83.19999999948777,self_device_time_total,83.19999999948777,device_time_total,0,self_device_memory_usage,0,device_memory_usage
triton_poi_fused_add_constant_pad_nd_convolution_div_mul_silu_41,6,DeviceType.CPU,29.48999999987427,48.939999999827705,337.5700000001816,self_device_time_total,337.5700000001816,device_time_total,0,self_device_memory_usage,0,device_memory_usage
triton_red_fused_constant_pad_nd_convolution_linalg_vector_norm_5,9,DeviceType.CUDA,0,0,552.131999999634,self_device_time_total,552.131999999634,device_time_total,0,self_device_memory_usage,0,device_memory_usage
triton_red_fused_add_constant_pad_nd_convolution_linalg_vector_norm_42,3,DeviceType.CPU,24.740000000223517,37.71000000007916,59.29599999974016,self_device_time_total,59.29599999974016,device_time_total,0,self_device_memory_usage,0,device_memory_usage
triton_poi_fused_add_constant_pad_nd_convolution_div_mul_silu_43,3,DeviceType.CPU,18.040000000270084,29.190000000060536,60.5140000001993,self_device_time_total,60.5140000001993,device_time_total,0,self_device_memory_usage,0,device_memory_usage
triton_poi_fused_add_constant_pad_nd_convolution_div_mul_silu_6,9,DeviceType.CUDA,0,0,2247.8929999999236,self_device_time_total,2247.8929999999236,device_time_total,0,self_device_memory_usage,0,device_memory_usage
triton_poi_fused_constant_pad_nd_44,3,DeviceType.CPU,30.520000000251457,42.61000000021886,1308.0750000000698,self_device_time_total,1308.0750000000698,device_time_total,0,self_device_memory_usage,0,device_memory_usage
triton_poi_fused_cat_45,3,DeviceType.CPU,24.479000000166707,36.2589999998454,438.37099999981,self_device_time_total,438.37099999981,device_time_total,0,self_device_memory_usage,0,device_memory_usage
triton_poi_fused_constant_pad_nd_silu_46,3,DeviceType.CPU,12.359999999636784,23.54999999969732,128.6089999997057,self_device_time_total,128.6089999997057,device_time_total,0,self_device_memory_usage,0,device_memory_usage
triton_poi_fused_cat_convolution_47,3,DeviceType.CPU,17.649999999790452,29.33999999985099,55.32799999997951,self_device_time_total,55.32799999997951,device_time_total,0,self_device_memory_usage,0,device_memory_usage
triton_red_fused_linalg_vector_norm_48,3,DeviceType.CPU,15.120000000111759,26.46999999973923,11.647000000113621,self_device_time_total,11.647000000113621,device_time_total,0,self_device_memory_usage,0,device_memory_usage
triton_red_fused_cat_constant_pad_nd_convolution_linalg_vector_norm_7,9,DeviceType.CUDA,0,0,1814.6369999996386,self_device_time_total,1814.6369999996386,device_time_total,0,self_device_memory_usage,0,device_memory_usage
triton_poi_fused_cat_49,3,DeviceType.CPU,19.26999999966938,31.039999999804422,96.35299999988638,self_device_time_total,96.35299999988638,device_time_total,0,self_device_memory_usage,0,device_memory_usage
triton_poi_fused_constant_pad_nd_50,3,DeviceType.CPU,27.620000000228174,39.20999999996275,110.11299999989569,self_device_time_total,110.11299999989569,device_time_total,0,self_device_memory_usage,0,device_memory_usage
triton_poi_fused_constant_pad_nd_51,3,DeviceType.CPU,13.970000000088476,25.17000000027474,102.75199999962933,self_device_time_total,102.75199999962933,device_time_total,0,self_device_memory_usage,0,device_memory_usage
triton_per_fused_linalg_vector_norm_52,3,DeviceType.CPU,20.65999999991618,32.18999999971129,11.296000000205822,self_device_time_total,11.296000000205822,device_time_total,0,self_device_memory_usage,0,device_memory_usage
triton_poi_fused_add_constant_pad_nd_div_mul_silu_53,3,DeviceType.CPU,14.979999999632128,25.559999999939464,51.90399999998044,self_device_time_total,51.90399999998044,device_time_total,0,self_device_memory_usage,0,device_memory_usage
triton_red_fused_constant_pad_nd_convolution_linalg_vector_norm_54,6,DeviceType.CPU,30.9599999996135,50.06999999959953,64.86399999959394,self_device_time_total,64.86399999959394,device_time_total,0,self_device_memory_usage,0,device_memory_usage
triton_poi_fused_cat_55,6,DeviceType.CPU,35.62000000011176,56.02000000001863,398.53100000019185,self_device_time_total,398.53100000019185,device_time_total,0,self_device_memory_usage,0,device_memory_usage
triton_red_fused_convolution_linalg_vector_norm_56,21,DeviceType.CPU,93.35000000009313,150.71799999952782,139.61600000073668,self_device_time_total,139.61600000073668,device_time_total,0,self_device_memory_usage,0,device_memory_usage
triton_poi_fused_constant_pad_nd_57,6,DeviceType.CPU,18.319999999948777,35.76800000004005,243.74599999992643,self_device_time_total,243.74599999992643,device_time_total,0,self_device_memory_usage,0,device_memory_usage
triton_per_fused_convolution_linalg_vector_norm_58,54,DeviceType.CPU,169.51799999992363,299.43799999926705,68.70800000114832,self_device_time_total,68.70800000114832,device_time_total,0,self_device_memory_usage,0,device_memory_usage
triton_poi_fused_add_constant_pad_nd_convolution_div_mul_silu_59,12,DeviceType.CPU,55.970000000088476,90.42000000039116,167.10599999991246,self_device_time_total,167.10599999991246,device_time_total,0,self_device_memory_usage,0,device_memory_usage
triton_red_fused_add_constant_pad_nd_convolution_linalg_vector_norm_60,3,DeviceType.CPU,21.319999999715947,32.8499999998603,110.20900000014808,self_device_time_total,110.20900000014808,device_time_total,0,self_device_memory_usage,0,device_memory_usage
triton_poi_fused_add_constant_pad_nd_convolution_div_mul_silu_61,3,DeviceType.CPU,18.09000000054948,28.720000000321306,182.81800000020303,self_device_time_total,182.81800000020303,device_time_total,0,self_device_memory_usage,0,device_memory_usage
triton_poi_fused_cat_constant_pad_nd_62,3,DeviceType.CPU,13.759999999892898,24.849999999743886,235.20199999969918,self_device_time_total,235.20199999969918,device_time_total,0,self_device_memory_usage,0,device_memory_usage
triton_red_fused_add_convolution_linalg_vector_norm_63,3,DeviceType.CPU,23.039999999920838,34.70999999972992,30.71999999997206,self_device_time_total,30.71999999997206,device_time_total,0,self_device_memory_usage,0,device_memory_usage
triton_per_fused_add_convolution_linalg_vector_norm_64,3,DeviceType.CPU,16.6099999997532,28.77899999974761,7.519999999785796,self_device_time_total,7.519999999785796,device_time_total,0,self_device_memory_usage,0,device_memory_usage
triton_poi_fused_add_convolution_div_mul_silu_65,3,DeviceType.CPU,20.96000000042841,32.13000000023749,34.52899999974761,self_device_time_total,34.52899999974761,device_time_total,0,self_device_memory_usage,0,device_memory_usage
triton_poi_fused_constant_pad_nd_silu_66,3,DeviceType.CPU,11.129999999538995,21.459999999729916,24.192000000039116,self_device_time_total,24.192000000039116,device_time_total,0,self_device_memory_usage,0,device_memory_usage
triton_poi_fused_constant_pad_nd_67,3,DeviceType.CPU,24.739999999990687,38.049999999813735,235.97100000013597,self_device_time_total,235.97100000013597,device_time_total,0,self_device_memory_usage,0,device_memory_usage
triton_poi_fused_cat_68,3,DeviceType.CPU,24.249999999650754,36.79999999969732,25.50399999972433,self_device_time_total,25.50399999972433,device_time_total,0,self_device_memory_usage,0,device_memory_usage
triton_poi_fused_add_convolution_69,3,DeviceType.CPU,27.639000000432134,38.469000000390224,22.048000000067987,self_device_time_total,22.048000000067987,device_time_total,0,self_device_memory_usage,0,device_memory_usage
triton_poi_fused_cat_70,3,DeviceType.CPU,25.240000000107102,36.86000000045169,47.13799999980256,self_device_time_total,47.13799999980256,device_time_total,0,self_device_memory_usage,0,device_memory_usage
triton_red_fused_linalg_vector_norm_71,12,DeviceType.CPU,50.12999999849126,85.69899999897461,23.487999999895692,self_device_time_total,23.487999999895692,device_time_total,0,self_device_memory_usage,0,device_memory_usage
triton_poi_fused_constant_pad_nd_72,21,DeviceType.CPU,67.49899999832269,123.49799999920651,135.6169999993872,self_device_time_total,135.6169999993872,device_time_total,0,self_device_memory_usage,0,device_memory_usage
triton_poi_fused_add_constant_pad_nd_div_mul_silu_73,6,DeviceType.CPU,30.00999999931082,51.879999999306165,76.64000000013039,self_device_time_total,76.64000000013039,device_time_total,0,self_device_memory_usage,0,device_memory_usage
triton_poi_fused_cat_74,12,DeviceType.CPU,68.69000000006054,102.0200000006007,108.19200000015553,self_device_time_total,108.19200000015553,device_time_total,0,self_device_memory_usage,0,device_memory_usage
triton_red_fused_linalg_vector_norm_75,6,DeviceType.CPU,39.02999999944586,60.5999999998603,46.49600000039209,self_device_time_total,46.49600000039209,device_time_total,0,self_device_memory_usage,0,device_memory_usage
triton_red_fused_add_cat_constant_pad_nd_convolution_linalg_vector_norm_76,3,DeviceType.CPU,21.630000000470318,32.59000000008382,33.28000000002794,self_device_time_total,33.28000000002794,device_time_total,0,self_device_memory_usage,0,device_memory_usage
triton_poi_fused_add_div_mul_77,3,DeviceType.CPU,19.329999999841675,30.509999999776483,19.87200000032317,self_device_time_total,19.87200000032317,device_time_total,0,self_device_memory_usage,0,device_memory_usage
triton_poi_fused_add_cat_constant_pad_nd_convolution_div_mul_silu_78,3,DeviceType.CPU,18.41999999980908,28.919999999692664,20.00000000023283,self_device_time_total,20.00000000023283,device_time_total,0,self_device_memory_usage,0,device_memory_usage
triton_poi_fused_cat_constant_pad_nd_79,3,DeviceType.CPU,12.010000000125729,22.6400000002468,42.24000000045635,self_device_time_total,42.24000000045635,device_time_total,0,self_device_memory_usage,0,device_memory_usage
triton_poi_fused__scaled_dot_product_efficient_attention_80,6,DeviceType.CPU,32.439999999362044,53.64999999967404,25.663999999989755,self_device_time_total,25.663999999989755,device_time_total,0,self_device_memory_usage,0,device_memory_usage
triton_poi_fused__scaled_dot_product_efficient_attention_81,6,DeviceType.CPU,22.400000000023283,41.95999999984633,21.8560000002617,self_device_time_total,21.8560000002617,device_time_total,0,self_device_memory_usage,0,device_memory_usage
triton_poi_fused__scaled_dot_product_efficient_attention_82,6,DeviceType.CPU,20.6400000002468,39.05900000000838,29.98499999998603,self_device_time_total,29.98499999998603,device_time_total,0,self_device_memory_usage,0,device_memory_usage
triton_poi_fused_add_cat_constant_pad_nd_convolution_83,3,DeviceType.CPU,28.850000000209548,40.52000000025146,19.361000000033528,self_device_time_total,19.361000000033528,device_time_total,0,self_device_memory_usage,0,device_memory_usage
triton_poi_fused_cat_84,6,DeviceType.CPU,32.17999999981839,50.86999999987893,46.71900000004098,self_device_time_total,46.71900000004098,device_time_total,0,self_device_memory_usage,0,device_memory_usage
triton_poi_fused_add_convolution_div_mul_85,3,DeviceType.CPU,36.940000000060536,51.6500000001397,28.928000000305474,self_device_time_total,28.928000000305474,device_time_total,0,self_device_memory_usage,0,device_memory_usage
triton_poi_fused_constant_pad_nd_9,9,DeviceType.CUDA,0,0,4917.482999999658,self_device_time_total,4917.482999999658,device_time_total,0,self_device_memory_usage,0,device_memory_usage
triton_poi_fused_add_constant_pad_nd_convolution_86,3,DeviceType.CPU,25.520000000600703,38.18000000040047,9.727999999769963,self_device_time_total,9.727999999769963,device_time_total,0,self_device_memory_usage,0,device_memory_usage
triton_red_fused_constant_pad_nd_convolution_linalg_vector_norm_87,3,DeviceType.CPU,21.889000000199303,32.62900000018999,26.46400000003632,self_device_time_total,26.46400000003632,device_time_total,0,self_device_memory_usage,0,device_memory_usage
triton_red_fused_add_constant_pad_nd_convolution_linalg_vector_norm_88,3,DeviceType.CPU,24.880000000586733,38.40000000002328,22.048000000067987,self_device_time_total,22.048000000067987,device_time_total,0,self_device_memory_usage,0,device_memory_usage
triton_poi_fused_add_constant_pad_nd_convolution_div_mul_silu_89,3,DeviceType.CPU,27.099999999743886,38.029999999911524,21.08800000033807,self_device_time_total,21.08800000033807,device_time_total,0,self_device_memory_usage,0,device_memory_usage
triton_poi_fused_cat_constant_pad_nd_silu_90,3,DeviceType.CPU,14.61000000021886,25.090000000200234,48.70399999979418,self_device_time_total,48.70399999979418,device_time_total,0,self_device_memory_usage,0,device_memory_usage
triton_poi_fused_cat_91,3,DeviceType.CPU,20.63999999954831,32.20999999996275,3.6799999999348074,self_device_time_total,3.6799999999348074,device_time_total,0,self_device_memory_usage,0,device_memory_usage
triton_poi_fused_mul_sub_92,3,DeviceType.CPU,22.02899999928195,33.78799999970943,3.5200000001350418,self_device_time_total,3.5200000001350418,device_time_total,0,self_device_memory_usage,0,device_memory_usage
aten::clip,3,DeviceType.CPU,4.009999999892898,40.13000000012107,0.0,self_device_time_total,625.3179999999702,device_time_total,0,self_device_memory_usage,136249344,device_memory_usage
triton_red_fused_add_constant_pad_nd_convolution_linalg_vector_norm_10,3,DeviceType.CUDA,0,0,170.08099999988917,self_device_time_total,170.08099999988917,device_time_total,0,self_device_memory_usage,0,device_memory_usage
triton_poi_fused_add_constant_pad_nd_convolution_div_mul_silu_11,3,DeviceType.CUDA,0,0,477.70100000000093,self_device_time_total,477.70100000000093,device_time_total,0,self_device_memory_usage,0,device_memory_usage
triton_poi_fused_constant_pad_nd_silu_12,3,DeviceType.CUDA,0,0,748.5819999999367,self_device_time_total,748.5819999999367,device_time_total,0,self_device_memory_usage,0,device_memory_usage
triton_red_fused_add_cat_constant_pad_nd_convolution_linalg_vector_norm_13,3,DeviceType.CUDA,0,0,1091.082000000286,self_device_time_total,1091.082000000286,device_time_total,0,self_device_memory_usage,0,device_memory_usage
triton_poi_fused_add_cat_constant_pad_nd_convolution_div_mul_silu_14,3,DeviceType.CUDA,0,0,2266.0990000000456,self_device_time_total,2266.0990000000456,device_time_total,0,self_device_memory_usage,0,device_memory_usage
triton_poi_fused_cat_constant_pad_nd_15,3,DeviceType.CUDA,0,0,2450.1330000000307,self_device_time_total,2450.1330000000307,device_time_total,0,self_device_memory_usage,0,device_memory_usage
triton_poi_fused_constant_pad_nd_16,3,DeviceType.CUDA,0,0,609.7659999998286,self_device_time_total,609.7659999998286,device_time_total,0,self_device_memory_usage,0,device_memory_usage
triton_per_fused_linalg_vector_norm_17,3,DeviceType.CUDA,0,0,61.31300000019837,self_device_time_total,61.31300000019837,device_time_total,0,self_device_memory_usage,0,device_memory_usage
triton_poi_fused_constant_pad_nd_18,3,DeviceType.CUDA,0,0,29.441000000108033,self_device_time_total,29.441000000108033,device_time_total,0,self_device_memory_usage,0,device_memory_usage
triton_poi_fused_add_constant_pad_nd_div_mul_silu_19,3,DeviceType.CUDA,0,0,225.37600000051316,self_device_time_total,225.37600000051316,device_time_total,0,self_device_memory_usage,0,device_memory_usage
triton_poi_fused_constant_pad_nd_20,3,DeviceType.CUDA,0,0,2359.540000000503,self_device_time_total,2359.540000000503,device_time_total,0,self_device_memory_usage,0,device_memory_usage
triton_red_fused_convolution_linalg_vector_norm_21,6,DeviceType.CUDA,0,0,192.16299999982584,self_device_time_total,192.16299999982584,device_time_total,0,self_device_memory_usage,0,device_memory_usage
triton_poi_fused_add_constant_pad_nd_convolution_div_mul_silu_22,6,DeviceType.CUDA,0,0,687.5889999998035,self_device_time_total,687.5889999998035,device_time_total,0,self_device_memory_usage,0,device_memory_usage
triton_per_fused_linalg_vector_norm_23,3,DeviceType.CUDA,0,0,172.06500000006054,self_device_time_total,172.06500000006054,device_time_total,0,self_device_memory_usage,0,device_memory_usage
triton_poi_fused_cat_24,3,DeviceType.CUDA,0,0,930.601000000257,self_device_time_total,930.601000000257,device_time_total,0,self_device_memory_usage,0,device_memory_usage
triton_poi_fused_constant_pad_nd_25,3,DeviceType.CUDA,0,0,119.42399999988265,self_device_time_total,119.42399999988265,device_time_total,0,self_device_memory_usage,0,device_memory_usage
triton_red_fused_add_constant_pad_nd_convolution_linalg_vector_norm_26,3,DeviceType.CUDA,0,0,105.92099999997299,self_device_time_total,105.92099999997299,device_time_total,0,self_device_memory_usage,0,device_memory_usage
triton_poi_fused_add_constant_pad_nd_convolution_div_mul_silu_27,3,DeviceType.CUDA,0,0,175.39400000008754,self_device_time_total,175.39400000008754,device_time_total,0,self_device_memory_usage,0,device_memory_usage
triton_poi_fused_constant_pad_nd_28,3,DeviceType.CUDA,0,0,404.0989999999292,self_device_time_total,404.0989999999292,device_time_total,0,self_device_memory_usage,0,device_memory_usage
ampere_bf16_s16816gemm_bf16_128x64_ldg8_f2f_nn,3,DeviceType.CUDA,0,0,670.6620000000112,self_device_time_total,670.6620000000112,device_time_total,0,self_device_memory_usage,0,device_memory_usage
triton_poi_fused_constant_pad_nd_silu_29,3,DeviceType.CUDA,0,0,338.7229999998817,self_device_time_total,338.7229999998817,device_time_total,0,self_device_memory_usage,0,device_memory_usage
triton_red_fused_constant_pad_nd_convolution_linalg_vector_norm_30,6,DeviceType.CUDA,0,0,621.9900000001071,self_device_time_total,621.9900000001071,device_time_total,0,self_device_memory_usage,0,device_memory_usage
triton_poi_fused_cat_31,6,DeviceType.CUDA,0,0,1354.923999999999,self_device_time_total,1354.923999999999,device_time_total,0,self_device_memory_usage,0,device_memory_usage
triton_poi_fused_constant_pad_nd_32,6,DeviceType.CUDA,0,0,1556.2380000004778,self_device_time_total,1556.2380000004778,device_time_total,0,self_device_memory_usage,0,device_memory_usage
triton_poi_fused_constant_pad_nd_33,3,DeviceType.CUDA,0,0,228.35399999970105,self_device_time_total,228.35399999970105,device_time_total,0,self_device_memory_usage,0,device_memory_usage
triton_red_fused_add_constant_pad_nd_convolution_linalg_vector_norm_34,3,DeviceType.CUDA,0,0,469.38100000016857,self_device_time_total,469.38100000016857,device_time_total,0,self_device_memory_usage,0,device_memory_usage
triton_poi_fused_add_constant_pad_nd_convolution_div_mul_silu_35,3,DeviceType.CUDA,0,0,1102.8260000003502,self_device_time_total,1102.8260000003502,device_time_total,0,self_device_memory_usage,0,device_memory_usage
triton_poi_fused_cat_constant_pad_nd_36,3,DeviceType.CUDA,0,0,1235.1790000001201,self_device_time_total,1235.1790000001201,device_time_total,0,self_device_memory_usage,0,device_memory_usage
triton_per_fused_linalg_vector_norm_37,3,DeviceType.CUDA,0,0,33.98399999958929,self_device_time_total,33.98399999958929,device_time_total,0,self_device_memory_usage,0,device_memory_usage
triton_poi_fused_constant_pad_nd_38,3,DeviceType.CUDA,0,0,14.208000000100583,self_device_time_total,14.208000000100583,device_time_total,0,self_device_memory_usage,0,device_memory_usage
triton_poi_fused_add_constant_pad_nd_div_mul_silu_39,3,DeviceType.CUDA,0,0,118.81700000003912,self_device_time_total,118.81700000003912,device_time_total,0,self_device_memory_usage,0,device_memory_usage
triton_red_fused_convolution_linalg_vector_norm_40,6,DeviceType.CUDA,0,0,83.19999999948777,self_device_time_total,83.19999999948777,device_time_total,0,self_device_memory_usage,0,device_memory_usage
triton_poi_fused_add_constant_pad_nd_convolution_div_mul_silu_41,6,DeviceType.CUDA,0,0,337.5700000001816,self_device_time_total,337.5700000001816,device_time_total,0,self_device_memory_usage,0,device_memory_usage
triton_red_fused_add_constant_pad_nd_convolution_linalg_vector_norm_42,3,DeviceType.CUDA,0,0,59.29599999974016,self_device_time_total,59.29599999974016,device_time_total,0,self_device_memory_usage,0,device_memory_usage
triton_poi_fused_add_constant_pad_nd_convolution_div_mul_silu_43,3,DeviceType.CUDA,0,0,60.5140000001993,self_device_time_total,60.5140000001993,device_time_total,0,self_device_memory_usage,0,device_memory_usage
triton_poi_fused_constant_pad_nd_44,3,DeviceType.CUDA,0,0,1308.0750000000698,self_device_time_total,1308.0750000000698,device_time_total,0,self_device_memory_usage,0,device_memory_usage
triton_poi_fused_cat_45,3,DeviceType.CUDA,0,0,438.37099999981,self_device_time_total,438.37099999981,device_time_total,0,self_device_memory_usage,0,device_memory_usage
triton_poi_fused_constant_pad_nd_silu_46,3,DeviceType.CUDA,0,0,128.6089999997057,self_device_time_total,128.6089999997057,device_time_total,0,self_device_memory_usage,0,device_memory_usage
triton_poi_fused_cat_convolution_47,3,DeviceType.CUDA,0,0,55.32799999997951,self_device_time_total,55.32799999997951,device_time_total,0,self_device_memory_usage,0,device_memory_usage
triton_red_fused_linalg_vector_norm_48,3,DeviceType.CUDA,0,0,11.647000000113621,self_device_time_total,11.647000000113621,device_time_total,0,self_device_memory_usage,0,device_memory_usage
triton_poi_fused_cat_49,3,DeviceType.CUDA,0,0,96.35299999988638,self_device_time_total,96.35299999988638,device_time_total,0,self_device_memory_usage,0,device_memory_usage
triton_poi_fused_constant_pad_nd_50,3,DeviceType.CUDA,0,0,110.11299999989569,self_device_time_total,110.11299999989569,device_time_total,0,self_device_memory_usage,0,device_memory_usage
triton_poi_fused_constant_pad_nd_51,3,DeviceType.CUDA,0,0,102.75199999962933,self_device_time_total,102.75199999962933,device_time_total,0,self_device_memory_usage,0,device_memory_usage
triton_per_fused_linalg_vector_norm_52,3,DeviceType.CUDA,0,0,11.296000000205822,self_device_time_total,11.296000000205822,device_time_total,0,self_device_memory_usage,0,device_memory_usage
triton_poi_fused_add_constant_pad_nd_div_mul_silu_53,3,DeviceType.CUDA,0,0,51.90399999998044,self_device_time_total,51.90399999998044,device_time_total,0,self_device_memory_usage,0,device_memory_usage
triton_red_fused_constant_pad_nd_convolution_linalg_vector_norm_54,6,DeviceType.CUDA,0,0,64.86399999959394,self_device_time_total,64.86399999959394,device_time_total,0,self_device_memory_usage,0,device_memory_usage
triton_poi_fused_cat_55,6,DeviceType.CUDA,0,0,398.53100000019185,self_device_time_total,398.53100000019185,device_time_total,0,self_device_memory_usage,0,device_memory_usage
triton_red_fused_convolution_linalg_vector_norm_56,21,DeviceType.CUDA,0,0,139.61600000073668,self_device_time_total,139.61600000073668,device_time_total,0,self_device_memory_usage,0,device_memory_usage
triton_poi_fused_constant_pad_nd_57,6,DeviceType.CUDA,0,0,243.74599999992643,self_device_time_total,243.74599999992643,device_time_total,0,self_device_memory_usage,0,device_memory_usage
triton_per_fused_convolution_linalg_vector_norm_58,54,DeviceType.CUDA,0,0,68.70800000114832,self_device_time_total,68.70800000114832,device_time_total,0,self_device_memory_usage,0,device_memory_usage
triton_poi_fused_add_constant_pad_nd_convolution_div_mul_silu_59,12,DeviceType.CUDA,0,0,167.10599999991246,self_device_time_total,167.10599999991246,device_time_total,0,self_device_memory_usage,0,device_memory_usage
triton_red_fused_add_constant_pad_nd_convolution_linalg_vector_norm_60,3,DeviceType.CUDA,0,0,110.20900000014808,self_device_time_total,110.20900000014808,device_time_total,0,self_device_memory_usage,0,device_memory_usage
triton_poi_fused_add_constant_pad_nd_convolution_div_mul_silu_61,3,DeviceType.CUDA,0,0,182.81800000020303,self_device_time_total,182.81800000020303,device_time_total,0,self_device_memory_usage,0,device_memory_usage
triton_poi_fused_cat_constant_pad_nd_62,3,DeviceType.CUDA,0,0,235.20199999969918,self_device_time_total,235.20199999969918,device_time_total,0,self_device_memory_usage,0,device_memory_usage
triton_red_fused_add_convolution_linalg_vector_norm_63,3,DeviceType.CUDA,0,0,30.71999999997206,self_device_time_total,30.71999999997206,device_time_total,0,self_device_memory_usage,0,device_memory_usage
triton_per_fused_add_convolution_linalg_vector_norm_64,3,DeviceType.CUDA,0,0,7.519999999785796,self_device_time_total,7.519999999785796,device_time_total,0,self_device_memory_usage,0,device_memory_usage
triton_poi_fused_add_convolution_div_mul_silu_65,3,DeviceType.CUDA,0,0,34.52899999974761,self_device_time_total,34.52899999974761,device_time_total,0,self_device_memory_usage,0,device_memory_usage
triton_poi_fused_constant_pad_nd_silu_66,3,DeviceType.CUDA,0,0,24.192000000039116,self_device_time_total,24.192000000039116,device_time_total,0,self_device_memory_usage,0,device_memory_usage
triton_poi_fused_constant_pad_nd_67,3,DeviceType.CUDA,0,0,235.97100000013597,self_device_time_total,235.97100000013597,device_time_total,0,self_device_memory_usage,0,device_memory_usage
triton_poi_fused_cat_68,3,DeviceType.CUDA,0,0,25.50399999972433,self_device_time_total,25.50399999972433,device_time_total,0,self_device_memory_usage,0,device_memory_usage
triton_poi_fused_add_convolution_69,3,DeviceType.CUDA,0,0,22.048000000067987,self_device_time_total,22.048000000067987,device_time_total,0,self_device_memory_usage,0,device_memory_usage
triton_poi_fused_cat_70,3,DeviceType.CUDA,0,0,47.13799999980256,self_device_time_total,47.13799999980256,device_time_total,0,self_device_memory_usage,0,device_memory_usage
triton_red_fused_linalg_vector_norm_71,12,DeviceType.CUDA,0,0,23.487999999895692,self_device_time_total,23.487999999895692,device_time_total,0,self_device_memory_usage,0,device_memory_usage
triton_poi_fused_constant_pad_nd_72,21,DeviceType.CUDA,0,0,135.6169999993872,self_device_time_total,135.6169999993872,device_time_total,0,self_device_memory_usage,0,device_memory_usage
triton_poi_fused_add_constant_pad_nd_div_mul_silu_73,6,DeviceType.CUDA,0,0,76.64000000013039,self_device_time_total,76.64000000013039,device_time_total,0,self_device_memory_usage,0,device_memory_usage
triton_poi_fused_cat_74,12,DeviceType.CUDA,0,0,108.19200000015553,self_device_time_total,108.19200000015553,device_time_total,0,self_device_memory_usage,0,device_memory_usage
triton_red_fused_linalg_vector_norm_75,6,DeviceType.CUDA,0,0,46.49600000039209,self_device_time_total,46.49600000039209,device_time_total,0,self_device_memory_usage,0,device_memory_usage
triton_red_fused_add_cat_constant_pad_nd_convolution_linalg_vector_norm_76,3,DeviceType.CUDA,0,0,33.28000000002794,self_device_time_total,33.28000000002794,device_time_total,0,self_device_memory_usage,0,device_memory_usage
triton_poi_fused_add_div_mul_77,3,DeviceType.CUDA,0,0,19.87200000032317,self_device_time_total,19.87200000032317,device_time_total,0,self_device_memory_usage,0,device_memory_usage
triton_poi_fused_add_cat_constant_pad_nd_convolution_div_mul_silu_78,3,DeviceType.CUDA,0,0,20.00000000023283,self_device_time_total,20.00000000023283,device_time_total,0,self_device_memory_usage,0,device_memory_usage
triton_poi_fused_cat_constant_pad_nd_79,3,DeviceType.CUDA,0,0,42.24000000045635,self_device_time_total,42.24000000045635,device_time_total,0,self_device_memory_usage,0,device_memory_usage
triton_poi_fused__scaled_dot_product_efficient_attention_80,6,DeviceType.CUDA,0,0,25.663999999989755,self_device_time_total,25.663999999989755,device_time_total,0,self_device_memory_usage,0,device_memory_usage
triton_poi_fused__scaled_dot_product_efficient_attention_81,6,DeviceType.CUDA,0,0,21.8560000002617,self_device_time_total,21.8560000002617,device_time_total,0,self_device_memory_usage,0,device_memory_usage
triton_poi_fused__scaled_dot_product_efficient_attention_82,6,DeviceType.CUDA,0,0,29.98499999998603,self_device_time_total,29.98499999998603,device_time_total,0,self_device_memory_usage,0,device_memory_usage
triton_poi_fused_add_cat_constant_pad_nd_convolution_83,3,DeviceType.CUDA,0,0,19.361000000033528,self_device_time_total,19.361000000033528,device_time_total,0,self_device_memory_usage,0,device_memory_usage
triton_poi_fused_cat_84,6,DeviceType.CUDA,0,0,46.71900000004098,self_device_time_total,46.71900000004098,device_time_total,0,self_device_memory_usage,0,device_memory_usage
triton_poi_fused_add_convolution_div_mul_85,3,DeviceType.CUDA,0,0,28.928000000305474,self_device_time_total,28.928000000305474,device_time_total,0,self_device_memory_usage,0,device_memory_usage
triton_poi_fused_add_constant_pad_nd_convolution_86,3,DeviceType.CUDA,0,0,9.727999999769963,self_device_time_total,9.727999999769963,device_time_total,0,self_device_memory_usage,0,device_memory_usage
triton_red_fused_constant_pad_nd_convolution_linalg_vector_norm_87,3,DeviceType.CUDA,0,0,26.46400000003632,self_device_time_total,26.46400000003632,device_time_total,0,self_device_memory_usage,0,device_memory_usage
triton_red_fused_add_constant_pad_nd_convolution_linalg_vector_norm_88,3,DeviceType.CUDA,0,0,22.048000000067987,self_device_time_total,22.048000000067987,device_time_total,0,self_device_memory_usage,0,device_memory_usage
triton_poi_fused_add_constant_pad_nd_convolution_div_mul_silu_89,3,DeviceType.CUDA,0,0,21.08800000033807,self_device_time_total,21.08800000033807,device_time_total,0,self_device_memory_usage,0,device_memory_usage
triton_poi_fused_cat_constant_pad_nd_silu_90,3,DeviceType.CUDA,0,0,48.70399999979418,self_device_time_total,48.70399999979418,device_time_total,0,self_device_memory_usage,0,device_memory_usage
sm80_xmma_fprop_implicit_gemm_bf16bf16_bf16f32_f32_nhwckrsc_nhwc_tilesize64x32x64_stage5_warpsize2x2x1_g1_tensor16x8x16_execute_kernel__5x_cudnn,6,DeviceType.CUDA,0,0,234.4969999998575,self_device_time_total,234.4969999998575,device_time_total,0,self_device_memory_usage,0,device_memory_usage
triton_poi_fused_cat_91,3,DeviceType.CUDA,0,0,3.6799999999348074,self_device_time_total,3.6799999999348074,device_time_total,0,self_device_memory_usage,0,device_memory_usage
void cutlass::Kernel2<cutlass_80_wmma_tensorop_bf16_s161616gemm_bf16_32x32_32x1_nn_align8>(cutlass_80_wmma_tensorop_bf16_s161616gemm_bf16_32x32_32x1_nn_align8::Params),3,DeviceType.CUDA,0,0,6.686999999918044,self_device_time_total,6.686999999918044,device_time_total,0,self_device_memory_usage,0,device_memory_usage
triton_poi_fused_mul_sub_92,3,DeviceType.CUDA,0,0,3.5200000001350418,self_device_time_total,3.5200000001350418,device_time_total,0,self_device_memory_usage,0,device_memory_usage
"void at::native::vectorized_elementwise_kernel<4, at::native::(anonymous namespace)::launch_clamp_scalar(at::TensorIteratorBase&, c10::Scalar, c10::Scalar, at::native::detail::ClampLimits)::{lambda()#1}::operator()() const::{lambda()#7}::operator()() const::{lambda(float)#1}, std::array<char*, 2ul> >(int, at::native::(anonymous namespace)::launch_clamp_scalar(at::TensorIteratorBase&, c10::Scalar, c10::Scalar, at::native::detail::ClampLimits)::{lambda()#1}::operator()() const::{lambda()#7}::operator()() const::{lambda(float)#1}, std::array<char*, 2ul>)",3,DeviceType.CUDA,0,0,625.3179999999702,self_device_time_total,625.3179999999702,device_time_total,0,self_device_memory_usage,0,device_memory_usage
"void at::native::vectorized_elementwise_kernel<4, at::native::AUnaryFunctor<float, float, float, at::native::binary_internal::MulFunctor<float> >, std::array<char*, 2ul> >(int, at::native::AUnaryFunctor<float, float, float, at::native::binary_internal::MulFunctor<float> >, std::array<char*, 2ul>)",3,DeviceType.CUDA,0,0,623.109000000055,self_device_time_total,623.109000000055,device_time_total,0,self_device_memory_usage,0,device_memory_usage
Memcpy DtoH (Device -> Pageable),3,DeviceType.CUDA,0,0,6446.424999999814,self_device_time_total,6446.424999999814,device_time_total,0,self_device_memory_usage,0,device_memory_usage
cudaDeviceSynchronize,4,DeviceType.CPU,65.93000000016764,65.93000000016764,0,self_device_time_total,0,device_time_total,0,self_device_memory_usage,0,device_memory_usage
aten::isfinite,3,DeviceType.CPU,46.60900000017136,18300.435000000172,0,self_device_time_total,0,device_time_total,0,self_device_memory_usage,0,device_memory_usage
aten::abs,6,DeviceType.CPU,8399.11699999997,16781.963999999803,0,self_device_time_total,0,device_time_total,0,self_device_memory_usage,0,device_memory_usage
aten::ne,3,DeviceType.CPU,4022.0890000000363,4063.5789999999106,0,self_device_time_total,0,device_time_total,0,self_device_memory_usage,0,device_memory_usage
aten::eq,3,DeviceType.CPU,4262.489000000292,4262.489000000292,0,self_device_time_total,0,device_time_total,0,self_device_memory_usage,0,device_memory_usage
aten::all,3,DeviceType.CPU,9165.75299999991,9236.682999999728,0,self_device_time_total,0,device_time_total,0,self_device_memory_usage,0,device_memory_usage
aten::is_nonzero,3,DeviceType.CPU,6.7399999991757795,20.109999999636784,0,self_device_time_total,0,device_time_total,0,self_device_memory_usage,0,device_memory_usage
aten::item,3,DeviceType.CPU,7.410000000498258,13.370000000461005,0,self_device_time_total,0,device_time_total,0,self_device_memory_usage,0,device_memory_usage
aten::_local_scalar_dense,3,DeviceType.CPU,5.959999999962747,5.959999999962747,0,self_device_time_total,0,device_time_total,0,self_device_memory_usage,0,device_memory_usage
aten::resolve_conj,3,DeviceType.CPU,1.5599999998230487,1.5599999998230487,0,self_device_time_total,0,device_time_total,0,self_device_memory_usage,0,device_memory_usage
aten::resolve_neg,3,DeviceType.CPU,1.0100000000093132,1.0100000000093132,0,self_device_time_total,0,device_time_total,0,self_device_memory_usage,0,device_memory_usage
cudaEventElapsedTime,15,DeviceType.CPU,36.91000000061467,36.91000000061467,0,self_device_time_total,0,device_time_total,0,self_device_memory_usage,0,device_memory_usage
Torch-Compiled Region: 17/7,2,DeviceType.CPU,97.17000000015832,227.7390000000596,0.0,self_device_time_total,8.00000000023283,device_time_total,0,self_device_memory_usage,802816,device_memory_usage
Torch-Compiled Region: 17/8,14,DeviceType.CPU,892.2980000006501,7337.552000000374,0.0,self_device_time_total,5733.775000001537,device_time_total,0,self_device_memory_usage,22020096,device_memory_usage
Buffer Flush,2,DeviceType.CPU,91.71900000004098,94.12899999995716,2364.9169999998994,self_device_time_total,2364.9169999998994,device_time_total,-44040192,self_device_memory_usage,-44040192,device_memory_usage
