name,calls,device_type,self_cpu_time_us,cpu_time_us,self_cuda_time_us,self_cuda_time_us_source,cuda_time_us,cuda_time_us_source,self_cuda_memory_bytes,self_cuda_memory_bytes_source,cuda_memory_bytes,cuda_memory_bytes_source
aten::slice,1304,DeviceType.CPU,2332.9220000167134,2897.812000006793,0,self_device_time_total,0,device_time_total,0,self_device_memory_usage,0,device_memory_usage
aten::as_strided,2264,DeviceType.CPU,1015.5089999977872,1015.5089999977872,0,self_device_time_total,0,device_time_total,0,self_device_memory_usage,0,device_memory_usage
aten::clone,145,DeviceType.CPU,749.2689999969643,14927.095999998995,0.0,self_device_time_total,7428.149000002322,device_time_total,0,self_device_memory_usage,2001086464,device_memory_usage
aten::empty_like,297,DeviceType.CPU,951.7989999955616,2162.5239999988917,0,self_device_time_total,0,device_time_total,0,self_device_memory_usage,5897006080,device_memory_usage
aten::empty_strided,523,DeviceType.CPU,1773.7690000019984,1773.7690000019984,0,self_device_time_total,0,device_time_total,6804440064,self_device_memory_usage,6804440064,device_memory_usage
aten::copy_,425,DeviceType.CPU,1797.999000000913,59578.51400000446,51637.768000007694,self_device_time_total,51806.154000007184,device_time_total,0,self_device_memory_usage,0,device_memory_usage
Activity Buffer Request,2,DeviceType.CPU,2405.395000000086,2405.395000000086,3.871999999988475,self_device_time_total,3.871999999988475,device_time_total,0,self_device_memory_usage,0,device_memory_usage
cudaLaunchKernel,5733,DeviceType.CPU,17309.38199999407,452318.78200000117,0.0,self_device_time_total,2135365.1439999966,device_time_total,0,self_device_memory_usage,0,device_memory_usage
"void at::native::elementwise_kernel<128, 4, at::native::gpu_kernel_impl_nocast<at::native::direct_copy_kernel_cuda(at::TensorIteratorBase&)::{lambda()#3}::operator()() const::{lambda()#12}::operator()() const::{lambda(c10::BFloat16)#1}>(at::TensorIteratorBase&, at::native::direct_copy_kernel_cuda(at::TensorIteratorBase&)::{lambda()#3}::operator()() const::{lambda()#12}::operator()() const::{lambda(c10::BFloat16)#1} const&)::{lambda(int)#1}>(int, at::native::gpu_kernel_impl_nocast<at::native::direct_copy_kernel_cuda(at::TensorIteratorBase&)::{lambda()#3}::operator()() const::{lambda()#12}::operator()() const::{lambda(c10::BFloat16)#1}>(at::TensorIteratorBase&, at::native::direct_copy_kernel_cuda(at::TensorIteratorBase&)::{lambda()#3}::operator()() const::{lambda()#12}::operator()() const::{lambda(c10::BFloat16)#1} const&)::{lambda(int)#1})",317,DeviceType.CUDA,0,0,32561.176000000032,self_device_time_total,32561.176000000032,device_time_total,0,self_device_memory_usage,0,device_memory_usage
[memory],3129,DeviceType.CPU,0.0,0.0,0,self_device_time_total,0,device_time_total,-31075593216,self_device_memory_usage,-31075593216,device_memory_usage
cudaStreamIsCapturing,67,DeviceType.CPU,40.649999998851854,40.649999998851854,0,self_device_time_total,0,device_time_total,0,self_device_memory_usage,0,device_memory_usage
cudaEventRecord,46,DeviceType.CPU,135.268999999651,135.268999999651,237.66600000020117,self_device_time_total,237.66600000020117,device_time_total,0,self_device_memory_usage,0,device_memory_usage
aten::lift_fresh,14,DeviceType.CPU,6.820000000298023,6.820000000298023,0,self_device_time_total,0,device_time_total,0,self_device_memory_usage,0,device_memory_usage
aten::to,332,DeviceType.CPU,157.1490000048907,46148.66900000463,0.0,self_device_time_total,28448.701000001056,device_time_total,0,self_device_memory_usage,321754112,device_memory_usage
aten::_to_copy,168,DeviceType.CPU,413.5289999983979,45991.51999999974,0.0,self_device_time_total,28448.701000001056,device_time_total,0,self_device_memory_usage,321754112,device_memory_usage
cudaMemcpyAsync,110,DeviceType.CPU,32090.743999999053,32090.743999999053,0,self_device_time_total,0,device_time_total,0,self_device_memory_usage,0,device_memory_usage
cudaStreamSynchronize,18,DeviceType.CPU,12610.921999999357,12610.921999999357,0,self_device_time_total,0,device_time_total,0,self_device_memory_usage,0,device_memory_usage
Memcpy HtoD (Pageable -> Device),16,DeviceType.CUDA,0,0,45.503999999911684,self_device_time_total,45.503999999911684,device_time_total,0,self_device_memory_usage,0,device_memory_usage
aten::unsqueeze,168,DeviceType.CPU,273.47999999649073,365.9600000004866,0,self_device_time_total,0,device_time_total,0,self_device_memory_usage,0,device_memory_usage
aten::conv1d,16,DeviceType.CPU,25.81999999994332,1420.6269999998713,0.0,self_device_time_total,11046.751000002749,device_time_total,0,self_device_memory_usage,210212864,device_memory_usage
aten::convolution,828,DeviceType.CPU,2221.4440000051145,593134.349000003,0.0,self_device_time_total,5083249.796000011,device_time_total,-2826240,self_device_memory_usage,31744485376,device_memory_usage
aten::_convolution,828,DeviceType.CPU,3630.3470000066154,590912.9049999978,0.0,self_device_time_total,5083249.796000011,device_time_total,-119087104,self_device_memory_usage,31747311616,device_memory_usage
aten::cudnn_convolution,828,DeviceType.CPU,15867.03299998845,574659.875999993,2196801.490000004,self_device_time_total,5068834.813000003,device_time_total,31744485376,self_device_memory_usage,31744485376,device_memory_usage
"void implicit_convolve_sgemm<float, float, 1024, 5, 5, 3, 3, 3, 1, false, false, true>(int, int, int, float const*, int, float*, float const*, kernel_conv_params, unsigned long long, int, float, float, int, float const*, float const*, bool, bool, int, int)",2,DeviceType.CUDA,0,0,416.8679999999149,self_device_time_total,416.8679999999149,device_time_total,0,self_device_memory_usage,0,device_memory_usage
aten::squeeze,24,DeviceType.CPU,46.28000000023894,54.17000000003645,0,self_device_time_total,0,device_time_total,0,self_device_memory_usage,0,device_memory_usage
aten::group_norm,2,DeviceType.CPU,12.630000000130167,139.40999999996347,0.0,self_device_time_total,523.110000000308,device_time_total,-4096,self_device_memory_usage,104859648,device_memory_usage
aten::native_group_norm,2,DeviceType.CPU,59.540000000894,126.77999999983331,523.110000000308,self_device_time_total,523.110000000308,device_time_total,-8192,self_device_memory_usage,104865792,device_memory_usage
aten::empty,3272,DeviceType.CPU,7430.262999992512,7430.262999992512,0,self_device_time_total,0,device_time_total,7559868416,self_device_memory_usage,7559868416,device_memory_usage
aten::view,1896,DeviceType.CPU,2100.601999991626,2100.601999991626,0,self_device_time_total,0,device_time_total,0,self_device_memory_usage,0,device_memory_usage
"void at::native::(anonymous namespace)::RowwiseMomentsCUDAKernel<float>(long, float, float const*, float*, float*)",2,DeviceType.CUDA,0,0,174.594000000312,self_device_time_total,174.594000000312,device_time_total,0,self_device_memory_usage,0,device_memory_usage
aten::gelu,40,DeviceType.CPU,204.88800000167066,321.6980000006006,718.5049999987386,self_device_time_total,718.5049999987386,device_time_total,269189120,self_device_memory_usage,269189120,device_memory_usage
"void at::native::(anonymous namespace)::ComputeFusedParamsCUDAKernel<float>(long, long, long, float const*, float const*, float const*, float const*, at::AccumulateType<float, true>::type*, at::AccumulateType<float, true>::type*)",2,DeviceType.CUDA,0,0,3.48899999999594,self_device_time_total,3.48899999999594,device_time_total,0,self_device_memory_usage,0,device_memory_usage
"void at::native::elementwise_kernel<128, 2, at::native::gpu_kernel_impl_nocast<at::native::(anonymous namespace)::GroupNormKernelImplInternal<float>(at::Tensor const&, at::Tensor const&, at::Tensor const&, long, long, long, long, float, at::Tensor&, at::Tensor&, at::Tensor&)::{lambda(float, float, float)#2}>(at::TensorIteratorBase&, at::native::(anonymous namespace)::GroupNormKernelImplInternal<float>(at::Tensor const&, at::Tensor const&, at::Tensor const&, long, long, long, long, float, at::Tensor&, at::Tensor&, at::Tensor&)::{lambda(float, float, float)#2} const&)::{lambda(int)#1}>(int, at::native::gpu_kernel_impl_nocast<at::native::(anonymous namespace)::GroupNormKernelImplInternal<float>(at::Tensor const&, at::Tensor const&, at::Tensor const&, long, long, long, long, float, at::Tensor&, at::Tensor&, at::Tensor&)::{lambda(float, float, float)#2}>(at::TensorIteratorBase&, at::native::(anonymous namespace)::GroupNormKernelImplInternal<float>(at::Tensor const&, at::Tensor const&, at::Tensor const&, long, long, long, long, float, at::Tensor&, at::Tensor&, at::Tensor&)::{lambda(float, float, float)#2} const&)::{lambda(int)#1})",2,DeviceType.CUDA,0,0,345.02700000000004,self_device_time_total,345.02700000000004,device_time_total,0,self_device_memory_usage,0,device_memory_usage
cudaPeekAtLastError,1556,DeviceType.CPU,77.36999999651198,77.36999999651198,0,self_device_time_total,0,device_time_total,0,self_device_memory_usage,0,device_memory_usage
cudaFuncGetAttributes,704,DeviceType.CPU,1135.579999999387,1135.579999999387,0,self_device_time_total,0,device_time_total,0,self_device_memory_usage,0,device_memory_usage
cudaLaunchKernelExC,2162,DeviceType.CPU,7142.343000007082,119913.70000000716,0.0,self_device_time_total,702430.8950000026,device_time_total,0,self_device_memory_usage,0,device_memory_usage
"void at::native::vectorized_elementwise_kernel<4, at::native::GeluCUDAKernelImpl(at::TensorIteratorBase&, at::native::GeluType)::{lambda()#2}::operator()() const::{lambda()#2}::operator()() const::{lambda(float)#1}, std::array<char*, 2ul> >(int, at::native::GeluCUDAKernelImpl(at::TensorIteratorBase&, at::native::GeluType)::{lambda()#2}::operator()() const::{lambda()#2}::operator()() const::{lambda(float)#1}, std::array<char*, 2ul>)",38,DeviceType.CUDA,0,0,714.7289999985915,self_device_time_total,714.7289999985915,device_time_total,0,self_device_memory_usage,0,device_memory_usage
aten::transpose,564,DeviceType.CPU,572.4460000024119,754.0350000032304,0,self_device_time_total,0,device_time_total,0,self_device_memory_usage,0,device_memory_usage
"void cudnn::engines_precompiled::nchwToNhwcKernel<float, float, float, false, true, (cudnnKernelDataType_t)2>(cudnn::engines_precompiled::nchw2nhwc_params_t<float>, float const*, float*)",88,DeviceType.CUDA,0,0,1204.6830000005266,self_device_time_total,1204.6830000005266,device_time_total,0,self_device_memory_usage,0,device_memory_usage
aten::upsample_linear1d,2,DeviceType.CPU,267.3089999990134,304.3689999996459,109.21700000004421,self_device_time_total,111.07200000034936,device_time_total,819200,self_device_memory_usage,819200,device_memory_usage
sm86_xmma_fprop_implicit_gemm_tf32f32_tf32f32_f32_nhwckrsc_nchw_tilesize128x128x32_stage3_warpsize2x2x1_g1_tensor16x8x8_alignc4_execute_kernel__5x_cudnn,12,DeviceType.CUDA,0,0,2487.166000000547,self_device_time_total,2487.166000000547,device_time_total,0,self_device_memory_usage,0,device_memory_usage
aten::zero_,2,DeviceType.CPU,5.430000000407745,28.610000000389846,0.0,self_device_time_total,1.8550000003051537,device_time_total,0,self_device_memory_usage,0,device_memory_usage
aten::fill_,106,DeviceType.CPU,268.4790000100802,604.0980000033051,8832.514999999989,self_device_time_total,8832.514999999989,device_time_total,0,self_device_memory_usage,0,device_memory_usage
aten::layer_norm,56,DeviceType.CPU,93.78999999812004,1013.4879999992663,0.0,self_device_time_total,195.58300000060626,device_time_total,-3780608,self_device_memory_usage,38892544,device_memory_usage
aten::native_layer_norm,54,DeviceType.CPU,336.5799999988176,805.708000000981,164.35099999977683,self_device_time_total,170.43099999981496,device_time_total,-819200,self_device_memory_usage,35321856,device_memory_usage
aten::contiguous,34,DeviceType.CPU,41.24999999807915,11641.322999998367,0.0,self_device_time_total,2000.218999998866,device_time_total,0,self_device_memory_usage,295976960,device_memory_usage
aten::linear,274,DeviceType.CPU,683.6090000034728,6952.854000000874,0.0,self_device_time_total,11596.704999999325,device_time_total,0,self_device_memory_usage,241913856,device_memory_usage
aten::reshape,730,DeviceType.CPU,570.2280000017381,1531.5760000006576,0,self_device_time_total,0,device_time_total,0,self_device_memory_usage,0,device_memory_usage
aten::t,274,DeviceType.CPU,272.8989999961741,624.0969999974677,0,self_device_time_total,0,device_time_total,0,self_device_memory_usage,0,device_memory_usage
aten::addmm,282,DeviceType.CPU,3266.9440000056256,5448.557000001443,11796.06699999929,self_device_time_total,11796.06699999929,device_time_total,-53784576,self_device_memory_usage,241913856,device_memory_usage
cudaMemsetAsync,272,DeviceType.CPU,810.6949999949557,13323.384999996297,0.0,self_device_time_total,34402.88599999924,device_time_total,0,self_device_memory_usage,0,device_memory_usage
aten::dropout,116,DeviceType.CPU,33.91000000418899,33.91000000418899,0,self_device_time_total,0,device_time_total,0,self_device_memory_usage,0,device_memory_usage
aten::_weight_norm,2,DeviceType.CPU,6.2699999998149,44.619999999777065,0.0,self_device_time_total,449.76600000005055,device_time_total,-1024,self_device_memory_usage,37748736,device_memory_usage
aten::_weight_norm_interface,2,DeviceType.CPU,13.910000000127184,38.349999999962165,449.76600000005055,self_device_time_total,449.76600000005055,device_time_total,0,self_device_memory_usage,37749760,device_memory_usage
cudaStreamWaitEvent,32,DeviceType.CPU,16.489999999979773,16.489999999979773,0,self_device_time_total,0,device_time_total,0,self_device_memory_usage,0,device_memory_usage
cudaFuncSetAttribute,558,DeviceType.CPU,689.3790000003191,689.3790000003191,0,self_device_time_total,0,device_time_total,0,self_device_memory_usage,0,device_memory_usage
aten::add_,124,DeviceType.CPU,534.719999992436,861.8989999966689,13362.582000008071,self_device_time_total,13362.582000008071,device_time_total,0,self_device_memory_usage,0,device_memory_usage
aten::add,276,DeviceType.CPU,1361.525000007965,2139.352000000863,18911.83200000213,self_device_time_total,18911.83200000213,device_time_total,4176291840,self_device_memory_usage,4176291840,device_memory_usage
aten::rand,24,DeviceType.CPU,67.6800000015919,142.45000000044092,0,self_device_time_total,0,device_time_total,0,self_device_memory_usage,0,device_memory_usage
aten::uniform_,24,DeviceType.CPU,44.86999999990985,44.86999999990985,0,self_device_time_total,0,device_time_total,0,self_device_memory_usage,0,device_memory_usage
aten::scaled_dot_product_attention,28,DeviceType.CPU,180.137999999537,845.258000000511,0.0,self_device_time_total,2368.1540000006426,device_time_total,0,self_device_memory_usage,23805952,device_memory_usage
aten::_scaled_dot_product_efficient_attention,46,DeviceType.CPU,246.28900000116118,1246.4460000010913,0.0,self_device_time_total,10468.40500000034,device_time_total,0,self_device_memory_usage,64208896,device_memory_usage
aten::_efficient_attention_forward,46,DeviceType.CPU,319.59900000169364,817.0589999977965,10468.40500000034,self_device_time_total,10468.40500000034,device_time_total,-100302848,self_device_memory_usage,64208896,device_memory_usage
cudaOccupancyMaxActiveBlocksPerMultiprocessor,674,DeviceType.CPU,522.9880000025478,522.9880000025478,0,self_device_time_total,0,device_time_total,0,self_device_memory_usage,0,device_memory_usage
"void at::native::vectorized_elementwise_kernel<4, at::native::FillFunctor<float>, std::array<char*, 1ul> >(int, at::native::FillFunctor<float>, std::array<char*, 1ul>)",2,DeviceType.CUDA,0,0,1.8550000003051537,self_device_time_total,1.8550000003051537,device_time_total,0,self_device_memory_usage,0,device_memory_usage
"void at::native::(anonymous namespace)::upsample_linear1d_out_frame<float, float>(int, float, bool, at::GenericPackedTensorAccessor<float const, 3ul, at::DefaultPtrTraits, long>, at::GenericPackedTensorAccessor<float, 3ul, at::DefaultPtrTraits, long>)",2,DeviceType.CUDA,0,0,109.21700000004421,self_device_time_total,109.21700000004421,device_time_total,0,self_device_memory_usage,0,device_memory_usage
"void at::native::elementwise_kernel<128, 2, at::native::gpu_kernel_impl_nocast<at::native::direct_copy_kernel_cuda(at::TensorIteratorBase&)::{lambda()#3}::operator()() const::{lambda()#7}::operator()() const::{lambda(float)#1}>(at::TensorIteratorBase&, at::native::direct_copy_kernel_cuda(at::TensorIteratorBase&)::{lambda()#3}::operator()() const::{lambda()#7}::operator()() const::{lambda(float)#1} const&)::{lambda(int)#1}>(int, at::native::gpu_kernel_impl_nocast<at::native::direct_copy_kernel_cuda(at::TensorIteratorBase&)::{lambda()#3}::operator()() const::{lambda()#7}::operator()() const::{lambda(float)#1}>(at::TensorIteratorBase&, at::native::direct_copy_kernel_cuda(at::TensorIteratorBase&)::{lambda()#3}::operator()() const::{lambda()#7}::operator()() const::{lambda(float)#1} const&)::{lambda(int)#1})",6,DeviceType.CUDA,0,0,663.8799999998773,self_device_time_total,663.8799999998773,device_time_total,0,self_device_memory_usage,0,device_memory_usage
"void at::native::(anonymous namespace)::vectorized_layer_norm_kernel<float, float>(int, float, float const*, float const*, float const*, float*, float*, float*)",54,DeviceType.CUDA,0,0,164.35099999977683,self_device_time_total,164.35099999977683,device_time_total,0,self_device_memory_usage,0,device_memory_usage
Memset (Device),268,DeviceType.CUDA,0,0,164.41600000072867,self_device_time_total,164.41600000072867,device_time_total,0,self_device_memory_usage,0,device_memory_usage
ampere_sgemm_128x32_tn,122,DeviceType.CUDA,0,0,4300.465000001812,self_device_time_total,4300.465000001812,device_time_total,0,self_device_memory_usage,0,device_memory_usage
"void at::native::(anonymous namespace)::weight_norm_fwd_last_dim_kernel<float, float>(float*, float*, float const*, float const*, int, int)",2,DeviceType.CUDA,0,0,449.76600000005055,self_device_time_total,449.76600000005055,device_time_total,0,self_device_memory_usage,0,device_memory_usage
void cutlass__5x_cudnn::Kernel<cutlass_tensorop_s1688fprop_analytic_tf32_128x64_16x6_nhwc_align4>(cutlass_tensorop_s1688fprop_analytic_tf32_128x64_16x6_nhwc_align4::Params),32,DeviceType.CUDA,0,0,6885.6810000010155,self_device_time_total,6885.6810000010155,device_time_total,0,self_device_memory_usage,0,device_memory_usage
"void cudnn::engines_precompiled::nhwcToNchwKernel<float, float, float, true, false, (cudnnKernelDataType_t)0>(cudnn::engines_precompiled::nhwc2nchw_params_t<float>, float const*, float*)",32,DeviceType.CUDA,0,0,40.576000000266504,self_device_time_total,40.576000000266504,device_time_total,0,self_device_memory_usage,0,device_memory_usage
"void at::native::elementwise_kernel<128, 2, at::native::gpu_kernel_impl_nocast<at::native::CUDAFunctor_add<float> >(at::TensorIteratorBase&, at::native::CUDAFunctor_add<float> const&)::{lambda(int)#1}>(int, at::native::gpu_kernel_impl_nocast<at::native::CUDAFunctor_add<float> >(at::TensorIteratorBase&, at::native::CUDAFunctor_add<float> const&)::{lambda(int)#1})",4,DeviceType.CUDA,0,0,13.408000000279571,self_device_time_total,13.408000000279571,device_time_total,0,self_device_memory_usage,0,device_memory_usage
"void at::native::elementwise_kernel<128, 2, at::native::gpu_kernel_impl_nocast<at::native::GeluCUDAKernelImpl(at::TensorIteratorBase&, at::native::GeluType)::{lambda()#2}::operator()() const::{lambda()#2}::operator()() const::{lambda(float)#1}>(at::TensorIteratorBase&, at::native::GeluCUDAKernelImpl(at::TensorIteratorBase&, at::native::GeluType)::{lambda()#2}::operator()() const::{lambda()#2}::operator()() const::{lambda(float)#1} const&)::{lambda(int)#1}>(int, at::native::gpu_kernel_impl_nocast<at::native::GeluCUDAKernelImpl(at::TensorIteratorBase&, at::native::GeluType)::{lambda()#2}::operator()() const::{lambda()#2}::operator()() const::{lambda(float)#1}>(at::TensorIteratorBase&, at::native::GeluCUDAKernelImpl(at::TensorIteratorBase&, at::native::GeluType)::{lambda()#2}::operator()() const::{lambda()#2}::operator()() const::{lambda(float)#1} const&)::{lambda(int)#1})",2,DeviceType.CUDA,0,0,3.776000000147178,self_device_time_total,3.776000000147178,device_time_total,0,self_device_memory_usage,0,device_memory_usage
"fmha_cutlassF_f32_aligned_64x64_rf_sm80(PyTorchMemEffAttention::AttentionKernel<float, cutlass::arch::Sm80, true, 64, 64, 64, true, true>::Params)",24,DeviceType.CUDA,0,0,786.9510000004302,self_device_time_total,786.9510000004302,device_time_total,0,self_device_memory_usage,0,device_memory_usage
"void at::native::vectorized_elementwise_kernel<4, at::native::CUDAFunctor_add<float>, std::array<char*, 3ul> >(int, at::native::CUDAFunctor_add<float>, std::array<char*, 3ul>)",48,DeviceType.CUDA,0,0,72.41899999979069,self_device_time_total,72.41899999979069,device_time_total,0,self_device_memory_usage,0,device_memory_usage
ampere_sgemm_128x64_tn,24,DeviceType.CUDA,0,0,1901.7189999998845,self_device_time_total,1901.7189999998845,device_time_total,0,self_device_memory_usage,0,device_memory_usage
aten::stack,8,DeviceType.CPU,39.02000000027692,316.6000000000531,0.0,self_device_time_total,1031.8850000001294,device_time_total,0,self_device_memory_usage,164397056,device_memory_usage
aten::cat,80,DeviceType.CPU,1049.1380000022873,1907.4870000026203,11841.34999999636,self_device_time_total,11841.34999999636,device_time_total,2628306944,self_device_memory_usage,2628306944,device_memory_usage
aten::permute,56,DeviceType.CPU,137.66000000260829,177.32000000100743,0,self_device_time_total,0,device_time_total,0,self_device_memory_usage,0,device_memory_usage
aten::arange,8,DeviceType.CPU,29.749999999177817,61.690000000297005,0,self_device_time_total,0,device_time_total,0,self_device_memory_usage,0,device_memory_usage
aten::resize_,26,DeviceType.CPU,45.320000001753215,45.320000001753215,0,self_device_time_total,0,device_time_total,299305984,self_device_memory_usage,299305984,device_memory_usage
aten::sub,44,DeviceType.CPU,253.67000000224652,388.25000000056025,1366.9919999989215,self_device_time_total,1366.9919999989215,device_time_total,374173696,self_device_memory_usage,374173696,device_memory_usage
aten::mul,362,DeviceType.CPU,3480.360999995046,4407.349999998616,22344.21399999475,self_device_time_total,22344.21399999475,device_time_total,5693857792,self_device_memory_usage,5693857792,device_memory_usage
aten::clamp,10,DeviceType.CPU,76.26999999778491,109.13999999983207,1233.7079999991693,self_device_time_total,1233.7079999991693,device_time_total,295632896,self_device_memory_usage,295632896,device_memory_usage
aten::index,2,DeviceType.CPU,39.249999999272404,2374.185000000034,24.576999999928375,self_device_time_total,25.24899999988338,device_time_total,13628416,self_device_memory_usage,13631488,device_memory_usage
"void at::native::(anonymous namespace)::CatArrayBatchedCopy_aligned16_contig<at::native::(anonymous namespace)::OpaqueType<4u>, unsigned int, 3, 128, 1>(at::native::(anonymous namespace)::OpaqueType<4u>*, at::native::(anonymous namespace)::CatArrInputTensorMetadata<at::native::(anonymous namespace)::OpaqueType<4u>, unsigned int, 128, 1>, at::native::(anonymous namespace)::TensorSizeStride<unsigned int, 4u>, int, unsigned int)",2,DeviceType.CUDA,0,0,30.62400000018897,self_device_time_total,30.62400000018897,device_time_total,0,self_device_memory_usage,0,device_memory_usage
"void at::native::index_elementwise_kernel<128, 4, at::native::gpu_index_kernel<at::native::index_kernel_impl<at::native::OpaqueType<4> >(at::TensorIteratorBase&, c10::ArrayRef<long>, c10::ArrayRef<long>)::{lambda(char*, char const*, long)#1}>(at::TensorIteratorBase&, c10::ArrayRef<long>, c10::ArrayRef<long>, at::native::index_kernel_impl<at::native::OpaqueType<4> >(at::TensorIteratorBase&, c10::ArrayRef<long>, c10::ArrayRef<long>)::{lambda(char*, char const*, long)#1} const&)::{lambda(int)#1}>(long, at::native::gpu_index_kernel<at::native::index_kernel_impl<at::native::OpaqueType<4> >(at::TensorIteratorBase&, c10::ArrayRef<long>, c10::ArrayRef<long>)::{lambda(char*, char const*, long)#1}>(at::TensorIteratorBase&, c10::ArrayRef<long>, c10::ArrayRef<long>, at::native::index_kernel_impl<at::native::OpaqueType<4> >(at::TensorIteratorBase&, c10::ArrayRef<long>, c10::ArrayRef<long>)::{lambda(char*, char const*, long)#1} const&)::{lambda(int)#1})",2,DeviceType.CUDA,0,0,24.576999999928375,self_device_time_total,24.576999999928375,device_time_total,0,self_device_memory_usage,0,device_memory_usage
"void at::native::vectorized_elementwise_kernel<4, at::native::bfloat16_copy_kernel_cuda(at::TensorIteratorBase&)::{lambda(float)#1}, std::array<char*, 2ul> >(int, at::native::bfloat16_copy_kernel_cuda(at::TensorIteratorBase&)::{lambda(float)#1}, std::array<char*, 2ul>)",80,DeviceType.CUDA,0,0,128.2239999999074,self_device_time_total,128.2239999999074,device_time_total,0,self_device_memory_usage,0,device_memory_usage
aten::_reshape_alias,20,DeviceType.CPU,30.830000001242297,30.830000001242297,0,self_device_time_total,0,device_time_total,0,self_device_memory_usage,0,device_memory_usage
aten::narrow,640,DeviceType.CPU,601.3599999730686,1586.915999984849,0,self_device_time_total,0,device_time_total,0,self_device_memory_usage,0,device_memory_usage
"std::enable_if<!(false), void>::type internal::gemvx::kernel<int, int, __nv_bfloat16, float, float, float, false, true, true, false, 7, false, cublasGemvParamsEx<int, cublasGemvTensorStridedBatched<__nv_bfloat16 const>, cublasGemvTensorStridedBatched<float const>, cublasGemvTensorStridedBatched<float>, float> >(cublasGemvParamsEx<int, cublasGemvTensorStridedBatched<__nv_bfloat16 const>, cublasGemvTensorStridedBatched<float const>, cublasGemvTensorStridedBatched<float>, float>)",2,DeviceType.CUDA,0,0,211.5859999996428,self_device_time_total,211.5859999996428,device_time_total,0,self_device_memory_usage,0,device_memory_usage
aten::relu,6,DeviceType.CPU,11.680000000280415,67.90000000018699,0.0,self_device_time_total,6.527999999714666,device_time_total,0,self_device_memory_usage,36864,device_memory_usage
aten::clamp_min,94,DeviceType.CPU,411.5499999997992,660.8589999989417,137.28200000130164,self_device_time_total,137.28200000130164,device_time_total,22151168,self_device_memory_usage,22151168,device_memory_usage
cudaDeviceGetAttribute,1308,DeviceType.CPU,262.6000000066597,262.6000000066597,0,self_device_time_total,0,device_time_total,0,self_device_memory_usage,0,device_memory_usage
cuLaunchKernel,8402,DeviceType.CPU,26456.928000009084,643987.1530000109,0.0,self_device_time_total,374212.69700000505,device_time_total,0,self_device_memory_usage,0,device_memory_usage
"void cublasLt::splitKreduce_kernel<32, 16, int, float, __nv_bfloat16, float, __nv_bfloat16, false, __nv_bfloat16, __nv_bfloat16, __nv_bfloat16, true, false, false>(cublasLt::cublasSplitKParams<float>, float const*, __nv_bfloat16 const*, __nv_bfloat16*, __nv_bfloat16*, float const*, float const*, __nv_bfloat16 const*, float const*, __nv_bfloat16*, void*, long, float*, int*, float*, float*, float const*, float const*, float const*, float const*, float const*)",2,DeviceType.CUDA,0,0,2.399999999892316,self_device_time_total,2.399999999892316,device_time_total,0,self_device_memory_usage,0,device_memory_usage
aten::concat,2,DeviceType.CPU,2.2900000000954606,26.790000000280997,0.0,self_device_time_total,3.2319999997489504,device_time_total,0,self_device_memory_usage,18432,device_memory_usage
"void cublasLt::epilogue::impl::globalKernel<8, 32, __nv_bfloat16, __nv_bfloat16, float, true, true, 1>(int, int, long, __nv_bfloat16*, cublasLtEpilogue_t, int, __nv_bfloat16*, long, void*, long, long, long, float*, long, int*)",2,DeviceType.CUDA,0,0,2.4640000000144937,self_device_time_total,2.4640000000144937,device_time_total,0,self_device_memory_usage,0,device_memory_usage
"void at::native::vectorized_elementwise_kernel<4, at::native::(anonymous namespace)::launch_clamp_scalar(at::TensorIteratorBase&, c10::Scalar, c10::Scalar, at::native::detail::ClampLimits)::{lambda()#1}::operator()() const::{lambda()#9}::operator()() const::{lambda(c10::BFloat16)#1}, std::array<char*, 2ul> >(int, at::native::(anonymous namespace)::launch_clamp_scalar(at::TensorIteratorBase&, c10::Scalar, c10::Scalar, at::native::detail::ClampLimits)::{lambda()#1}::operator()() const::{lambda()#9}::operator()() const::{lambda(c10::BFloat16)#1}, std::array<char*, 2ul>)",100,DeviceType.CUDA,0,0,701.2869999997929,self_device_time_total,701.2869999997929,device_time_total,0,self_device_memory_usage,0,device_memory_usage
void cutlass::Kernel2<cutlass_80_wmma_tensorop_bf16_s161616gemm_bf16_32x32_128x2_tn_align8>(cutlass_80_wmma_tensorop_bf16_s161616gemm_bf16_32x32_128x2_tn_align8::Params),2,DeviceType.CUDA,0,0,431.4290000000983,self_device_time_total,431.4290000000983,device_time_total,0,self_device_memory_usage,0,device_memory_usage
"void cublasLt::splitKreduce_kernel<32, 16, int, __nv_bfloat16, __nv_bfloat16, float, __nv_bfloat16, false, __nv_bfloat16, __nv_bfloat16, __nv_bfloat16, true, true, false>(cublasLt::cublasSplitKParams<float>, __nv_bfloat16 const*, __nv_bfloat16 const*, __nv_bfloat16*, __nv_bfloat16*, float const*, float const*, __nv_bfloat16 const*, __nv_bfloat16 const*, __nv_bfloat16*, void*, long, float*, int*, float*, float*, float const*, float const*, float const*, float const*, float const*)",2,DeviceType.CUDA,0,0,4.543999999634252,self_device_time_total,4.543999999634252,device_time_total,0,self_device_memory_usage,0,device_memory_usage
"void at::native::(anonymous namespace)::CatArrayBatchedCopy_contig<at::native::(anonymous namespace)::OpaqueType<2u>, unsigned int, 3, 128, 1>(at::native::(anonymous namespace)::OpaqueType<2u>*, at::native::(anonymous namespace)::CatArrInputTensorMetadata<at::native::(anonymous namespace)::OpaqueType<2u>, unsigned int, 128, 1>, at::native::(anonymous namespace)::TensorSizeStride<unsigned int, 4u>, int, unsigned int)",2,DeviceType.CUDA,0,0,3.2319999997489504,self_device_time_total,3.2319999997489504,device_time_total,0,self_device_memory_usage,0,device_memory_usage
void cutlass::Kernel2<cutlass_80_wmma_tensorop_bf16_s161616gemm_bf16_16x16_128x2_tn_align8>(cutlass_80_wmma_tensorop_bf16_s161616gemm_bf16_16x16_128x2_tn_align8::Params),2,DeviceType.CUDA,0,0,9.08800000010524,self_device_time_total,9.08800000010524,device_time_total,0,self_device_memory_usage,0,device_memory_usage
void cutlass::Kernel2<cutlass_80_wmma_tensorop_bf16_s161616gemm_bf16_16x16_128x1_tn_align8>(cutlass_80_wmma_tensorop_bf16_s161616gemm_bf16_16x16_128x1_tn_align8::Params),2,DeviceType.CUDA,0,0,224.51400000014473,self_device_time_total,224.51400000014473,device_time_total,0,self_device_memory_usage,0,device_memory_usage
"void at::native::unrolled_elementwise_kernel<at::native::direct_copy_kernel_cuda(at::TensorIteratorBase&)::{lambda()#3}::operator()() const::{lambda()#7}::operator()() const::{lambda(float)#1}, std::array<char*, 2ul>, 4, TrivialOffsetCalculator<1, unsigned int>, TrivialOffsetCalculator<1, unsigned int>, at::native::memory::LoadWithCast<1>, at::native::memory::StoreWithCast<1> >(int, at::native::direct_copy_kernel_cuda(at::TensorIteratorBase&)::{lambda()#3}::operator()() const::{lambda()#7}::operator()() const::{lambda(float)#1}, std::array<char*, 2ul>, TrivialOffsetCalculator<1, unsigned int>, TrivialOffsetCalculator<1, unsigned int>, at::native::memory::LoadWithCast<1>, at::native::memory::StoreWithCast<1>)",68,DeviceType.CUDA,0,0,646.790000001045,self_device_time_total,646.790000001045,device_time_total,0,self_device_memory_usage,0,device_memory_usage
aten::pow,80,DeviceType.CPU,439.9790000044886,671.5790000002598,1214.8949999971956,self_device_time_total,1214.8949999971956,device_time_total,457015296,self_device_memory_usage,457015296,device_memory_usage
aten::result_type,80,DeviceType.CPU,17.07999999781532,17.07999999781532,0,self_device_time_total,0,device_time_total,0,self_device_memory_usage,0,device_memory_usage
ampere_bf16_s1688gemm_bf16_128x128_ldg8_relu_f2f_stages_32x1_tn,120,DeviceType.CUDA,0,0,4373.296999998711,self_device_time_total,4373.296999998711,device_time_total,0,self_device_memory_usage,0,device_memory_usage
"void at::native::vectorized_elementwise_kernel<4, at::native::(anonymous namespace)::pow_tensor_scalar_kernel_impl<float, float>(at::TensorIteratorBase&, float)::{lambda(float)#1}, std::array<char*, 2ul> >(int, at::native::(anonymous namespace)::pow_tensor_scalar_kernel_impl<float, float>(at::TensorIteratorBase&, float)::{lambda(float)#1}, std::array<char*, 2ul>)",60,DeviceType.CUDA,0,0,128.22599999883096,self_device_time_total,128.22599999883096,device_time_total,0,self_device_memory_usage,0,device_memory_usage
aten::mean,64,DeviceType.CPU,382.5399999991496,572.2000000004482,461.6669999989499,self_device_time_total,461.6669999989499,device_time_total,94208,self_device_memory_usage,94208,device_memory_usage
"void at::native::reduce_kernel<512, 1, at::native::ReduceOp<float, at::native::MeanOps<float, float, float, float>, unsigned int, float, 4, 4> >(at::native::ReduceOp<float, at::native::MeanOps<float, float, float, float>, unsigned int, float, 4, 4>)",60,DeviceType.CUDA,0,0,207.45599999835758,self_device_time_total,207.45599999835758,device_time_total,0,self_device_memory_usage,0,device_memory_usage
"void at::native::vectorized_elementwise_kernel<4, at::native::CUDAFunctorOnSelf_add<float>, std::array<char*, 2ul> >(int, at::native::CUDAFunctorOnSelf_add<float>, std::array<char*, 2ul>)",62,DeviceType.CUDA,0,0,731.5300000003808,self_device_time_total,731.5300000003808,device_time_total,0,self_device_memory_usage,0,device_memory_usage
aten::rsqrt,60,DeviceType.CPU,199.05999999708365,361.85899999902176,54.9090000013457,self_device_time_total,54.9090000013457,device_time_total,92160,self_device_memory_usage,92160,device_memory_usage
"void at::native::vectorized_elementwise_kernel<4, at::native::rsqrt_kernel_cuda(at::TensorIteratorBase&)::{lambda()#2}::operator()() const::{lambda()#2}::operator()() const::{lambda(float)#1}, std::array<char*, 2ul> >(int, at::native::rsqrt_kernel_cuda(at::TensorIteratorBase&)::{lambda()#2}::operator()() const::{lambda()#2}::operator()() const::{lambda(float)#1}, std::array<char*, 2ul>)",60,DeviceType.CUDA,0,0,54.9090000013457,self_device_time_total,54.9090000013457,device_time_total,0,self_device_memory_usage,0,device_memory_usage
"void at::native::elementwise_kernel<128, 2, at::native::gpu_kernel_impl_nocast<at::native::BinaryFunctor<float, float, float, at::native::binary_internal::MulFunctor<float> > >(at::TensorIteratorBase&, at::native::BinaryFunctor<float, float, float, at::native::binary_internal::MulFunctor<float> > const&)::{lambda(int)#1}>(int, at::native::gpu_kernel_impl_nocast<at::native::BinaryFunctor<float, float, float, at::native::binary_internal::MulFunctor<float> > >(at::TensorIteratorBase&, at::native::BinaryFunctor<float, float, float, at::native::binary_internal::MulFunctor<float> > const&)::{lambda(int)#1})",60,DeviceType.CUDA,0,0,177.91899999904126,self_device_time_total,177.91899999904126,device_time_total,0,self_device_memory_usage,0,device_memory_usage
"void at::native::elementwise_kernel<128, 4, at::native::gpu_kernel_impl_nocast<at::native::BinaryFunctor<c10::BFloat16, c10::BFloat16, c10::BFloat16, at::native::binary_internal::MulFunctor<float> > >(at::TensorIteratorBase&, at::native::BinaryFunctor<c10::BFloat16, c10::BFloat16, c10::BFloat16, at::native::binary_internal::MulFunctor<float> > const&)::{lambda(int)#1}>(int, at::native::gpu_kernel_impl_nocast<at::native::BinaryFunctor<c10::BFloat16, c10::BFloat16, c10::BFloat16, at::native::binary_internal::MulFunctor<float> > >(at::TensorIteratorBase&, at::native::BinaryFunctor<c10::BFloat16, c10::BFloat16, c10::BFloat16, at::native::binary_internal::MulFunctor<float> > const&)::{lambda(int)#1})",178,DeviceType.CUDA,0,0,10836.766999999036,self_device_time_total,10836.766999999036,device_time_total,0,self_device_memory_usage,0,device_memory_usage
aten::randn,10,DeviceType.CPU,51.249999999108695,230.4400000001733,0.0,self_device_time_total,51.96699999998236,device_time_total,0,self_device_memory_usage,8294400,device_memory_usage
aten::normal_,10,DeviceType.CPU,90.85000000141372,154.4100000010112,51.96699999998236,self_device_time_total,51.96699999998236,device_time_total,0,self_device_memory_usage,0,device_memory_usage
"void at::native::(anonymous namespace)::distribution_elementwise_grid_stride_kernel<float, 4, at::native::templates::cuda::normal_and_transform<c10::BFloat16, float, at::CUDAGeneratorImpl*, at::native::templates::cuda::normal_kernel<at::CUDAGeneratorImpl*>(at::TensorBase const&, double, double, at::CUDAGeneratorImpl*)::{lambda()#1}::operator()() const::{lambda()#4}::operator()() const::{lambda(float)#1}>(at::TensorIteratorBase&, at::CUDAGeneratorImpl*, at::native::templates::cuda::normal_kernel<at::CUDAGeneratorImpl*>(at::TensorBase const&, double, double, at::CUDAGeneratorImpl*)::{lambda()#1}::operator()() const::{lambda()#4}::operator()() const::{lambda(float)#1})::{lambda(curandStatePhilox4_32_10*)#2}, at::native::(anonymous namespace)::distribution_nullary_kernel<c10::BFloat16, float, float4, at::CUDAGeneratorImpl*, at::native::templates::cuda::normal_and_transform<c10::BFloat16, float, at::CUDAGeneratorImpl*, at::native::templates::cuda::normal_kernel<at::CUDAGeneratorImpl*>(at::TensorBase const&, double, double, at::CUDAGeneratorImpl*)::{lambda()#1}::operator()() const::{lambda()#4}::operator()() const::{lambda(float)#1}>(at::TensorIteratorBase&, at::CUDAGeneratorImpl*, at::native::templates::cuda::normal_kernel<at::CUDAGeneratorImpl*>(at::TensorBase const&, double, double, at::CUDAGeneratorImpl*)::{lambda()#1}::operator()() const::{lambda()#4}::operator()() const::{lambda(float)#1})::{lambda(curandStatePhilox4_32_10*)#2}, at::native::templates::cuda::normal_kernel<at::CUDAGeneratorImpl*>(at::TensorBase const&, double, double, at::CUDAGeneratorImpl*)::{lambda()#1}::operator()() const::{lambda()#4}::operator()() const::{lambda(float)#1}>(at::TensorIteratorBase&, at::CUDAGeneratorImpl*, at::native::templates::cuda::normal_and_transform<c10::BFloat16, float, at::CUDAGeneratorImpl*, at::native::templates::cuda::normal_kernel<at::CUDAGeneratorImpl*>(at::TensorBase const&, double, double, at::CUDAGeneratorImpl*)::{lambda()#1}::operator()() const::{lambda()#4}::operator()() const::{lambda(float)#1}>(at::TensorIteratorBase&, at::CUDAGeneratorImpl*, at::native::templates::cuda::normal_kernel<at::CUDAGeneratorImpl*>(at::TensorBase const&, double, double, at::CUDAGeneratorImpl*)::{lambda()#1}::operator()() const::{lambda()#4}::operator()() const::{lambda(float)#1})::{lambda(curandStatePhilox4_32_10*)#2} const&, at::native::templates::cuda::normal_kernel<at::CUDAGeneratorImpl*>(at::TensorBase const&, double, double, at::CUDAGeneratorImpl*)::{lambda()#1}::operator()() const::{lambda()#4}::operator()() const::{lambda(float)#1})::{lambda(int, float)#1}>(long, at::PhiloxCudaState, at::native::templates::cuda::normal_and_transform<c10::BFloat16, float, at::CUDAGeneratorImpl*, at::native::templates::cuda::normal_kernel<at::CUDAGeneratorImpl*>(at::TensorBase const&, double, double, at::CUDAGeneratorImpl*)::{lambda()#1}::operator()() const::{lambda()#4}::operator()() const::{lambda(float)#1}>(at::TensorIteratorBase&, at::CUDAGeneratorImpl*, at::native::templates::cuda::normal_kernel<at::CUDAGeneratorImpl*>(at::TensorBase const&, double, double, at::CUDAGeneratorImpl*)::{lambda()#1}::operator()() const::{lambda()#4}::operator()() const::{lambda(float)#1})::{lambda(curandStatePhilox4_32_10*)#2}, at::native::(anonymous namespace)::distribution_nullary_kernel<c10::BFloat16, float, float4, at::CUDAGeneratorImpl*, at::native::templates::cuda::normal_and_transform<c10::BFloat16, float, at::CUDAGeneratorImpl*, at::native::templates::cuda::normal_kernel<at::CUDAGeneratorImpl*>(at::TensorBase const&, double, double, at::CUDAGeneratorImpl*)::{lambda()#1}::operator()() const::{lambda()#4}::operator()() const::{lambda(float)#1}>(at::TensorIteratorBase&, at::CUDAGeneratorImpl*, at::native::templates::cuda::normal_kernel<at::CUDAGeneratorImpl*>(at::TensorBase const&, double, double, at::CUDAGeneratorImpl*)::{lambda()#1}::operator()() const::{lambda()#4}::operator()() const::{lambda(float)#1})::{lambda(curandStatePhilox4_32_10*)#2}, at::native::templates::cuda::normal_kernel<at::CUDAGeneratorImpl*>(at::TensorBase const&, double, double, at::CUDAGeneratorImpl*)::{lambda()#1}::operator()() const::{lambda()#4}::operator()() const::{lambda(float)#1}>(at::TensorIteratorBase&, at::CUDAGeneratorImpl*, at::native::templates::cuda::normal_and_transform<c10::BFloat16, float, at::CUDAGeneratorImpl*, at::native::templates::cuda::normal_kernel<at::CUDAGeneratorImpl*>(at::TensorBase const&, double, double, at::CUDAGeneratorImpl*)::{lambda()#1}::operator()() const::{lambda()#4}::operator()() const::{lambda(float)#1}>(at::TensorIteratorBase&, at::CUDAGeneratorImpl*, at::native::templates::cuda::normal_kernel<at::CUDAGeneratorImpl*>(at::TensorBase const&, double, double, at::CUDAGeneratorImpl*)::{lambda()#1}::operator()() const::{lambda()#4}::operator()() const::{lambda(float)#1})::{lambda(curandStatePhilox4_32_10*)#2} const&, at::native::templates::cuda::normal_kernel<at::CUDAGeneratorImpl*>(at::TensorBase const&, double, double, at::CUDAGeneratorImpl*)::{lambda()#1}::operator()() const::{lambda()#4}::operator()() const::{lambda(float)#1})::{lambda(int, float)#1})",10,DeviceType.CUDA,0,0,51.96699999998236,self_device_time_total,51.96699999998236,device_time_total,0,self_device_memory_usage,0,device_memory_usage
cudaDeviceSynchronize,31,DeviceType.CPU,3712867.6089999997,3712867.6089999997,60.353000000002794,self_device_time_total,60.353000000002794,device_time_total,0,self_device_memory_usage,0,device_memory_usage
TorchDynamo Cache Lookup,2186,DeviceType.CPU,29195.946000002587,29195.946000002587,0,self_device_time_total,0,device_time_total,0,self_device_memory_usage,0,device_memory_usage
Torch-Compiled Region: 0/0,8,DeviceType.CPU,3835.9460000031613,302901.0139999996,0.0,self_device_time_total,2032224.1070000033,device_time_total,-4943831040,self_device_memory_usage,6635520,device_memory_usage
triton_poi_fused_cat_0,8,DeviceType.CPU,149.6489999997939,224.47799999979907,36.7689999998438,self_device_time_total,36.7689999998438,device_time_total,0,self_device_memory_usage,0,device_memory_usage
triton_poi_fused_cat_0,8,DeviceType.CUDA,0,0,36.7689999998438,self_device_time_total,36.7689999998438,device_time_total,0,self_device_memory_usage,0,device_memory_usage
"void cudnn::engines_precompiled::nchwToNhwcKernel<__nv_bfloat16, __nv_bfloat16, float, false, true, (cudnnKernelDataType_t)0>(cudnn::engines_precompiled::nchw2nhwc_params_t<float>, __nv_bfloat16 const*, __nv_bfloat16*)",1342,DeviceType.CUDA,0,0,308103.57799999975,self_device_time_total,308103.57799999975,device_time_total,0,self_device_memory_usage,0,device_memory_usage
sm80_xmma_fprop_implicit_gemm_bf16bf16_bf16f32_f32_nhwckrsc_nhwc_tilesize128x32x32_stage4_warpsize4x1x1_g1_tensor16x8x16_execute_kernel__5x_cudnn,36,DeviceType.CUDA,0,0,30903.388000002673,self_device_time_total,30903.388000002673,device_time_total,0,self_device_memory_usage,0,device_memory_usage
triton_poi_fused_clone_1,8,DeviceType.CPU,114.03000000039538,150.78900000017165,243.90500000040993,self_device_time_total,243.90500000040993,device_time_total,0,self_device_memory_usage,0,device_memory_usage
"void cudnn::engines_precompiled::nhwcToNchwKernel<__nv_bfloat16, __nv_bfloat16, float, true, false, (cudnnKernelDataType_t)0>(cudnn::engines_precompiled::nhwc2nchw_params_t<float>, __nv_bfloat16 const*, __nv_bfloat16*)",680,DeviceType.CUDA,0,0,107698.79499999962,self_device_time_total,107698.79499999962,device_time_total,0,self_device_memory_usage,0,device_memory_usage
triton_poi_fused_clone_1,8,DeviceType.CUDA,0,0,243.90500000040993,self_device_time_total,243.90500000040993,device_time_total,0,self_device_memory_usage,0,device_memory_usage
Torch-Compiled Region: 2/0,240,DeviceType.CPU,14281.540999997393,292761.86000000016,0.0,self_device_time_total,2030083.1230000034,device_time_total,-9554780160,self_device_memory_usage,4777943040,device_memory_usage
triton_poi_fused_add_0,240,DeviceType.CPU,1294.703999999172,2294.323000000488,368.5119999989256,self_device_time_total,368.5119999989256,device_time_total,0,self_device_memory_usage,0,device_memory_usage
triton_poi_fused_add_0,240,DeviceType.CUDA,0,0,368.5119999989256,self_device_time_total,368.5119999989256,device_time_total,0,self_device_memory_usage,0,device_memory_usage
triton_red_fused_add_mul_native_layer_norm_1,240,DeviceType.CPU,996.025999999456,1687.294999998885,20145.666000004127,self_device_time_total,20145.666000004127,device_time_total,0,self_device_memory_usage,0,device_memory_usage
triton_red_fused_add_mul_native_layer_norm_1,240,DeviceType.CUDA,0,0,20145.666000004127,self_device_time_total,20145.666000004127,device_time_total,0,self_device_memory_usage,0,device_memory_usage
Torch-Compiled Region: 3/0,240,DeviceType.CPU,31870.199000012613,163336.77800000226,0.0,self_device_time_total,882683.6970000139,device_time_total,-20953600,self_device_memory_usage,9555148800,device_memory_usage
triton_red_fused_abs_amax_0,480,DeviceType.CPU,2489.961999989013,4827.848999992599,7211.792000002635,self_device_time_total,7211.792000002635,device_time_total,0,self_device_memory_usage,0,device_memory_usage
triton_red_fused_abs_amax_0,480,DeviceType.CUDA,0,0,7211.792000002635,self_device_time_total,7211.792000002635,device_time_total,0,self_device_memory_usage,0,device_memory_usage
triton_per_fused__to_copy_abs_amax_clamp_min_div_1,960,DeviceType.CPU,3495.987000002977,7443.58800000016,1127.7930000058768,self_device_time_total,1128.8810000058656,device_time_total,0,self_device_memory_usage,0,device_memory_usage
triton_per_fused__to_copy_abs_amax_clamp_min_div_1,960,DeviceType.CUDA,0,0,1127.7930000058768,self_device_time_total,1127.7930000058768,device_time_total,0,self_device_memory_usage,0,device_memory_usage
triton_poi_fused__scaled_mm__to_copy_clamp_clamp_min_div_2,480,DeviceType.CPU,2525.523999996971,3850.579999995094,22237.048000004397,self_device_time_total,22237.048000004397,device_time_total,0,self_device_memory_usage,0,device_memory_usage
triton_poi_fused__scaled_mm__to_copy_clamp_clamp_min_div_2,480,DeviceType.CUDA,0,0,22237.048000004397,self_device_time_total,22237.048000004397,device_time_total,0,self_device_memory_usage,0,device_memory_usage
aten::_scaled_mm,1440,DeviceType.CPU,27734.594999982317,36928.662999989225,875405.6809999936,self_device_time_total,875405.6809999936,device_time_total,-1509949440,self_device_memory_usage,0,device_memory_usage
sm89_xmma_gemm_e4m3bf16_e4m3f32_f32_tn_n_tilesize128x64x64_stage4_warpsize2x2x1_tensor16x8x32_algo2_execute_kernel__5x_cublas,1200,DeviceType.CUDA,0,0,551523.4999999944,self_device_time_total,551523.4999999944,device_time_total,0,self_device_memory_usage,0,device_memory_usage
triton_red_fused__to_copy_mean_pow_stack_3,240,DeviceType.CPU,2115.0730000009353,2886.8309999998746,45104.05799999704,self_device_time_total,45104.05799999704,device_time_total,0,self_device_memory_usage,0,device_memory_usage
Torch-Compiled Region: 4/0,240,DeviceType.CPU,915.3499999981868,67963.41599999886,0.0,self_device_time_total,579369.0270000072,device_time_total,0,self_device_memory_usage,4777574400,device_memory_usage
Torch-Compiled Region: 5/0,240,DeviceType.CPU,9869.862000004625,65947.32899999844,0.0,self_device_time_total,579369.0270000072,device_time_total,0,self_device_memory_usage,4777574400,device_memory_usage
Torch-Compiled Region: 6/0,240,DeviceType.CPU,2034.7869999982322,50180.0349999979,0.0,self_device_time_total,579369.0270000072,device_time_total,0,self_device_memory_usage,4777574400,device_memory_usage
Torch-Compiled Region: 7/0,240,DeviceType.CPU,22723.285999993164,45930.3959999988,0.0,self_device_time_total,579369.0270000072,device_time_total,4777574400,self_device_memory_usage,4777574400,device_memory_usage
quant_query_per_thread_int8_kernel_0,240,DeviceType.CPU,1575.3180000009852,2964.871999998679,16464.725000002,self_device_time_total,16464.725000002,device_time_total,0,self_device_memory_usage,0,device_memory_usage
triton_red_fused_mean_0,240,DeviceType.CPU,993.0559999994184,1684.066000001265,12372.073000004482,self_device_time_total,12372.073000004482,device_time_total,0,self_device_memory_usage,0,device_memory_usage
triton_per_fused_mean_1,240,DeviceType.CPU,885.8970000012378,1512.4440000003415,347.1079999972462,self_device_time_total,347.1079999972462,device_time_total,0,self_device_memory_usage,0,device_memory_usage
triton_poi_fused_2,240,DeviceType.CPU,931.6089999983124,1578.2189999998918,17255.749000002015,self_device_time_total,17255.749000002015,device_time_total,0,self_device_memory_usage,0,device_memory_usage
quant_key_per_thread_int8_kernel_1,240,DeviceType.CPU,904.9089999962453,1527.1189999996168,4247.304999998483,self_device_time_total,4247.304999998483,device_time_total,0,self_device_memory_usage,0,device_memory_usage
triton_poi_fused__to_copy_3,240,DeviceType.CPU,853.5040000029876,1504.4640000033105,19390.818000001465,self_device_time_total,19390.818000001465,device_time_total,0,self_device_memory_usage,0,device_memory_usage
triton_red_fused__to_copy_mean_pow_stack_3,240,DeviceType.CUDA,0,0,45104.05799999704,self_device_time_total,45104.05799999704,device_time_total,0,self_device_memory_usage,0,device_memory_usage
sageattention::qk_int8_sv_f16_accum_f16_attn_inst_buf,240,DeviceType.CPU,10782.307000005265,12435.926000002535,509291.2490000015,self_device_time_total,509291.2490000015,device_time_total,0,self_device_memory_usage,0,device_memory_usage
aten::reshape_as,240,DeviceType.CPU,589.2800000037932,1333.488000003792,0,self_device_time_total,0,device_time_total,0,self_device_memory_usage,0,device_memory_usage
Torch-Compiled Region: 8/0,240,DeviceType.CPU,66.54999999721622,66.54999999721622,0,self_device_time_total,0,device_time_total,0,self_device_memory_usage,0,device_memory_usage
Torch-Compiled Region: 9/0,240,DeviceType.CPU,15221.35800000976,28360.84099999961,0.0,self_device_time_total,66522.79500000075,device_time_total,4777574400,self_device_memory_usage,4777574400,device_memory_usage
Torch-Compiled Region: 10/0,240,DeviceType.CPU,43424.13299999012,99290.8669999991,0.0,self_device_time_total,1126885.2479999866,device_time_total,-74833920,self_device_memory_usage,4777574400,device_memory_usage
quant_query_per_thread_int8_kernel,240,DeviceType.CUDA,0,0,16464.725000002,self_device_time_total,16464.725000002,device_time_total,0,self_device_memory_usage,0,device_memory_usage
triton_red_fused_add_mul_native_layer_norm_0,248,DeviceType.CPU,2019.762999997878,3242.710999999359,23178.59800000006,self_device_time_total,23178.59800000006,device_time_total,0,self_device_memory_usage,0,device_memory_usage
aten::mm,486,DeviceType.CPU,6520.032000004132,8721.527000000617,224357.30999999266,self_device_time_total,224357.30999999266,device_time_total,148602880,self_device_memory_usage,148602880,device_memory_usage
triton_red_fused_mean_0,240,DeviceType.CUDA,0,0,12372.073000004482,self_device_time_total,12372.073000004482,device_time_total,0,self_device_memory_usage,0,device_memory_usage
triton_red_fused__flash_attn_forward__to_copy_mean_pow_1,240,DeviceType.CPU,1341.6370000055213,2072.0060000029625,13721.473999999056,self_device_time_total,13721.473999999056,device_time_total,0,self_device_memory_usage,0,device_memory_usage
flash_attn::_flash_attn_forward,240,DeviceType.CPU,11203.264999997824,15888.243000000566,10724.69499999833,self_device_time_total,10724.69499999833,device_time_total,0,self_device_memory_usage,4852408320,device_memory_usage
triton_per_fused_mean_1,240,DeviceType.CUDA,0,0,347.1079999972462,self_device_time_total,347.1079999972462,device_time_total,0,self_device_memory_usage,0,device_memory_usage
triton_poi_fused_2,240,DeviceType.CUDA,0,0,17255.749000002015,self_device_time_total,17255.749000002015,device_time_total,0,self_device_memory_usage,0,device_memory_usage
quant_key_per_thread_int8_kernel,240,DeviceType.CUDA,0,0,4247.304999998483,self_device_time_total,4247.304999998483,device_time_total,0,self_device_memory_usage,0,device_memory_usage
triton_poi_fused__to_copy_3,240,DeviceType.CUDA,0,0,19390.818000001465,self_device_time_total,19390.818000001465,device_time_total,0,self_device_memory_usage,0,device_memory_usage
triton_red_fused_abs_add_amax_mul_native_layer_norm_2,240,DeviceType.CPU,2253.8150000030255,3027.6900000041023,43055.77600000198,self_device_time_total,43055.77600000198,device_time_total,0,self_device_memory_usage,0,device_memory_usage
triton_red_fused__to_copy_abs_amax_clamp_min_div_3,240,DeviceType.CPU,1013.7160000018157,1680.9730000044074,435.67799999999625,self_device_time_total,435.67799999999625,device_time_total,0,self_device_memory_usage,0,device_memory_usage
"void qk_int_sv_f16_attn_kernel<128u, 64u, 16u, 64u, 128u, (DataType)1, (QuantGranularity)3, (QuantGranularity)3, float, true, __nv_bfloat16, (ComputeUnit)0, (MaskMode)0, false, false>(signed char*, signed char*, __half*, __nv_bfloat16*, float*, float*, float*, __nv_bfloat16*, unsigned int, unsigned int, unsigned int, unsigned int, unsigned int, unsigned int, unsigned int, unsigned int, unsigned int, unsigned int, unsigned int, unsigned int, unsigned int, unsigned int, unsigned int, float)",240,DeviceType.CUDA,0,0,509291.2490000015,self_device_time_total,509291.2490000015,device_time_total,0,self_device_memory_usage,0,device_memory_usage
triton_poi_fused__scaled_mm__to_copy_clamp_clamp_min_div_4,240,DeviceType.CPU,995.4669999969956,1668.9970000014291,4011.0549999972827,self_device_time_total,4011.0549999972827,device_time_total,0,self_device_memory_usage,0,device_memory_usage
triton_red_fused_abs_amax_5,240,DeviceType.CPU,1205.9179999971784,1918.1870000004237,55090.43699999681,self_device_time_total,55090.43699999681,device_time_total,0,self_device_memory_usage,0,device_memory_usage
triton_per_fused__to_copy_abs_amax_clamp_min_div_6,240,DeviceType.CPU,933.9779999995262,1542.5340000010438,360.544999997408,self_device_time_total,360.544999997408,device_time_total,0,self_device_memory_usage,0,device_memory_usage
triton_poi_fused__scaled_mm__to_copy_clamp_clamp_min_div_7,240,DeviceType.CPU,893.447999994165,1528.9369999973715,88381.2270000015,self_device_time_total,88381.2270000015,device_time_total,0,self_device_memory_usage,0,device_memory_usage
triton_poi_fused_add_mul_8,240,DeviceType.CPU,1246.0770000018565,1895.4470000004476,20526.567000002236,self_device_time_total,20526.567000002236,device_time_total,0,self_device_memory_usage,0,device_memory_usage
triton_red_fused_add_mul_native_layer_norm_0,248,DeviceType.CUDA,0,0,23178.59800000006,self_device_time_total,23178.59800000006,device_time_total,0,self_device_memory_usage,0,device_memory_usage
ampere_bf16_s1688gemm_bf16_128x128_ldg8_f2f_stages_32x1_tn,480,DeviceType.CUDA,0,0,220266.76699999493,self_device_time_total,220266.76699999493,device_time_total,0,self_device_memory_usage,0,device_memory_usage
triton_red_fused__flash_attn_forward__to_copy_mean_pow_1,240,DeviceType.CUDA,0,0,13721.473999999056,self_device_time_total,13721.473999999056,device_time_total,0,self_device_memory_usage,0,device_memory_usage
"void flash::flash_fwd_kernel<Flash_fwd_kernel_traits<128, 128, 32, 4, false, false, cutlass::bfloat16_t, Flash_kernel_traits<128, 128, 32, 4, cutlass::bfloat16_t> >, false, false, false, false, false, true, false, false>(flash::Flash_fwd_params)",240,DeviceType.CUDA,0,0,10724.69499999833,self_device_time_total,10724.69499999833,device_time_total,0,self_device_memory_usage,0,device_memory_usage
triton_red_fused_abs_add_amax_mul_native_layer_norm_2,240,DeviceType.CUDA,0,0,43055.77600000198,self_device_time_total,43055.77600000198,device_time_total,0,self_device_memory_usage,0,device_memory_usage
triton_red_fused__to_copy_abs_amax_clamp_min_div_3,240,DeviceType.CUDA,0,0,435.67799999999625,self_device_time_total,435.67799999999625,device_time_total,0,self_device_memory_usage,0,device_memory_usage
triton_poi_fused__scaled_mm__to_copy_clamp_clamp_min_div_4,240,DeviceType.CUDA,0,0,4011.0549999972827,self_device_time_total,4011.0549999972827,device_time_total,0,self_device_memory_usage,0,device_memory_usage
triton_red_fused_abs_amax_5,240,DeviceType.CUDA,0,0,55090.43699999681,self_device_time_total,55090.43699999681,device_time_total,0,self_device_memory_usage,0,device_memory_usage
triton_per_fused__to_copy_abs_amax_clamp_min_div_6,240,DeviceType.CUDA,0,0,360.544999997408,self_device_time_total,360.544999997408,device_time_total,0,self_device_memory_usage,0,device_memory_usage
triton_poi_fused__scaled_mm__to_copy_clamp_clamp_min_div_7,240,DeviceType.CUDA,0,0,88381.2270000015,self_device_time_total,88381.2270000015,device_time_total,0,self_device_memory_usage,0,device_memory_usage
sm89_xmma_gemm_e4m3bf16_e4m3f32_f32_tn_n_tilesize128x128x64_stage3_warpsize4x2x1_tensor16x8x32_algo2_execute_kernel__5x_cublas,240,DeviceType.CUDA,0,0,323882.18099999917,self_device_time_total,323882.18099999917,device_time_total,0,self_device_memory_usage,0,device_memory_usage
triton_poi_fused_add_mul_8,240,DeviceType.CUDA,0,0,20526.567000002236,self_device_time_total,20526.567000002236,device_time_total,0,self_device_memory_usage,0,device_memory_usage
Torch-Compiled Region: 11/0,8,DeviceType.CPU,462.9890000001542,831.3780000003317,0.0,self_device_time_total,911.7549999999464,device_time_total,6635520,self_device_memory_usage,6635520,device_memory_usage
Torch-Compiled Region: 12/0,8,DeviceType.CPU,326.44900000072084,443.6190000000861,0.0,self_device_time_total,14.55999999953201,device_time_total,6635520,self_device_memory_usage,6635520,device_memory_usage
triton_poi_fused_clone_0,8,DeviceType.CPU,67.36999999958061,117.16999999936525,14.55999999953201,self_device_time_total,14.55999999953201,device_time_total,0,self_device_memory_usage,0,device_memory_usage
aten::select,56,DeviceType.CPU,228.24900000313937,276.6690000010567,0,self_device_time_total,0,device_time_total,0,self_device_memory_usage,0,device_memory_usage
aten::div,142,DeviceType.CPU,860.8880000017598,1308.9170000019585,11582.853000000992,self_device_time_total,11582.853000000992,device_time_total,3025249280,self_device_memory_usage,3025249280,device_memory_usage
aten::rsub,8,DeviceType.CPU,35.149000000048545,117.34899999969639,0.0,self_device_time_total,8.960000000311993,device_time_total,0,self_device_memory_usage,4096,device_memory_usage
ampere_bf16_s16816gemm_bf16_64x128_ldg8_relu_f2f_stages_64x3_tn,8,DeviceType.CUDA,0,0,199.3619999999646,self_device_time_total,199.3619999999646,device_time_total,0,self_device_memory_usage,0,device_memory_usage
triton_poi_fused_clone_0,8,DeviceType.CUDA,0,0,14.55999999953201,self_device_time_total,14.55999999953201,device_time_total,0,self_device_memory_usage,0,device_memory_usage
"void at::native::vectorized_elementwise_kernel<4, at::native::BUnaryFunctor<float, float, float, at::native::binary_internal::MulFunctor<float> >, std::array<char*, 2ul> >(int, at::native::BUnaryFunctor<float, float, float, at::native::binary_internal::MulFunctor<float> >, std::array<char*, 2ul>)",18,DeviceType.CUDA,0,0,686.055999999342,self_device_time_total,686.055999999342,device_time_total,0,self_device_memory_usage,0,device_memory_usage
"void at::native::vectorized_elementwise_kernel<4, at::native::CUDAFunctor_add<c10::BFloat16>, std::array<char*, 3ul> >(int, at::native::CUDAFunctor_add<c10::BFloat16>, std::array<char*, 3ul>)",64,DeviceType.CUDA,0,0,7375.922999997914,self_device_time_total,7375.922999997914,device_time_total,0,self_device_memory_usage,0,device_memory_usage
"void at::native::vectorized_elementwise_kernel<4, at::native::CUDAFunctorOnOther_add<c10::BFloat16>, std::array<char*, 2ul> >(int, at::native::CUDAFunctorOnOther_add<c10::BFloat16>, std::array<char*, 2ul>)",8,DeviceType.CUDA,0,0,8.960000000311993,self_device_time_total,8.960000000311993,device_time_total,0,self_device_memory_usage,0,device_memory_usage
Torch-Compiled Region: 13/0,2,DeviceType.CPU,26075.3069999906,1245433.2779999995,0.0,self_device_time_total,6182157.137000004,device_time_total,-28130742272,self_device_memory_usage,72990720,device_memory_usage
triton_poi_fused_add_div_0,2,DeviceType.CPU,46.16999999945983,75.6199999996461,3.744000000297092,self_device_time_total,3.744000000297092,device_time_total,0,self_device_memory_usage,0,device_memory_usage
triton_poi_fused_add_div_0,2,DeviceType.CUDA,0,0,3.744000000297092,self_device_time_total,3.744000000297092,device_time_total,0,self_device_memory_usage,0,device_memory_usage
void cutlass::Kernel2<cutlass_80_wmma_tensorop_bf16_s161616gemm_bf16_16x16_32x1_nn_align8>(cutlass_80_wmma_tensorop_bf16_s161616gemm_bf16_16x16_32x1_nn_align8::Params),2,DeviceType.CUDA,0,0,8.160000000032596,self_device_time_total,8.160000000032596,device_time_total,0,self_device_memory_usage,0,device_memory_usage
triton_poi_fused_cat_constant_pad_nd_1,2,DeviceType.CPU,33.82000000006519,44.38000000000466,5.792000000132248,self_device_time_total,5.792000000132248,device_time_total,0,self_device_memory_usage,0,device_memory_usage
triton_poi_fused_cat_constant_pad_nd_1,2,DeviceType.CUDA,0,0,5.792000000132248,self_device_time_total,5.792000000132248,device_time_total,0,self_device_memory_usage,0,device_memory_usage
sm80_xmma_fprop_implicit_gemm_bf16bf16_bf16f32_f32_nhwckrsc_nhwc_tilesize128x128x64_stage3_warpsize2x2x1_g1_tensor16x8x16_execute_kernel__5x_cudnn,58,DeviceType.CUDA,0,0,104779.54800000135,self_device_time_total,104779.54800000135,device_time_total,0,self_device_memory_usage,0,device_memory_usage
triton_red_fused_constant_pad_nd_convolution_linalg_vector_norm_2,12,DeviceType.CPU,107.5680000007851,143.6880000003148,148.89600000018254,self_device_time_total,148.89600000018254,device_time_total,0,self_device_memory_usage,0,device_memory_usage
triton_per_fused_constant_pad_nd_convolution_linalg_vector_norm_3,198,DeviceType.CPU,633.570000004489,61107.74800000142,266.27499999827705,self_device_time_total,324.57899999804795,device_time_total,0,self_device_memory_usage,0,device_memory_usage
triton_poi_fused_add_constant_pad_nd_convolution_div_mul_silu_4,12,DeviceType.CPU,58.30000000039581,89.31000000040513,251.23400000075344,self_device_time_total,251.23400000075344,device_time_total,0,self_device_memory_usage,0,device_memory_usage
triton_poi_fused_cat_5,4,DeviceType.CPU,35.7199999995064,49.31000000005588,64.60800000000745,self_device_time_total,64.60800000000745,device_time_total,0,self_device_memory_usage,0,device_memory_usage
triton_poi_fused_constant_pad_nd_6,16,DeviceType.CPU,52.549999999115244,89.6899999998277,252.06599999929313,self_device_time_total,252.06599999929313,device_time_total,0,self_device_memory_usage,0,device_memory_usage
triton_red_fused_constant_pad_nd_convolution_linalg_vector_norm_2,12,DeviceType.CUDA,0,0,148.89600000018254,self_device_time_total,148.89600000018254,device_time_total,0,self_device_memory_usage,0,device_memory_usage
triton_per_fused_constant_pad_nd_convolution_linalg_vector_norm_3,198,DeviceType.CUDA,0,0,266.27499999827705,self_device_time_total,266.27499999827705,device_time_total,0,self_device_memory_usage,0,device_memory_usage
triton_poi_fused_add_constant_pad_nd_convolution_div_mul_silu_4,12,DeviceType.CUDA,0,0,251.23400000075344,self_device_time_total,251.23400000075344,device_time_total,0,self_device_memory_usage,0,device_memory_usage
triton_poi_fused_cat_7,72,DeviceType.CPU,393.95899999910034,22026.386999999057,1092.332000000286,self_device_time_total,1533.3600000020815,device_time_total,0,self_device_memory_usage,0,device_memory_usage
sm80_xmma_fprop_implicit_gemm_bf16bf16_bf16f32_f32_nhwckrsc_nhwc_tilesize256x64x32_stage3_warpsize4x1x1_g1_tensor16x8x16_execute_kernel__5x_cudnn,438,DeviceType.CUDA,0,0,912542.5779999966,self_device_time_total,912542.5779999966,device_time_total,0,self_device_memory_usage,0,device_memory_usage
triton_poi_fused_cat_8,2,DeviceType.CPU,12.960000000311993,19.990000000223517,5.857000000309199,self_device_time_total,5.857000000309199,device_time_total,0,self_device_memory_usage,0,device_memory_usage
triton_poi_fused_constant_pad_nd_9,4,DeviceType.CPU,14.110000000335276,26.33999999985099,6.783000000519678,self_device_time_total,6.783000000519678,device_time_total,0,self_device_memory_usage,0,device_memory_usage
triton_poi_fused_cat_10,2,DeviceType.CPU,14.470000000088476,23.44000000017695,3.1349999997764826,self_device_time_total,3.1349999997764826,device_time_total,0,self_device_memory_usage,0,device_memory_usage
triton_poi_fused_cat_constant_pad_nd_11,2,DeviceType.CPU,12.098999999696389,20.078999999910593,7.296000000205822,self_device_time_total,7.296000000205822,device_time_total,0,self_device_memory_usage,0,device_memory_usage
triton_poi_fused_cat_12,8,DeviceType.CPU,60.00999999977648,80.74999999930151,221.21999999892432,self_device_time_total,221.21999999892432,device_time_total,0,self_device_memory_usage,0,device_memory_usage
triton_poi_fused_constant_pad_nd_13,108,DeviceType.CPU,356.9379999990342,87405.15099999832,1301.8359999972163,self_device_time_total,1720.753999995417,device_time_total,0,self_device_memory_usage,0,device_memory_usage
triton_poi_fused_cat_5,4,DeviceType.CUDA,0,0,64.60800000000745,self_device_time_total,64.60800000000745,device_time_total,0,self_device_memory_usage,0,device_memory_usage
triton_poi_fused_constant_pad_nd_6,16,DeviceType.CUDA,0,0,252.06599999929313,self_device_time_total,252.06599999929313,device_time_total,0,self_device_memory_usage,0,device_memory_usage
triton_poi_fused_cat_14,2,DeviceType.CPU,10.309999999939464,18.910000000032596,5.632999999914318,self_device_time_total,5.632999999914318,device_time_total,0,self_device_memory_usage,0,device_memory_usage
triton_poi_fused_cat_15,2,DeviceType.CPU,12.630000000121072,58.500000000116415,3.2000000001862645,self_device_time_total,3.2000000001862645,device_time_total,0,self_device_memory_usage,0,device_memory_usage
triton_poi_fused_cat_constant_pad_nd_16,2,DeviceType.CPU,11.019999999785796,18.369999999762513,6.080000000074506,self_device_time_total,6.080000000074506,device_time_total,0,self_device_memory_usage,0,device_memory_usage
triton_poi_fused_cat_17,4,DeviceType.CPU,42.64999999979045,54.909999999334104,232.61199999973178,self_device_time_total,232.61199999973178,device_time_total,0,self_device_memory_usage,0,device_memory_usage
triton_red_fused_linalg_vector_norm_18,6,DeviceType.CPU,63.24000000022352,83.10000000044238,180.32199999992736,self_device_time_total,180.32199999992736,device_time_total,0,self_device_memory_usage,0,device_memory_usage
triton_poi_fused_cat_7,72,DeviceType.CUDA,0,0,1092.332000000286,self_device_time_total,1092.332000000286,device_time_total,0,self_device_memory_usage,0,device_memory_usage
triton_poi_fused_cat_8,2,DeviceType.CUDA,0,0,5.857000000309199,self_device_time_total,5.857000000309199,device_time_total,0,self_device_memory_usage,0,device_memory_usage
triton_poi_fused_add_div_mul_19,4,DeviceType.CPU,40.38000000058673,52.650000000256114,120.09900000016205,self_device_time_total,120.09900000016205,device_time_total,0,self_device_memory_usage,0,device_memory_usage
triton_poi_fused_constant_pad_nd_9,4,DeviceType.CUDA,0,0,6.783000000519678,self_device_time_total,6.783000000519678,device_time_total,0,self_device_memory_usage,0,device_memory_usage
triton_poi_fused__scaled_dot_product_efficient_attention_20,6,DeviceType.CPU,48.129999999771826,66.12999999965541,105.73100000061095,self_device_time_total,105.73100000061095,device_time_total,0,self_device_memory_usage,0,device_memory_usage
triton_poi_fused_cat_10,2,DeviceType.CUDA,0,0,3.1349999997764826,self_device_time_total,3.1349999997764826,device_time_total,0,self_device_memory_usage,0,device_memory_usage
triton_poi_fused_cat_constant_pad_nd_11,2,DeviceType.CUDA,0,0,7.296000000205822,self_device_time_total,7.296000000205822,device_time_total,0,self_device_memory_usage,0,device_memory_usage
triton_poi_fused__scaled_dot_product_efficient_attention_21,6,DeviceType.CPU,30.7199999995064,46.56999999959953,118.27199999964796,self_device_time_total,118.27199999964796,device_time_total,0,self_device_memory_usage,0,device_memory_usage
triton_poi_fused__scaled_dot_product_efficient_attention_22,6,DeviceType.CPU,29.839999999734573,45.539999999222346,152.67300000065006,self_device_time_total,152.67300000065006,device_time_total,0,self_device_memory_usage,0,device_memory_usage
triton_poi_fused_cat_12,8,DeviceType.CUDA,0,0,221.21999999892432,self_device_time_total,221.21999999892432,device_time_total,0,self_device_memory_usage,0,device_memory_usage
triton_poi_fused_constant_pad_nd_13,108,DeviceType.CUDA,0,0,1301.8359999972163,self_device_time_total,1301.8359999972163,device_time_total,0,self_device_memory_usage,0,device_memory_usage
triton_poi_fused_add_constant_pad_nd_convolution_div_mul_23,2,DeviceType.CPU,32.53000000002794,41.699999999953434,114.20999999996275,self_device_time_total,114.20999999996275,device_time_total,0,self_device_memory_usage,0,device_memory_usage
triton_red_fused_linalg_vector_norm_24,36,DeviceType.CPU,152.27999999909662,12920.357999998843,88.35099999792874,self_device_time_total,123.00699999672361,device_time_total,0,self_device_memory_usage,0,device_memory_usage
triton_poi_fused_add_constant_pad_nd_div_mul_silu_25,4,DeviceType.CPU,18.399999999906868,31.080000000074506,83.96899999980815,self_device_time_total,83.96899999980815,device_time_total,0,self_device_memory_usage,0,device_memory_usage
triton_red_fused_convolution_linalg_vector_norm_26,72,DeviceType.CPU,413.7880000004079,29584.966000000946,458.5630000019446,self_device_time_total,625.5390000033658,device_time_total,0,self_device_memory_usage,0,device_memory_usage
triton_red_fused_add_convolution_linalg_vector_norm_27,36,DeviceType.CPU,235.7000000004191,21254.688999999547,346.14899999834597,self_device_time_total,506.1499999971129,device_time_total,0,self_device_memory_usage,0,device_memory_usage
triton_poi_fused_add_convolution_div_mul_silu_28,36,DeviceType.CPU,182.21900000213645,37160.619000001345,319.2700000007171,self_device_time_total,425.92800000077114,device_time_total,0,self_device_memory_usage,0,device_memory_usage
triton_poi_fused_constant_pad_nd_silu_29,4,DeviceType.CPU,12.830000000074506,24.12000000011176,62.847999999532476,self_device_time_total,62.847999999532476,device_time_total,0,self_device_memory_usage,0,device_memory_usage
triton_poi_fused_add_convolution_30,20,DeviceType.CPU,156.7900000005029,66555.10100000049,235.9069999991916,self_device_time_total,332.00299999839626,device_time_total,0,self_device_memory_usage,0,device_memory_usage
triton_poi_fused__to_copy__unsafe_index_31,2,DeviceType.CPU,14.609999999869615,22.25,483.20600000047125,self_device_time_total,483.20600000047125,device_time_total,0,self_device_memory_usage,0,device_memory_usage
triton_poi_fused__to_copy__unsafe_index_convolution_32,36,DeviceType.CPU,164.34999999892898,20356.205000000307,265.7639999995008,self_device_time_total,356.2279999998864,device_time_total,0,self_device_memory_usage,0,device_memory_usage
triton_per_fused_linalg_vector_norm_33,2,DeviceType.CPU,13.71999999997206,20.679999999934807,15.520999999949709,self_device_time_total,15.520999999949709,device_time_total,0,self_device_memory_usage,0,device_memory_usage
triton_poi_fused_add_constant_pad_nd_div_mul_silu_34,2,DeviceType.CPU,10.069999999599531,17.459999999962747,111.19999999995343,self_device_time_total,111.19999999995343,device_time_total,0,self_device_memory_usage,0,device_memory_usage
triton_red_fused_convolution_linalg_vector_norm_35,6,DeviceType.CPU,31.640000000596046,49.510000000474975,61.09000000031665,self_device_time_total,61.09000000031665,device_time_total,0,self_device_memory_usage,0,device_memory_usage
triton_poi_fused_add_constant_pad_nd_convolution_div_mul_silu_36,6,DeviceType.CPU,25.6800000006333,40.90000000060536,494.3410000007134,self_device_time_total,494.3410000007134,device_time_total,0,self_device_memory_usage,0,device_memory_usage
triton_poi_fused_constant_pad_nd_37,2,DeviceType.CPU,11.540000000502914,18.510000000474975,32.960999999661,self_device_time_total,32.960999999661,device_time_total,0,self_device_memory_usage,0,device_memory_usage
triton_red_fused_add_constant_pad_nd_convolution_linalg_vector_norm_38,2,DeviceType.CPU,16.260000000707805,23.910000000381842,38.71999999997206,self_device_time_total,38.71999999997206,device_time_total,0,self_device_memory_usage,0,device_memory_usage
triton_poi_fused_add_constant_pad_nd_convolution_div_mul_silu_39,2,DeviceType.CPU,12.260000000009313,19.859999999869615,71.71299999998882,self_device_time_total,71.71299999998882,device_time_total,0,self_device_memory_usage,0,device_memory_usage
triton_poi_fused_constant_pad_nd_silu_40,2,DeviceType.CPU,7.350000000325963,14.680000000400469,106.01600000006147,self_device_time_total,106.01600000006147,device_time_total,0,self_device_memory_usage,0,device_memory_usage
triton_poi_fused_cat_14,2,DeviceType.CUDA,0,0,5.632999999914318,self_device_time_total,5.632999999914318,device_time_total,0,self_device_memory_usage,0,device_memory_usage
triton_poi_fused_add_constant_pad_nd_convolution_41,2,DeviceType.CPU,13.720000000204891,21.28000000026077,97.02499999967404,self_device_time_total,97.02499999967404,device_time_total,0,self_device_memory_usage,0,device_memory_usage
triton_poi_fused_cat_15,2,DeviceType.CUDA,0,0,3.2000000001862645,self_device_time_total,3.2000000001862645,device_time_total,0,self_device_memory_usage,0,device_memory_usage
triton_poi_fused_cat_constant_pad_nd_16,2,DeviceType.CUDA,0,0,6.080000000074506,self_device_time_total,6.080000000074506,device_time_total,0,self_device_memory_usage,0,device_memory_usage
triton_red_fused_linalg_vector_norm_42,2,DeviceType.CPU,9.230000000214204,17.19000000017695,11.327999999979511,self_device_time_total,11.327999999979511,device_time_total,0,self_device_memory_usage,0,device_memory_usage
triton_poi_fused_add_constant_pad_nd_div_mul_silu_43,2,DeviceType.CPU,9.039999999571592,17.158999999752268,166.94599999999627,self_device_time_total,166.94599999999627,device_time_total,0,self_device_memory_usage,0,device_memory_usage
triton_poi_fused__to_copy__unsafe_index_44,2,DeviceType.CPU,12.429999999701977,19.24999999953434,1552.1139999998268,self_device_time_total,1552.1139999998268,device_time_total,0,self_device_memory_usage,0,device_memory_usage
triton_per_fused_linalg_vector_norm_45,2,DeviceType.CPU,11.220000000204891,18.600000000093132,54.04800000041723,self_device_time_total,54.04800000041723,device_time_total,0,self_device_memory_usage,0,device_memory_usage
triton_poi_fused_cat_17,4,DeviceType.CUDA,0,0,232.61199999973178,self_device_time_total,232.61199999973178,device_time_total,0,self_device_memory_usage,0,device_memory_usage
triton_poi_fused_add_constant_pad_nd_div_mul_silu_46,2,DeviceType.CPU,10.420000000158325,16.919999999925494,445.09399999980815,self_device_time_total,445.09399999980815,device_time_total,0,self_device_memory_usage,0,device_memory_usage
triton_red_fused_convolution_linalg_vector_norm_47,6,DeviceType.CPU,33.77000000071712,50.44000000064261,71.3609999998007,self_device_time_total,71.3609999998007,device_time_total,0,self_device_memory_usage,0,device_memory_usage
triton_poi_fused_add_constant_pad_nd_convolution_div_mul_silu_48,6,DeviceType.CPU,24.929999999701977,41.169999999925494,947.4349999995902,self_device_time_total,947.4349999995902,device_time_total,0,self_device_memory_usage,0,device_memory_usage
triton_red_fused_add_convolution_linalg_vector_norm_49,2,DeviceType.CPU,13.28000000002794,20.930000000167638,92.86399999959394,self_device_time_total,92.86399999959394,device_time_total,0,self_device_memory_usage,0,device_memory_usage
triton_poi_fused_add_convolution_div_mul_silu_50,2,DeviceType.CPU,13.300000000512227,21.820000000065193,265.31600000034086,self_device_time_total,265.31600000034086,device_time_total,0,self_device_memory_usage,0,device_memory_usage
triton_poi_fused_constant_pad_nd_silu_51,2,DeviceType.CPU,7.8899999998975545,15.368999999947846,375.4600000004284,self_device_time_total,375.4600000004284,device_time_total,0,self_device_memory_usage,0,device_memory_usage
triton_poi_fused_add_convolution_52,2,DeviceType.CPU,17.55999999982305,25.40999999991618,223.4899999999907,self_device_time_total,223.4899999999907,device_time_total,0,self_device_memory_usage,0,device_memory_usage
triton_red_fused_linalg_vector_norm_53,2,DeviceType.CPU,8.460000000428408,16.59000000031665,17.760999999940395,self_device_time_total,17.760999999940395,device_time_total,0,self_device_memory_usage,0,device_memory_usage
triton_poi_fused_add_constant_pad_nd_div_mul_silu_54,2,DeviceType.CPU,8.608999999938533,15.158999999752268,301.0580000001937,self_device_time_total,301.0580000001937,device_time_total,0,self_device_memory_usage,0,device_memory_usage
triton_poi_fused__to_copy__unsafe_index_55,2,DeviceType.CPU,11.989999999990687,18.8499999998603,1896.0530000000726,self_device_time_total,1896.0530000000726,device_time_total,0,self_device_memory_usage,0,device_memory_usage
triton_poi_fused__to_copy__unsafe_index_convolution_56,18,DeviceType.CPU,68.07000000053085,194.67000000015832,60.38400000077672,self_device_time_total,80.60800000070594,device_time_total,0,self_device_memory_usage,0,device_memory_usage
triton_per_fused_linalg_vector_norm_57,2,DeviceType.CPU,10.209999999962747,17.56000000005588,153.02600000007078,self_device_time_total,153.02600000007078,device_time_total,0,self_device_memory_usage,0,device_memory_usage
triton_poi_fused_add_constant_pad_nd_div_mul_silu_58,2,DeviceType.CPU,9.659999999916181,16.119999999878928,1069.8360000001267,self_device_time_total,1069.8360000001267,device_time_total,0,self_device_memory_usage,0,device_memory_usage
triton_red_fused_convolution_linalg_vector_norm_59,6,DeviceType.CPU,32.06000000005588,49.36999999987893,268.2280000001192,self_device_time_total,268.2280000001192,device_time_total,0,self_device_memory_usage,0,device_memory_usage
triton_poi_fused_add_constant_pad_nd_convolution_div_mul_silu_60,6,DeviceType.CPU,24.459999999264255,38.97900000005029,2010.5189999996219,self_device_time_total,2010.5189999996219,device_time_total,0,self_device_memory_usage,0,device_memory_usage
triton_red_fused_add_convolution_linalg_vector_norm_61,2,DeviceType.CPU,13.769999999785796,21.019999999785796,254.08399999979883,self_device_time_total,254.08399999979883,device_time_total,0,self_device_memory_usage,0,device_memory_usage
triton_poi_fused_add_convolution_div_mul_silu_62,2,DeviceType.CPU,12.589999999850988,20.610000000102445,611.0460000003222,self_device_time_total,611.0460000003222,device_time_total,0,self_device_memory_usage,0,device_memory_usage
triton_poi_fused_constant_pad_nd_silu_63,4,DeviceType.CPU,12.809999999590218,23.809999999590218,1599.8909999998286,self_device_time_total,1599.8909999998286,device_time_total,0,self_device_memory_usage,0,device_memory_usage
triton_poi_fused_add_convolution_64,2,DeviceType.CPU,15.24999999976717,23.199999999720603,675.7199999995064,self_device_time_total,675.7199999995064,device_time_total,0,self_device_memory_usage,0,device_memory_usage
triton_red_fused_linalg_vector_norm_65,2,DeviceType.CPU,8.440000000409782,15.390000000363216,104.1610000000801,self_device_time_total,104.1610000000801,device_time_total,0,self_device_memory_usage,0,device_memory_usage
triton_poi_fused_add_constant_pad_nd_div_mul_silu_66,2,DeviceType.CPU,8.889999999897555,14.779999999562278,645.5419999998994,self_device_time_total,645.5419999998994,device_time_total,0,self_device_memory_usage,0,device_memory_usage
triton_red_fused_add_convolution_linalg_vector_norm_67,2,DeviceType.CPU,13.049999999580905,20.21999999973923,259.26600000006147,self_device_time_total,259.26600000006147,device_time_total,0,self_device_memory_usage,0,device_memory_usage
triton_poi_fused_add_convolution_div_mul_silu_68,2,DeviceType.CPU,10.790000000270084,17.669999999925494,565.7339999997057,self_device_time_total,565.7339999997057,device_time_total,0,self_device_memory_usage,0,device_memory_usage
cudaOccupancyMaxActiveBlocksPerMultiprocessorWithFlags,162,DeviceType.CPU,38.169999999925494,38.169999999925494,0,self_device_time_total,0,device_time_total,0,self_device_memory_usage,0,device_memory_usage
triton_poi_fused_add_constant_pad_nd_convolution_69,16,DeviceType.CPU,124.47899999981746,3200.422000000486,237.34499999904074,self_device_time_total,331.1379999986384,device_time_total,0,self_device_memory_usage,0,device_memory_usage
triton_poi_fused_cat_70,8,DeviceType.CPU,37.70999999996275,59.08000000030734,105.18400000035763,self_device_time_total,105.18400000035763,device_time_total,0,self_device_memory_usage,0,device_memory_usage
triton_poi_fused_cat_71,16,DeviceType.CPU,81.03999999957159,118.33899999968708,231.6839999987278,self_device_time_total,231.6839999987278,device_time_total,0,self_device_memory_usage,0,device_memory_usage
triton_poi_fused_cat_constant_pad_nd_72,4,DeviceType.CPU,15.080000000074506,25.979999999981374,93.11999999987893,self_device_time_total,93.11999999987893,device_time_total,0,self_device_memory_usage,0,device_memory_usage
triton_red_fused_linalg_vector_norm_18,6,DeviceType.CUDA,0,0,180.32199999992736,self_device_time_total,180.32199999992736,device_time_total,0,self_device_memory_usage,0,device_memory_usage
triton_poi_fused_add_div_mul_19,4,DeviceType.CUDA,0,0,120.09900000016205,self_device_time_total,120.09900000016205,device_time_total,0,self_device_memory_usage,0,device_memory_usage
ampere_bf16_s1688gemm_bf16_128x128_ldg8_f2f_tn,18,DeviceType.CUDA,0,0,883.4960000000428,self_device_time_total,883.4960000000428,device_time_total,0,self_device_memory_usage,0,device_memory_usage
triton_poi_fused_constant_pad_nd_73,2,DeviceType.CPU,7.289999999804422,13.589999999618158,14.752000000094995,self_device_time_total,14.752000000094995,device_time_total,0,self_device_memory_usage,0,device_memory_usage
triton_poi_fused__to_copy__unsafe_index_clone_74,16,DeviceType.CPU,99.80000000144355,13352.587000000756,519.9439999996684,self_device_time_total,649.0969999991357,device_time_total,0,self_device_memory_usage,0,device_memory_usage
triton_poi_fused__scaled_dot_product_efficient_attention_20,6,DeviceType.CUDA,0,0,105.73100000061095,self_device_time_total,105.73100000061095,device_time_total,0,self_device_memory_usage,0,device_memory_usage
triton_per_fused_linalg_vector_norm_75,16,DeviceType.CPU,96.55999999889173,15120.293999999762,222.6260000001639,self_device_time_total,334.56300000078045,device_time_total,0,self_device_memory_usage,0,device_memory_usage
triton_poi_fused__scaled_dot_product_efficient_attention_21,6,DeviceType.CUDA,0,0,118.27199999964796,self_device_time_total,118.27199999964796,device_time_total,0,self_device_memory_usage,0,device_memory_usage
triton_poi_fused_cat_76,2,DeviceType.CPU,13.499999999534339,20.40999999968335,112.8980000000447,self_device_time_total,112.8980000000447,device_time_total,0,self_device_memory_usage,0,device_memory_usage
triton_poi_fused__scaled_dot_product_efficient_attention_22,6,DeviceType.CUDA,0,0,152.67300000065006,self_device_time_total,152.67300000065006,device_time_total,0,self_device_memory_usage,0,device_memory_usage
triton_poi_fused_constant_pad_nd_77,2,DeviceType.CPU,7.2700000000186265,15.239999999990687,64.19199999980628,self_device_time_total,64.19199999980628,device_time_total,0,self_device_memory_usage,0,device_memory_usage
"fmha_cutlassF_bf16_aligned_32x128_gmem_sm80(PyTorchMemEffAttention::AttentionKernel<cutlass::bfloat16_t, cutlass::arch::Sm80, true, 32, 128, 65536, true, true>::Params)",22,DeviceType.CUDA,0,0,9681.45399999991,self_device_time_total,9681.45399999991,device_time_total,0,self_device_memory_usage,0,device_memory_usage
triton_red_fused_constant_pad_nd_convolution_linalg_vector_norm_78,48,DeviceType.CPU,908.1580000002868,2291.0260000005364,761.7689999982249,self_device_time_total,905.3549999978859,device_time_total,0,self_device_memory_usage,0,device_memory_usage
triton_poi_fused_cat_79,6,DeviceType.CPU,30.950000000419095,46.31000000052154,526.9180000000633,self_device_time_total,526.9180000000633,device_time_total,0,self_device_memory_usage,0,device_memory_usage
triton_poi_fused_constant_pad_nd_80,8,DeviceType.CPU,22.690000000409782,42.4300000006333,859.4320000000298,self_device_time_total,859.4320000000298,device_time_total,0,self_device_memory_usage,0,device_memory_usage
triton_poi_fused_constant_pad_nd_81,16,DeviceType.CPU,89.74000000068918,145.5400000012014,579.2100000011269,self_device_time_total,614.4110000005458,device_time_total,0,self_device_memory_usage,0,device_memory_usage
triton_red_fused_add_constant_pad_nd_convolution_linalg_vector_norm_82,16,DeviceType.CPU,112.90000000037253,166.26000000094064,868.7779999983031,self_device_time_total,868.7779999983031,device_time_total,0,self_device_memory_usage,0,device_memory_usage
triton_poi_fused_add_constant_pad_nd_convolution_div_mul_silu_83,16,DeviceType.CPU,84.12900000088848,133.49900000030175,1944.6940000005998,self_device_time_total,1944.6940000005998,device_time_total,0,self_device_memory_usage,0,device_memory_usage
triton_poi_fused_cat_constant_pad_nd_84,2,DeviceType.CPU,7.980000000214204,14.400000000139698,381.4760000000242,self_device_time_total,381.4760000000242,device_time_total,0,self_device_memory_usage,0,device_memory_usage
triton_poi_fused_add_constant_pad_nd_convolution_85,16,DeviceType.CPU,109.60000000125729,1532.0970000005327,1827.0600000000559,self_device_time_total,2282.105000000447,device_time_total,0,self_device_memory_usage,0,device_memory_usage
triton_red_fused_linalg_vector_norm_86,16,DeviceType.CPU,60.40999999991618,1101.0379999997094,150.497999999905,self_device_time_total,169.53799999994226,device_time_total,0,self_device_memory_usage,0,device_memory_usage
triton_poi_fused_cat_87,2,DeviceType.CPU,10.359000000637025,18.09900000039488,194.11500000022352,self_device_time_total,194.11500000022352,device_time_total,0,self_device_memory_usage,0,device_memory_usage
triton_poi_fused_add_constant_pad_nd_convolution_88,2,DeviceType.CPU,13.119999999878928,20.81000000005588,252.22799999988638,self_device_time_total,252.22799999988638,device_time_total,0,self_device_memory_usage,0,device_memory_usage
triton_poi_fused__to_copy__unsafe_index_clone_89,16,DeviceType.CPU,93.2390000000596,796.9770000006538,6892.496000000276,self_device_time_total,7752.570000000531,device_time_total,0,self_device_memory_usage,0,device_memory_usage
triton_per_fused_linalg_vector_norm_90,16,DeviceType.CPU,86.71000000042841,138.95000000018626,3029.6350000011735,self_device_time_total,3029.6350000011735,device_time_total,0,self_device_memory_usage,0,device_memory_usage
triton_poi_fused_cat_91,2,DeviceType.CPU,11.210000000428408,18.47000000020489,2749.534999999916,self_device_time_total,2749.534999999916,device_time_total,0,self_device_memory_usage,0,device_memory_usage
triton_poi_fused_constant_pad_nd_92,10,DeviceType.CPU,27.44900000002235,51.90899999975227,4412.977000000421,self_device_time_total,4412.977000000421,device_time_total,0,self_device_memory_usage,0,device_memory_usage
triton_red_fused_constant_pad_nd_convolution_linalg_vector_norm_93,48,DeviceType.CPU,243.00999999977648,1517.276999999769,5898.756000002613,self_device_time_total,6388.8430000033695,device_time_total,0,self_device_memory_usage,0,device_memory_usage
triton_poi_fused_cat_94,6,DeviceType.CPU,30.170000000158325,45.359999999869615,2215.7059999997728,self_device_time_total,2215.7059999997728,device_time_total,0,self_device_memory_usage,0,device_memory_usage
triton_red_fused_add_constant_pad_nd_convolution_linalg_vector_norm_95,16,DeviceType.CPU,103.30000000051223,1152.9779999998864,4479.156000000425,self_device_time_total,5038.011000000406,device_time_total,0,self_device_memory_usage,0,device_memory_usage
triton_poi_fused_add_constant_pad_nd_convolution_div_mul_silu_96,16,DeviceType.CPU,93.37000000011176,142.39000000013039,10772.409000000916,self_device_time_total,10772.409000000916,device_time_total,0,self_device_memory_usage,0,device_memory_usage
triton_poi_fused_cat_constant_pad_nd_97,2,DeviceType.CPU,7.840000000083819,13.959999999962747,1310.6059999999125,self_device_time_total,1310.6059999999125,device_time_total,0,self_device_memory_usage,0,device_memory_usage
triton_poi_fused_add_constant_pad_nd_convolution_98,16,DeviceType.CPU,124.10999999986961,179.15999999991618,10281.84900000086,self_device_time_total,10281.84900000086,device_time_total,0,self_device_memory_usage,0,device_memory_usage
triton_red_fused_linalg_vector_norm_99,16,DeviceType.CPU,57.48999999999069,103.56999999959953,2008.8529999987222,self_device_time_total,2008.8529999987222,device_time_total,0,self_device_memory_usage,0,device_memory_usage
triton_poi_fused_cat_100,2,DeviceType.CPU,10.600000000325963,17.420000000391155,729.7039999996778,self_device_time_total,729.7039999996778,device_time_total,0,self_device_memory_usage,0,device_memory_usage
triton_poi_fused__to_copy__unsafe_index_clone_101,16,DeviceType.CPU,101.40000000107102,5375.6270000007935,158022.67700000037,self_device_time_total,227401.12300000107,device_time_total,0,self_device_memory_usage,0,device_memory_usage
triton_per_fused_linalg_vector_norm_102,16,DeviceType.CPU,89.5699999993667,3347.6309999993537,5475.614000000292,self_device_time_total,8213.886000000173,device_time_total,0,self_device_memory_usage,0,device_memory_usage
triton_poi_fused_cat_103,2,DeviceType.CPU,11.250000000465661,54.730000000214204,27873.91400000034,self_device_time_total,27873.91400000034,device_time_total,0,self_device_memory_usage,0,device_memory_usage
triton_poi_fused_constant_pad_nd_104,10,DeviceType.CPU,26.920000000623986,49.35000000055879,8831.332000000402,self_device_time_total,8831.332000000402,device_time_total,0,self_device_memory_usage,0,device_memory_usage
triton_red_fused_constant_pad_nd_convolution_linalg_vector_norm_105,48,DeviceType.CPU,856.9290000014007,7947.873000001069,14088.063000002876,self_device_time_total,20835.915000007255,device_time_total,0,self_device_memory_usage,0,device_memory_usage
triton_poi_fused_cat_106,6,DeviceType.CPU,30.070000000065193,44.25,4636.179999999469,self_device_time_total,4636.179999999469,device_time_total,0,self_device_memory_usage,0,device_memory_usage
triton_red_fused_add_constant_pad_nd_convolution_linalg_vector_norm_107,16,DeviceType.CPU,111.0200000021141,513.8200000014622,9550.06200000015,self_device_time_total,12527.727999999654,device_time_total,0,self_device_memory_usage,0,device_memory_usage
triton_poi_fused_add_constant_pad_nd_convolution_div_mul_silu_108,16,DeviceType.CPU,97.73999999952503,760.4679999996442,21285.008999999845,self_device_time_total,29250.603000000352,device_time_total,0,self_device_memory_usage,0,device_memory_usage
triton_poi_fused_cat_constant_pad_nd_109,4,DeviceType.CPU,14.520000000717118,26.87000000034459,5299.86800000025,self_device_time_total,5299.86800000025,device_time_total,0,self_device_memory_usage,0,device_memory_usage
triton_poi_fused_add_constant_pad_nd_convolution_110,16,DeviceType.CPU,115.69999999902211,10833.684999999357,20178.914999999804,self_device_time_total,30261.491999999154,device_time_total,0,self_device_memory_usage,0,device_memory_usage
triton_red_fused_linalg_vector_norm_111,16,DeviceType.CPU,58.09999999939464,563.6079999997746,4659.957999998704,self_device_time_total,6991.857999997912,device_time_total,0,self_device_memory_usage,0,device_memory_usage
triton_poi_fused_cat_112,2,DeviceType.CPU,10.619999999646097,16.739999999990687,1531.9210000000894,self_device_time_total,1531.9210000000894,device_time_total,0,self_device_memory_usage,0,device_memory_usage
triton_red_fused_add_constant_pad_nd_convolution_linalg_vector_norm_113,16,DeviceType.CPU,107.13000000198372,10597.776000001002,9626.730000000913,self_device_time_total,13235.954000001773,device_time_total,0,self_device_memory_usage,0,device_memory_usage
triton_poi_fused_add_constant_pad_nd_convolution_div_mul_silu_114,16,DeviceType.CPU,87.80799999972805,18650.773999999976,19896.7359999998,self_device_time_total,29844.43199999933,device_time_total,0,self_device_memory_usage,0,device_memory_usage
triton_poi_fused_cat_constant_pad_nd_115,16,DeviceType.CPU,86.71899999817833,1635.224999998929,403.29800000065006,self_device_time_total,451.9710000010673,device_time_total,0,self_device_memory_usage,0,device_memory_usage
triton_poi_fused_cat_116,56,DeviceType.CPU,293.2899999995716,42318.73899999936,847.465000002645,self_device_time_total,1212.4300000048243,device_time_total,0,self_device_memory_usage,0,device_memory_usage
triton_poi_fused_cat_117,4,DeviceType.CPU,17.139999999897555,30.459999999729916,116.9300000006333,self_device_time_total,116.9300000006333,device_time_total,0,self_device_memory_usage,0,device_memory_usage
triton_poi_fused_add_constant_pad_nd_convolution_118,12,DeviceType.CPU,84.94999999902211,15371.821999999462,176.83199999970384,self_device_time_total,265.3119999996852,device_time_total,0,self_device_memory_usage,0,device_memory_usage
triton_poi_fused_cat_119,2,DeviceType.CPU,7.090000000083819,13.369999999878928,21.023999999742955,self_device_time_total,21.023999999742955,device_time_total,0,self_device_memory_usage,0,device_memory_usage
triton_poi_fused_cat_120,14,DeviceType.CPU,107.589999998454,7244.143999999389,1076.4899999997579,self_device_time_total,1693.1339999993797,device_time_total,0,self_device_memory_usage,0,device_memory_usage
triton_poi_fused_constant_pad_nd_121,14,DeviceType.CPU,51.94000000064261,7964.3190000006,403.04500000039116,self_device_time_total,633.191000001505,device_time_total,0,self_device_memory_usage,0,device_memory_usage
triton_poi_fused_cat_122,42,DeviceType.CPU,245.2390000014566,6661.265000000363,5317.955000000773,self_device_time_total,6202.158000001684,device_time_total,0,self_device_memory_usage,0,device_memory_usage
triton_poi_fused_constant_pad_nd_123,56,DeviceType.CPU,164.52000000094995,1412.777000001166,8028.434999998892,self_device_time_total,8604.024999999208,device_time_total,0,self_device_memory_usage,0,device_memory_usage
triton_poi_fused_cat_constant_pad_nd_124,14,DeviceType.CPU,59.27000000025146,105.31000000005588,3450.631000000285,self_device_time_total,3450.631000000285,device_time_total,0,self_device_memory_usage,0,device_memory_usage
triton_poi_fused_cat_125,14,DeviceType.CPU,65.5999999998603,109.13999999896623,1623.603000001749,self_device_time_total,1623.603000001749,device_time_total,0,self_device_memory_usage,0,device_memory_usage
triton_poi_fused_cat_126,14,DeviceType.CPU,88.81799999857321,1117.055999999866,3124.513999999035,self_device_time_total,3796.329999999143,device_time_total,0,self_device_memory_usage,0,device_memory_usage
triton_poi_fused_cat_127,14,DeviceType.CPU,78.50999999931082,1075.9679999991786,24808.6949999996,self_device_time_total,28365.31099999859,device_time_total,0,self_device_memory_usage,0,device_memory_usage
triton_poi_fused_constant_pad_nd_128,70,DeviceType.CPU,187.02899999916553,2475.762000000337,33430.04699999909,self_device_time_total,39181.18399999919,device_time_total,0,self_device_memory_usage,0,device_memory_usage
triton_poi_fused_cat_129,42,DeviceType.CPU,213.429999998305,3175.9329999992624,18991.891999999993,self_device_time_total,22606.045999999857,device_time_total,0,self_device_memory_usage,0,device_memory_usage
triton_poi_fused_cat_constant_pad_nd_130,14,DeviceType.CPU,53.75000000023283,95.75000000046566,10470.392000000924,self_device_time_total,10470.392000000924,device_time_total,0,self_device_memory_usage,0,device_memory_usage
triton_poi_fused_cat_131,14,DeviceType.CPU,71.76999999955297,1140.1079999995418,6256.839000000153,self_device_time_total,7152.177000000142,device_time_total,0,self_device_memory_usage,0,device_memory_usage
triton_poi_fused_cat_132,14,DeviceType.CPU,78.3899999994319,885.2189999993425,255283.36099999864,self_device_time_total,400102.5949999972,device_time_total,0,self_device_memory_usage,0,device_memory_usage
triton_poi_fused_constant_pad_nd_133,70,DeviceType.CPU,199.13800000119954,19495.410000001546,67786.07400000235,self_device_time_total,107503.03000000445,device_time_total,0,self_device_memory_usage,0,device_memory_usage
triton_poi_fused_cat_134,42,DeviceType.CPU,242.79999999911524,2105.9039999993984,39293.63000000175,self_device_time_total,58943.3870000015,device_time_total,0,self_device_memory_usage,0,device_memory_usage
triton_poi_fused_cat_constant_pad_nd_135,28,DeviceType.CPU,107.46999999927357,11200.204999999842,39979.3649999972,self_device_time_total,65714.05699999398,device_time_total,0,self_device_memory_usage,0,device_memory_usage
triton_poi_fused_cat_136,14,DeviceType.CPU,79.39999999967404,375.0989999996964,13036.43300000066,self_device_time_total,18623.6940000006,device_time_total,0,self_device_memory_usage,0,device_memory_usage
triton_poi_fused_cat_137,12,DeviceType.CPU,73.6199999996461,12070.420000000391,242.78699999977835,self_device_time_total,363.8450000002049,device_time_total,0,self_device_memory_usage,0,device_memory_usage
triton_poi_fused_cat_138,4,DeviceType.CPU,18.49999999953434,29.77999999979511,114.43300000019372,self_device_time_total,114.43300000019372,device_time_total,0,self_device_memory_usage,0,device_memory_usage
triton_poi_fused_cat_139,10,DeviceType.CPU,49.429000000236556,2016.494999999879,156.48299999977462,self_device_time_total,250.7899999995716,device_time_total,0,self_device_memory_usage,0,device_memory_usage
triton_poi_fused_cat_140,2,DeviceType.CPU,14.419999999692664,21.169999999925494,65.37699999916367,self_device_time_total,65.37699999916367,device_time_total,0,self_device_memory_usage,0,device_memory_usage
triton_poi_fused_cat_141,4,DeviceType.CPU,17.549999999348074,28.02999999956228,106.04799999925308,self_device_time_total,106.04799999925308,device_time_total,0,self_device_memory_usage,0,device_memory_usage
triton_poi_fused_cat_142,12,DeviceType.CPU,76.54999999934807,11950.1809999994,175.93899999908172,self_device_time_total,257.1249999990687,device_time_total,0,self_device_memory_usage,0,device_memory_usage
triton_poi_fused_cat_constant_pad_nd_143,8,DeviceType.CPU,37.53000000026077,2436.1939999999013,194.59500000067055,self_device_time_total,290.8530000015162,device_time_total,0,self_device_memory_usage,0,device_memory_usage
ampere_bf16_s16816gemm_bf16_256x128_ldg8_f2f_stages_32x3_nn,22,DeviceType.CUDA,0,0,525.092000001343,self_device_time_total,525.092000001343,device_time_total,0,self_device_memory_usage,0,device_memory_usage
triton_poi_fused_add_constant_pad_nd_convolution_div_mul_23,2,DeviceType.CUDA,0,0,114.20999999996275,self_device_time_total,114.20999999996275,device_time_total,0,self_device_memory_usage,0,device_memory_usage
Command Buffer Full,1295,DeviceType.CPU,1176356.3050000102,1176356.3050000102,3246410.5340000037,self_device_time_total,3246410.5340000037,device_time_total,0,self_device_memory_usage,0,device_memory_usage
triton_red_fused_linalg_vector_norm_24,36,DeviceType.CUDA,0,0,88.35099999792874,self_device_time_total,88.35099999792874,device_time_total,0,self_device_memory_usage,0,device_memory_usage
triton_poi_fused_add_constant_pad_nd_div_mul_silu_25,4,DeviceType.CUDA,0,0,83.96899999980815,self_device_time_total,83.96899999980815,device_time_total,0,self_device_memory_usage,0,device_memory_usage
triton_red_fused_convolution_linalg_vector_norm_26,72,DeviceType.CUDA,0,0,458.5630000019446,self_device_time_total,458.5630000019446,device_time_total,0,self_device_memory_usage,0,device_memory_usage
triton_red_fused_add_convolution_linalg_vector_norm_27,36,DeviceType.CUDA,0,0,346.14899999834597,self_device_time_total,346.14899999834597,device_time_total,0,self_device_memory_usage,0,device_memory_usage
triton_poi_fused_add_convolution_div_mul_silu_28,36,DeviceType.CUDA,0,0,319.2700000007171,self_device_time_total,319.2700000007171,device_time_total,0,self_device_memory_usage,0,device_memory_usage
triton_poi_fused_constant_pad_nd_silu_29,4,DeviceType.CUDA,0,0,62.847999999532476,self_device_time_total,62.847999999532476,device_time_total,0,self_device_memory_usage,0,device_memory_usage
triton_poi_fused_add_convolution_30,20,DeviceType.CUDA,0,0,235.9069999991916,self_device_time_total,235.9069999991916,device_time_total,0,self_device_memory_usage,0,device_memory_usage
triton_poi_fused__to_copy__unsafe_index_31,2,DeviceType.CUDA,0,0,483.20600000047125,self_device_time_total,483.20600000047125,device_time_total,0,self_device_memory_usage,0,device_memory_usage
triton_poi_fused__to_copy__unsafe_index_convolution_32,36,DeviceType.CUDA,0,0,265.7639999995008,self_device_time_total,265.7639999995008,device_time_total,0,self_device_memory_usage,0,device_memory_usage
void cutlass__5x_cudnn::Kernel<cutlass_tensorop_bf16_s16816fprop_optimized_bf16_64x64_64x5_nhwc_align8>(cutlass_tensorop_bf16_s16816fprop_optimized_bf16_64x64_64x5_nhwc_align8::Params),20,DeviceType.CUDA,0,0,10782.453999999678,self_device_time_total,10782.453999999678,device_time_total,0,self_device_memory_usage,0,device_memory_usage
triton_per_fused_linalg_vector_norm_33,2,DeviceType.CUDA,0,0,15.520999999949709,self_device_time_total,15.520999999949709,device_time_total,0,self_device_memory_usage,0,device_memory_usage
triton_poi_fused_add_constant_pad_nd_div_mul_silu_34,2,DeviceType.CUDA,0,0,111.19999999995343,self_device_time_total,111.19999999995343,device_time_total,0,self_device_memory_usage,0,device_memory_usage
triton_red_fused_convolution_linalg_vector_norm_35,6,DeviceType.CUDA,0,0,61.09000000031665,self_device_time_total,61.09000000031665,device_time_total,0,self_device_memory_usage,0,device_memory_usage
triton_poi_fused_add_constant_pad_nd_convolution_div_mul_silu_36,6,DeviceType.CUDA,0,0,494.3410000007134,self_device_time_total,494.3410000007134,device_time_total,0,self_device_memory_usage,0,device_memory_usage
triton_poi_fused_constant_pad_nd_37,2,DeviceType.CUDA,0,0,32.960999999661,self_device_time_total,32.960999999661,device_time_total,0,self_device_memory_usage,0,device_memory_usage
ampere_bf16_s1688gemm_bf16_128x128_ldg8_f2f_stages_32x1_nn,30,DeviceType.CUDA,0,0,2075.477999998955,self_device_time_total,2075.477999998955,device_time_total,0,self_device_memory_usage,0,device_memory_usage
triton_red_fused_add_constant_pad_nd_convolution_linalg_vector_norm_38,2,DeviceType.CUDA,0,0,38.71999999997206,self_device_time_total,38.71999999997206,device_time_total,0,self_device_memory_usage,0,device_memory_usage
triton_poi_fused_add_constant_pad_nd_convolution_div_mul_silu_39,2,DeviceType.CUDA,0,0,71.71299999998882,self_device_time_total,71.71299999998882,device_time_total,0,self_device_memory_usage,0,device_memory_usage
triton_poi_fused_constant_pad_nd_silu_40,2,DeviceType.CUDA,0,0,106.01600000006147,self_device_time_total,106.01600000006147,device_time_total,0,self_device_memory_usage,0,device_memory_usage
triton_poi_fused_add_constant_pad_nd_convolution_41,2,DeviceType.CUDA,0,0,97.02499999967404,self_device_time_total,97.02499999967404,device_time_total,0,self_device_memory_usage,0,device_memory_usage
triton_red_fused_linalg_vector_norm_42,2,DeviceType.CUDA,0,0,11.327999999979511,self_device_time_total,11.327999999979511,device_time_total,0,self_device_memory_usage,0,device_memory_usage
triton_poi_fused_add_constant_pad_nd_div_mul_silu_43,2,DeviceType.CUDA,0,0,166.94599999999627,self_device_time_total,166.94599999999627,device_time_total,0,self_device_memory_usage,0,device_memory_usage
triton_poi_fused__to_copy__unsafe_index_44,2,DeviceType.CUDA,0,0,1552.1139999998268,self_device_time_total,1552.1139999998268,device_time_total,0,self_device_memory_usage,0,device_memory_usage
triton_per_fused_linalg_vector_norm_45,2,DeviceType.CUDA,0,0,54.04800000041723,self_device_time_total,54.04800000041723,device_time_total,0,self_device_memory_usage,0,device_memory_usage
triton_poi_fused_add_constant_pad_nd_div_mul_silu_46,2,DeviceType.CUDA,0,0,445.09399999980815,self_device_time_total,445.09399999980815,device_time_total,0,self_device_memory_usage,0,device_memory_usage
triton_red_fused_convolution_linalg_vector_norm_47,6,DeviceType.CUDA,0,0,71.3609999998007,self_device_time_total,71.3609999998007,device_time_total,0,self_device_memory_usage,0,device_memory_usage
triton_poi_fused_add_constant_pad_nd_convolution_div_mul_silu_48,6,DeviceType.CUDA,0,0,947.4349999995902,self_device_time_total,947.4349999995902,device_time_total,0,self_device_memory_usage,0,device_memory_usage
triton_red_fused_add_convolution_linalg_vector_norm_49,2,DeviceType.CUDA,0,0,92.86399999959394,self_device_time_total,92.86399999959394,device_time_total,0,self_device_memory_usage,0,device_memory_usage
triton_poi_fused_add_convolution_div_mul_silu_50,2,DeviceType.CUDA,0,0,265.31600000034086,self_device_time_total,265.31600000034086,device_time_total,0,self_device_memory_usage,0,device_memory_usage
triton_poi_fused_constant_pad_nd_silu_51,2,DeviceType.CUDA,0,0,375.4600000004284,self_device_time_total,375.4600000004284,device_time_total,0,self_device_memory_usage,0,device_memory_usage
triton_poi_fused_cat_constant_pad_nd_144,8,DeviceType.CPU,42.94000000040978,14171.18799999985,251.2980000008829,self_device_time_total,502.5960000017658,device_time_total,0,self_device_memory_usage,0,device_memory_usage
triton_poi_fused_add_convolution_52,2,DeviceType.CUDA,0,0,223.4899999999907,self_device_time_total,223.4899999999907,device_time_total,0,self_device_memory_usage,0,device_memory_usage
triton_red_fused_linalg_vector_norm_53,2,DeviceType.CUDA,0,0,17.760999999940395,self_device_time_total,17.760999999940395,device_time_total,0,self_device_memory_usage,0,device_memory_usage
triton_poi_fused_add_constant_pad_nd_div_mul_silu_54,2,DeviceType.CUDA,0,0,301.0580000001937,self_device_time_total,301.0580000001937,device_time_total,0,self_device_memory_usage,0,device_memory_usage
triton_poi_fused__to_copy__unsafe_index_55,2,DeviceType.CUDA,0,0,1896.0530000000726,self_device_time_total,1896.0530000000726,device_time_total,0,self_device_memory_usage,0,device_memory_usage
triton_poi_fused__to_copy__unsafe_index_convolution_56,18,DeviceType.CUDA,0,0,60.38400000077672,self_device_time_total,60.38400000077672,device_time_total,0,self_device_memory_usage,0,device_memory_usage
triton_per_fused_linalg_vector_norm_57,2,DeviceType.CUDA,0,0,153.02600000007078,self_device_time_total,153.02600000007078,device_time_total,0,self_device_memory_usage,0,device_memory_usage
triton_poi_fused_add_constant_pad_nd_div_mul_silu_58,2,DeviceType.CUDA,0,0,1069.8360000001267,self_device_time_total,1069.8360000001267,device_time_total,0,self_device_memory_usage,0,device_memory_usage
triton_red_fused_convolution_linalg_vector_norm_59,6,DeviceType.CUDA,0,0,268.2280000001192,self_device_time_total,268.2280000001192,device_time_total,0,self_device_memory_usage,0,device_memory_usage
triton_poi_fused_add_constant_pad_nd_convolution_div_mul_silu_60,6,DeviceType.CUDA,0,0,2010.5189999996219,self_device_time_total,2010.5189999996219,device_time_total,0,self_device_memory_usage,0,device_memory_usage
triton_red_fused_add_convolution_linalg_vector_norm_61,2,DeviceType.CUDA,0,0,254.08399999979883,self_device_time_total,254.08399999979883,device_time_total,0,self_device_memory_usage,0,device_memory_usage
triton_poi_fused_add_convolution_div_mul_silu_62,2,DeviceType.CUDA,0,0,611.0460000003222,self_device_time_total,611.0460000003222,device_time_total,0,self_device_memory_usage,0,device_memory_usage
triton_poi_fused_constant_pad_nd_silu_63,4,DeviceType.CUDA,0,0,1599.8909999998286,self_device_time_total,1599.8909999998286,device_time_total,0,self_device_memory_usage,0,device_memory_usage
triton_poi_fused_add_convolution_64,2,DeviceType.CUDA,0,0,675.7199999995064,self_device_time_total,675.7199999995064,device_time_total,0,self_device_memory_usage,0,device_memory_usage
triton_red_fused_linalg_vector_norm_65,2,DeviceType.CUDA,0,0,104.1610000000801,self_device_time_total,104.1610000000801,device_time_total,0,self_device_memory_usage,0,device_memory_usage
triton_poi_fused_add_constant_pad_nd_div_mul_silu_66,2,DeviceType.CUDA,0,0,645.5419999998994,self_device_time_total,645.5419999998994,device_time_total,0,self_device_memory_usage,0,device_memory_usage
triton_red_fused_add_convolution_linalg_vector_norm_67,2,DeviceType.CUDA,0,0,259.26600000006147,self_device_time_total,259.26600000006147,device_time_total,0,self_device_memory_usage,0,device_memory_usage
triton_poi_fused_add_convolution_div_mul_silu_68,2,DeviceType.CUDA,0,0,565.7339999997057,self_device_time_total,565.7339999997057,device_time_total,0,self_device_memory_usage,0,device_memory_usage
"void tensorTransformGeneric<__nv_bfloat16, __nv_bfloat16, float, true, false, false, (cudnnKernelDataType_t)0>(cudnnTensorTransformStruct, tensorTransformParams, int, unsigned long, __nv_bfloat16 const*, __nv_bfloat16*, float, float)",18,DeviceType.CUDA,0,0,374.05599999893457,self_device_time_total,374.05599999893457,device_time_total,0,self_device_memory_usage,0,device_memory_usage
sm80_xmma_fprop_implicit_gemm_bf16bf16_bf16f32_f32_nhwckrsc_nhwc_tilesize256x32x32_stage4_warpsize4x1x1_g1_tensor16x8x16_execute_kernel__5x_cudnn,122,DeviceType.CUDA,0,0,615490.5210000013,self_device_time_total,615490.5210000013,device_time_total,0,self_device_memory_usage,0,device_memory_usage
triton_poi_fused_add_constant_pad_nd_convolution_69,16,DeviceType.CUDA,0,0,237.34499999904074,self_device_time_total,237.34499999904074,device_time_total,0,self_device_memory_usage,0,device_memory_usage
triton_poi_fused_cat_70,8,DeviceType.CUDA,0,0,105.18400000035763,self_device_time_total,105.18400000035763,device_time_total,0,self_device_memory_usage,0,device_memory_usage
triton_poi_fused_cat_71,16,DeviceType.CUDA,0,0,231.6839999987278,self_device_time_total,231.6839999987278,device_time_total,0,self_device_memory_usage,0,device_memory_usage
triton_poi_fused_cat_constant_pad_nd_72,4,DeviceType.CUDA,0,0,93.11999999987893,self_device_time_total,93.11999999987893,device_time_total,0,self_device_memory_usage,0,device_memory_usage
triton_poi_fused_constant_pad_nd_73,2,DeviceType.CUDA,0,0,14.752000000094995,self_device_time_total,14.752000000094995,device_time_total,0,self_device_memory_usage,0,device_memory_usage
sm86_xmma_fprop_implicit_gemm_bf16bf16_bf16f32_f32_nhwckrsc_nhwc_tilesize256x128x64_stage2_warpsize4x2x1_g1_tensor16x8x16_execute_kernel__5x_cudnn,56,DeviceType.CUDA,0,0,86564.53099999973,self_device_time_total,86564.53099999973,device_time_total,0,self_device_memory_usage,0,device_memory_usage
triton_poi_fused__to_copy__unsafe_index_clone_74,16,DeviceType.CUDA,0,0,519.9439999996684,self_device_time_total,519.9439999996684,device_time_total,0,self_device_memory_usage,0,device_memory_usage
triton_per_fused_linalg_vector_norm_75,16,DeviceType.CUDA,0,0,222.6260000001639,self_device_time_total,222.6260000001639,device_time_total,0,self_device_memory_usage,0,device_memory_usage
triton_poi_fused_cat_76,2,DeviceType.CUDA,0,0,112.8980000000447,self_device_time_total,112.8980000000447,device_time_total,0,self_device_memory_usage,0,device_memory_usage
triton_poi_fused_constant_pad_nd_77,2,DeviceType.CUDA,0,0,64.19199999980628,self_device_time_total,64.19199999980628,device_time_total,0,self_device_memory_usage,0,device_memory_usage
triton_red_fused_constant_pad_nd_convolution_linalg_vector_norm_78,48,DeviceType.CUDA,0,0,761.7689999982249,self_device_time_total,761.7689999982249,device_time_total,0,self_device_memory_usage,0,device_memory_usage
triton_poi_fused_cat_79,6,DeviceType.CUDA,0,0,526.9180000000633,self_device_time_total,526.9180000000633,device_time_total,0,self_device_memory_usage,0,device_memory_usage
triton_poi_fused_constant_pad_nd_80,8,DeviceType.CUDA,0,0,859.4320000000298,self_device_time_total,859.4320000000298,device_time_total,0,self_device_memory_usage,0,device_memory_usage
triton_poi_fused_constant_pad_nd_81,16,DeviceType.CUDA,0,0,579.2100000011269,self_device_time_total,579.2100000011269,device_time_total,0,self_device_memory_usage,0,device_memory_usage
triton_red_fused_add_constant_pad_nd_convolution_linalg_vector_norm_82,16,DeviceType.CUDA,0,0,868.7779999983031,self_device_time_total,868.7779999983031,device_time_total,0,self_device_memory_usage,0,device_memory_usage
triton_poi_fused_add_constant_pad_nd_convolution_div_mul_silu_83,16,DeviceType.CUDA,0,0,1944.6940000005998,self_device_time_total,1944.6940000005998,device_time_total,0,self_device_memory_usage,0,device_memory_usage
triton_poi_fused_cat_constant_pad_nd_84,2,DeviceType.CUDA,0,0,381.4760000000242,self_device_time_total,381.4760000000242,device_time_total,0,self_device_memory_usage,0,device_memory_usage
triton_poi_fused_add_constant_pad_nd_convolution_85,16,DeviceType.CUDA,0,0,1827.0600000000559,self_device_time_total,1827.0600000000559,device_time_total,0,self_device_memory_usage,0,device_memory_usage
triton_red_fused_linalg_vector_norm_86,16,DeviceType.CUDA,0,0,150.497999999905,self_device_time_total,150.497999999905,device_time_total,0,self_device_memory_usage,0,device_memory_usage
triton_poi_fused_cat_87,2,DeviceType.CUDA,0,0,194.11500000022352,self_device_time_total,194.11500000022352,device_time_total,0,self_device_memory_usage,0,device_memory_usage
triton_poi_fused_add_constant_pad_nd_convolution_88,2,DeviceType.CUDA,0,0,252.22799999988638,self_device_time_total,252.22799999988638,device_time_total,0,self_device_memory_usage,0,device_memory_usage
triton_poi_fused__to_copy__unsafe_index_clone_89,16,DeviceType.CUDA,0,0,6892.496000000276,self_device_time_total,6892.496000000276,device_time_total,0,self_device_memory_usage,0,device_memory_usage
triton_per_fused_linalg_vector_norm_90,16,DeviceType.CUDA,0,0,3029.6350000011735,self_device_time_total,3029.6350000011735,device_time_total,0,self_device_memory_usage,0,device_memory_usage
triton_poi_fused_cat_91,2,DeviceType.CUDA,0,0,2749.534999999916,self_device_time_total,2749.534999999916,device_time_total,0,self_device_memory_usage,0,device_memory_usage
triton_poi_fused_constant_pad_nd_92,10,DeviceType.CUDA,0,0,4412.977000000421,self_device_time_total,4412.977000000421,device_time_total,0,self_device_memory_usage,0,device_memory_usage
triton_red_fused_constant_pad_nd_convolution_linalg_vector_norm_93,48,DeviceType.CUDA,0,0,5898.756000002613,self_device_time_total,5898.756000002613,device_time_total,0,self_device_memory_usage,0,device_memory_usage
triton_poi_fused_cat_94,6,DeviceType.CUDA,0,0,2215.7059999997728,self_device_time_total,2215.7059999997728,device_time_total,0,self_device_memory_usage,0,device_memory_usage
triton_red_fused_add_constant_pad_nd_convolution_linalg_vector_norm_95,16,DeviceType.CUDA,0,0,4479.156000000425,self_device_time_total,4479.156000000425,device_time_total,0,self_device_memory_usage,0,device_memory_usage
triton_poi_fused_add_constant_pad_nd_convolution_div_mul_silu_96,16,DeviceType.CUDA,0,0,10772.409000000916,self_device_time_total,10772.409000000916,device_time_total,0,self_device_memory_usage,0,device_memory_usage
triton_poi_fused_cat_constant_pad_nd_97,2,DeviceType.CUDA,0,0,1310.6059999999125,self_device_time_total,1310.6059999999125,device_time_total,0,self_device_memory_usage,0,device_memory_usage
triton_poi_fused_add_constant_pad_nd_convolution_98,16,DeviceType.CUDA,0,0,10281.84900000086,self_device_time_total,10281.84900000086,device_time_total,0,self_device_memory_usage,0,device_memory_usage
triton_red_fused_linalg_vector_norm_99,16,DeviceType.CUDA,0,0,2008.8529999987222,self_device_time_total,2008.8529999987222,device_time_total,0,self_device_memory_usage,0,device_memory_usage
triton_poi_fused_cat_100,2,DeviceType.CUDA,0,0,729.7039999996778,self_device_time_total,729.7039999996778,device_time_total,0,self_device_memory_usage,0,device_memory_usage
triton_poi_fused_cat_145,4,DeviceType.CPU,28.53999999910593,1254.3169999995735,114.30499999946915,self_device_time_total,171.29799999925308,device_time_total,0,self_device_memory_usage,0,device_memory_usage
triton_poi_fused__to_copy__unsafe_index_clone_101,16,DeviceType.CUDA,0,0,158022.67700000037,self_device_time_total,158022.67700000037,device_time_total,0,self_device_memory_usage,0,device_memory_usage
triton_per_fused_linalg_vector_norm_102,16,DeviceType.CUDA,0,0,5475.614000000292,self_device_time_total,5475.614000000292,device_time_total,0,self_device_memory_usage,0,device_memory_usage
triton_poi_fused_cat_103,2,DeviceType.CUDA,0,0,27873.91400000034,self_device_time_total,27873.91400000034,device_time_total,0,self_device_memory_usage,0,device_memory_usage
triton_poi_fused_constant_pad_nd_104,10,DeviceType.CUDA,0,0,8831.332000000402,self_device_time_total,8831.332000000402,device_time_total,0,self_device_memory_usage,0,device_memory_usage
triton_red_fused_constant_pad_nd_convolution_linalg_vector_norm_105,48,DeviceType.CUDA,0,0,14088.063000002876,self_device_time_total,14088.063000002876,device_time_total,0,self_device_memory_usage,0,device_memory_usage
triton_poi_fused_cat_106,6,DeviceType.CUDA,0,0,4636.179999999469,self_device_time_total,4636.179999999469,device_time_total,0,self_device_memory_usage,0,device_memory_usage
triton_red_fused_add_constant_pad_nd_convolution_linalg_vector_norm_107,16,DeviceType.CUDA,0,0,9550.06200000015,self_device_time_total,9550.06200000015,device_time_total,0,self_device_memory_usage,0,device_memory_usage
triton_poi_fused_add_constant_pad_nd_convolution_div_mul_silu_108,16,DeviceType.CUDA,0,0,21285.008999999845,self_device_time_total,21285.008999999845,device_time_total,0,self_device_memory_usage,0,device_memory_usage
triton_poi_fused_cat_constant_pad_nd_109,4,DeviceType.CUDA,0,0,5299.86800000025,self_device_time_total,5299.86800000025,device_time_total,0,self_device_memory_usage,0,device_memory_usage
triton_poi_fused_add_constant_pad_nd_convolution_110,16,DeviceType.CUDA,0,0,20178.914999999804,self_device_time_total,20178.914999999804,device_time_total,0,self_device_memory_usage,0,device_memory_usage
triton_red_fused_linalg_vector_norm_111,16,DeviceType.CUDA,0,0,4659.957999998704,self_device_time_total,4659.957999998704,device_time_total,0,self_device_memory_usage,0,device_memory_usage
triton_poi_fused_cat_112,2,DeviceType.CUDA,0,0,1531.9210000000894,self_device_time_total,1531.9210000000894,device_time_total,0,self_device_memory_usage,0,device_memory_usage
triton_red_fused_add_constant_pad_nd_convolution_linalg_vector_norm_113,16,DeviceType.CUDA,0,0,9626.730000000913,self_device_time_total,9626.730000000913,device_time_total,0,self_device_memory_usage,0,device_memory_usage
triton_poi_fused_add_constant_pad_nd_convolution_div_mul_silu_114,16,DeviceType.CUDA,0,0,19896.7359999998,self_device_time_total,19896.7359999998,device_time_total,0,self_device_memory_usage,0,device_memory_usage
triton_poi_fused_cat_constant_pad_nd_115,16,DeviceType.CUDA,0,0,403.29800000065006,self_device_time_total,403.29800000065006,device_time_total,0,self_device_memory_usage,0,device_memory_usage
triton_poi_fused_cat_116,56,DeviceType.CUDA,0,0,847.465000002645,self_device_time_total,847.465000002645,device_time_total,0,self_device_memory_usage,0,device_memory_usage
triton_poi_fused_cat_117,4,DeviceType.CUDA,0,0,116.9300000006333,self_device_time_total,116.9300000006333,device_time_total,0,self_device_memory_usage,0,device_memory_usage
triton_poi_fused_add_constant_pad_nd_convolution_118,12,DeviceType.CUDA,0,0,176.83199999970384,self_device_time_total,176.83199999970384,device_time_total,0,self_device_memory_usage,0,device_memory_usage
triton_poi_fused_cat_119,2,DeviceType.CUDA,0,0,21.023999999742955,self_device_time_total,21.023999999742955,device_time_total,0,self_device_memory_usage,0,device_memory_usage
triton_poi_fused_cat_120,14,DeviceType.CUDA,0,0,1076.4899999997579,self_device_time_total,1076.4899999997579,device_time_total,0,self_device_memory_usage,0,device_memory_usage
triton_poi_fused_constant_pad_nd_121,14,DeviceType.CUDA,0,0,403.04500000039116,self_device_time_total,403.04500000039116,device_time_total,0,self_device_memory_usage,0,device_memory_usage
triton_poi_fused_cat_122,42,DeviceType.CUDA,0,0,5317.955000000773,self_device_time_total,5317.955000000773,device_time_total,0,self_device_memory_usage,0,device_memory_usage
triton_poi_fused_constant_pad_nd_123,56,DeviceType.CUDA,0,0,8028.434999998892,self_device_time_total,8028.434999998892,device_time_total,0,self_device_memory_usage,0,device_memory_usage
triton_poi_fused_cat_constant_pad_nd_124,14,DeviceType.CUDA,0,0,3450.631000000285,self_device_time_total,3450.631000000285,device_time_total,0,self_device_memory_usage,0,device_memory_usage
triton_poi_fused_cat_125,14,DeviceType.CUDA,0,0,1623.603000001749,self_device_time_total,1623.603000001749,device_time_total,0,self_device_memory_usage,0,device_memory_usage
triton_poi_fused_cat_126,14,DeviceType.CUDA,0,0,3124.513999999035,self_device_time_total,3124.513999999035,device_time_total,0,self_device_memory_usage,0,device_memory_usage
triton_poi_fused_cat_127,14,DeviceType.CUDA,0,0,24808.6949999996,self_device_time_total,24808.6949999996,device_time_total,0,self_device_memory_usage,0,device_memory_usage
triton_poi_fused_constant_pad_nd_128,70,DeviceType.CUDA,0,0,33430.04699999909,self_device_time_total,33430.04699999909,device_time_total,0,self_device_memory_usage,0,device_memory_usage
triton_poi_fused_cat_146,2,DeviceType.CPU,19.3499999998603,527.4090000002179,145.28100000042468,self_device_time_total,290.56200000084937,device_time_total,0,self_device_memory_usage,0,device_memory_usage
triton_poi_fused_cat_129,42,DeviceType.CUDA,0,0,18991.891999999993,self_device_time_total,18991.891999999993,device_time_total,0,self_device_memory_usage,0,device_memory_usage
triton_poi_fused_cat_147,4,DeviceType.CPU,20.59999999939464,893.5379999999423,122.84900000039488,self_device_time_total,187.10600000061095,device_time_total,0,self_device_memory_usage,0,device_memory_usage
triton_poi_fused_cat_constant_pad_nd_130,14,DeviceType.CUDA,0,0,10470.392000000924,self_device_time_total,10470.392000000924,device_time_total,0,self_device_memory_usage,0,device_memory_usage
triton_poi_fused_cat_131,14,DeviceType.CUDA,0,0,6256.839000000153,self_device_time_total,6256.839000000153,device_time_total,0,self_device_memory_usage,0,device_memory_usage
triton_poi_fused_cat_132,14,DeviceType.CUDA,0,0,255283.36099999864,self_device_time_total,255283.36099999864,device_time_total,0,self_device_memory_usage,0,device_memory_usage
triton_poi_fused_constant_pad_nd_133,70,DeviceType.CUDA,0,0,67786.07400000235,self_device_time_total,67786.07400000235,device_time_total,0,self_device_memory_usage,0,device_memory_usage
triton_poi_fused_cat_134,42,DeviceType.CUDA,0,0,39293.63000000175,self_device_time_total,39293.63000000175,device_time_total,0,self_device_memory_usage,0,device_memory_usage
triton_poi_fused_cat_constant_pad_nd_135,28,DeviceType.CUDA,0,0,39979.3649999972,self_device_time_total,39979.3649999972,device_time_total,0,self_device_memory_usage,0,device_memory_usage
triton_poi_fused_cat_136,14,DeviceType.CUDA,0,0,13036.43300000066,self_device_time_total,13036.43300000066,device_time_total,0,self_device_memory_usage,0,device_memory_usage
triton_poi_fused_cat_137,12,DeviceType.CUDA,0,0,242.78699999977835,self_device_time_total,242.78699999977835,device_time_total,0,self_device_memory_usage,0,device_memory_usage
triton_poi_fused_cat_138,4,DeviceType.CUDA,0,0,114.43300000019372,self_device_time_total,114.43300000019372,device_time_total,0,self_device_memory_usage,0,device_memory_usage
triton_poi_fused_cat_139,10,DeviceType.CUDA,0,0,156.48299999977462,self_device_time_total,156.48299999977462,device_time_total,0,self_device_memory_usage,0,device_memory_usage
triton_poi_fused_cat_148,2,DeviceType.CPU,24.33000000147149,34.290000000735745,56.92900000046939,self_device_time_total,56.92900000046939,device_time_total,0,self_device_memory_usage,0,device_memory_usage
triton_poi_fused_cat_140,2,DeviceType.CUDA,0,0,65.37699999916367,self_device_time_total,65.37699999916367,device_time_total,0,self_device_memory_usage,0,device_memory_usage
triton_poi_fused_cat_141,4,DeviceType.CUDA,0,0,106.04799999925308,self_device_time_total,106.04799999925308,device_time_total,0,self_device_memory_usage,0,device_memory_usage
triton_poi_fused_cat_142,12,DeviceType.CUDA,0,0,175.93899999908172,self_device_time_total,175.93899999908172,device_time_total,0,self_device_memory_usage,0,device_memory_usage
triton_poi_fused_cat_constant_pad_nd_143,8,DeviceType.CUDA,0,0,194.59500000067055,self_device_time_total,194.59500000067055,device_time_total,0,self_device_memory_usage,0,device_memory_usage
triton_poi_fused_cat_clamp_149,2,DeviceType.CPU,19.929999999934807,1523.9159999997355,225.98599999956787,self_device_time_total,451.97199999913573,device_time_total,0,self_device_memory_usage,0,device_memory_usage
triton_poi_fused_cat_constant_pad_nd_144,8,DeviceType.CUDA,0,0,251.2980000008829,self_device_time_total,251.2980000008829,device_time_total,0,self_device_memory_usage,0,device_memory_usage
triton_poi_fused_cat_145,4,DeviceType.CUDA,0,0,114.30499999946915,self_device_time_total,114.30499999946915,device_time_total,0,self_device_memory_usage,0,device_memory_usage
triton_poi_fused_cat_146,2,DeviceType.CUDA,0,0,145.28100000042468,self_device_time_total,145.28100000042468,device_time_total,0,self_device_memory_usage,0,device_memory_usage
triton_poi_fused_cat_147,4,DeviceType.CUDA,0,0,122.84900000039488,self_device_time_total,122.84900000039488,device_time_total,0,self_device_memory_usage,0,device_memory_usage
triton_poi_fused_cat_148,2,DeviceType.CUDA,0,0,56.92900000046939,self_device_time_total,56.92900000046939,device_time_total,0,self_device_memory_usage,0,device_memory_usage
triton_poi_fused_cat_clamp_149,2,DeviceType.CUDA,0,0,225.98599999956787,self_device_time_total,225.98599999956787,device_time_total,0,self_device_memory_usage,0,device_memory_usage
"void at::native::vectorized_elementwise_kernel<4, at::native::CUDAFunctorOnSelf_add<c10::BFloat16>, std::array<char*, 2ul> >(int, at::native::CUDAFunctorOnSelf_add<c10::BFloat16>, std::array<char*, 2ul>)",112,DeviceType.CUDA,0,0,9987.15500000352,self_device_time_total,9987.15500000352,device_time_total,0,self_device_memory_usage,0,device_memory_usage
aten::gt,16,DeviceType.CPU,123.27000000141561,172.04000000143424,779.2099999999627,self_device_time_total,779.2099999999627,device_time_total,149889024,self_device_memory_usage,149889024,device_memory_usage
"void at::native::vectorized_elementwise_kernel<4, at::native::BUnaryFunctor<c10::BFloat16, c10::BFloat16, c10::BFloat16, at::native::binary_internal::MulFunctor<float> >, std::array<char*, 2ul> >(int, at::native::BUnaryFunctor<c10::BFloat16, c10::BFloat16, c10::BFloat16, at::native::binary_internal::MulFunctor<float> >, std::array<char*, 2ul>)",24,DeviceType.CUDA,0,0,1248.363999998197,self_device_time_total,1248.363999998197,device_time_total,0,self_device_memory_usage,0,device_memory_usage
aten::where,18,DeviceType.CPU,122.14899999881163,255.1179999979213,2021.047999998089,self_device_time_total,2021.047999998089,device_time_total,0,self_device_memory_usage,299303936,device_memory_usage
aten::as_strided_,4,DeviceType.CPU,17.09000000031665,17.09000000031665,0,self_device_time_total,0,device_time_total,0,self_device_memory_usage,0,device_memory_usage
"void at::native::vectorized_elementwise_kernel<4, at::native::compare_scalar_kernel<c10::BFloat16>(at::TensorIteratorBase&, at::native::(anonymous namespace)::OpType, c10::BFloat16)::{lambda(c10::BFloat16)#1}, std::array<char*, 2ul> >(int, at::native::compare_scalar_kernel<c10::BFloat16>(at::TensorIteratorBase&, at::native::(anonymous namespace)::OpType, c10::BFloat16)::{lambda(c10::BFloat16)#1}, std::array<char*, 2ul>)",16,DeviceType.CUDA,0,0,555.9120000009425,self_device_time_total,555.9120000009425,device_time_total,0,self_device_memory_usage,0,device_memory_usage
"void at::native::vectorized_elementwise_kernel<4, at::native::(anonymous namespace)::pow_tensor_scalar_kernel_impl<c10::BFloat16, c10::BFloat16>(at::TensorIteratorBase&, c10::BFloat16)::{lambda(c10::BFloat16)#4}, std::array<char*, 2ul> >(int, at::native::(anonymous namespace)::pow_tensor_scalar_kernel_impl<c10::BFloat16, c10::BFloat16>(at::TensorIteratorBase&, c10::BFloat16)::{lambda(c10::BFloat16)#4}, std::array<char*, 2ul>)",10,DeviceType.CUDA,0,0,878.7619999987073,self_device_time_total,878.7619999987073,device_time_total,0,self_device_memory_usage,0,device_memory_usage
"void at::native::vectorized_elementwise_kernel<4, at::native::(anonymous namespace)::where_kernel_impl(at::TensorIterator&)::{lambda()#1}::operator()() const::{lambda()#3}::operator()() const::{lambda(bool, c10::BFloat16, c10::BFloat16)#1}, std::array<char*, 4ul> >(int, at::native::(anonymous namespace)::where_kernel_impl(at::TensorIterator&)::{lambda()#1}::operator()() const::{lambda()#3}::operator()() const::{lambda(bool, c10::BFloat16, c10::BFloat16)#1}, std::array<char*, 4ul>)",18,DeviceType.CUDA,0,0,2021.047999998089,self_device_time_total,2021.047999998089,device_time_total,0,self_device_memory_usage,0,device_memory_usage
aten::detach_,12,DeviceType.CPU,10.500000002793968,16.660000001080334,0,self_device_time_total,0,device_time_total,0,self_device_memory_usage,0,device_memory_usage
detach_,12,DeviceType.CPU,6.1599999982863665,6.1599999982863665,0,self_device_time_total,0,device_time_total,0,self_device_memory_usage,0,device_memory_usage
aten::numpy_T,6,DeviceType.CPU,9.649999999906868,24.62000000057742,0,self_device_time_total,0,device_time_total,0,self_device_memory_usage,0,device_memory_usage
aten::matmul,6,DeviceType.CPU,10.220000000670552,339.4090000009164,0.0,self_device_time_total,4090.542999997735,device_time_total,0,self_device_memory_usage,148602880,device_memory_usage
void cutlass::Kernel2<cutlass_75_tensorop_bf16_s1688gemm_bf16_64x128_tt_align1>(cutlass_75_tensorop_bf16_s1688gemm_bf16_64x128_tt_align1::Params),12,DeviceType.CUDA,0,0,1978.260999997612,self_device_time_total,1978.260999997612,device_time_total,0,self_device_memory_usage,0,device_memory_usage
"void at::native::elementwise_kernel<128, 4, at::native::gpu_kernel_impl_nocast<at::native::BinaryFunctor<c10::BFloat16, c10::BFloat16, c10::BFloat16, at::native::binary_internal::DivFunctor<c10::BFloat16> > >(at::TensorIteratorBase&, at::native::BinaryFunctor<c10::BFloat16, c10::BFloat16, c10::BFloat16, at::native::binary_internal::DivFunctor<c10::BFloat16> > const&)::{lambda(int)#1}>(int, at::native::gpu_kernel_impl_nocast<at::native::BinaryFunctor<c10::BFloat16, c10::BFloat16, c10::BFloat16, at::native::binary_internal::DivFunctor<c10::BFloat16> > >(at::TensorIteratorBase&, at::native::BinaryFunctor<c10::BFloat16, c10::BFloat16, c10::BFloat16, at::native::binary_internal::DivFunctor<c10::BFloat16> > const&)::{lambda(int)#1})",94,DeviceType.CUDA,0,0,9022.665000003763,self_device_time_total,9022.665000003763,device_time_total,0,self_device_memory_usage,0,device_memory_usage
"void at::native::vectorized_elementwise_kernel<4, at::native::AUnaryFunctor<c10::BFloat16, c10::BFloat16, c10::BFloat16, at::native::binary_internal::MulFunctor<float> >, std::array<char*, 2ul> >(int, at::native::AUnaryFunctor<c10::BFloat16, c10::BFloat16, c10::BFloat16, at::native::binary_internal::MulFunctor<float> >, std::array<char*, 2ul>)",114,DeviceType.CUDA,0,0,10453.679999995511,self_device_time_total,10453.679999995511,device_time_total,0,self_device_memory_usage,0,device_memory_usage
"void at::native::elementwise_kernel<128, 4, at::native::gpu_kernel_impl_nocast<at::native::AUnaryFunctor<c10::BFloat16, c10::BFloat16, c10::BFloat16, at::native::binary_internal::MulFunctor<float> > >(at::TensorIteratorBase&, at::native::AUnaryFunctor<c10::BFloat16, c10::BFloat16, c10::BFloat16, at::native::binary_internal::MulFunctor<float> > const&)::{lambda(int)#1}>(int, at::native::gpu_kernel_impl_nocast<at::native::AUnaryFunctor<c10::BFloat16, c10::BFloat16, c10::BFloat16, at::native::binary_internal::MulFunctor<float> > >(at::TensorIteratorBase&, at::native::AUnaryFunctor<c10::BFloat16, c10::BFloat16, c10::BFloat16, at::native::binary_internal::MulFunctor<float> > const&)::{lambda(int)#1})",4,DeviceType.CUDA,0,0,205.31300000054762,self_device_time_total,205.31300000054762,device_time_total,0,self_device_memory_usage,0,device_memory_usage
"void at::native::elementwise_kernel<128, 4, at::native::gpu_kernel_impl_nocast<at::native::CUDAFunctor_add<c10::BFloat16> >(at::TensorIteratorBase&, at::native::CUDAFunctor_add<c10::BFloat16> const&)::{lambda(int)#1}>(int, at::native::gpu_kernel_impl_nocast<at::native::CUDAFunctor_add<c10::BFloat16> >(at::TensorIteratorBase&, at::native::CUDAFunctor_add<c10::BFloat16> const&)::{lambda(int)#1})",138,DeviceType.CUDA,0,0,15142.440000006929,self_device_time_total,15142.440000006929,device_time_total,0,self_device_memory_usage,0,device_memory_usage
void cutlass::Kernel2<cutlass_75_tensorop_bf16_s1688gemm_bf16_128x256_tt_align1>(cutlass_75_tensorop_bf16_s1688gemm_bf16_128x256_tt_align1::Params),2,DeviceType.CUDA,0,0,144.70599999977276,self_device_time_total,144.70599999977276,device_time_total,0,self_device_memory_usage,0,device_memory_usage
aten::std,4,DeviceType.CPU,43.78900000080466,77.62799999909475,182.01800000015646,self_device_time_total,182.01800000015646,device_time_total,0,self_device_memory_usage,2048,device_memory_usage
"void at::native::reduce_kernel<512, 1, at::native::ReduceOp<c10::BFloat16, at::native::MeanOps<c10::BFloat16, float, float, c10::BFloat16>, unsigned int, c10::BFloat16, 4, 4> >(at::native::ReduceOp<c10::BFloat16, at::native::MeanOps<c10::BFloat16, float, float, c10::BFloat16>, unsigned int, c10::BFloat16, 4, 4>)",4,DeviceType.CUDA,0,0,252.93100000033155,self_device_time_total,252.93100000033155,device_time_total,0,self_device_memory_usage,0,device_memory_usage
"void at::native::reduce_kernel<512, 1, at::native::ReduceOp<c10::BFloat16, at::native::WelfordOps<c10::BFloat16, float, int, thrust::THRUST_200700_750_800_860_900_1000_1200_NS::pair<c10::BFloat16, c10::BFloat16> >, unsigned int, c10::BFloat16, 2, 2> >(at::native::ReduceOp<c10::BFloat16, at::native::WelfordOps<c10::BFloat16, float, int, thrust::THRUST_200700_750_800_860_900_1000_1200_NS::pair<c10::BFloat16, c10::BFloat16> >, unsigned int, c10::BFloat16, 2, 2>)",4,DeviceType.CUDA,0,0,180.7379999998957,self_device_time_total,180.7379999998957,device_time_total,0,self_device_memory_usage,0,device_memory_usage
aten::lt,2,DeviceType.CPU,14.920000000391155,20.850000000093132,2.720000000204891,self_device_time_total,2.720000000204891,device_time_total,1024,self_device_memory_usage,1024,device_memory_usage
aten::ones_like,2,DeviceType.CPU,6.759999999776483,37.580000000074506,0.0,self_device_time_total,1.696000000461936,device_time_total,0,self_device_memory_usage,1024,device_memory_usage
"void at::native::vectorized_elementwise_kernel<4, at::native::FillFunctor<c10::BFloat16>, std::array<char*, 1ul> >(int, at::native::FillFunctor<c10::BFloat16>, std::array<char*, 1ul>)",102,DeviceType.CUDA,0,0,8830.659999999683,self_device_time_total,8830.659999999683,device_time_total,0,self_device_memory_usage,0,device_memory_usage
"void at::native::elementwise_kernel<128, 4, at::native::gpu_kernel_impl_nocast<at::native::CUDAFunctorOnSelf_add<c10::BFloat16> >(at::TensorIteratorBase&, at::native::CUDAFunctorOnSelf_add<c10::BFloat16> const&)::{lambda(int)#1}>(int, at::native::gpu_kernel_impl_nocast<at::native::CUDAFunctorOnSelf_add<c10::BFloat16> >(at::TensorIteratorBase&, at::native::CUDAFunctorOnSelf_add<c10::BFloat16> const&)::{lambda(int)#1})",4,DeviceType.CUDA,0,0,309.5709999999963,self_device_time_total,309.5709999999963,device_time_total,0,self_device_memory_usage,0,device_memory_usage
"void at::native::elementwise_kernel<128, 4, at::native::gpu_kernel_impl_nocast<at::native::BUnaryFunctor<c10::BFloat16, c10::BFloat16, c10::BFloat16, at::native::binary_internal::MulFunctor<float> > >(at::TensorIteratorBase&, at::native::BUnaryFunctor<c10::BFloat16, c10::BFloat16, c10::BFloat16, at::native::binary_internal::MulFunctor<float> > const&)::{lambda(int)#1}>(int, at::native::gpu_kernel_impl_nocast<at::native::BUnaryFunctor<c10::BFloat16, c10::BFloat16, c10::BFloat16, at::native::binary_internal::MulFunctor<float> > >(at::TensorIteratorBase&, at::native::BUnaryFunctor<c10::BFloat16, c10::BFloat16, c10::BFloat16, at::native::binary_internal::MulFunctor<float> > const&)::{lambda(int)#1})",6,DeviceType.CUDA,0,0,625.7679999996908,self_device_time_total,625.7679999996908,device_time_total,0,self_device_memory_usage,0,device_memory_usage
"void at::native::vectorized_elementwise_kernel<4, at::native::(anonymous namespace)::pow_tensor_scalar_kernel_impl<c10::BFloat16, c10::BFloat16>(at::TensorIteratorBase&, c10::BFloat16)::{lambda(c10::BFloat16)#2}, std::array<char*, 2ul> >(int, at::native::(anonymous namespace)::pow_tensor_scalar_kernel_impl<c10::BFloat16, c10::BFloat16>(at::TensorIteratorBase&, c10::BFloat16)::{lambda(c10::BFloat16)#2}, std::array<char*, 2ul>)",10,DeviceType.CUDA,0,0,207.90699999965727,self_device_time_total,207.90699999965727,device_time_total,0,self_device_memory_usage,0,device_memory_usage
"void at::native::elementwise_kernel<128, 4, at::native::gpu_kernel_impl_nocast<at::native::compare_scalar_kernel<c10::BFloat16>(at::TensorIteratorBase&, at::native::(anonymous namespace)::OpType, c10::BFloat16)::{lambda(c10::BFloat16)#1}>(at::TensorIteratorBase&, at::native::compare_scalar_kernel<c10::BFloat16>(at::TensorIteratorBase&, at::native::(anonymous namespace)::OpType, c10::BFloat16)::{lambda(c10::BFloat16)#1} const&)::{lambda(int)#1}>(int, at::native::gpu_kernel_impl_nocast<at::native::compare_scalar_kernel<c10::BFloat16>(at::TensorIteratorBase&, at::native::(anonymous namespace)::OpType, c10::BFloat16)::{lambda(c10::BFloat16)#1}>(at::TensorIteratorBase&, at::native::compare_scalar_kernel<c10::BFloat16>(at::TensorIteratorBase&, at::native::(anonymous namespace)::OpType, c10::BFloat16)::{lambda(c10::BFloat16)#1} const&)::{lambda(int)#1})",2,DeviceType.CUDA,0,0,226.01799999922514,self_device_time_total,226.01799999922514,device_time_total,0,self_device_memory_usage,0,device_memory_usage
void cutlass::Kernel2<cutlass_75_tensorop_bf16_s1688gemm_bf16_64x128_tn_align1>(cutlass_75_tensorop_bf16_s1688gemm_bf16_64x128_tn_align1::Params),12,DeviceType.CUDA,0,0,1967.5760000003502,self_device_time_total,1967.5760000003502,device_time_total,0,self_device_memory_usage,0,device_memory_usage
aten::pad,114,DeviceType.CPU,126.25900000473484,3435.809000002686,0.0,self_device_time_total,25016.38200000301,device_time_total,0,self_device_memory_usage,5206870016,device_memory_usage
aten::constant_pad_nd,114,DeviceType.CPU,588.839000002481,3309.549999997951,0.0,self_device_time_total,25016.38200000301,device_time_total,0,self_device_memory_usage,5206870016,device_memory_usage
aten::conv3d,102,DeviceType.CPU,152.26000000117347,5215.127000000328,0.0,self_device_time_total,197743.44900000794,device_time_total,0,self_device_memory_usage,3027910656,device_memory_usage
"void implicit_convolveNd_sgemm<__nv_bfloat16, 3, 1024, 5, 5, 3, 3, 3, 1, false, false, true>(int, int, int, __nv_bfloat16 const*, int, __nv_bfloat16*, __nv_bfloat16 const*, kernel_convNd_params, unsigned long long, int, float, float, int, __nv_bfloat16 const*, __nv_bfloat16 const*, bool, bool)",4,DeviceType.CUDA,0,0,3469.063000000082,self_device_time_total,3469.063000000082,device_time_total,0,self_device_memory_usage,0,device_memory_usage
aten::linalg_vector_norm,88,DeviceType.CPU,666.0260000019334,966.1959999999963,4532.340000001248,self_device_time_total,4532.340000001248,device_time_total,22114304,self_device_memory_usage,22114304,device_memory_usage
aten::expand_as,88,DeviceType.CPU,78.81000000052154,358.5289999982342,0,self_device_time_total,0,device_time_total,0,self_device_memory_usage,0,device_memory_usage
aten::expand,88,DeviceType.CPU,206.508999992162,279.7189999977127,0,self_device_time_total,0,device_time_total,0,self_device_memory_usage,0,device_memory_usage
aten::silu,84,DeviceType.CPU,344.5100000044331,552.5290000019595,8794.916000001598,self_device_time_total,8794.916000001598,device_time_total,2316730368,self_device_memory_usage,2316730368,device_memory_usage
"void at::native::reduce_kernel<128, 4, at::native::ReduceOp<c10::BFloat16, at::native::NormTwoOps<c10::BFloat16, float, c10::BFloat16>, unsigned int, c10::BFloat16, 4, 4> >(at::native::ReduceOp<c10::BFloat16, at::native::NormTwoOps<c10::BFloat16, float, c10::BFloat16>, unsigned int, c10::BFloat16, 4, 4>)",88,DeviceType.CUDA,0,0,4532.340000001248,self_device_time_total,4532.340000001248,device_time_total,0,self_device_memory_usage,0,device_memory_usage
"void at::native::vectorized_elementwise_kernel<4, at::native::(anonymous namespace)::silu_kernel(at::TensorIteratorBase&)::{lambda()#1}::operator()() const::{lambda()#6}::operator()() const::{lambda(c10::BFloat16)#1}, std::array<char*, 2ul> >(int, at::native::(anonymous namespace)::silu_kernel(at::TensorIteratorBase&)::{lambda()#1}::operator()() const::{lambda()#6}::operator()() const::{lambda(c10::BFloat16)#1}, std::array<char*, 2ul>)",84,DeviceType.CUDA,0,0,8794.916000001598,self_device_time_total,8794.916000001598,device_time_total,0,self_device_memory_usage,0,device_memory_usage
Memcpy DtoD (Device -> Device),92,DeviceType.CUDA,0,0,1771.5050000031479,self_device_time_total,1771.5050000031479,device_time_total,0,self_device_memory_usage,0,device_memory_usage
aten::conv2d,20,DeviceType.CPU,42.37000000011176,1031.1770000001416,0.0,self_device_time_total,8006.453000003006,device_time_total,0,self_device_memory_usage,183779328,device_memory_usage
aten::chunk,6,DeviceType.CPU,10.430000000167638,115.17999999970198,0,self_device_time_total,0,device_time_total,0,self_device_memory_usage,0,device_memory_usage
aten::split,6,DeviceType.CPU,20.21999999927357,104.74999999953434,0,self_device_time_total,0,device_time_total,0,self_device_memory_usage,0,device_memory_usage
void cutlass__5x_cudnn::Kernel<cutlass_tensorop_bf16_s16816fprop_optimized_bf16_64x128_64x3_nhwc_align8>(cutlass_tensorop_bf16_s16816fprop_optimized_bf16_64x128_64x3_nhwc_align8::Params),4,DeviceType.CUDA,0,0,1534.4170000008307,self_device_time_total,1534.4170000008307,device_time_total,0,self_device_memory_usage,0,device_memory_usage
void cutlass::Kernel2<cutlass_80_wmma_tensorop_bf16_s161616gemm_bf16_32x32_32x1_nn_align8>(cutlass_80_wmma_tensorop_bf16_s161616gemm_bf16_32x32_32x1_nn_align8::Params),2,DeviceType.CUDA,0,0,4.703999999910593,self_device_time_total,4.703999999910593,device_time_total,0,self_device_memory_usage,0,device_memory_usage
aten::clip,2,DeviceType.CPU,3.839999999385327,39.419999999925494,0.0,self_device_time_total,669.703000000678,device_time_total,0,self_device_memory_usage,145981440,device_memory_usage
"void at::native::vectorized_elementwise_kernel<4, at::native::(anonymous namespace)::launch_clamp_scalar(at::TensorIteratorBase&, c10::Scalar, c10::Scalar, at::native::detail::ClampLimits)::{lambda()#1}::operator()() const::{lambda()#7}::operator()() const::{lambda(float)#1}, std::array<char*, 2ul> >(int, at::native::(anonymous namespace)::launch_clamp_scalar(at::TensorIteratorBase&, c10::Scalar, c10::Scalar, at::native::detail::ClampLimits)::{lambda()#1}::operator()() const::{lambda()#7}::operator()() const::{lambda(float)#1}, std::array<char*, 2ul>)",2,DeviceType.CUDA,0,0,669.703000000678,self_device_time_total,669.703000000678,device_time_total,0,self_device_memory_usage,0,device_memory_usage
"void at::native::vectorized_elementwise_kernel<4, at::native::AUnaryFunctor<float, float, float, at::native::binary_internal::MulFunctor<float> >, std::array<char*, 2ul> >(int, at::native::AUnaryFunctor<float, float, float, at::native::binary_internal::MulFunctor<float> >, std::array<char*, 2ul>)",2,DeviceType.CUDA,0,0,670.5350000006147,self_device_time_total,670.5350000006147,device_time_total,0,self_device_memory_usage,0,device_memory_usage
Memcpy DtoH (Device -> Pageable),2,DeviceType.CUDA,0,0,27628.183000000194,self_device_time_total,27628.183000000194,device_time_total,0,self_device_memory_usage,0,device_memory_usage
aten::isfinite,2,DeviceType.CPU,41.1999999997206,20533.55200000014,0,self_device_time_total,0,device_time_total,0,self_device_memory_usage,0,device_memory_usage
aten::abs,4,DeviceType.CPU,10389.926000000909,20763.90199999977,0,self_device_time_total,0,device_time_total,0,self_device_memory_usage,0,device_memory_usage
aten::ne,2,DeviceType.CPU,4125.319999999832,4166.270000000019,0,self_device_time_total,0,device_time_total,0,self_device_memory_usage,0,device_memory_usage
aten::eq,2,DeviceType.CPU,3988.2099999999627,3988.2099999999627,0,self_device_time_total,0,device_time_total,0,self_device_memory_usage,0,device_memory_usage
aten::all,2,DeviceType.CPU,2891.6319999983534,2937.07200000016,0,self_device_time_total,0,device_time_total,0,self_device_memory_usage,0,device_memory_usage
aten::is_nonzero,2,DeviceType.CPU,4.999999999068677,13.90999999968335,0,self_device_time_total,0,device_time_total,0,self_device_memory_usage,0,device_memory_usage
aten::item,2,DeviceType.CPU,4.640000001061708,8.910000000614673,0,self_device_time_total,0,device_time_total,0,self_device_memory_usage,0,device_memory_usage
aten::_local_scalar_dense,2,DeviceType.CPU,4.269999999552965,4.269999999552965,0,self_device_time_total,0,device_time_total,0,self_device_memory_usage,0,device_memory_usage
aten::detach,2,DeviceType.CPU,3.9699999997392297,12.819999999832362,0,self_device_time_total,0,device_time_total,0,self_device_memory_usage,0,device_memory_usage
detach,2,DeviceType.CPU,8.850000000093132,8.850000000093132,0,self_device_time_total,0,device_time_total,0,self_device_memory_usage,0,device_memory_usage
aten::resolve_conj,2,DeviceType.CPU,1.1400000001303852,1.1400000001303852,0,self_device_time_total,0,device_time_total,0,self_device_memory_usage,0,device_memory_usage
aten::resolve_neg,2,DeviceType.CPU,0.8200000002980232,0.8200000002980232,0,self_device_time_total,0,device_time_total,0,self_device_memory_usage,0,device_memory_usage
cudaEventElapsedTime,14,DeviceType.CPU,26.06000000052154,26.06000000052154,0,self_device_time_total,0,device_time_total,0,self_device_memory_usage,0,device_memory_usage
Buffer Flush,2,DeviceType.CPU,103.99899999983609,103.99899999983609,72.03200000012293,self_device_time_total,72.03200000012293,device_time_total,20953600,self_device_memory_usage,20953600,device_memory_usage
